title,price,price_numeric,beds,baths,area,area_sqft,price_per_sqft,property_type,featured,photo_count,description,description_length,city,listing_mode,scraped_date,url
Corner 10 Marla House For Sale In Top City 1 - Block D Islamabad,PKR 6.4 Crore,64000000,4,4,10 Marla,2250.0,28444,House,True,17,"TitaniumPKR6.4 CroreTop City 1 - Block D, Top City 14410 MarlaAdded: 1 hour ago(Updated: 1 hour ago)SMSCallEmail",112,Houses_Islamabad,for_sale,2026-07-24,https://www.zameen.com/Property/top_city_1_top_city_1_-_block_d_corner_10_marla_house_for_sale_in_top_city_1_-_block_d_islamabad-54510777-9233-1.html
Buying A Prime Location House In Top City 1 - Block D,PKR 5.95 Crore,59500000,4,4,10 Marla,2250.0,26444,House,True,27,"TitaniumPKR5.95 CroreTop City 1 - Block D, Top City 14410 MarlaAdded: 1 hour ago(Updated: 1 hour ago)SMSCallEmail",113,Houses_Islamabad,for_sale,2026-07-24,https://www.zameen.com/Property/top_city_1_top_city_1_-_block_d_buying_a_prime_location_house_in_top_city_1_-_block_d-54510776-9233-1.html
Get A 10 Marla House For sale In Top City 1 - Block A,PKR 5.5 Crore,55000000,5,5,10 Marla,2250.0,24444,House,True,17,"TitaniumPKR5.5 CroreTop City 1 - Block A, Top City 15510 MarlaAdded: 1 hour ago(Updated: 1 hour ago)SMSCallEmail",112,Houses_Islamabad,for_sale,2026-07-24,https://www.zameen.com/Property/top_city_1_top_city_1_-_block_a_get_a_10_marla_house_for_sale_in_top_city_1_-_block_a-54510821-9231-1.html
Ideally Located Prime Location House Of 10 Marla Is Available For sale In Islamabad,PKR 4.75 Crore,47500000,4,4,10 Marla,2250.0,21111,House,True,22,"TitaniumPKR4.75 CroreTop City 1 - Block D, Top City 14410 MarlaAdded: 1 hour ago(Updated: 1 hour ago)SMSCallEmail",113,Houses_Islamabad,for_sale,2026-07-24,https://www.zameen.com/Property/top_city_1_top_city_1_-_block_d_ideally_located_prime_location_house_of_10_marla_is_available_for_sale_in_islamabad-54510778-9233-1.html
House Of 10 Marla Is Available For Sale In Bahria Enclave - Sector A,PKR 5.1 Crore,51000000,5,6,10 Marla,2250.0,22666,House,True,15,"TitaniumPKR5.1 CroreBahria Enclave - Sector A, Bahria Enclave5610 MarlaAdded: 4 hours ago(Updated: 4 hours ago)SMSCall",118,Houses_Islamabad,for_sale,2026-07-24,https://www.zameen.com/Property/bahria_enclave_bahria_enclave_-_sector_a_house_of_10_marla_is_available_for_sale_in_bahria_enclave_-_sector_a-52540565-11970-1.html
New 10 Marla House In Top City !,PKR 5.5 Crore,55000000,5,6,10 Marla,2250.0,24444,House,True,20,"PKR5.5 CroreTop City 1, Islamabad5610 MarlaAdded: 1 hour agoSMSCallEmail",72,Houses_Islamabad,for_sale,2026-07-24,https://www.zameen.com/Property/islamabad_top_city_1_new_10_marla_house_in_top_city-54230743-1383-1.html
10 Marla House For Sale In Bani Gala,PKR 4.5 Crore,45000000,4,5,10 Marla,2250.0,20000,House,True,45,"PKR4.5 CroreBani Gala, Islamabad4510 MarlaAdded: 5 hours agoSMSCall",67,Houses_Islamabad,for_sale,2026-07-24,https://www.zameen.com/Property/islamabad_bani_gala_10_marla_house_for_sale_in_bani_gala-54385846-340-1.html
Beautiful 10 Marla Used House In Available For Sale,PKR 6.5 Crore,65000000,4,4,10 Marla,2250.0,28888,House,True,17,"PKR6.5 CroreDHA Defence Phase 2, DHA Defence4410 MarlaAdded: 8 hours agoSMSCall",79,Houses_Islamabad,for_sale,2026-07-24,https://www.zameen.com/Property/dha_defence_dha_defence_phase_2_beautiful_10_marla_used_house_in_available_for_sale-54198211-339-1.html
"MODERN DESIGNER HOUSE IN MULTI GARDENS B-17, ISLAMABAD FOR SALE",PKR 6.4 Crore,64000000,6,7,10 Marla,2250.0,28444,House,True,49,"PKR6.4 CroreMPCHS - Block C, MPCHS - Multi Gardens6710 MarlaAdded: 17 hours ago(Updated: 8 hours ago)SMSCall",108,Houses_Islamabad,for_sale,2026-07-24,https://www.zameen.com/Property/mpchs_multi_gardens_mpchs_-_block_c_modern_designer_house_in_multi_gardens_b-17_islamabad_for_sale-54203759-3118-1.html
10 Marla House Available For Sale!!,PKR 4.95 Crore,49500000,5,6,10 Marla,2250.0,22000,House,True,27,"PKR4.95 CroreBahria Enclave, Bahria Town5610 MarlaAdded: 1 day ago(Updated: 21 hours ago)SMSCall",96,Houses_Islamabad,for_sale,2026-07-24,https://www.zameen.com/Property/bahria_town_bahria_enclave_10_marla_house_available_for_sale-53760256-1705-1.html
Sector C2 10 Marla Brand New House For Sale,PKR 5.25 Crore,52500000,5,6,10 Marla,2250.0,23333,House,True,34,"TitaniumPKR5.25 CroreBahria Enclave - Sector C2, Bahria Enclave5610 MarlaAdded: 24 minutes agoSMSCall",101,Houses_Islamabad,for_sale,2026-07-24,https://www.zameen.com/Property/bahria_enclave_bahria_enclave_-_sector_c2_sector_c2_10_marla_brand_new_house_for_sale-54499698-11988-1.html
Luxury 10 Marla Designer House On Main Boulevard Sector C-2 Near To Gate Bahria Enclave Islamabad,PKR 5.5 Crore,55000000,5,6,10 Marla,2250.0,24444,House,True,50,"TitaniumPKR5.5 CroreBahria Enclave - Sector C2, Bahria Enclave5610 MarlaAdded: 2 hours ago(Updated: 2 hours ago)SMSCall",119,Houses_Islamabad,for_sale,2026-07-24,https://www.zameen.com/Property/bahria_enclave_bahria_enclave_-_sector_c2_luxury_10_marla_designer_house_on_main_boulevard_sector_c-2_near_to_gate_bahria_enclave_islamabad-54414280-11988-1.html
E-11/4 10 Marla House For Sale,PKR 8.25 Crore,82500000,6,7,10 Marla,2250.0,36666,House,False,12,"PKR8.25 CroreE-11/4, E-116710 MarlaAdded: 1 hour agoSMSCall",59,Houses_Islamabad,for_sale,2026-07-24,https://www.zameen.com/Property/e_11_e-11_4_e-11_4_10_marla_house_for_sale-54468026-3241-1.html
10 Marla House Available For Sale In Dha Phase 2,PKR 6.7 Crore,67000000,5,6,10 Marla,2250.0,29777,House,False,6,"PKR6.7 CroreDHA Defence Phase 2, DHA Defence5610 MarlaAdded: 1 hour ago(Updated: 1 hour ago)SMSCall",99,Houses_Islamabad,for_sale,2026-07-24,https://www.zameen.com/Property/dha_defence_dha_defence_phase_2_10_marla_house_available_for_sale_in_dha_phase_2-48625457-339-1.html
Brand New 10 Marla Designer House Available For Sale Sector A lop approved cda approved,PKR 5.6 Crore,56000000,5,6,10 Marla,2250.0,24888,House,False,29,"PKR5.6 CroreBahria Enclave, Bahria Town5610 MarlaAdded: 2 hours agoSMSCall",74,Houses_Islamabad,for_sale,2026-07-24,https://www.zameen.com/Property/bahria_town_bahria_enclave_brand_new_10_marla_designer_house_available_for_sale_sector_a_lop_approved_cda_approved-53895716-1705-1.html
Brand New 10 Marla Designer House Available For Sale Dead End Street Lop Approved And Cda Approved,PKR 5.4 Crore,54000000,5,6,10 Marla,2250.0,24000,House,False,25,"PKR5.4 CroreBahria Enclave - Sector C1, Bahria Enclave5610 MarlaAdded: 2 hours ago(Updated: 2 hours ago)SMSCall",111,Houses_Islamabad,for_sale,2026-07-24,https://www.zameen.com/Property/bahria_enclave_bahria_enclave_-_sector_c1_brand_new_10_marla_designer_house_available_for_sale_dead_end_street_lop_approved_and_cda_approved-54390978-11987-1.html
Brand New House in Sector C2,PKR 5.5 Crore,55000000,5,6,10 Marla,2250.0,24444,House,False,24,"PKR5.5 CroreBahria Enclave - Sector C2, Bahria Enclave5610 MarlaAdded: 4 hours agoSMSCall",89,Houses_Islamabad,for_sale,2026-07-24,https://www.zameen.com/Property/bahria_enclave_bahria_enclave_-_sector_c2_brand_new_house_in_sector_c2-54495842-11988-1.html
Stunning And Affordable House Available For Sale In Top City 1 - Block D,PKR 5.3 Crore,53000000,5,6,10 Marla,2250.0,23555,House,True,18,"TitaniumPKR5.3 CroreTop City 1 - Block D, Top City 15610 MarlaAdded: 1 minute agoSMSCallEmail",93,Houses_Islamabad,for_sale,2026-07-24,https://www.zameen.com/Property/top_city_1_top_city_1_-_block_d_stunning_and_affordable_house_available_for_sale_in_top_city_1_-_block_d-54309753-9233-1.html
10 Marla Brand New House For Sale,PKR 5.6 Crore,56000000,5,5,10 Marla,2250.0,24888,House,True,14,"TitaniumPKR5.6 CroreBahria Enclave - Sector C1, Bahria Enclave5510 MarlaAdded: 22 minutes agoSMSCall",100,Houses_Islamabad,for_sale,2026-07-24,https://www.zameen.com/Property/bahria_enclave_bahria_enclave_-_sector_c1_10_marla_brand_new_house_for_sale-54509690-11987-1.html
Sector A 10 Marla Brand New House,PKR 5.34 Crore,53400000,5,6,10 Marla,2250.0,23733,House,True,13,"TitaniumPKR5.34 CroreBahria Enclave - Sector A, Bahria Enclave5610 MarlaAdded: 24 minutes agoSMSCall",100,Houses_Islamabad,for_sale,2026-07-24,https://www.zameen.com/Property/bahria_enclave_bahria_enclave_-_sector_a_sector_a_10_marla_brand_new_house-54499861-11970-1.html
B-17 Islamabad Designer House For Sale,PKR 5.5 Crore,55000000,5,5,10 Marla,2250.0,24444,House,False,12,"PKR5.5 CroreMPCHS - Block C1, MPCHS - Multi Gardens5510 MarlaAdded: 28 minutes agoSMSCall",89,Houses_Islamabad,for_sale,2026-07-24,https://www.zameen.com/Property/mpchs_multi_gardens_mpchs_-_block_c1_b-17_islamabad_designer_house_for_sale-54496704-12607-1.html
10 Marla Brand New Designer House For Sale In Bahria Enclave Islamabad Sector C1 | 5 Bed Luxury Home | Demand 5.50 Crore,PKR 5.5 Crore,55000000,5,6,10 Marla,2250.0,24444,House,True,49,"TitaniumPKR5.5 CroreBahria Enclave - Sector C1, Bahria Enclave5610 MarlaAdded: 30 minutes agoSMSCall",100,Houses_Islamabad,for_sale,2026-07-24,https://www.zameen.com/Property/bahria_enclave_bahria_enclave_-_sector_c1_10_marla_brand_new_designer_house_for_sale_in_bahria_enclave_islamabad_sector_c1_5_bed_luxury_home_demand_5_50_crore-54265888-11987-1.html
Brand New Designer House For Sale In Sector C1 Best Location For Living 5 Bedroom With Attach Bath Near To Gate Bahria Enclave Islamabad,PKR 6 Crore,60000000,5,7,10 Marla,2250.0,26666,House,True,49,"TitaniumPKR6 CroreBahria Enclave - Sector C1, Bahria Enclave5710 MarlaAdded: 31 minutes ago(Updated: 31 minutes ago)SMSCall",123,Houses_Islamabad,for_sale,2026-07-24,https://www.zameen.com/Property/bahria_enclave_bahria_enclave_-_sector_c1_brand_new_designer_house_for_sale_in_sector_c1_best_location_for_living_5_bedroom_with_attach_bath_near_to_gate_bahria_enclave_islamabad-54252475-11987-1.html
House For sale In Top City 1,PKR 4.95 Crore,49500000,5,6,10 Marla,2250.0,22000,House,False,31,"PKR4.95 CroreTop City 1, Islamabad5610 MarlaAdded: 1 hour ago(Updated: 1 hour ago)SMSCallEmail",94,Houses_Islamabad,for_sale,2026-07-24,https://www.zameen.com/Property/islamabad_top_city_1_house_for_sale_in_top_city_1-54223522-1383-1.html
Main Double Road 10 Marla House For Sale In Faisal Town - F-18,PKR 5.25 Crore,52500000,5,5,10 Marla,2250.0,23333,House,True,27,"TitaniumPKR5.25 CroreFaisal Town - F-18, Islamabad5510 MarlaAdded: 1 hour agoSMSCall",84,Houses_Islamabad,for_sale,2026-07-24,https://www.zameen.com/Property/islamabad_faisal_town_-_f-18_main_double_road_10_marla_house_for_sale_in_faisal_town_-_f-18-54502618-8260-1.html
A Palatial Residence For Corner sale In Top City 1 - Block C Islamabad,PKR 8 Crore,80000000,6,6,1 Kanal,4500.0,17777,House,True,23,super hot231VerifiedShare on FacebookShare on TwitterShare on WhatsAppSend via GMailSend via E-Mail,99,Houses_Islamabad,for_sale,2026-07-24,https://www.zameen.com/Property/top_city_1_top_city_1_-_block_c_a_palatial_residence_for_corner_sale_in_top_city_1_-_block_c_islamabad-54510779-9232-1.html
Modern Design Brand New House Available For Sale In I-10/2 (6 Marla),PKR 6.1 Crore,61000000,5,5,6 Marla,1350.0,45185,House,True,30,super hot301VerifiedShare on FacebookShare on TwitterShare on WhatsAppSend via GMailSend via E-Mail,99,Houses_Islamabad,for_sale,2026-07-24,https://www.zameen.com/Property/islamabad_i-10_modern_design_brand_new_house_available_for_sale_in_i-10_2_6_marla-54357732-173-1.html
House Is Available For sale In MPCHS - Block F,PKR 3.8 Crore,38000000,5,5,8 Marla,1800.0,21111,House,True,17,super hot17VerifiedShare on FacebookShare on TwitterShare on WhatsAppSend via GMailSend via E-Mail,98,Houses_Islamabad,for_sale,2026-07-24,https://www.zameen.com/Property/mpchs_multi_gardens_mpchs_-_block_f_house_is_available_for_sale_in_mpchs_-_block_f-54485738-8527-1.html
Main Double Road Double Unit House @2.65 Cr - F block sector B17 Islamabad,PKR 2.65 Crore,26500000,,6,5 Marla,1125.0,23555,House,True,18,super hot18Share on FacebookShare on TwitterShare on WhatsAppSend via GMailSend via E-Mail,90,Houses_Islamabad,for_sale,2026-07-24,https://www.zameen.com/Property/islamabad_b-17_main_double_road_double_unit_house_2_65_cr_-_f_block_sector_b17_islamabad-54515747-616-1.html
Luxury Living Redefined: 14 Marla Designer Villa For Sale In Bahria Golf City,PKR 9.8 Crore,98000000,3,4,14 Marla,3150.0,31111,House,True,18,super hot181Share on FacebookShare on TwitterShare on WhatsAppSend via GMailSend via E-Mail,91,Houses_Islamabad,for_sale,2026-07-24,https://www.zameen.com/Property/bahria_town_bahria_golf_city_luxury_living_redefined_14_marla_designer_villa_for_sale_in_bahria_golf_city-54516033-8233-1.html
Highly-Desirable 5 Marla House Available In Lilly Sector - DHA Homes,PKR 95 Lakh,9500000,2,2,5 Marla,1125.0,8444,House,True,21,super hot21Share on FacebookShare on TwitterShare on WhatsAppSend via GMailSend via E-Mail,90,Houses_Islamabad,for_sale,2026-07-24,https://www.zameen.com/Property/dha_valley_lilly_sector_lilly_sector_-_dha_homes_highly-desirable_5_marla_house_available_in_lilly_sector_-_dha_homes-54362199-16826-1.html
Almost Brand New House For sale In i-8/2 Islamabad,PKR 14.25 Crore,142500000,9,6,12.4 Marla,2790.0,51075,House,True,23,super hot231VerifiedShare on FacebookShare on TwitterShare on WhatsAppSend via GMailSend via E-Mail,99,Houses_Islamabad,for_sale,2026-07-24,https://www.zameen.com/Property/i_8_i-8_2_almost_brand_new_house_for_sale_in_i-8_2_islamabad-54509065-3442-1.html
"One Kanal Double Unit 7 bedrooms House for Sale | DHA Phase 2, Islamabad",PKR 12.9 Crore,129000000,12,6,1 Kanal,4500.0,28666,House,True,19,super hot191Share on FacebookShare on TwitterShare on WhatsAppSend via GMailSend via E-Mail,91,Houses_Islamabad,for_sale,2026-07-24,https://www.zameen.com/Property/dha_defence_dha_defence_phase_2_one_kanal_double_unit_7_bedrooms_house_for_sale_dha_phase_2_islamabad-54463294-339-1.html
Brand New Park-Facing Designer House for Sale | 8.5 Marla | Sector N | Bahria Enclave Islamabad,PKR 4.25 Crore,42500000,,,8 Marla,1800.0,23611,House,True,49,hot49Share on FacebookShare on TwitterShare on WhatsAppSend via GMailSend via E-Mail,84,Houses_Islamabad,for_sale,2026-07-24,https://www.zameen.com/Property/bahria_enclave_bahria_enclave_-_sector_n_brand_new_park-facing_designer_house_for_sale_8_5_marla_sector_n_bahria_enclave_islamabad-54511472-11975-1.html
F 7/2 Old House Size 60*100 666 Square Yards.,PKR 29 Crore,290000000,6,6,1.3 Kanal,5850.0,49572,House,False,49,hot49Share on FacebookShare on TwitterShare on WhatsAppSend via GMailSend via E-Mail,84,Houses_Islamabad,for_sale,2026-07-24,https://www.zameen.com/Property/islamabad_f-7_f_7_2_old_house_size_60_100_666_square_yards-53178506-165-1.html
F 10 House Available 5 Bed With Bath Close And Street.,PKR 20.25 Crore,202500000,20,20,1.1 Kanal,4950.0,40909,House,False,43,hot43Share on FacebookShare on TwitterShare on WhatsAppSend via GMailSend via E-Mail,84,Houses_Islamabad,for_sale,2026-07-24,https://www.zameen.com/Property/islamabad_f-10_f_10_house_available_5_bed_with_bath_close_and_street-53765708-162-1.html
E 7 House Available 1000 Square Yards  Margla Facing.,PKR 55 Crore,550000000,7,6,2 Kanal,9000.0,61111,House,False,49,hot49Share on FacebookShare on TwitterShare on WhatsAppSend via GMailSend via E-Mail,84,Houses_Islamabad,for_sale,2026-07-24,https://www.zameen.com/Property/islamabad_e-7_e_7_house_available_1000_square_yards_margla_facing-54022961-343-1.html
"F 8/3 Brand New Designer House Available And Corner, With Swimming Pool And Lift.",PKR 43.9 Crore,439000000,5,6,17.8 Marla,4005.0,109612,House,False,39,hot39Share on FacebookShare on TwitterShare on WhatsAppSend via GMailSend via E-Mail,84,Houses_Islamabad,for_sale,2026-07-24,https://www.zameen.com/Property/f_8_f-8_3_f_8_3_brand_new_designer_house_available_and_corner_with_swimming_pool_and_lift-54295695-3316-1.html
F 7 House Available 80*120 On Beautiful Location Near Green Belt.,PKR 45 Crore,450000000,6,6,2.1 Kanal,9450.0,47619,House,False,49,hot49Share on FacebookShare on TwitterShare on WhatsAppSend via GMailSend via E-Mail,84,Houses_Islamabad,for_sale,2026-07-24,https://www.zameen.com/Property/islamabad_f-7_f_7_house_available_80_120_on_beautiful_location_near_green_belt-54441641-165-1.html
10 Marla Luxury Designer Villa for Sale A Perfect Blend of Elegance & Comfort,PKR 6.25 Crore,62500000,4,5,10 Marla,2250.0,27777,House,True,34,34Share on FacebookShare on TwitterShare on WhatsAppSend via GMailSend via E-Mail,81,Houses_Islamabad,for_sale,2026-07-24,https://www.zameen.com/Property/top_city_1_top_city_1_-_block_a_10_marla_luxury_designer_villa_for_sale_a_perfect_blend_of_elegance_comfort-54516348-9231-1.html
Triple Storey 1 Kanal 7 Bed House For Sale,PKR 17 Crore,170000000,17,7,1 Kanal,4500.0,37777,House,True,18,18Share on FacebookShare on TwitterShare on WhatsAppSend via GMailSend via E-Mail,81,Houses_Islamabad,for_sale,2026-07-24,https://www.zameen.com/Property/dha_defence_dha_defence_phase_2_triple_storey_1_kanal_7_bed_house_for_sale-54516344-339-1.html
"500 Sy, 5 Bedroom House For Sale In F8",PKR 26 Crore,260000000,26,5,1 Kanal,4500.0,57777,House,False,16,16Share on FacebookShare on TwitterShare on WhatsAppSend via GMailSend via E-Mail,81,Houses_Islamabad,for_sale,2026-07-24,https://www.zameen.com/Property/islamabad_f-8_500_sy_5_bedroom_house_for_sale_in_f8-54453799-166-1.html
Sector N 5 Marla House For Sale,PKR 2.65 Crore,26500000,3,4,5 Marla,1125.0,23555,House,True,24,24Share on FacebookShare on TwitterShare on WhatsAppSend via GMailSend via E-Mail,81,Houses_Islamabad,for_sale,2026-07-24,https://www.zameen.com/Property/bahria_enclave_bahria_enclave_-_sector_n_sector_n_5_marla_house_for_sale-54483338-11975-1.html
D 12 Brand New House Available 40*80 Facing Big Houses And Sun Facing.,PKR 14.9 Crore,149000000,7,6,14 Marla,3150.0,47301,House,False,22,22Share on FacebookShare on TwitterShare on WhatsAppSend via GMailSend via E-Mail,81,Houses_Islamabad,for_sale,2026-07-24,https://www.zameen.com/Property/islamabad_d-12_d_12_brand_new_house_available_40_80_facing_big_houses_and_sun_facing-54005368-160-1.html
G 10 /2 50*90 Old House Available On Beautiful Location.,PKR 13 Crore,130000000,5,6,1 Kanal,4500.0,28888,House,False,34,34Share on FacebookShare on TwitterShare on WhatsAppSend via GMailSend via E-Mail,81,Houses_Islamabad,for_sale,2026-07-24,https://www.zameen.com/Property/g_10_g-10_2_g_10_2_50_90_old_house_available_on_beautiful_location-52410545-3325-1.html
F 10 Corner House Available 50*90 Close St,PKR 17 Crore,170000000,5,6,1 Kanal,4500.0,37777,House,False,49,49Share on FacebookShare on TwitterShare on WhatsAppSend via GMailSend via E-Mail,81,Houses_Islamabad,for_sale,2026-07-24,https://www.zameen.com/Property/islamabad_f-10_f_10_corner_house_available_50_90_close_st-52703617-162-1.html
Sector N 5 Marla Brand New Corner House With 2 Marla Extraland Excellent Construction Quality Sun facing House Available for Sale,PKR 3.2 Crore,32000000,4,6,7 Marla,1575.0,20317,House,True,29,super hot29Share on FacebookShare on TwitterShare on WhatsAppSend via GMailSend via E-Mail,90,Houses_Islamabad,for_sale,2026-07-24,https://www.zameen.com/Property/bahria_enclave_bahria_enclave_-_sector_n_sector_n_5_marla_brand_new_corner_house_with_2_marla_extraland_excellent_construction_quality_sun_facing_house_available_for_sale-54185105-11975-1.html
Brand New 8 Marla House With Back Open,PKR 4.4 Crore,44000000,5,6,8 Marla,1800.0,24444,House,True,32,super hot32VerifiedShare on FacebookShare on TwitterShare on WhatsAppSend via GMailSend via E-Mail,98,Houses_Islamabad,for_sale,2026-07-24,https://www.zameen.com/Property/bahria_town_bahria_enclave_brand_new_8_marla_house_with_back_open-52225427-1705-1.html
OFFER- Dead End Corner 14 Marla House On Just 10% Down Payment,PKR 8.35 Crore,83500000,6,6,14 Marla,3150.0,26507,House,True,11,super hot11Share on FacebookShare on TwitterShare on WhatsAppSend via GMailSend via E-Mail,90,Houses_Islamabad,for_sale,2026-07-24,https://www.zameen.com/Property/bahria_town_bahria_enclave_offer-_dead_end_corner_14_marla_house_on_just_10_down_payment-50887208-1705-1.html
House In Bahria Enclave For Sale,PKR 2.85 Crore,28500000,3,4,5 Marla,1125.0,25333,House,True,12,super hot121Share on FacebookShare on TwitterShare on WhatsAppSend via GMailSend via E-Mail,91,Houses_Islamabad,for_sale,2026-07-24,https://www.zameen.com/Property/bahria_town_bahria_enclave_house_in_bahria_enclave_for_sale-48266498-1705-1.html
Multi Gardens B17 A Block 1 Kanal House Is Available For Sale,PKR 9.75 Crore,97500000,6,7,1 Kanal,4500.0,21666,House,True,42,super hot42Share on FacebookShare on TwitterShare on WhatsAppSend via GMailSend via E-Mail,90,Houses_Islamabad,for_sale,2026-07-24,https://www.zameen.com/Property/mpchs_multi_gardens_mpchs_-_block_a_multi_gardens_b17_a_block_1_kanal_house_is_available_for_sale-52663250-3116-1.html
G11 20x40 House For Sale,PKR 2.95 Crore,29500000,4,3,3.6 Marla,810.0,36419,House,True,8,super hot8Share on FacebookShare on TwitterShare on WhatsAppSend via GMailSend via E-Mail,89,Houses_Islamabad,for_sale,2026-07-24,https://www.zameen.com/Property/islamabad_g-11_g11_20x40_house_for_sale-53031746-168-1.html
7 Marla 30*60 House For Sale In G15,PKR 3.4 Crore,34000000,5,5,7 Marla,1575.0,21587,House,True,29,super hot29Share on FacebookShare on TwitterShare on WhatsAppSend via GMailSend via E-Mail,90,Houses_Islamabad,for_sale,2026-07-24,https://www.zameen.com/Property/islamabad_g-15_7_marla_30_60_house_for_sale_in_g15-54103951-764-1.html
Sale A House In Islamabad Prime Location,PKR 5.3 Crore,53000000,5,5,6.7 Marla,1507.5,35157,House,True,7,super hot7VerifiedShare on FacebookShare on TwitterShare on WhatsAppSend via GMailSend via E-Mail,97,Houses_Islamabad,for_sale,2026-07-24,https://www.zameen.com/Property/g_9_g-9_4_sale_a_house_in_islamabad_prime_location-54373803-3387-1.html
8 MARLA NEW HOUSE FOR SALE F-17 ISLAMABAD ALL FACILITY AVAILABLE CDA PPROVED SECTOR,PKR 2.95 Crore,29500000,5,6,8 Marla,1800.0,16388,House,True,29,hot29Share on FacebookShare on TwitterShare on WhatsAppSend via GMailSend via E-Mail,84,Houses_Islamabad,for_sale,2026-07-24,https://www.zameen.com/Property/f_17_telegardens_t_t_echs_8_marla_new_house_for_sale_f-17_islamabad_all_facility_available_cda_pproved_sector-54435803-12136-1.html
5 Marla DHA Homes for Sale | 2 Bed | TV Lounge | Attached Baths | Ready to Move,PKR 90 Lakh,9000000,90,90,5 Marla,1125.0,8000,House,True,13,hot13Share on FacebookShare on TwitterShare on WhatsAppSend via GMailSend via E-Mail,84,Houses_Islamabad,for_sale,2026-07-24,https://www.zameen.com/Property/dha_valley_dha_homes_5_marla_dha_homes_for_sale_2_bed_tv_lounge_attached_baths_ready_to_move-54471086-3226-1.html
10 Marla Double Story House For Sale,PKR 4.8 Crore,48000000,5,6,10.8 Marla,2430.0,19753,House,False,12,hot12Share on FacebookShare on TwitterShare on WhatsAppSend via GMailSend via E-Mail,84,Houses_Islamabad,for_sale,2026-07-24,https://www.zameen.com/Property/gulberg_residencia_gulberg_residencia_-_block_a_10_marla_double_story_house_for_sale-54515997-9112-1.html
1 Kanal House Available For Sale In Dha Phase 2,PKR 8.5 Crore,85000000,6,6,1 Kanal,4500.0,18888,House,False,6,hot6Share on FacebookShare on TwitterShare on WhatsAppSend via GMailSend via E-Mail,83,Houses_Islamabad,for_sale,2026-07-24,https://www.zameen.com/Property/dha_defence_dha_defence_phase_2_1_kanal_house_available_for_sale_in_dha_phase_2-54100049-339-1.html
House Of 5 Marla In Bani Gala Is Available,PKR 1.3 Crore,13000000,2,3,5 Marla,1125.0,11555,House,False,21,hot21Share on FacebookShare on TwitterShare on WhatsAppSend via GMailSend via E-Mail,84,Houses_Islamabad,for_sale,2026-07-24,https://www.zameen.com/Property/islamabad_bani_gala_house_of_5_marla_in_bani_gala_is_available-53005525-340-1.html
E 7 1244 Sq yards House Available 80*140 Close And Street.,PKR 64.9 Crore,649000000,6,6,2.5 Kanal,11250.0,57688,House,False,47,47Share on FacebookShare on TwitterShare on WhatsAppSend via GMailSend via E-Mail,81,Houses_Islamabad,for_sale,2026-07-24,https://www.zameen.com/Property/islamabad_e-7_e_7_1244_sq_yards_house_available_80_140_close_and_street-52809034-343-1.html
F 8 Park Facing 1244 Square Yards House Available 80*140 Marglla Facing.,PKR 46 Crore,460000000,8,6,2.5 Kanal,11250.0,40888,House,False,49,49Share on FacebookShare on TwitterShare on WhatsAppSend via GMailSend via E-Mail,81,Houses_Islamabad,for_sale,2026-07-24,https://www.zameen.com/Property/islamabad_f-8_f_8_park_facing_1244_square_yards_house_available_80_140_marglla_facing-52809060-166-1.html
F 7 House Available 80*140 House Near Margla Road.,PKR 55 Crore,550000000,5,6,2.5 Kanal,11250.0,48888,House,False,47,47Share on FacebookShare on TwitterShare on WhatsAppSend via GMailSend via E-Mail,81,Houses_Islamabad,for_sale,2026-07-24,https://www.zameen.com/Property/f_7_f-7_3_f_7_house_available_80_140_house_near_margla_road-53022784-3309-1.html
F 10 Brand New House Available 81*125 1111 Square Yards Stylish And Latest Designer House.,PKR 69 Crore,690000000,10,6,2.2 Kanal,9900.0,69696,House,False,50,50Share on FacebookShare on TwitterShare on WhatsAppSend via GMailSend via E-Mail,81,Houses_Islamabad,for_sale,2026-07-24,https://www.zameen.com/Property/islamabad_f-10_f_10_brand_new_house_available_81_125_1111_square_yards_stylish_and_latest_designer_house-53059629-162-1.html
F 7 Main Margla Road House Available 2000 Square Yards 100*180 With 4 Kanal Extra Land.,PKR 1.75 Arab,1750000000,8,6,8 Kanal,36000.0,48611,House,False,50,50Share on FacebookShare on TwitterShare on WhatsAppSend via GMailSend via E-Mail,81,Houses_Islamabad,for_sale,2026-07-24,https://www.zameen.com/Property/islamabad_f-7_f_7_main_margla_road_house_available_2000_square_yards_100_180_with_4_kanal_extra_land-53938009-165-1.html
F 6/2 Proper Corner House Available 2500 Square Yards Close And Street Near To Margla Road,PKR 1.4 Arab,1400000000,10,6,5 Kanal,22500.0,62222,House,False,50,50Share on FacebookShare on TwitterShare on WhatsAppSend via GMailSend via E-Mail,81,Houses_Islamabad,for_sale,2026-07-24,https://www.zameen.com/Property/f_6_f-6_3_f_6_2_proper_corner_house_available_2500_square_yards_close_and_street_near_to_margla_road-54022921-3301-1.html
F 10 House Available 800 Square Yards Back Open Close And Street.,PKR 23 Crore,230000000,6,6,1.6 Kanal,7200.0,31944,House,False,50,50Share on FacebookShare on TwitterShare on WhatsAppSend via GMailSend via E-Mail,81,Houses_Islamabad,for_sale,2026-07-24,https://www.zameen.com/Property/islamabad_f-10_f_10_house_available_800_square_yards_back_open_close_and_street-54063983-162-1.html
Spacious House Is Available For Sale In Ideal Location Of I-8/3,PKR 16.5 Crore,165000000,8,,14.2 Marla,3195.0,51643,House,True,13,super hot13VerifiedShare on FacebookShare on TwitterShare on WhatsAppSend via GMailSend via E-Mail,98,Houses_Islamabad,for_sale,2026-07-24,https://www.zameen.com/Property/i_8_i-8_3_spacious_house_is_available_for_sale_in_ideal_location_of_i-8_3-49389421-3443-1.html
14 Marla Spacious House Is Available In D-12 For Sale,PKR 15.3 Crore,153000000,5,5,14 Marla,3150.0,48571,House,True,29,super hot29VerifiedShare on FacebookShare on TwitterShare on WhatsAppSend via GMailSend via E-Mail,98,Houses_Islamabad,for_sale,2026-07-24,https://www.zameen.com/Property/islamabad_d-12_14_marla_spacious_house_is_available_in_d-12_for_sale-54065484-160-1.html
Owner Build House Direct Owner Meeting Possible 10 Marla Brand New House Front Open Available For Sale,PKR 5.5 Crore,55000000,5,6,10 Marla,2250.0,24444,House,True,41,super hot41Share on FacebookShare on TwitterShare on WhatsAppSend via GMailSend via E-Mail,90,Houses_Islamabad,for_sale,2026-07-24,https://www.zameen.com/Property/bahria_enclave_bahria_enclave_-_sector_c2_owner_build_house_direct_owner_meeting_possible_10_marla_brand_new_house_front_open_available_for_sale-54483147-11988-1.html
FOR SALE 1000 Sqyrd Brand New Designer Triple Storey CDA Transfer F_8/2,PKR 70 Crore,700000000,7,7,2 Kanal,9000.0,77777,House,True,6,super hot6Share on FacebookShare on TwitterShare on WhatsAppSend via GMailSend via E-Mail,89,Houses_Islamabad,for_sale,2026-07-24,https://www.zameen.com/Property/islamabad_f-8_for_sale_1000_sqyrd_brand_new_designer_triple_storey_cda_transfer_f_8_2-54513389-166-1.html
Prime Location Brand New 4 Marla House For Sale Located D-12 Islamabad,PKR 5.5 Crore,55000000,3,4,4.4 Marla,990.0000000000001,55555,House,True,32,super hot321Share on FacebookShare on TwitterShare on WhatsAppSend via GMailSend via E-Mail,91,Houses_Islamabad,for_sale,2026-07-24,https://www.zameen.com/Property/islamabad_d-12_prime_location_brand_new_4_marla_house_for_sale_located_d-12_islamabad-54011538-160-1.html
2800 Square Feet House In Beautiful Location Of G-8,PKR 11 Crore,110000000,5,5,12.4 Marla,2790.0,39426,House,True,9,super hot9VerifiedShare on FacebookShare on TwitterShare on WhatsAppSend via GMailSend via E-Mail,97,Houses_Islamabad,for_sale,2026-07-24,https://www.zameen.com/Property/islamabad_g-8_2800_square_feet_house_in_beautiful_location_of_g-8-54373805-170-1.html
7 Marla Double Unit House For Sale,PKR 3.7 Crore,37000000,4,5,7 Marla,1575.0,23492,House,True,21,super hot21Share on FacebookShare on TwitterShare on WhatsAppSend via GMailSend via E-Mail,90,Houses_Islamabad,for_sale,2026-07-24,https://www.zameen.com/Property/jinnah_gardens_jinnah_gardens_phase_1_7_marla_double_unit_house_for_sale-54511735-1421-1.html
"30 Marla Corner Owner build house DHA Phase 5,Islamabad",PKR 12.5 Crore,125000000,8,7,1.5 Kanal,6750.0,18518,House,True,49,super hot49Share on FacebookShare on TwitterShare on WhatsAppSend via GMailSend via E-Mail,90,Houses_Islamabad,for_sale,2026-07-24,https://www.zameen.com/Property/dha_defence_dha_defence_phase_5_30_marla_corner_owner_build_house_dha_phase_5_islamabad-54484662-10991-1.html
8 Marla Corner Double Story Spanish Design House For Sale In Banigala,PKR 3.7 Crore,37000000,6,6,8 Marla,1800.0,20555,House,True,23,super hot23Share on FacebookShare on TwitterShare on WhatsAppSend via GMailSend via E-Mail,90,Houses_Islamabad,for_sale,2026-07-24,https://www.zameen.com/Property/islamabad_bani_gala_8_marla_corner_double_story_spanish_design_house_for_sale_in_banigala-54421874-340-1.html
HOUSE AVAILABLE FOR SALE IN I-8,PKR 12 Crore,120000000,6,6,12 Marla,2700.0,44444,House,True,7,hot7Share on FacebookShare on TwitterShare on WhatsAppSend via GMailSend via E-Mail,83,Houses_Islamabad,for_sale,2026-07-24,https://www.zameen.com/Property/islamabad_i-8_house_available_for_sale_in_i-8-53849975-174-1.html
HOUSE AVAILABLE FOR SALE IN I-8,PKR 13.25 Crore,132500000,5,6,14 Marla,3150.0,42063,House,True,9,hot9Share on FacebookShare on TwitterShare on WhatsAppSend via GMailSend via E-Mail,83,Houses_Islamabad,for_sale,2026-07-24,https://www.zameen.com/Property/islamabad_i-8_house_available_for_sale_in_i-8-54115394-174-1.html
Available 8 Marla Brand New Designer House Double Unit For Sale In C1 Block Multi Garden B-17 Islamabad,PKR 4.25 Crore,42500000,5,6,8 Marla,1800.0,23611,House,False,32,hot32Share on FacebookShare on TwitterShare on WhatsAppSend via GMailSend via E-Mail,84,Houses_Islamabad,for_sale,2026-07-24,https://www.zameen.com/Property/b_17_mpchs_-_multi_gardens_available_8_marla_brand_new_designer_house_double_unit_for_sale_in_c1_block_multi_garden_b-17_islamabad-54507829-3115-1.html
1 Kanal Owner-Built House for Sale in DHA Phase 2 Islamabad sector E,PKR 10.95 Crore,109500000,6,6,1 Kanal,4500.0,24333,House,False,36,hot36Share on FacebookShare on TwitterShare on WhatsAppSend via GMailSend via E-Mail,84,Houses_Islamabad,for_sale,2026-07-24,https://www.zameen.com/Property/dha_defence_dha_defence_phase_2_1_kanal_owner-built_house_for_sale_in_dha_phase_2_islamabad_sector_e-54315612-339-1.html
Stylish House For Sale,PKR 1.9 Crore,19000000,5,6,6 Marla,1350.0,14074,House,False,48,hot48Share on FacebookShare on TwitterShare on WhatsAppSend via GMailSend via E-Mail,84,Houses_Islamabad,for_sale,2026-07-24,https://www.zameen.com/Property/islamabad_bani_gala_stylish_house_for_sale-54496450-340-1.html
Brand New Double Storey 6 Marla House For Sale,PKR 2.7 Crore,27000000,4,4,6 Marla,1350.0,20000,House,False,39,hot39Share on FacebookShare on TwitterShare on WhatsAppSend via GMailSend via E-Mail,84,Houses_Islamabad,for_sale,2026-07-24,https://www.zameen.com/Property/pakistan_town_pakistan_town_-_phase_1_brand_new_double_storey_6_marla_house_for_sale-54514624-14998-1.html
Sami Grey Structure House For Sale,PKR 1.85 Crore,18500000,5,6,5.8 Marla,1305.0,14176,House,False,46,hot46Share on FacebookShare on TwitterShare on WhatsAppSend via GMailSend via E-Mail,84,Houses_Islamabad,for_sale,2026-07-24,https://www.zameen.com/Property/soan_garden_soan_garden_-_block_d_sami_grey_structure_house_for_sale-54259851-3494-1.html
F 8 House Available 60*100 On Beautiful Location.,PKR 26.5 Crore,265000000,6,6,1.3 Kanal,5850.0,45299,House,False,36,36Share on FacebookShare on TwitterShare on WhatsAppSend via GMailSend via E-Mail,81,Houses_Islamabad,for_sale,2026-07-24,https://www.zameen.com/Property/islamabad_f-8_f_8_house_available_60_100_on_beautiful_location-54137526-166-1.html
F 10/2 511 Square Yards House Available Tile Flooring Close And Street Front Back Open Back Park Facing.,PKR 16.5 Crore,165000000,6,6,1 Kanal,4500.0,36666,House,False,49,49Share on FacebookShare on TwitterShare on WhatsAppSend via GMailSend via E-Mail,81,Houses_Islamabad,for_sale,2026-07-24,https://www.zameen.com/Property/islamabad_f-10_f_10_2_511_square_yards_house_available_tile_flooring_close_and_street_front_back_open_back_park_facing-52717540-162-1.html
F 11 parka facing 444 square yards house available 40*90. tile flooring.,PKR 15.8 Crore,158000000,6,6,17.8 Marla,4005.0,39450,House,False,50,50Share on FacebookShare on TwitterShare on WhatsAppSend via GMailSend via E-Mail,81,Houses_Islamabad,for_sale,2026-07-24,https://www.zameen.com/Property/islamabad_f-11_f_11_parka_facing_444_square_yards_house_available_40_90_tile_flooring-54180397-163-1.html
G 10/2 House Available 60*90 Corner  Full Renovated.,PKR 18.5 Crore,185000000,7,6,1.2 Kanal,5400.0,34259,House,False,21,21Share on FacebookShare on TwitterShare on WhatsAppSend via GMailSend via E-Mail,81,Houses_Islamabad,for_sale,2026-07-24,https://www.zameen.com/Property/islamabad_g-10_g_10_2_house_available_60_90_corner_full_renovated-54381023-167-1.html
1 Kanal Aesthetically Designed House For Sale In DHA I_R,PKR 12.3 Crore,123000000,5,6,1 Kanal,4500.0,27333,House,True,10,10Share on FacebookShare on TwitterShare on WhatsAppSend via GMailSend via E-Mail,81,Houses_Islamabad,for_sale,2026-07-24,https://www.zameen.com/Property/dha_defence_dha_defence_phase_2_1_kanal_aesthetically_designed_house_for_sale_in_dha_i_r-52366199-339-1.html
10 Marla With Basement House For Sale In PAF Islamabad.,PKR 2.15 Crore,21500000,5,4,10 Marla,2250.0,9555,House,True,18,super hot18VerifiedShare on FacebookShare on TwitterShare on WhatsAppSend via GMailSend via E-Mail,98,Houses_Islamabad,for_sale,2026-07-24,https://www.zameen.com/Property/tarnol_fazaia_housing_scheme_10_marla_with_basement_house_for_sale_in_paf_islamabad-54122466-10314-1.html
1 Kanal Brand New Designer House For Sale In DHA Phase 2,PKR 14.5 Crore,145000000,5,5,1 Kanal,4500.0,32222,House,True,45,super hot45Share on FacebookShare on TwitterShare on WhatsAppSend via GMailSend via E-Mail,90,Houses_Islamabad,for_sale,2026-07-24,https://www.zameen.com/Property/dha_defence_dha_defence_phase_2_1_kanal_brand_new_designer_house_for_sale_in_dha_phase_2-54371197-339-1.html
Brand New Single Story CDA Approved in F17 T&T 30*60 House for sale,PKR 2.1 Crore,21000000,2,3,8 Marla,1800.0,11666,House,True,22,super hot22Share on FacebookShare on TwitterShare on WhatsAppSend via GMailSend via E-Mail,90,Houses_Islamabad,for_sale,2026-07-24,https://www.zameen.com/Property/islamabad_f-17_brand_new_single_story_cda_approved_in_f17_t_t_30_60_house_for_sale-54105091-335-1.html
"Beautiful House For Sale In F-7/1, Islamabad - Prime Location.",PKR 27 Crore,270000000,4,4,1.1 Kanal,4950.0,54545,House,True,9,super hot9Share on FacebookShare on TwitterShare on WhatsAppSend via GMailSend via E-Mail,89,Houses_Islamabad,for_sale,2026-07-24,https://www.zameen.com/Property/f_7_f-7_1_beautiful_house_for_sale_in_f-7_1_islamabad_-_prime_location-54430414-3307-1.html
"Beautiful Furnished House three side corner available for Sale in F-7, Islamabad",PKR 42 Crore,420000000,8,7,1.3 Kanal,5850.0,71794,House,True,7,super hot7Share on FacebookShare on TwitterShare on WhatsAppSend via GMailSend via E-Mail,89,Houses_Islamabad,for_sale,2026-07-24,https://www.zameen.com/Property/f_7_f-7_1_beautiful_furnished_house_three_side_corner_available_for_sale_in_f-7_islamabad-54417333-3307-1.html
G 13 HOUSE 14 Marla 40x80 VERY IDEAL LOCATION ON 50 FEET ROAD PINDI FACE NEAR PARK AND BASIC AMUNITIES,PKR 10.95 Crore,109500000,7,6,14 Marla,3150.0,34761,House,True,48,super hot481VerifiedShare on FacebookShare on TwitterShare on WhatsAppSend via GMailSend via E-Mail,99,Houses_Islamabad,for_sale,2026-07-24,https://www.zameen.com/Property/islamabad_g-13_g_13_house_14_marla_40x80_very_ideal_location_on_50_feet_road_pindi_face_near_park_and_basic_amunities-54378827-330-1.html
south face brand new house,PKR 8.75 Crore,87500000,6,6,1 Kanal,4500.0,19444,House,True,14,super hot14Share on FacebookShare on TwitterShare on WhatsAppSend via GMailSend via E-Mail,90,Houses_Islamabad,for_sale,2026-07-24,https://www.zameen.com/Property/islamabad_naval_anchorage_south_face_brand_new_house-54513040-375-1.html
Luxury 6 Marla Brand New House For Sale In Soan Garden Islamabad,PKR 3.2 Crore,32000000,4,6,6 Marla,1350.0,23703,House,True,20,super hot20Share on FacebookShare on TwitterShare on WhatsAppSend via GMailSend via E-Mail,90,Houses_Islamabad,for_sale,2026-07-24,https://www.zameen.com/Property/soan_garden_soan_garden_-_block_h_luxury_6_marla_brand_new_house_for_sale_in_soan_garden_islamabad-52200224-3498-1.html
5 MARLA HOUSE FOR SALE IN ISLAMABAD,PKR 2.6 Crore,26000000,4,5,5 Marla,1125.0,23111,House,True,41,super hot41Share on FacebookShare on TwitterShare on WhatsAppSend via GMailSend via E-Mail,90,Houses_Islamabad,for_sale,2026-07-24,https://www.zameen.com/Property/park_view_city_park_view_city_-_overseas_block_5_marla_house_for_sale_in_islamabad-54187013-19666-1.html
HOUSE AVAILABLE FOR SALE IN I-8,PKR 9 Crore,90000000,6,6,12 Marla,2700.0,33333,House,True,13,hot13Share on FacebookShare on TwitterShare on WhatsAppSend via GMailSend via E-Mail,84,Houses_Islamabad,for_sale,2026-07-24,https://www.zameen.com/Property/islamabad_i-8_house_available_for_sale_in_i-8-54376709-174-1.html
BRAND NEW HOUSE AVAILABLE FOR SALE IN I-8,PKR 21 Crore,210000000,9,7,14 Marla,3150.0,66666,House,True,16,hot16Share on FacebookShare on TwitterShare on WhatsAppSend via GMailSend via E-Mail,84,Houses_Islamabad,for_sale,2026-07-24,https://www.zameen.com/Property/islamabad_i-8_brand_new_house_available_for_sale_in_i-8-54472394-174-1.html
5 Marla Double unit slightly used look like brand new owner built house for sale at very prime location of Islamabad i11/2,PKR 2.9 Crore,29000000,5,5,5 Marla,1125.0,25777,House,False,27,hot27Share on FacebookShare on TwitterShare on WhatsAppSend via GMailSend via E-Mail,84,Houses_Islamabad,for_sale,2026-07-24,https://www.zameen.com/Property/i_11_i-11_2_5_marla_double_unit_slightly_used_look_like_brand_new_owner_built_house_for_sale_at_very_prime_location_of_islamabad_i11_2-54515784-9879-1.html
House For Sale In Rs. 140000000 with original picture,PKR 14 Crore,140000000,9,7,12 Marla,2700.0,51851,House,False,16,hot16Share on FacebookShare on TwitterShare on WhatsAppSend via GMailSend via E-Mail,84,Houses_Islamabad,for_sale,2026-07-24,https://www.zameen.com/Property/islamabad_i-8_house_for_sale_in_rs_140000000_with_original_picture-54372272-174-1.html
5 Bed Fully Renovated House For Sale In E-11 Islamabad,PKR 16 Crore,160000000,16,6,1 Kanal,4500.0,35555,House,False,27,hot27Share on FacebookShare on TwitterShare on WhatsAppSend via GMailSend via E-Mail,84,Houses_Islamabad,for_sale,2026-07-24,https://www.zameen.com/Property/islamabad_e-11_5_bed_fully_renovated_house_for_sale_in_e-11_islamabad-54309494-329-1.html
1 Kanal Double Heighted Lobby Design House For Sale In DHA I_R,PKR 14.75 Crore,147500000,6,6,1 Kanal,4500.0,32777,House,True,13,13Share on FacebookShare on TwitterShare on WhatsAppSend via GMailSend via E-Mail,81,Houses_Islamabad,for_sale,2026-07-24,https://www.zameen.com/Property/dha_defence_dha_defence_phase_2_1_kanal_double_heighted_lobby_design_house_for_sale_in_dha_i_r-52372119-339-1.html
6 Marla Brand New House For Sale,PKR 2.8 Crore,28000000,5,6,6 Marla,1350.0,20740,House,False,19,19Share on FacebookShare on TwitterShare on WhatsAppSend via GMailSend via E-Mail,81,Houses_Islamabad,for_sale,2026-07-24,https://www.zameen.com/Property/mumtaz_city_mumtaz_city_-_ravi_block_6_marla_brand_new_house_for_sale-53829920-14996-1.html
8 Marla House For Sale,PKR 3.1 Crore,31000000,4,4,8 Marla,1800.0,17222,House,False,10,10VerifiedShare on FacebookShare on TwitterShare on WhatsAppSend via GMailSend via E-Mail,89,Houses_Islamabad,for_sale,2026-07-24,https://www.zameen.com/Property/islamabad_mumtaz_city_8_marla_house_for_sale-54193365-3464-1.html
12 Marla House For Sale In Dha 2,PKR 7.5 Crore,75000000,4,4,12 Marla,2700.0,27777,House,False,6,6Share on FacebookShare on TwitterShare on WhatsAppSend via GMailSend via E-Mail,80,Houses_Islamabad,for_sale,2026-07-24,https://www.zameen.com/Property/dha_defence_dha_defence_phase_2_12_marla_house_for_sale_in_dha_2-53271041-339-1.html
Villa For Sale In F-7/4,PKR 35 Crore,350000000,6,6,1.3 Kanal,5850.0,59829,House,False,19,19Share on FacebookShare on TwitterShare on WhatsAppSend via GMailSend via E-Mail,81,Houses_Islamabad,for_sale,2026-07-24,https://www.zameen.com/Property/f_7_f-7_4_villa_for_sale_in_f-7_4-54269902-3310-1.html
One Kanal Brand New House For Sale In Dha 2,PKR 13.8 Crore,138000000,5,5,1 Kanal,4500.0,30666,House,False,17,17Share on FacebookShare on TwitterShare on WhatsAppSend via GMailSend via E-Mail,81,Houses_Islamabad,for_sale,2026-07-24,https://www.zameen.com/Property/dha_defence_dha_defence_phase_2_one_kanal_brand_new_house_for_sale_in_dha_2-54273934-339-1.html
One Kanal House For Sale In Dha 2,PKR 7.5 Crore,75000000,6,6,1 Kanal,4500.0,16666,House,False,21,21Share on FacebookShare on TwitterShare on WhatsAppSend via GMailSend via E-Mail,81,Houses_Islamabad,for_sale,2026-07-24,https://www.zameen.com/Property/dha_defence_dha_defence_phase_2_one_kanal_house_for_sale_in_dha_2-54377594-339-1.html
New House For Sale,PKR 4.15 Crore,41500000,5,6,7 Marla,1575.0,26349,House,False,8,8Share on FacebookShare on TwitterShare on WhatsAppSend via GMailSend via E-Mail,80,Houses_Islamabad,for_sale,2026-07-24,https://www.zameen.com/Property/islamabad_i-14_new_house_for_sale-53281637-1045-1.html
10 Marla Barnd New Designer House Available For Sale,PKR 6.75 Crore,67500000,6,6,10 Marla,2250.0,30000,House,True,30,super hot30Share on FacebookShare on TwitterShare on WhatsAppSend via GMailSend via E-Mail,90,Houses_Islamabad,for_sale,2026-07-24,https://www.zameen.com/Property/bahria_enclave_bahria_enclave_-_sector_c1_10_marla_barnd_new_designer_house_available_for_sale-54485644-11987-1.html
1 Kanal House Available For Sale In Top City 1 If You Hurry,PKR 12.95 Crore,129500000,5,6,1 Kanal,4500.0,28777,House,True,30,super hot30Share on FacebookShare on TwitterShare on WhatsAppSend via GMailSend via E-Mail,90,Houses_Islamabad,for_sale,2026-07-24,https://www.zameen.com/Property/islamabad_top_city_1_1_kanal_house_available_for_sale_in_top_city_1_if_you_hurry-54377777-1383-1.html
Ultra Modern architecture + Quality Mansion At Prime Location Of Dha2 House For Sale,PKR 12.5 Crore,125000000,5,6,1 Kanal,4500.0,27777,House,True,29,super hot29Share on FacebookShare on TwitterShare on WhatsAppSend via GMailSend via E-Mail,90,Houses_Islamabad,for_sale,2026-07-24,https://www.zameen.com/Property/dha_defence_dha_defence_phase_2_ultra_modern_architecture_quality_mansion_at_prime_location_of_dha2_house_for_sale-52366687-339-1.html
"BRAND NEW, 5 MARLA HOUSE FOR SALE IN SECTOR F, STREET 71, DHA 5, ISLAMABAD",PKR 3.8 Crore,38000000,4,4,5 Marla,1125.0,33777,House,True,25,super hot25Share on FacebookShare on TwitterShare on WhatsAppSend via GMailSend via E-Mail,90,Houses_Islamabad,for_sale,2026-07-24,https://www.zameen.com/Property/dha_defence_dha_defence_phase_5_brand_new_5_marla_house_for_sale_in_sector_f_street_71_dha_5_islamabad-54496637-10991-1.html
1 Kanal Classic Designer House for Sale in DHA Phase 2 Islamabad,PKR 11.2 Crore,112000000,5,6,1 Kanal,4500.0,24888,House,True,16,super hot16Share on FacebookShare on TwitterShare on WhatsAppSend via GMailSend via E-Mail,90,Houses_Islamabad,for_sale,2026-07-24,https://www.zameen.com/Property/dha_defence_dha_defence_phase_2_1_kanal_classic_designer_house_for_sale_in_dha_phase_2_islamabad-54438236-339-1.html
G-13 500 Square Yard Main Location 6 Bed House Available For Sale,PKR 15 Crore,150000000,15,6,1 Kanal,4500.0,33333,House,True,29,super hot29Share on FacebookShare on TwitterShare on WhatsAppSend via GMailSend via E-Mail,90,Houses_Islamabad,for_sale,2026-07-24,https://www.zameen.com/Property/islamabad_g-13_g-13_500_square_yard_main_location_6_bed_house_available_for_sale-52112966-330-1.html
Brand New Beautiful Modern Double-Unit House for Sale D-12/3,PKR 15.75 Crore,157500000,6,6,10.9 Marla,2452.5,64220,House,True,22,super hot22Share on FacebookShare on TwitterShare on WhatsAppSend via GMailSend via E-Mail,90,Houses_Islamabad,for_sale,2026-07-24,https://www.zameen.com/Property/islamabad_d-12_brand_new_beautiful_modern_double-unit_house_for_sale_d-12_3-54512555-160-1.html
5 Kanal | Corner House | For Sale | Prime Location | F-6 Islamabad,PKR 1.35 Arab,1350000000,6,6,5 Kanal,22500.0,60000,House,True,17,super hot17Share on FacebookShare on TwitterShare on WhatsAppSend via GMailSend via E-Mail,90,Houses_Islamabad,for_sale,2026-07-24,https://www.zameen.com/Property/islamabad_f-6_5_kanal_corner_house_for_sale_prime_location_f-6_islamabad-53629770-164-1.html
5 Marla Brand New House Available For Sale In Bani Gala,PKR 1.3 Crore,13000000,3,3,5 Marla,1125.0,11555,House,True,16,super hot16VerifiedShare on FacebookShare on TwitterShare on WhatsAppSend via GMailSend via E-Mail,98,Houses_Islamabad,for_sale,2026-07-24,https://www.zameen.com/Property/islamabad_bani_gala_5_marla_brand_new_house_available_for_sale_in_bani_gala-54060663-340-1.html
11 maral Alexa design double story house for sale in banigala,PKR 5.25 Crore,52500000,6,6,11 Marla,2475.0,21212,House,True,24,super hot24Share on FacebookShare on TwitterShare on WhatsAppSend via GMailSend via E-Mail,90,Houses_Islamabad,for_sale,2026-07-24,https://www.zameen.com/Property/islamabad_bani_gala_11_maral_alexa_design_double_story_house_for_sale_in_banigala-54511903-340-1.html
HOUSE AVAILABLE FOR SALE IN I-8,PKR 9.5 Crore,95000000,6,7,12 Marla,2700.0,35185,House,True,8,hot8Share on FacebookShare on TwitterShare on WhatsAppSend via GMailSend via E-Mail,83,Houses_Islamabad,for_sale,2026-07-24,https://www.zameen.com/Property/islamabad_i-8_house_available_for_sale_in_i-8-54472435-174-1.html
Single Storey House Is Available For Sale In MPCHS - Block F,PKR 1.9 Crore,19000000,2,2,8 Marla,1800.0,10555,House,True,16,hot16Share on FacebookShare on TwitterShare on WhatsAppSend via GMailSend via E-Mail,84,Houses_Islamabad,for_sale,2026-07-24,https://www.zameen.com/Property/mpchs_multi_gardens_mpchs_-_block_f_single_storey_house_is_available_for_sale_in_mpchs_-_block_f-54321091-8527-1.html
9 Bed Triple Storey Corner House For Sale In Prime Location,PKR 14.5 Crore,145000000,14,7,1 Kanal,4500.0,32222,House,False,14,hot14Share on FacebookShare on TwitterShare on WhatsAppSend via GMailSend via E-Mail,84,Houses_Islamabad,for_sale,2026-07-24,https://www.zameen.com/Property/islamabad_e-11_9_bed_triple_storey_corner_house_for_sale_in_prime_location-54309578-329-1.html
"Brand New Luxury Corner House For Sale In F-11, Islamabad",PKR 32 Crore,320000000,9,,1.3 Kanal,5850.0,54700,House,False,23,hot23Share on FacebookShare on TwitterShare on WhatsAppSend via GMailSend via E-Mail,84,Houses_Islamabad,for_sale,2026-07-24,https://www.zameen.com/Property/islamabad_f-11_brand_new_luxury_corner_house_for_sale_in_f-11_islamabad-54451863-163-1.html
5marla House H Block Walking Distance From Downtown,PKR 3.24 Crore,32400000,4,5,5 Marla,1125.0,28800,House,False,11,hot11Share on FacebookShare on TwitterShare on WhatsAppSend via GMailSend via E-Mail,84,Houses_Islamabad,for_sale,2026-07-24,https://www.zameen.com/Property/islamabad_park_view_city_5marla_house_h_block_walking_distance_from_downtown-54278520-10933-1.html
F11 TRIPLE STOREY HOUSE 7 BEDS TILED FLOOR 2 DRAWING DINNINGS 3 TV LOUNGES,PKR 13.8 Crore,138000000,13,7,16 Marla,3600.0,38333,House,False,35,hot35Share on FacebookShare on TwitterShare on WhatsAppSend via GMailSend via E-Mail,84,Houses_Islamabad,for_sale,2026-07-24,https://www.zameen.com/Property/islamabad_f-11_f11_triple_storey_house_7_beds_tiled_floor_2_drawing_dinnings_3_tv_lounges-52166937-163-1.html
A Prime Location House Of 5 Marla In G-11,PKR 5.9 Crore,59000000,5,6,5 Marla,1125.0,52444,House,False,36,hot361VerifiedShare on FacebookShare on TwitterShare on WhatsAppSend via GMailSend via E-Mail,93,Houses_Islamabad,for_sale,2026-07-24,https://www.zameen.com/Property/islamabad_g-11_a_prime_location_house_of_5_marla_in_g-11-53268800-168-1.html
New 6 Marla House For Sale,PKR 3.15 Crore,31500000,5,6,6 Marla,1350.0,23333,House,False,8,8Share on FacebookShare on TwitterShare on WhatsAppSend via GMailSend via E-Mail,80,Houses_Islamabad,for_sale,2026-07-24,https://www.zameen.com/Property/islamabad_i-14_new_6_marla_house_for_sale-50452793-1045-1.html
Brand New Double Storey House For Sale,PKR 3.2 Crore,32000000,5,6,6 Marla,1350.0,23703,House,False,5,5Share on FacebookShare on TwitterShare on WhatsAppSend via GMailSend via E-Mail,80,Houses_Islamabad,for_sale,2026-07-24,https://www.zameen.com/Property/islamabad_i-14_brand_new_double_storey_house_for_sale-50476814-1045-1.html
Brand New Double Storey House For Sale,PKR 4.15 Crore,41500000,5,6,8 Marla,1800.0,23055,House,False,8,8Share on FacebookShare on TwitterShare on WhatsAppSend via GMailSend via E-Mail,80,Houses_Islamabad,for_sale,2026-07-24,https://www.zameen.com/Property/islamabad_i-14_brand_new_double_storey_house_for_sale-50503667-1045-1.html
i-8.40x80. tarple story House available for sale ideal location more options available,PKR 15 Crore,150000000,9,6,12 Marla,2700.0,55555,House,False,43,43Share on FacebookShare on TwitterShare on WhatsAppSend via GMailSend via E-Mail,81,Houses_Islamabad,for_sale,2026-07-24,https://www.zameen.com/Property/i_8_i-8_2_i-8_40x80_tarple_story_house_available_for_sale_ideal_location_more_options_available-54516114-3442-1.html
"13 Marla Brand New House For Sale In Sector B, DHA Phase-3",PKR 5.85 Crore,58500000,5,6,13 Marla,2925.0,20000,House,False,28,28Share on FacebookShare on TwitterShare on WhatsAppSend via GMailSend via E-Mail,81,Houses_Islamabad,for_sale,2026-07-24,https://www.zameen.com/Property/dha_defence_phase_3_dha_phase_3_-_block_a_13_marla_brand_new_house_for_sale_in_sector_b_dha_phase-3-54274853-16228-1.html
"3 Marla Double Storey Cornor Brand New House For Sale In New Chatha Bukhtwar, Near Comset University And Park Enclave, Islamabad.",PKR 1.6 Crore,16000000,4,4,3 Marla,675.0,23703,House,False,22,22Share on FacebookShare on TwitterShare on WhatsAppSend via GMailSend via E-Mail,81,Houses_Islamabad,for_sale,2026-07-24,https://www.zameen.com/Property/islamabad_chatha_bakhtawar_3_marla_double_storey_cornor_brand_new_house_for_sale_in_new_chatha_bukhtwar_near_comset_university_and_park_enclave_islamabad-54371443-3153-1.html
"3 Marla Double Storey House Soler Installed In Chatha Bukhtwar, Near Milad Chowk, Islamabad.",PKR 1.6 Crore,16000000,4,4,5 Marla,1125.0,14222,House,False,40,40Share on FacebookShare on TwitterShare on WhatsAppSend via GMailSend via E-Mail,81,Houses_Islamabad,for_sale,2026-07-24,https://www.zameen.com/Property/islamabad_chatha_bakhtawar_3_marla_double_storey_house_soler_installed_in_chatha_bukhtwar_near_milad_chowk_islamabad-54349108-3153-1.html
"5 Marla One Unit 2 bed Drawing room, 3 attach washrooms,",PKR 90 Lakh,9000000,90,90,5 Marla,1125.0,8000,House,False,18,18Share on FacebookShare on TwitterShare on WhatsAppSend via GMailSend via E-Mail,81,Houses_Islamabad,for_sale,2026-07-24,https://www.zameen.com/Property/islamabad_simly_dam_road_5_marla_one_unit_2_bed_drawing_room_3_attach_washrooms-54102059-8445-1.html
"10 Marla Park Facing House For Sale Sector C2, Bahria Enclave Islamabad",PKR 5.2 Crore,52000000,5,6,10 Marla,2250.0,23111,House,True,32,super hot321Share on FacebookShare on TwitterShare on WhatsAppSend via GMailSend via E-Mail,91,Houses_Islamabad,for_sale,2026-07-24,https://www.zameen.com/Property/bahria_enclave_bahria_enclave_-_sector_c2_10_marla_park_facing_house_for_sale_sector_c2_bahria_enclave_islamabad-52931384-11988-1.html
"14 Marla Luxury House For Sale Urban Boulevard, Sector A, Bahria Enclave Islamabad",PKR 7.1 Crore,71000000,5,6,14 Marla,3150.0,22539,House,True,48,super hot48Share on FacebookShare on TwitterShare on WhatsAppSend via GMailSend via E-Mail,90,Houses_Islamabad,for_sale,2026-07-24,https://www.zameen.com/Property/bahria_enclave_bahria_enclave_-_sector_a_14_marla_luxury_house_for_sale_urban_boulevard_sector_a_bahria_enclave_islamabad-54028506-11970-1.html
10 Marla Owner Built House Available For Sale | Bahria Enclave Islamabad | Sector C2,PKR 5.5 Crore,55000000,4,6,10 Marla,2250.0,24444,House,True,48,super hot481Share on FacebookShare on TwitterShare on WhatsAppSend via GMailSend via E-Mail,91,Houses_Islamabad,for_sale,2026-07-24,https://www.zameen.com/Property/bahria_town_bahria_enclave_10_marla_owner_built_house_available_for_sale_bahria_enclave_islamabad_sector_c2-54425143-1705-1.html
Beautifully Constructed House Is Available For sale In D-12/4,PKR 6.4 Crore,64000000,4,5,5 Marla,1125.0,56888,House,True,17,super hot171Share on FacebookShare on TwitterShare on WhatsAppSend via GMailSend via E-Mail,91,Houses_Islamabad,for_sale,2026-07-24,https://www.zameen.com/Property/d_12_d-12_4_beautifully_constructed_house_is_available_for_sale_in_d-12_4-54076104-3157-1.html
Ideal House For Sale In D-12,PKR 5.4 Crore,54000000,4,5,5 Marla,1125.0,48000,House,True,12,super hot121VerifiedShare on FacebookShare on TwitterShare on WhatsAppSend via GMailSend via E-Mail,99,Houses_Islamabad,for_sale,2026-07-24,https://www.zameen.com/Property/islamabad_d-12_ideal_house_for_sale_in_d-12-54313029-160-1.html
5 Marla Modern House Available For Sale In Bahria Enclave Islamabad.,PKR 2.85 Crore,28500000,3,5,5 Marla,1125.0,25333,House,True,23,super hot23Share on FacebookShare on TwitterShare on WhatsAppSend via GMailSend via E-Mail,90,Houses_Islamabad,for_sale,2026-07-24,https://www.zameen.com/Property/bahria_enclave_bahria_enclave_-_sector_b1_5_marla_modern_house_available_for_sale_in_bahria_enclave_islamabad-54337430-11972-1.html
Bahria Enclave Islamabad 1 Kanal Luxury Modern House Available For Sale.,PKR 12 Crore,120000000,6,6,1 Kanal,4500.0,26666,House,True,40,super hot40Share on FacebookShare on TwitterShare on WhatsAppSend via GMailSend via E-Mail,90,Houses_Islamabad,for_sale,2026-07-24,https://www.zameen.com/Property/bahria_enclave_bahria_enclave_-_sector_c_bahria_enclave_islamabad_1_kanal_luxury_modern_house_available_for_sale-54451968-11973-1.html
Kanal Luxury House Available For Sale In Dha Phase 2 Islamabad,PKR 14.5 Crore,145000000,6,6,1 Kanal,4500.0,32222,House,True,24,super hot24Share on FacebookShare on TwitterShare on WhatsAppSend via GMailSend via E-Mail,90,Houses_Islamabad,for_sale,2026-07-24,https://www.zameen.com/Property/dha_defence_phase_2_dha_phase_2_-_sector_g_kanal_luxury_house_available_for_sale_in_dha_phase_2_islamabad-50884516-3202-1.html
G-13 30x60 Brand new Double story House available for sale,PKR 6.9 Crore,69000000,5,5,7 Marla,1575.0,43809,House,True,18,super hot18Share on FacebookShare on TwitterShare on WhatsAppSend via GMailSend via E-Mail,90,Houses_Islamabad,for_sale,2026-07-24,https://www.zameen.com/Property/islamabad_g-13_g-13_30x60_brand_new_double_story_house_available_for_sale-54510863-330-1.html
5 Marla Double story House Bahria Enclave sector H,PKR 2.75 Crore,27500000,3,4,5 Marla,1125.0,24444,House,True,12,super hot12Share on FacebookShare on TwitterShare on WhatsAppSend via GMailSend via E-Mail,90,Houses_Islamabad,for_sale,2026-07-24,https://www.zameen.com/Property/bahria_enclave_bahria_enclave_-_sector_h_5_marla_double_story_house_bahria_enclave_sector_h-54510925-11983-1.html
5 Marla Double Unit Shourt Corner House Available For Sale,PKR 2.65 Crore,26500000,4,4,5 Marla,1125.0,23555,House,True,25,hot25Share on FacebookShare on TwitterShare on WhatsAppSend via GMailSend via E-Mail,84,Houses_Islamabad,for_sale,2026-07-24,https://www.zameen.com/Property/mpchs_multi_gardens_mpchs_-_block_f_5_marla_double_unit_shourt_corner_house_available_for_sale-53960212-8527-1.html
Looking For A House In Islamabad,PKR 2.45 Crore,24500000,4,5,5 Marla,1125.0,21777,House,True,9,hot9Share on FacebookShare on TwitterShare on WhatsAppSend via GMailSend via E-Mail,83,Houses_Islamabad,for_sale,2026-07-24,https://www.zameen.com/Property/mpchs_multi_gardens_mpchs_-_block_f_looking_for_a_house_in_islamabad-53980971-8527-1.html
G11 25x50 House For Sale,PKR 3.8 Crore,38000000,4,4,5 Marla,1125.0,33777,House,False,17,hot17Share on FacebookShare on TwitterShare on WhatsAppSend via GMailSend via E-Mail,84,Houses_Islamabad,for_sale,2026-07-24,https://www.zameen.com/Property/islamabad_g-11_g11_25x50_house_for_sale-53419051-168-1.html
Looking For A On Excellent Location House In G-10,PKR 7.1 Crore,71000000,5,6,6.7 Marla,1507.5,47097,House,False,37,hot371VerifiedShare on FacebookShare on TwitterShare on WhatsAppSend via GMailSend via E-Mail,93,Houses_Islamabad,for_sale,2026-07-24,https://www.zameen.com/Property/islamabad_g-10_looking_for_a_on_excellent_location_house_in_g-10-54212220-167-1.html
On Excellent Location Property For sale In G-11 G-11 Is Available Under Rs. 61000000,PKR 6.1 Crore,61000000,4,5,5 Marla,1125.0,54222,House,False,38,hot381VerifiedShare on FacebookShare on TwitterShare on WhatsAppSend via GMailSend via E-Mail,93,Houses_Islamabad,for_sale,2026-07-24,https://www.zameen.com/Property/islamabad_g-11_on_excellent_location_property_for_sale_in_g-11_g-11_is_available_under_rs_61000000-54212225-168-1.html
I-14/3 Smart House Is Available,PKR 3.5 Crore,35000000,5,5,5 Marla,1125.0,31111,House,False,5,hot5Share on FacebookShare on TwitterShare on WhatsAppSend via GMailSend via E-Mail,83,Houses_Islamabad,for_sale,2026-07-24,https://www.zameen.com/Property/i_14_i-14_3_i-14_3_smart_house_is_available-53716717-8342-1.html
5 Marla Brand New House For Sale Sector I Bahria Enclave Islamabad,PKR 2.45 Crore,24500000,3,4,5 Marla,1125.0,21777,House,False,17,hot17Share on FacebookShare on TwitterShare on WhatsAppSend via GMailSend via E-Mail,84,Houses_Islamabad,for_sale,2026-07-24,https://www.zameen.com/Property/bahria_enclave_bahria_enclave_-_sector_i_5_marla_brand_new_house_for_sale_sector_i_bahria_enclave_islamabad-54085721-11982-1.html
"House In DHA PHASE 3 , SECTOR B",PKR 8.5 Crore,85000000,,,1 Kanal,4500.0,18888,House,False,9,9Share on FacebookShare on TwitterShare on WhatsAppSend via GMailSend via E-Mail,80,Houses_Islamabad,for_sale,2026-07-24,https://www.zameen.com/Property/dha_defence_dha_defence_phase_3_house_in_dha_phase_3_sector_b-54230878-8412-1.html
1 Kanal 2 Storey (Basement + Ground) For Sale in B Block Police Foundation O-9 Islamabad,PKR 4.75 Crore,47500000,6,6,1 Kanal,4500.0,10555,House,False,12,12Share on FacebookShare on TwitterShare on WhatsAppSend via GMailSend via E-Mail,81,Houses_Islamabad,for_sale,2026-07-24,https://www.zameen.com/Property/national_police_foundation_o_9_national_police_foundation_o-9_-_block_b_1_kanal_2_storey_basement_ground_for_sale_in_b_block_police_foundation_o-9_islamabad-54515995-16426-1.html
Centrally Located House Available In Faisal Town - F-18 For sale,PKR 3.2 Crore,32000000,4,4,5 Marla,1125.0,28444,House,True,12,12Share on FacebookShare on TwitterShare on WhatsAppSend via GMailSend via E-Mail,81,Houses_Islamabad,for_sale,2026-07-24,https://www.zameen.com/Property/islamabad_faisal_town_-_f-18_centrally_located_house_available_in_faisal_town_-_f-18_for_sale-54481357-8260-1.html
Brand New Beautiful 30x60 House For Sale In I14/1,PKR 3.59 Crore,35900000,5,6,8 Marla,1800.0,19944,House,False,24,24Share on FacebookShare on TwitterShare on WhatsAppSend via GMailSend via E-Mail,81,Houses_Islamabad,for_sale,2026-07-24,https://www.zameen.com/Property/i_14_i-14_1_brand_new_beautiful_30x60_house_for_sale_in_i14_1-54118813-8340-1.html
"5 Marla Villa For Sale, Parkview City, Islamabad",PKR 3 Crore,30000000,4,5,5 Marla,1125.0,26666,House,False,18,18Share on FacebookShare on TwitterShare on WhatsAppSend via GMailSend via E-Mail,81,Houses_Islamabad,for_sale,2026-07-24,https://www.zameen.com/Property/islamabad_park_view_city_5_marla_villa_for_sale_parkview_city_islamabad-53152743-10933-1.html
House for sale,PKR 2.2 Crore,22000000,4,6,6 Marla,1350.0,16296,House,False,23,23Share on FacebookShare on TwitterShare on WhatsAppSend via GMailSend via E-Mail,81,Houses_Islamabad,for_sale,2026-07-24,https://www.zameen.com/Property/islamabad_bani_gala_house_for_sale-53007937-340-1.html
10 Marla Ideal Luxury Single Unit House For Sale,PKR 12 Crore,120000000,5,5,10 Marla,2250.0,53333,House,True,17,super hot17VerifiedShare on FacebookShare on TwitterShare on WhatsAppSend via GMailSend via E-Mail,98,Houses_Islamabad,for_sale,2026-07-24,https://www.zameen.com/Property/d_12_d-12_1_10_marla_ideal_luxury_single_unit_house_for_sale-54390493-3154-1.html
House Of 10 Marla In D-12/2 For Sale,PKR 13 Crore,130000000,5,5,10 Marla,2250.0,57777,House,True,14,super hot141VerifiedShare on FacebookShare on TwitterShare on WhatsAppSend via GMailSend via E-Mail,99,Houses_Islamabad,for_sale,2026-07-24,https://www.zameen.com/Property/d_12_d-12_2_house_of_10_marla_in_d-12_2_for_sale-54390456-3155-1.html
Prime Location 20 Marla House In Beautiful Location Of Top City 1,PKR 7.4 Crore,74000000,6,7,1 Kanal,4500.0,16444,House,True,22,super hot22Share on FacebookShare on TwitterShare on WhatsAppSend via GMailSend via E-Mail,90,Houses_Islamabad,for_sale,2026-07-24,https://www.zameen.com/Property/islamabad_top_city_1_prime_location_20_marla_house_in_beautiful_location_of_top_city_1-54192013-1383-1.html
10 Marla Brand New House For Sale,PKR 4.15 Crore,41500000,5,6,10 Marla,2250.0,18444,House,True,26,super hot26Share on FacebookShare on TwitterShare on WhatsAppSend via GMailSend via E-Mail,90,Houses_Islamabad,for_sale,2026-07-24,https://www.zameen.com/Property/islamabad_top_city_1_10_marla_brand_new_house_for_sale-54241161-1383-1.html
Dha 2 One Kanal Brand New Luxurious Designer FURNISHED HOUSE,PKR 13.9 Crore,139000000,5,6,1 Kanal,4500.0,30888,House,True,49,super hot49Share on FacebookShare on TwitterShare on WhatsAppSend via GMailSend via E-Mail,90,Houses_Islamabad,for_sale,2026-07-24,https://www.zameen.com/Property/dha_defence_dha_defence_phase_2_dha_2_one_kanal_brand_new_luxurious_designer_furnished_house-54059995-339-1.html
1 Kanal Brand New Designer Luxury House Available For Sale,PKR 12.9 Crore,129000000,7,6,1 Kanal,4500.0,28666,House,True,18,super hot181Share on FacebookShare on TwitterShare on WhatsAppSend via GMailSend via E-Mail,91,Houses_Islamabad,for_sale,2026-07-24,https://www.zameen.com/Property/dha_defence_dha_defence_phase_2_1_kanal_brand_new_designer_luxury_house_available_for_sale-54450922-339-1.html
6 Marla double story house in Sector C18. (A category contruction),PKR 1.5 Crore,15000000,4,6,6 Marla,1350.0,11111,House,True,24,super hot24Share on FacebookShare on TwitterShare on WhatsAppSend via GMailSend via E-Mail,90,Houses_Islamabad,for_sale,2026-07-24,https://www.zameen.com/Property/c_18_rawalpindi_housing_society_6_marla_double_story_house_in_sector_c18_a_category_contruction-54510633-8562-1.html
Affordable House For Sale In Faisal Town Phase 1 - Block A,PKR 4.1 Crore,41000000,6,6,8 Marla,1800.0,22777,House,True,44,super hot44Share on FacebookShare on TwitterShare on WhatsAppSend via GMailSend via E-Mail,90,Houses_Islamabad,for_sale,2026-07-24,https://www.zameen.com/Property/faisal_town_phase_1_faisal_town_phase_1_-_block_a_affordable_house_for_sale_in_faisal_town_phase_1_-_block_a-54417881-16416-1.html
House For Sale In Block A PWD Islamabad,PKR 5.5 Crore,55000000,8,7,14 Marla,3150.0,17460,House,True,11,super hot11Share on FacebookShare on TwitterShare on WhatsAppSend via GMailSend via E-Mail,90,Houses_Islamabad,for_sale,2026-07-24,https://www.zameen.com/Property/pwd_housing_scheme_pwd_housing_society_-_block_a_house_for_sale_in_block_a_pwd_islamabad-54372626-15004-1.html
"Huge Plot On Prime Location, Double Story 5 Bedrooms House For Sale,",PKR 1.05 Arab,1050000000,1,6,4.3 Kanal,19350.0,54263,House,True,19,super hot19Share on FacebookShare on TwitterShare on WhatsAppSend via GMailSend via E-Mail,90,Houses_Islamabad,for_sale,2026-07-24,https://www.zameen.com/Property/islamabad_g-6_huge_plot_on_prime_location_double_story_5_bedrooms_house_for_sale-54510208-169-1.html
10 Marla Designer House available for Sale in Multi Gardens B17 Islamabad - Block C1,PKR 5.25 Crore,52500000,5,5,10 Marla,2250.0,23333,House,True,11,hot11Share on FacebookShare on TwitterShare on WhatsAppSend via GMailSend via E-Mail,84,Houses_Islamabad,for_sale,2026-07-24,https://www.zameen.com/Property/b_17_mpchs_-_multi_gardens_10_marla_designer_house_available_for_sale_in_multi_gardens_b17_islamabad_-_block_c1-54483458-3115-1.html
You Can Find A Gorgeous House For sale In Bani Gala,PKR 2 Crore,20000000,4,5,6 Marla,1350.0,14814,House,False,18,hot18VerifiedShare on FacebookShare on TwitterShare on WhatsAppSend via GMailSend via E-Mail,92,Houses_Islamabad,for_sale,2026-07-24,https://www.zameen.com/Property/islamabad_bani_gala_you_can_find_a_gorgeous_house_for_sale_in_bani_gala-53908589-340-1.html
8 Marla House For Sale Back Open 10kv Solar Installed Sector I Bahria Enclave Islamabad,PKR 3.5 Crore,35000000,5,6,8 Marla,1800.0,19444,House,False,18,hot18Share on FacebookShare on TwitterShare on WhatsAppSend via GMailSend via E-Mail,84,Houses_Islamabad,for_sale,2026-07-24,https://www.zameen.com/Property/bahria_enclave_bahria_enclave_-_sector_i_8_marla_house_for_sale_back_open_10kv_solar_installed_sector_i_bahria_enclave_islamabad-54141290-11982-1.html
One Bedroom Luxury Apartment Available For Sale In Zarkon Heights Islamabad,PKR 1.16 Crore,11600000,1,1,2.8 Marla,630.0,18412,House,False,34,hot34Share on FacebookShare on TwitterShare on WhatsAppSend via GMailSend via E-Mail,84,Houses_Islamabad,for_sale,2026-07-24,https://www.zameen.com/Property/g_15_zarkon_heights_one_bedroom_luxury_apartment_available_for_sale_in_zarkon_heights_islamabad-54453884-10169-1.html
3200 Sq Ft ( 40*80 ) House on MDR Brand New Double Unit House Available. For Sale in G-15/1 Islamabad.,PKR 6 Crore,60000000,6,7,14.2 Marla,3195.0,18779,House,False,17,hot17Share on FacebookShare on TwitterShare on WhatsAppSend via GMailSend via E-Mail,84,Houses_Islamabad,for_sale,2026-07-24,https://www.zameen.com/Property/g_15_g-15_1_3200_sq_ft_40_80_house_on_mdr_brand_new_double_unit_house_available_for_sale_in_g-15_1_islamabad-54086166-3348-1.html
Designer House For Sale,PKR 4.5 Crore,45000000,5,6,11 Marla,2475.0,18181,House,False,46,46Share on FacebookShare on TwitterShare on WhatsAppSend via GMailSend via E-Mail,81,Houses_Islamabad,for_sale,2026-07-24,https://www.zameen.com/Property/islamabad_bani_gala_designer_house_for_sale-53009272-340-1.html
House For Sale,PKR 7.5 Crore,75000000,5,6,1.3 Kanal,5850.0,12820,House,False,9,9Share on FacebookShare on TwitterShare on WhatsAppSend via GMailSend via E-Mail,80,Houses_Islamabad,for_sale,2026-07-24,https://www.zameen.com/Property/islamabad_bani_gala_house_for_sale-53010964-340-1.html
House Is Available For Sale,PKR 1.4 Crore,14000000,3,4,5 Marla,1125.0,12444,House,False,23,23Share on FacebookShare on TwitterShare on WhatsAppSend via GMailSend via E-Mail,81,Houses_Islamabad,for_sale,2026-07-24,https://www.zameen.com/Property/islamabad_bani_gala_house_is_available_for_sale-53011414-340-1.html
House For Sale,PKR 2.6 Crore,26000000,5,6,7 Marla,1575.0,16507,House,False,28,28Share on FacebookShare on TwitterShare on WhatsAppSend via GMailSend via E-Mail,81,Houses_Islamabad,for_sale,2026-07-24,https://www.zameen.com/Property/islamabad_bani_gala_house_for_sale-53011895-340-1.html
House For Sale,PKR 1.35 Crore,13500000,2,3,5 Marla,1125.0,12000,House,False,29,29Share on FacebookShare on TwitterShare on WhatsAppSend via GMailSend via E-Mail,81,Houses_Islamabad,for_sale,2026-07-24,https://www.zameen.com/Property/islamabad_bani_gala_house_for_sale-53014511-340-1.html
House For Sale,PKR 12 Crore,120000000,5,6,2.1 Kanal,9450.0,12698,House,False,16,16Share on FacebookShare on TwitterShare on WhatsAppSend via GMailSend via E-Mail,81,Houses_Islamabad,for_sale,2026-07-24,https://www.zameen.com/Property/islamabad_bani_gala_house_for_sale-53015230-340-1.html
House for sale,PKR 2.7 Crore,27000000,5,6,10 Marla,2250.0,12000,House,False,45,45Share on FacebookShare on TwitterShare on WhatsAppSend via GMailSend via E-Mail,81,Houses_Islamabad,for_sale,2026-07-24,https://www.zameen.com/Property/islamabad_bani_gala_house_for_sale-53027648-340-1.html
House Of 5 Marla In Bani Gala Is Available,PKR 1.75 Crore,17500000,5,6,5 Marla,1125.0,15555,House,False,14,14Share on FacebookShare on TwitterShare on WhatsAppSend via GMailSend via E-Mail,81,Houses_Islamabad,for_sale,2026-07-24,https://www.zameen.com/Property/islamabad_bani_gala_house_of_5_marla_in_bani_gala_is_available-53054233-340-1.html
B17 Block E Brand New House Available For Sale A+ Construction,PKR 4.3 Crore,43000000,6,6,8 Marla,1800.0,23888,House,True,27,super hot27Share on FacebookShare on TwitterShare on WhatsAppSend via GMailSend via E-Mail,90,Houses_Islamabad,for_sale,2026-07-24,https://www.zameen.com/Property/mpchs_multi_gardens_mpchs_-_block_e_b17_block_e_brand_new_house_available_for_sale_a_construction-54457593-3120-1.html
Sector C2 1 Kanal Brand New House With Basement Excellent Construction Quality Sun facing House Available for Sale,PKR 14.5 Crore,145000000,7,7,1 Kanal,4500.0,32222,House,True,27,super hot27Share on FacebookShare on TwitterShare on WhatsAppSend via GMailSend via E-Mail,90,Houses_Islamabad,for_sale,2026-07-24,https://www.zameen.com/Property/bahria_enclave_bahria_enclave_-_sector_c2_sector_c2_1_kanal_brand_new_house_with_basement_excellent_construction_quality_sun_facing_house_available_for_sale-54210274-11988-1.html
BEAUTIFUL LOCATION MODERN LUXURY HOUSE FOR SALE SOLID CONSTRUCTION,PKR 12 Crore,120000000,5,6,10 Marla,2250.0,53333,House,True,22,super hot22Share on FacebookShare on TwitterShare on WhatsAppSend via GMailSend via E-Mail,90,Houses_Islamabad,for_sale,2026-07-24,https://www.zameen.com/Property/islamabad_d-12_beautiful_location_modern_luxury_house_for_sale_solid_construction-54460361-160-1.html
"8 Marla Brand New Park-Facing House with 0.5 Marla Extra Land located in the prime location of Bahria Enclave, Sector N, Islamabad. ( CDA LOP approved",PKR 4.25 Crore,42500000,5,6,8 Marla,1800.0,23611,House,True,41,super hot411VerifiedShare on FacebookShare on TwitterShare on WhatsAppSend via GMailSend via E-Mail,99,Houses_Islamabad,for_sale,2026-07-24,https://www.zameen.com/Property/bahria_enclave_bahria_enclave_-_sector_n_8_marla_brand_new_park-facing_house_with_0_5_marla_extra_land_located_in_the_prime_location_of_bahria_enclave_sector_n_islamabad_cda_lop_approved-54496059-11975-1.html
14 Marla (40x80) Beautiful Brand New Modern Design Double Storey House For Sale In G-13 Islamabad,PKR 12.5 Crore,125000000,7,6,14 Marla,3150.0,39682,House,True,38,super hot38Share on FacebookShare on TwitterShare on WhatsAppSend via GMailSend via E-Mail,90,Houses_Islamabad,for_sale,2026-07-24,https://www.zameen.com/Property/islamabad_g-13_14_marla_40x80_beautiful_brand_new_modern_design_double_storey_house_for_sale_in_g-13_islamabad-54502139-330-1.html
5 Marla Boulevard Category Designer House Available For Sale  Front Open House  Just 2 Mnt Drive From The Main Gate!!,PKR 3.3 Crore,33000000,3,5,5 Marla,1125.0,29333,House,True,50,super hot50Share on FacebookShare on TwitterShare on WhatsAppSend via GMailSend via E-Mail,90,Houses_Islamabad,for_sale,2026-07-24,https://www.zameen.com/Property/bahria_enclave_bahria_enclave_-_sector_b1_5_marla_boulevard_category_designer_house_available_for_sale_front_open_house_just_2_mnt_drive_from_the_main_gate-54326959-11972-1.html
10 Marla Designer House Available For Sale  just 2 Mnt Drive From the Main Gate!!,PKR 5.2 Crore,52000000,5,6,10 Marla,2250.0,23111,House,True,50,super hot50Share on FacebookShare on TwitterShare on WhatsAppSend via GMailSend via E-Mail,90,Houses_Islamabad,for_sale,2026-07-24,https://www.zameen.com/Property/bahria_town_bahria_enclave_10_marla_designer_house_available_for_sale_just_2_mnt_drive_from_the_main_gate-54490788-1705-1.html
Owner Built 10 Marla Beautiful Brand New Designer House Available For Sale Just 1 Mnt Drive From The Main Gate!!,PKR 5.2 Crore,52000000,5,6,10 Marla,2250.0,23111,House,True,50,super hot50Share on FacebookShare on TwitterShare on WhatsAppSend via GMailSend via E-Mail,90,Houses_Islamabad,for_sale,2026-07-24,https://www.zameen.com/Property/bahria_enclave_bahria_enclave_-_sector_c1_owner_built_10_marla_beautiful_brand_new_designer_house_available_for_sale_just_1_mnt_drive_from_the_main_gate-52795090-11987-1.html
7 Marla House For Sale in Multi Gardens B17 Islamabad - Block C .,PKR 3.95 Crore,39500000,4,4,7 Marla,1575.0,25079,House,True,12,hot12Share on FacebookShare on TwitterShare on WhatsAppSend via GMailSend via E-Mail,84,Houses_Islamabad,for_sale,2026-07-24,https://www.zameen.com/Property/mpchs_multi_gardens_mpchs_-_block_c_7_marla_house_for_sale_in_multi_gardens_b17_islamabad_-_block_c-54483485-3118-1.html
Exclusive House Available For Sale In F-11 Islamabad,PKR 35 Crore,350000000,8,,2 Kanal,9000.0,38888,House,True,10,hot10Share on FacebookShare on TwitterShare on WhatsAppSend via GMailSend via E-Mail,84,Houses_Islamabad,for_sale,2026-07-24,https://www.zameen.com/Property/islamabad_f-11_exclusive_house_available_for_sale_in_f-11_islamabad-54257793-163-1.html
8 Marla Brand New Double Unit House Available. For Sale in G-15/1 Islamabad.,PKR 3.4 Crore,34000000,4,6,7 Marla,1575.0,21587,House,False,18,hot18Share on FacebookShare on TwitterShare on WhatsAppSend via GMailSend via E-Mail,84,Houses_Islamabad,for_sale,2026-07-24,https://www.zameen.com/Property/g_15_g-15_1_8_marla_brand_new_double_unit_house_available_for_sale_in_g-15_1_islamabad-54086182-3348-1.html
D-17/2 MVHS 9 Marla Brand New Double Storey House Available For Sale,PKR 3.6 Crore,36000000,5,6,9 Marla,2025.0,17777,House,False,6,hot6Share on FacebookShare on TwitterShare on WhatsAppSend via GMailSend via E-Mail,83,Houses_Islamabad,for_sale,2026-07-24,https://www.zameen.com/Property/islamabad_d-17_d-17_2_mvhs_9_marla_brand_new_double_storey_house_available_for_sale-54107072-737-1.html
8 Marla ( 30*60 In Block D ) Double Unit Sun Facing House Available For Sale In Gulshan E Sehat E-18 Islamabad.,PKR 2.35 Crore,23500000,5,6,8 Marla,1800.0,13055,House,False,28,hot281Share on FacebookShare on TwitterShare on WhatsAppSend via GMailSend via E-Mail,85,Houses_Islamabad,for_sale,2026-07-24,https://www.zameen.com/Property/gulshan_e_sehat_2_gulshan-e-sehat_2_-_block_g_8_marla_30_60_in_block_d_double_unit_sun_facing_house_available_for_sale_in_gulshan_e_sehat_e-18_islamabad-54031236-3269-1.html
8 Marla (30*60 In Block D) Single Unit House Available For Sale In Gulshan E Sehat E-18 Islamabad.,PKR 1.6 Crore,16000000,3,3,8 Marla,1800.0,8888,House,False,12,hot121Share on FacebookShare on TwitterShare on WhatsAppSend via GMailSend via E-Mail,85,Houses_Islamabad,for_sale,2026-07-24,https://www.zameen.com/Property/islamabad_e-18_8_marla_30_60_in_block_d_single_unit_house_available_for_sale_in_gulshan_e_sehat_e-18_islamabad-54268302-332-1.html
30*60 Corner Brand New House,PKR 4.5 Crore,45000000,4,6,8 Marla,1800.0,25000,House,False,6,hot6Share on FacebookShare on TwitterShare on WhatsAppSend via GMailSend via E-Mail,83,Houses_Islamabad,for_sale,2026-07-24,https://www.zameen.com/Property/mpchs_multi_gardens_mpchs_-_block_c_30_60_corner_brand_new_house-54514083-3118-1.html
House For Sale,PKR 2.5 Crore,25000000,5,6,7.5 Marla,1687.5,14814,House,False,18,18Share on FacebookShare on TwitterShare on WhatsAppSend via GMailSend via E-Mail,81,Houses_Islamabad,for_sale,2026-07-24,https://www.zameen.com/Property/islamabad_bani_gala_house_for_sale-53940525-340-1.html
Spanish House for sale,PKR 3 Crore,30000000,5,6,7 Marla,1575.0,19047,House,False,31,31Share on FacebookShare on TwitterShare on WhatsAppSend via GMailSend via E-Mail,81,Houses_Islamabad,for_sale,2026-07-24,https://www.zameen.com/Property/islamabad_bani_gala_spanish_house_for_sale-54507918-340-1.html
House For Sale,PKR 1.25 Crore,12500000,2,3,5 Marla,1125.0,11111,House,False,14,14Share on FacebookShare on TwitterShare on WhatsAppSend via GMailSend via E-Mail,81,Houses_Islamabad,for_sale,2026-07-24,https://www.zameen.com/Property/islamabad_bani_gala_house_for_sale-53010015-340-1.html
Designer House For Sale,PKR 3.25 Crore,32500000,4,6,8 Marla,1800.0,18055,House,False,43,43Share on FacebookShare on TwitterShare on WhatsAppSend via GMailSend via E-Mail,81,Houses_Islamabad,for_sale,2026-07-24,https://www.zameen.com/Property/islamabad_bani_gala_designer_house_for_sale-54376135-340-1.html
7 Marla Double Unit House For Sale,PKR 3.5 Crore,35000000,4,6,7 Marla,1575.0,22222,House,False,10,10Share on FacebookShare on TwitterShare on WhatsAppSend via GMailSend via E-Mail,81,Houses_Islamabad,for_sale,2026-07-24,https://www.zameen.com/Property/jinnah_gardens_jinnah_gardens_phase_1_7_marla_double_unit_house_for_sale-54515896-1421-1.html
It's corner house,PKR 45 Crore,450000000,4,5,2.5 Kanal,11250.0,40000,House,False,9,9Share on FacebookShare on TwitterShare on WhatsAppSend via GMailSend via E-Mail,80,Houses_Islamabad,for_sale,2026-07-24,https://www.zameen.com/Property/islamabad_f-8_it_s_corner_house-54515883-166-1.html
Ready To Buy A House In I-10/2 Islamabad,PKR 6.1 Crore,61000000,5,5,6 Marla,1350.0,45185,House,True,36,36VerifiedShare on FacebookShare on TwitterShare on WhatsAppSend via GMailSend via E-Mail,89,Houses_Islamabad,for_sale,2026-07-24,https://www.zameen.com/Property/i_10_i-10_2_ready_to_buy_a_house_in_i-10_2_islamabad-54481019-3421-1.html
"5 Marla Double Storey Beautiful House For Sale 6 Rooms, 6 Washrooms, TV Lunch, Car Parking 2 Kitchen In Alipur, Newabadi, Near Taramari Choke, Comset University, Islamabad.",PKR 1.45 Crore,14500000,6,1,5 Marla,1125.0,12888,House,False,12,12Share on FacebookShare on TwitterShare on WhatsAppSend via GMailSend via E-Mail,81,Houses_Islamabad,for_sale,2026-07-24,https://www.zameen.com/Property/islamabad_alipur_farash_5_marla_double_storey_beautiful_house_for_sale_6_rooms_6_washrooms_tv_lunch_car_parking_2_kitchen_in_alipur_newabadi_near_taramari_choke_comset_university_islamabad-54102374-1146-1.html
"10 Marla Luxury House With Basement For Sale Sector C1, Bahria Enclave Islamabad",PKR 5.7 Crore,57000000,8,7,10 Marla,2250.0,25333,House,True,8,super hot8Share on FacebookShare on TwitterShare on WhatsAppSend via GMailSend via E-Mail,89,Houses_Islamabad,for_sale,2026-07-24,https://www.zameen.com/Property/bahria_enclave_bahria_enclave_-_sector_c1_10_marla_luxury_house_with_basement_for_sale_sector_c1_bahria_enclave_islamabad-54398830-11987-1.html
Luxury 5 Marla House For Sale DHA Islamabad,PKR 4.1 Crore,41000000,3,4,5 Marla,1125.0,36444,House,True,17,super hot17Share on FacebookShare on TwitterShare on WhatsAppSend via GMailSend via E-Mail,90,Houses_Islamabad,for_sale,2026-07-24,https://www.zameen.com/Property/dha_defence_dha_defence_phase_2_luxury_5_marla_house_for_sale_dha_islamabad-54421398-339-1.html
10 Marla Luxury House For Sale.,PKR 5.1 Crore,51000000,7,7,10 Marla,2250.0,22666,House,True,27,super hot27Share on FacebookShare on TwitterShare on WhatsAppSend via GMailSend via E-Mail,90,Houses_Islamabad,for_sale,2026-07-24,https://www.zameen.com/Property/top_city_1_top_city_1_-_block_d_10_marla_luxury_house_for_sale-54516444-9233-1.html
sunface brand new A+ construction house available for sale,PKR 4.3 Crore,43000000,5,6,8 Marla,1800.0,23888,House,True,14,super hot14Share on FacebookShare on TwitterShare on WhatsAppSend via GMailSend via E-Mail,90,Houses_Islamabad,for_sale,2026-07-24,https://www.zameen.com/Property/mpchs_multi_gardens_mpchs_-_block_e_sunface_brand_new_a_construction_house_available_for_sale-54509341-3120-1.html
40*80 TRIPLE STOREY CORNER HOUSE FOR SALE,PKR 17 Crore,170000000,9,7,14 Marla,3150.0,53968,House,True,16,super hot16Share on FacebookShare on TwitterShare on WhatsAppSend via GMailSend via E-Mail,90,Houses_Islamabad,for_sale,2026-07-24,https://www.zameen.com/Property/i_8_i-8_3_40_80_triple_storey_corner_house_for_sale-54395648-3443-1.html
"Luxurious 8 Marla Designer House For Sale | Block A, Faisal Town Phase 1 | Park Facing On 100ft Main Boulevard",PKR 5.1 Crore,51000000,5,6,8 Marla,1800.0,28333,House,True,18,super hot181Share on FacebookShare on TwitterShare on WhatsAppSend via GMailSend via E-Mail,91,Houses_Islamabad,for_sale,2026-07-24,https://www.zameen.com/Property/faisal_town_phase_1_faisal_town_phase_1_-_block_a_luxurious_8_marla_designer_house_for_sale_block_a_faisal_town_phase_1_park_facing_on_100ft_main_boulevard-54508402-16416-1.html
13 Marla House Available For Sale Dha Phase 3,PKR 6 Crore,60000000,5,5,13 Marla,2925.0,20512,House,True,18,super hot18Share on FacebookShare on TwitterShare on WhatsAppSend via GMailSend via E-Mail,90,Houses_Islamabad,for_sale,2026-07-24,https://www.zameen.com/Property/dha_defence_dha_defence_phase_3_13_marla_house_available_for_sale_dha_phase_3-54224567-8412-1.html
3 Kanal Spacious House Available In Bani Gala For sale,PKR 14 Crore,140000000,6,6,3.5 Kanal,15750.0,8888,House,True,29,super hot29Share on FacebookShare on TwitterShare on WhatsAppSend via GMailSend via E-Mail,90,Houses_Islamabad,for_sale,2026-07-24,https://www.zameen.com/Property/islamabad_bani_gala_3_kanal_spacious_house_available_in_bani_gala_for_sale-54474237-340-1.html
8 Marla Corner Double Story Designer House,PKR 3.7 Crore,37000000,5,6,8 Marla,1800.0,20555,House,True,22,super hot22Share on FacebookShare on TwitterShare on WhatsAppSend via GMailSend via E-Mail,90,Houses_Islamabad,for_sale,2026-07-24,https://www.zameen.com/Property/islamabad_bani_gala_8_marla_corner_double_story_designer_house-54495916-340-1.html
10 Marla Corner House For Sale 4 Bed Double Unit Dha Phase 2 Islamabad,PKR 5.5 Crore,55000000,5,4,10 Marla,2250.0,24444,House,True,44,super hot44Share on FacebookShare on TwitterShare on WhatsAppSend via GMailSend via E-Mail,90,Houses_Islamabad,for_sale,2026-07-24,https://www.zameen.com/Property/dha_defence_dha_defence_phase_2_10_marla_corner_house_for_sale_4_bed_double_unit_dha_phase_2_islamabad-54484362-339-1.html
Property For sale In MPCHS - Block C1 Islamabad Is Available Under Rs. 55000000,PKR 5.5 Crore,55000000,,,9 Marla,2025.0,27160,House,True,9,hot9VerifiedShare on FacebookShare on TwitterShare on WhatsAppSend via GMailSend via E-Mail,91,Houses_Islamabad,for_sale,2026-07-24,https://www.zameen.com/Property/mpchs_multi_gardens_mpchs_-_block_c1_property_for_sale_in_mpchs_-_block_c1_islamabad_is_available_under_rs_55000000-54485739-12607-1.html
Fully Furnished 1 Kanal Spanish Style House For Sale In DHA Phase 2 Sector B Islamabad,PKR 16.5 Crore,165000000,5,6,1 Kanal,4500.0,36666,House,True,38,hot38Share on FacebookShare on TwitterShare on WhatsAppSend via GMailSend via E-Mail,84,Houses_Islamabad,for_sale,2026-07-24,https://www.zameen.com/Property/dha_defence_dha_defence_phase_2_fully_furnished_1_kanal_spanish_style_house_for_sale_in_dha_phase_2_sector_b_islamabad-54331235-339-1.html
13 Marla Brand New House For Sale In DHA Phase-3 Rawalpindi,PKR 5.85 Crore,58500000,5,7,13 Marla,2925.0,20000,House,False,28,hot28Share on FacebookShare on TwitterShare on WhatsAppSend via GMailSend via E-Mail,84,Houses_Islamabad,for_sale,2026-07-24,https://www.zameen.com/Property/dha_defence_phase_3_dha_phase_3_-_block_b_13_marla_brand_new_house_for_sale_in_dha_phase-3_rawalpindi-54514645-16227-1.html
555 Square Yards House In F-10,PKR 26 Crore,260000000,6,6,1.1 Kanal,4950.0,52525,House,False,8,hot8VerifiedShare on FacebookShare on TwitterShare on WhatsAppSend via GMailSend via E-Mail,91,Houses_Islamabad,for_sale,2026-07-24,https://www.zameen.com/Property/islamabad_f-10_555_square_yards_house_in_f-10-54313337-162-1.html
G-9/1 House Sized 3200 Square Feet Is Available,PKR 9.25 Crore,92500000,4,4,14.2 Marla,3195.0,28951,House,False,9,hot9VerifiedShare on FacebookShare on TwitterShare on WhatsAppSend via GMailSend via E-Mail,91,Houses_Islamabad,for_sale,2026-07-24,https://www.zameen.com/Property/g_9_g-9_1_g-9_1_house_sized_3200_square_feet_is_available-54373804-3384-1.html
2100 Square Feet House For Sale Is Available In G-8/2,PKR 7.5 Crore,75000000,5,5,9.3 Marla,2092.5,35842,House,False,,hotVerifiedShare on FacebookShare on TwitterShare on WhatsAppSend via GMailSend via E-Mail,90,Houses_Islamabad,for_sale,2026-07-24,https://www.zameen.com/Property/g_8_g-8_2_2100_square_feet_house_for_sale_is_available_in_g-8_2-54373806-3377-1.html
Double Storey New Real Picture Urgent Sale,PKR 3.55 Crore,35500000,5,6,7 Marla,1575.0,22539,House,False,34,hot341VerifiedShare on FacebookShare on TwitterShare on WhatsAppSend via GMailSend via E-Mail,93,Houses_Islamabad,for_sale,2026-07-24,https://www.zameen.com/Property/islamabad_g-15_double_storey_new_real_picture_urgent_sale-54216727-764-1.html
7 Marla Double Unit House For Sale,PKR 3.6 Crore,36000000,4,6,7 Marla,1575.0,22857,House,False,28,28Share on FacebookShare on TwitterShare on WhatsAppSend via GMailSend via E-Mail,81,Houses_Islamabad,for_sale,2026-07-24,https://www.zameen.com/Property/jinnah_gardens_jinnah_gardens_phase_1_7_marla_double_unit_house_for_sale-54515867-1421-1.html
10 Marla House For Sale In Sector D-12/1.,PKR 12.5 Crore,125000000,7,7,10 Marla,2250.0,55555,House,True,30,30Share on FacebookShare on TwitterShare on WhatsAppSend via GMailSend via E-Mail,81,Houses_Islamabad,for_sale,2026-07-24,https://www.zameen.com/Property/d_12_d-12_1_10_marla_house_for_sale_in_sector_d-12_1-54150425-3154-1.html
1 Kanal Brand New Single Unit Designer House For Sale Exclusive Offer,PKR 10.9 Crore,109000000,5,6,1 Kanal,4500.0,24222,House,True,18,18Share on FacebookShare on TwitterShare on WhatsAppSend via GMailSend via E-Mail,81,Houses_Islamabad,for_sale,2026-07-24,https://www.zameen.com/Property/dha_defence_dha_defence_phase_2_1_kanal_brand_new_single_unit_designer_house_for_sale_exclusive_offer-53041864-339-1.html
1 Kanal Brand New Double Unit House For Sale,PKR 12.8 Crore,128000000,7,6,1 Kanal,4500.0,28444,House,True,13,13Share on FacebookShare on TwitterShare on WhatsAppSend via GMailSend via E-Mail,81,Houses_Islamabad,for_sale,2026-07-24,https://www.zameen.com/Property/dha_defence_dha_defence_phase_2_1_kanal_brand_new_double_unit_house_for_sale-53041866-339-1.html
7 Marla Corner House For Sale,PKR 3.4 Crore,34000000,5,6,7 Marla,1575.0,21587,House,False,18,18Share on FacebookShare on TwitterShare on WhatsAppSend via GMailSend via E-Mail,81,Houses_Islamabad,for_sale,2026-07-24,https://www.zameen.com/Property/jinnah_gardens_jinnah_gardens_phase_1_7_marla_corner_house_for_sale-54515848-1421-1.html
20 Marla Double Storey House For Sale Cabinet Division Employee Islamabad,PKR 5.25 Crore,52500000,6,6,1 Kanal,4500.0,11666,House,False,14,14Share on FacebookShare on TwitterShare on WhatsAppSend via GMailSend via E-Mail,81,Houses_Islamabad,for_sale,2026-07-24,https://www.zameen.com/Property/e_16_3_cdechs_-_cabinet_division_employees_cooperative_housing_society_20_marla_double_storey_house_for_sale_cabinet_division_employee_islamabad-51114152-3250-1.html
1 Kanal Brand New Ultra Luxurious Designer House For Sale Central park facing,PKR 13.5 Crore,135000000,5,6,1 Kanal,4500.0,30000,House,True,24,24Share on FacebookShare on TwitterShare on WhatsAppSend via GMailSend via E-Mail,81,Houses_Islamabad,for_sale,2026-07-24,https://www.zameen.com/Property/dha_defence_dha_defence_phase_2_1_kanal_brand_new_ultra_luxurious_designer_house_for_sale_central_park_facing-54000885-339-1.html
Brand New 5 Marla Double Story House For Sale in Pqkistan town phase 1 islamabad,PKR 2.6 Crore,26000000,4,5,5 Marla,1125.0,23111,House,False,15,15Share on FacebookShare on TwitterShare on WhatsAppSend via GMailSend via E-Mail,81,Houses_Islamabad,for_sale,2026-07-24,https://www.zameen.com/Property/pakistan_town_pakistan_town_-_phase_1_brand_new_5_marla_double_story_house_for_sale_in_pqkistan_town_phase_1_islamabad-54433683-14998-1.html
Brand New Ultra-Modern 10 Marla Luxury House For Sale Near Wateen Chowk Jalal Sons & Park Mosque,PKR 6.15 Crore,61500000,4,5,10 Marla,2250.0,27333,House,True,39,"TitaniumPKR6.15 CroreDHA Phase 5, DHA Defence4510 MarlaAdded: 21 minutes ago(Updated: 21 minutes ago)SMSCall",108,Houses_Lahore,for_sale,2026-07-24,https://www.zameen.com/Property/dha_defence_dha_phase_5_brand_new_ultra-modern_10_marla_luxury_house_for_sale_near_wateen_chowk_jalal_sons_park_mosque-54478501-1447-1.html
5 Marla Designers Beautiful House Available For Sale,PKR 2.75 Crore,27500000,3,4,5 Marla,1125.0,24444,House,True,12,"TitaniumPKR2.75 CroreDHA 9 Town, DHA Defence345 MarlaAdded: 48 minutes agoSMSCall",81,Houses_Lahore,for_sale,2026-07-24,https://www.zameen.com/Property/dha_defence_dha_9_town_5_marla_designers_beautiful_house_available_for_sale-54407186-1452-1.html
711 Sqft With Solar House For Sale In Lahore,PKR 1.55 Crore,15500000,3,3,3.2 Marla,720.0,21527,House,True,29,"TitaniumPKR1.55 CroreAl Hafeez Garden - Phase 2, Main Canal Bank Road333.2 MarlaAdded: 1 hour ago(Updated: 1 hour ago)SMSCall",125,Houses_Lahore,for_sale,2026-07-24,https://www.zameen.com/Property/main_canal_bank_road_al_hafeez_garden_-_phase_2_711_sqft_with_solar_house_for_sale_in_lahore-54447254-11172-1.html
Get A 5 Marla House For sale In Central Park - Block C,PKR 2 Crore,20000000,3,3,5 Marla,1125.0,17777,House,True,20,"TitaniumPKR2 CroreCentral Park - Block C, Central Park Housing Scheme335 MarlaAdded: 2 hours ago(Updated: 2 hours ago)SMSCall",125,Houses_Lahore,for_sale,2026-07-24,https://www.zameen.com/Property/central_park_housing_scheme_central_park_-_block_c_get_a_5_marla_house_for_sale_in_central_park_-_block_c-54513146-3686-1.html
One Kanal Lash Green Lawn + One Kanal Ultra-Modern Design Most Beautiful Full Basement Bungalow For Sale At Prime Location Of DHA Lahore Near To Park Masjid Jalal Sons & Commercial Market,PKR 17.5 Crore,175000000,5,6,2 Kanal,9000.0,19444,House,True,25,"TitaniumPKR17.5 CroreDHA Phase 5 - Block H, DHA Phase 5562 KanalAdded: 2 hours agoSMSCall",89,Houses_Lahore,for_sale,2026-07-24,https://www.zameen.com/Property/dha_phase_5_dha_phase_5_-_block_h_one_kanal_lash_green_lawn_one_kanal_ultra-modern_design_most_beautiful_full_basement_bungalow_for_sale_at_prime_location_of_dha_lahore_near_to_park_masjid_jalal_sons_commercial_market-54515901-1605-1.html
Owner Needy 1 Kanal Most Beautiful Modern Design Bungalow For Sale At Prime Location Reasonable Price,PKR 11 Crore,110000000,6,7,1 Kanal,4500.0,24444,House,True,26,"PKR11 CroreDHA Phase 6, DHA Defence671 KanalAdded: 15 minutes agoSMSCall",72,Houses_Lahore,for_sale,2026-07-24,https://www.zameen.com/Property/dha_defence_dha_phase_6_owner_needy_1_kanal_most_beautiful_modern_design_bungalow_for_sale_at_prime_location_reasonable_price-54404097-1448-1.html
"100 Percent Original Add Near McDonald's , Perk And Masjid One Kanal Brand New Modern Ultra Luxury Supreme Location House In DHA Lahore",PKR 9.75 Crore,97500000,5,,1 Kanal,4500.0,21666,House,True,15,"PKR9.75 CroreDHA Phase 7 - Block Y, DHA Phase 751 KanalAdded: 16 minutes agoSMSCall",83,Houses_Lahore,for_sale,2026-07-24,https://www.zameen.com/Property/dha_phase_7_dha_phase_7_-_block_y_100_percent_original_add_near_mcdonald_s_perk_and_masjid_one_kanal_brand_new_modern_ultra_luxury_supreme_location_house_in_dha_lahore-54451195-1632-1.html
5 Marla Ultra Luxurious Spanish House For Sale,PKR 2.7 Crore,27000000,3,4,5 Marla,1125.0,24000,House,True,11,"PKR2.7 CroreDHA 9 Town - Block B, DHA 9 Town345 MarlaAdded: 20 minutes agoSMSCall",81,Houses_Lahore,for_sale,2026-07-24,https://www.zameen.com/Property/dha_9_town_dha_9_town_-_block_b_5_marla_ultra_luxurious_spanish_house_for_sale-54120124-8174-1.html
5 Marla Value To Money Modern House Available For Sale IN DHA Phase 9 Town,PKR 2.43 Crore,24300000,3,5,5 Marla,1125.0,21600,House,True,19,"PKR2.43 CroreDHA 9 Town, DHA Defence355 MarlaAdded: 33 minutes agoSMSCallEmail",78,Houses_Lahore,for_sale,2026-07-24,https://www.zameen.com/Property/dha_defence_dha_9_town_5_marla_value_to_money_modern_house_available_for_sale_in_dha_phase_9_town-54410205-1452-1.html
3 Years Installments Plan 5 Marla Brand New House For Sale In Park View City,PKR 2 Crore,20000000,4,5,5 Marla,1125.0,17777,House,True,18,"PKR2 CroreInstallmentsPark View City, Lahore455 MarlaAdded: 48 minutes agoSMSCall",81,Houses_Lahore,for_sale,2026-07-24,https://www.zameen.com/Property/lahore_park_view_city_3_years_installments_plan_5_marla_brand_new_house_for_sale_in_park_view_city-54407234-1466-1.html
10-Marla Modern House For Sale at Hot Location Close To Ring Road and Gold Creast Mall,PKR 4.85 Crore,48500000,4,5,10 Marla,2250.0,21555,House,True,16,"TitaniumPKR4.85 CroreDHA Phase 4 - Block KK, DHA Phase 44510 MarlaAdded: 21 minutes agoSMSCall",94,Houses_Lahore,for_sale,2026-07-24,https://www.zameen.com/Property/dha_phase_4_dha_phase_4_-_block_kk_10-marla_modern_house_for_sale_at_hot_location_close_to_ring_road_and_gold_creast_mall-54189142-17171-1.html
10 Marla Most Luxurious Modern Designer House For Sale At Hot Location Near To Kfc & 70ft Road,PKR 4.59 Crore,45900000,4,5,10 Marla,2250.0,20400,House,True,25,"TitaniumPKR4.59 CroreDHA Phase 8 - Ex Air Avenue, DHA Phase 84510 MarlaAdded: 22 minutes ago(Updated: 22 minutes ago)SMSCall",124,Houses_Lahore,for_sale,2026-07-24,https://www.zameen.com/Property/dha_phase_8_dha_phase_8_-_ex_air_avenue_10_marla_most_luxurious_modern_designer_house_for_sale_at_hot_location_near_to_kfc_70ft_road-51880089-407-1.html
"Furnished Stunning 1 Kanal Modern Bungalow in DHA Phase 7 High-End Finishing, Basement Accommodation",PKR 7.9 Crore,79000000,5,6,1 Kanal,4500.0,17555,House,False,17,"PKR7.9 CroreDHA Phase 7 - Block S, DHA Phase 7561 KanalAdded: 3 minutes agoSMSCall",82,Houses_Lahore,for_sale,2026-07-24,https://www.zameen.com/Property/dha_phase_7_dha_phase_7_-_block_s_furnished_stunning_1_kanal_modern_bungalow_in_dha_phase_7_high-end_finishing_basement_accommodation-53393136-1626-1.html
Near Jalal Sons & Park Premium Quality 1 Kanal Full Basement | Luxury Mansion At Top Location,PKR 17.4 Crore,174000000,5,6,1 Kanal,4500.0,38666,House,False,17,"PKR17.4 CroreDHA Phase 5 - Block H, DHA Phase 5561 KanalAdded: 3 minutes agoSMSCall",83,Houses_Lahore,for_sale,2026-07-24,https://www.zameen.com/Property/dha_phase_5_dha_phase_5_-_block_h_near_jalal_sons_park_premium_quality_1_kanal_full_basement_luxury_mansion_at_top_location-53402467-1605-1.html
Avail Yourself A Great 20 Marla House In DHA Phase 6 -,PKR 10.99 Crore,109900000,5,6,1 Kanal,4500.0,24422,House,False,14,"PKR10.99 CroreDHA Phase 6 - Block J, DHA Phase 6561 KanalAdded: 4 minutes agoSMSCall",84,Houses_Lahore,for_sale,2026-07-24,https://www.zameen.com/Property/dha_phase_6_dha_phase_6_-_block_j_avail_yourself_a_great_20_marla_house_in_dha_phase_6_--53402785-1618-1.html
HOUSE WITH FULL BASEMENT SPANISH VILLA,PKR 4.95 Crore,49500000,4,7,10 Marla,2250.0,22000,House,False,16,"PKR4.95 CroreDHA Phase 6 - Block A, DHA Phase 64710 MarlaAdded: 6 minutes agoSMSCall",84,Houses_Lahore,for_sale,2026-07-24,https://www.zameen.com/Property/dha_phase_6_dha_phase_6_-_block_a_house_with_full_basement_spanish_villa-52731469-1610-1.html
12.5 Marla BEAUTIFUL VILLA ON 50ft ROAD,PKR 4.41 Crore,44100000,4,7,10 Marla,2250.0,19600,House,False,16,"PKR4.41 CroreDHA Phase 7, DHA Defence4710 MarlaAdded: 6 minutes agoSMSCall",74,Houses_Lahore,for_sale,2026-07-24,https://www.zameen.com/Property/dha_defence_dha_phase_7_12_5_marla_beautiful_villa_on_50ft_road-53043654-1450-1.html
Beautiful House Available For Sale,PKR 3.25 Crore,32500000,3,4,5 Marla,1125.0,28888,House,False,21,"PKR3.25 CroreEtihad Town, Raiwind Road345 MarlaAdded: 1 minute agoSMSCall",73,Houses_Lahore,for_sale,2026-07-24,https://www.zameen.com/Property/raiwind_road_etihad_town_beautiful_house_available_for_sale-53323503-11895-1.html
"**Prime 10 Marla House For Sale In Park View City, Lahore**",PKR 4.1 Crore,41000000,5,4,10 Marla,2250.0,18222,House,True,26,"TitaniumPKR4.1 CrorePark View City, Lahore5410 MarlaAdded: 1 minute agoSMSCall",78,Houses_Lahore,for_sale,2026-07-24,https://www.zameen.com/Property/lahore_park_view_city_prime_10_marla_house_for_sale_in_park_view_city_lahore-53673993-1466-1.html
"5 Marla Brand New House for Sale Topaz Block, Park View City Lahore",PKR 2.35 Crore,23500000,3,4,5 Marla,1125.0,20888,House,True,49,"TitaniumPKR2.35 CrorePark View City - Topaz Block, Park View City345 MarlaAdded: 2 minutes agoSMSCall",101,Houses_Lahore,for_sale,2026-07-24,https://www.zameen.com/Property/park_view_city_park_view_city_-_topaz_block_5_marla_brand_new_house_for_sale_topaz_block_park_view_city_lahore-54091647-4137-1.html
5 Marla Brand New Luxury House For Sale In Park View City Lahore,PKR 2 Crore,20000000,4,4,5 Marla,1125.0,17777,House,True,26,"TitaniumPKR2 CrorePark View City - Tulip Extension Block, Park View City445 MarlaAdded: 2 minutes ago(Updated: 2 minutes ago)SMSCall",132,Houses_Lahore,for_sale,2026-07-24,https://www.zameen.com/Property/park_view_city_park_view_city_-_tulip_extension_block_5_marla_brand_new_luxury_house_for_sale_in_park_view_city_lahore-54032430-16719-1.html
End Your Search For House Here And Sale Now,PKR 4.25 Crore,42500000,5,6,10 Marla,2250.0,18888,House,False,30,"PKR4.25 CroreFormanites Housing Scheme - Block M, Formanites Housing Scheme5610 MarlaAdded: 2 minutes ago(Updated: 2 minutes ago)SMSCall",136,Houses_Lahore,for_sale,2026-07-24,https://www.zameen.com/Property/formanites_housing_scheme_formanites_housing_scheme_-_block_m_end_your_search_for_house_here_and_sale_now-54302056-3785-1.html
Slightly Used Owner Build Full Basement Bungalow For Sale At Prime Location Of DHA Phase 6 Block K Near To Park Masjid & Commercial Market,PKR 14.5 Crore,145000000,6,7,1 Kanal,4500.0,32222,House,True,50,"TitaniumPKR14.5 CroreDHA Phase 6 - Block K, DHA Phase 6671 KanalAdded: 3 minutes agoSMSCall",91,Houses_Lahore,for_sale,2026-07-24,https://www.zameen.com/Property/dha_phase_6_dha_phase_6_-_block_k_slightly_used_owner_build_full_basement_bungalow_for_sale_at_prime_location_of_dha_phase_6_block_k_near_to_park_masjid_commercial_market-54250534-1619-1.html
10 Marla Modern House With Luxury Living Solid Construction For Sale DHA 9 Town,PKR 4.15 Crore,41500000,4,5,10 Marla,2250.0,18444,House,True,31,"TitaniumPKR4.15 CroreDHA 9 Town, DHA Defence4510 MarlaAdded: 3 minutes agoSMSCall",81,Houses_Lahore,for_sale,2026-07-24,https://www.zameen.com/Property/dha_defence_dha_9_town_10_marla_modern_house_with_luxury_living_solid_construction_for_sale_dha_9_town-54201859-1452-1.html
5 Marla Most Luxury Design House For Sale In DHA Phase 6 E-Extension Top Location,PKR 2.65 Crore,26500000,3,4,5 Marla,1125.0,23555,House,True,21,"TitaniumPKR2.65 CroreDHA Phase 6 - Block E Extension, DHA Phase 6345 MarlaAdded: 3 minutes agoSMSCall",101,Houses_Lahore,for_sale,2026-07-24,https://www.zameen.com/Property/dha_phase_6_dha_phase_6_-_block_e_extension_5_marla_most_luxury_design_house_for_sale_in_dha_phase_6_e-extension_top_location-54189359-21688-1.html
Spacious 10 Marla House Available For sale In Central Park - Block G,PKR 4.25 Crore,42500000,5,5,10 Marla,2250.0,18888,House,True,45,super hot451VerifiedShare on FacebookShare on TwitterShare on WhatsAppSend via GMailSend via E-Mail,99,Houses_Lahore,for_sale,2026-07-24,https://www.zameen.com/Property/central_park_housing_scheme_central_park_-_block_g_spacious_10_marla_house_available_for_sale_in_central_park_-_block_g-54513147-3690-1.html
1 KANAL ULTRA MODERN DESIGN BY MOHSIN ALI HOUSE FOR SALE IN DHA PHASE 7 NEAR DEFFENCE RAYA,PKR 9.75 Crore,97500000,5,6,1 Kanal,4500.0,21666,House,True,37,super hot37Share on FacebookShare on TwitterShare on WhatsAppSend via GMailSend via E-Mail,90,Houses_Lahore,for_sale,2026-07-24,https://www.zameen.com/Property/dha_defence_dha_phase_7_1_kanal_ultra_modern_design_by_mohsin_ali_house_for_sale_in_dha_phase_7_near_deffence_raya-53512499-1450-1.html
1 KANAL BRAND NEW MODERN AND FACING PARK HOUSE AVAILABLE FOR SALE IN PRIME LOCATION OF FAZAIA HOUSING SOCIETY,PKR 11.6 Crore,116000000,6,6,1 Kanal,4500.0,25777,House,True,27,super hot271Share on FacebookShare on TwitterShare on WhatsAppSend via GMailSend via E-Mail,91,Houses_Lahore,for_sale,2026-07-24,https://www.zameen.com/Property/fazaia_housing_scheme_phase_1_fazaia_housing_scheme_phase_1_-_block_h_1_kanal_brand_new_modern_and_facing_park_house_available_for_sale_in_prime_location_of_fazaia_housing_society-54512594-3772-1.html
4.3 Marla Like New House Available For Sale In Military Accounts Society,PKR 1.62 Crore,16200000,3,4,4.5 Marla,1012.5,16000,House,True,11,super hot11Share on FacebookShare on TwitterShare on WhatsAppSend via GMailSend via E-Mail,90,Houses_Lahore,for_sale,2026-07-24,https://www.zameen.com/Property/lahore_military_accounts_housing_society_4_3_marla_like_new_house_available_for_sale_in_military_accounts_society-54417636-781-1.html
Luxury 21 Marla Fully Furnished Modern House For Sale,PKR 19.25 Crore,192500000,6,7,1 Kanal,4500.0,42777,House,True,43,super hot43Share on FacebookShare on TwitterShare on WhatsAppSend via GMailSend via E-Mail,90,Houses_Lahore,for_sale,2026-07-24,https://www.zameen.com/Property/dha_defence_dha_phase_5_luxury_21_marla_fully_furnished_modern_house_for_sale-54445818-1447-1.html
11 Marla Corner Out Standing Designer House Available For Sale IN DHA Phase7 Top Location,PKR 4.45 Crore,44500000,4,6,11 Marla,2475.0,17979,House,True,31,super hot31Share on FacebookShare on TwitterShare on WhatsAppSend via GMailSend via E-Mail,90,Houses_Lahore,for_sale,2026-07-24,https://www.zameen.com/Property/dha_defence_dha_phase_7_11_marla_corner_out_standing_designer_house_available_for_sale_in_dha_phase7_top_location-54501435-1450-1.html
5 Marla Brand New House Available For Sale,PKR 1.95 Crore,19500000,4,4,5 Marla,1125.0,17333,House,True,29,super hot29Share on FacebookShare on TwitterShare on WhatsAppSend via GMailSend via E-Mail,90,Houses_Lahore,for_sale,2026-07-24,https://www.zameen.com/Property/lahore_park_view_city_5_marla_brand_new_house_available_for_sale-54080574-1466-1.html
3 Years Installment Plan Luxury 5 Marla Brand New House In Park View City Lahore,PKR 1.6 Crore,16000000,4,5,5 Marla,1125.0,14222,House,True,15,super hot15Share on FacebookShare on TwitterShare on WhatsAppSend via GMailSend via E-Mail,90,Houses_Lahore,for_sale,2026-07-24,https://www.zameen.com/Property/lahore_park_view_city_3_years_installment_plan_luxury_5_marla_brand_new_house_in_park_view_city_lahore-53776331-1466-1.html
3 Years Installment Plan Luxury 10 Marla Brand New House In Park View City Lahore,PKR 3.25 Crore,32500000,5,6,10 Marla,2250.0,14444,House,True,9,super hot9Share on FacebookShare on TwitterShare on WhatsAppSend via GMailSend via E-Mail,89,Houses_Lahore,for_sale,2026-07-24,https://www.zameen.com/Property/lahore_park_view_city_3_years_installment_plan_luxury_10_marla_brand_new_house_in_park_view_city_lahore-53998878-1466-1.html
6 bed Full Furnished with Cenima Kanal Slightly used Well Maintained House For Sale at top Location Near Commercial Park,PKR 10.65 Crore,106500000,10,7,1 Kanal,4500.0,23666,House,True,19,hot19Share on FacebookShare on TwitterShare on WhatsAppSend via GMailSend via E-Mail,84,Houses_Lahore,for_sale,2026-07-24,https://www.zameen.com/Property/dha_defence_dha_phase_5_6_bed_full_furnished_with_cenima_kanal_slightly_used_well_maintained_house_for_sale_at_top_location_near_commercial_park-54467510-1447-1.html
Modern House For Sale At Prime Location Gold Crest Mall Park,PKR 6.75 Crore,67500000,5,6,1 Kanal,4500.0,15000,House,True,25,hot25Share on FacebookShare on TwitterShare on WhatsAppSend via GMailSend via E-Mail,84,Houses_Lahore,for_sale,2026-07-24,https://www.zameen.com/Property/dha_defence_dha_phase_4_modern_house_for_sale_at_prime_location_gold_crest_mall_park-54468472-1446-1.html
Owner Built Bungalow Near Park & Mosque | DHA Phase 6 | 3 Min Drive to Dolmen Mall,PKR 5.25 Crore,52500000,5,7,10 Marla,2250.0,23333,House,False,17,hot17Share on FacebookShare on TwitterShare on WhatsAppSend via GMailSend via E-Mail,84,Houses_Lahore,for_sale,2026-07-24,https://www.zameen.com/Property/dha_phase_6_dha_phase_6_-_block_a_owner_built_bungalow_near_park_mosque_dha_phase_6_3_min_drive_to_dolmen_mall-53150249-1610-1.html
Hot Deal! 5 Marla Luxury Bungalow with Full Basement in DHA,PKR 2.85 Crore,28500000,5,6,5 Marla,1125.0,25333,House,False,22,hot22Share on FacebookShare on TwitterShare on WhatsAppSend via GMailSend via E-Mail,84,Houses_Lahore,for_sale,2026-07-24,https://www.zameen.com/Property/dha_defence_dha_phase_7_hot_deal_5_marla_luxury_bungalow_with_full_basement_in_dha-53913694-1450-1.html
Luxurious 6 Marla Designer Bungalow Modern Living At Its Best,PKR 2.65 Crore,26500000,4,4,6 Marla,1350.0,19629,House,False,19,hot19Share on FacebookShare on TwitterShare on WhatsAppSend via GMailSend via E-Mail,84,Houses_Lahore,for_sale,2026-07-24,https://www.zameen.com/Property/dha_9_town_dha_9_town_-_block_c_luxurious_6_marla_designer_bungalow_modern_living_at_its_best-54351364-8175-1.html
Beautiful 5 Marla Family Home Elegant Design & Ready To Move In,PKR 2.75 Crore,27500000,3,5,5 Marla,1125.0,24444,House,False,14,hot14Share on FacebookShare on TwitterShare on WhatsAppSend via GMailSend via E-Mail,84,Houses_Lahore,for_sale,2026-07-24,https://www.zameen.com/Property/dha_9_town_dha_9_town_-_block_a_beautiful_5_marla_family_home_elegant_design_ready_to_move_in-54351443-8173-1.html
Top Notch Designed Fully Furnished With Basement 1 Kanal House In DHA Phase 6 At Prime Location,PKR 9.55 Crore,95500000,6,7,1 Kanal,4500.0,21222,House,False,39,hot39Share on FacebookShare on TwitterShare on WhatsAppSend via GMailSend via E-Mail,84,Houses_Lahore,for_sale,2026-07-24,https://www.zameen.com/Property/dha_defence_dha_phase_6_top_notch_designed_fully_furnished_with_basement_1_kanal_house_in_dha_phase_6_at_prime_location-54357016-1448-1.html
Luxury 2 Kanal Ultra Modern House With Lush Green Lawn For Sale,PKR 14.25 Crore,142500000,5,6,2 Kanal,9000.0,15833,House,True,32,super hot32Share on FacebookShare on TwitterShare on WhatsAppSend via GMailSend via E-Mail,90,Houses_Lahore,for_sale,2026-07-24,https://www.zameen.com/Property/dha_defence_dha_phase_7_luxury_2_kanal_ultra_modern_house_with_lush_green_lawn_for_sale-54506714-1450-1.html
4 Kanal Fully Furnished Modern House For Sale,PKR 55 Crore,550000000,9,7,4 Kanal,18000.0,30555,House,True,50,super hot50Share on FacebookShare on TwitterShare on WhatsAppSend via GMailSend via E-Mail,90,Houses_Lahore,for_sale,2026-07-24,https://www.zameen.com/Property/dha_defence_dha_phase_6_4_kanal_fully_furnished_modern_house_for_sale-54509347-1448-1.html
One Kanal Slightly Used Ultra Modern Designer Owner Build Bungalow 15KV Solar Installed For Sale At Prime Location Of DHA Lahore Near To Park Masjid & Commercial Market.,PKR 8 Crore,80000000,5,6,1 Kanal,4500.0,17777,House,True,31,super hot31Share on FacebookShare on TwitterShare on WhatsAppSend via GMailSend via E-Mail,90,Houses_Lahore,for_sale,2026-07-24,https://www.zameen.com/Property/dha_phase_4_dha_phase_4_-_block_cc_one_kanal_slightly_used_ultra_modern_designer_owner_build_bungalow_15kv_solar_installed_for_sale_at_prime_location_of_dha_lahore_near_to_park_masjid_commercial_market-53633206-1591-1.html
5 Marla Ultra Modern Designer House For Sale In DHA Phase 9Town,PKR 2.46 Crore,24600000,3,5,5 Marla,1125.0,21866,House,True,19,super hot19Share on FacebookShare on TwitterShare on WhatsAppSend via GMailSend via E-Mail,90,Houses_Lahore,for_sale,2026-07-24,https://www.zameen.com/Property/dha_defence_dha_9_town_5_marla_ultra_modern_designer_house_for_sale_in_dha_phase_9town-54306692-1452-1.html
KANAL ULTRA MODERN DESIGN HOUSE FOR SALE IN DHA PHASE 7 NEAR TO RAYA GOLF CLUB FACING PARK,PKR 7.1 Crore,71000000,5,6,1 Kanal,4500.0,15777,House,True,26,super hot26Share on FacebookShare on TwitterShare on WhatsAppSend via GMailSend via E-Mail,90,Houses_Lahore,for_sale,2026-07-24,https://www.zameen.com/Property/dha_phase_7_dha_phase_7_-_block_s_kanal_ultra_modern_design_house_for_sale_in_dha_phase_7_near_to_raya_golf_club_facing_park-53252299-1626-1.html
3.25 Marla House For Sale In Bismillah Housing Scheme,PKR 1.25 Crore,12500000,3,4,3.2 Marla,720.0,17361,House,True,15,super hot15Share on FacebookShare on TwitterShare on WhatsAppSend via GMailSend via E-Mail,90,Houses_Lahore,for_sale,2026-07-24,https://www.zameen.com/Property/gt_road_bismillah_housing_scheme_3_25_marla_house_for_sale_in_bismillah_housing_scheme-54516124-8446-1.html
26 Marla House Neo Classical Victorian Design Furnished For Sale In DHA Phase 7 walking distance raya,PKR 13.75 Crore,137500000,6,7,1.3 Kanal,5850.0,23504,House,True,36,super hot36Share on FacebookShare on TwitterShare on WhatsAppSend via GMailSend via E-Mail,90,Houses_Lahore,for_sale,2026-07-24,https://www.zameen.com/Property/dha_defence_dha_phase_7_26_marla_house_neo_classical_victorian_design_furnished_for_sale_in_dha_phase_7_walking_distance_raya-54409960-1450-1.html
100% ORIGNAL KANAL ULTRA MODERN SUPER LUXURY BUNGALOW FOR SALE ON TOP LACTION,PKR 8.7 Crore,87000000,5,6,1 Kanal,4500.0,19333,House,True,50,super hot50Share on FacebookShare on TwitterShare on WhatsAppSend via GMailSend via E-Mail,90,Houses_Lahore,for_sale,2026-07-24,https://www.zameen.com/Property/dha_phase_6_dha_phase_6_-_block_m_100_orignal_kanal_ultra_modern_super_luxury_bungalow_for_sale_on_top_laction-53606181-1621-1.html
Prime Location House For Sale In Dream Gardens,PKR 1.65 Crore,16500000,4,5,10 Marla,2250.0,7333,House,True,24,super hot241VerifiedShare on FacebookShare on TwitterShare on WhatsAppSend via GMailSend via E-Mail,99,Houses_Lahore,for_sale,2026-07-24,https://www.zameen.com/Property/defence_road_dream_gardens_prime_location_house_for_sale_in_dream_gardens-54514931-4393-1.html
Ideal House Is Available For sale In Lahore,PKR 1.35 Crore,13500000,4,5,5 Marla,1125.0,12000,House,True,16,super hot161VerifiedShare on FacebookShare on TwitterShare on WhatsAppSend via GMailSend via E-Mail,99,Houses_Lahore,for_sale,2026-07-24,https://www.zameen.com/Property/park_view_city_park_view_city_-_tulip_overseas_ideal_house_is_available_for_sale_in_lahore-54513932-13754-1.html
1 kanal Corner House Available for Sale in DHA Phase 7 T block Lahore,PKR 13.8 Crore,138000000,5,6,1 Kanal,4500.0,30666,House,True,23,hot23Share on FacebookShare on TwitterShare on WhatsAppSend via GMailSend via E-Mail,84,Houses_Lahore,for_sale,2026-07-24,https://www.zameen.com/Property/dha_phase_7_dha_phase_7_-_block_t_1_kanal_corner_house_available_for_sale_in_dha_phase_7_t_block_lahore-54516112-1627-1.html
2 Kanal Used Modern Design Most Beautiful Bungalow For Sale At Prime Location Of Dha Lahore Near To Park Masjid & Commercial Market .,PKR 12.5 Crore,125000000,5,6,2 Kanal,9000.0,13888,House,True,30,hot30Share on FacebookShare on TwitterShare on WhatsAppSend via GMailSend via E-Mail,84,Houses_Lahore,for_sale,2026-07-24,https://www.zameen.com/Property/dha_phase_1_dha_phase_1_-_block_m_2_kanal_used_modern_design_most_beautiful_bungalow_for_sale_at_prime_location_of_dha_lahore_near_to_park_masjid_commercial_market-53085600-1653-1.html
Nearby Dolman Mall 1 Kanal Furnished With Basement And Pool House In Phase 6 DHA,PKR 8.55 Crore,85500000,5,5,1 Kanal,4500.0,19000,House,False,43,hot43Share on FacebookShare on TwitterShare on WhatsAppSend via GMailSend via E-Mail,84,Houses_Lahore,for_sale,2026-07-24,https://www.zameen.com/Property/dha_defence_dha_phase_6_nearby_dolman_mall_1_kanal_furnished_with_basement_and_pool_house_in_phase_6_dha-54364766-1448-1.html
Ultra-Luxury 4 Kanal Fully Furnished Modern Mansion For Sale In Paragon City,PKR 28 Crore,280000000,7,7,4 Kanal,18000.0,15555,House,False,25,hot25Share on FacebookShare on TwitterShare on WhatsAppSend via GMailSend via E-Mail,84,Houses_Lahore,for_sale,2026-07-24,https://www.zameen.com/Property/paragon_city_paragon_city_-_executive_block_ultra-luxury_4_kanal_fully_furnished_modern_mansion_for_sale_in_paragon_city-54323365-4116-1.html
Modern Designer 5 Marla House For Sale Paragon City,PKR 2.55 Crore,25500000,3,3,5 Marla,1125.0,22666,House,False,14,hot14Share on FacebookShare on TwitterShare on WhatsAppSend via GMailSend via E-Mail,84,Houses_Lahore,for_sale,2026-07-24,https://www.zameen.com/Property/paragon_city_paragon_city_-_imperial_2_block_modern_designer_5_marla_house_for_sale_paragon_city-54323532-9247-1.html
KANAL EYE CATCHING SUPERB LUXURY BUNGALOW FOR SALE On Top Location,PKR 8.35 Crore,83500000,5,6,1 Kanal,4500.0,18555,House,False,28,hot28Share on FacebookShare on TwitterShare on WhatsAppSend via GMailSend via E-Mail,84,Houses_Lahore,for_sale,2026-07-24,https://www.zameen.com/Property/dha_defence_dha_phase_7_kanal_eye_catching_superb_luxury_bungalow_for_sale_on_top_location-54356346-1450-1.html
Brand New 5-Marla Modern Marvel Elegant Bungalow For Sale At Super Hot Location,PKR 9 Crore,90000000,6,6,1 Kanal,4500.0,20000,House,True,13,hot13Share on FacebookShare on TwitterShare on WhatsAppSend via GMailSend via E-Mail,84,Houses_Lahore,for_sale,2026-07-24,https://www.zameen.com/Property/dha_defence_dha_phase_6_brand_new_5-marla_modern_marvel_elegant_bungalow_for_sale_at_super_hot_location-54147305-1448-1.html
Luxurious 5 Marla Lavish Bungalow On Top Location For Sale in DHA Phase 9 Town Lahore,PKR 2.47 Crore,24700000,3,4,5 Marla,1125.0,21955,House,True,26,26Share on FacebookShare on TwitterShare on WhatsAppSend via GMailSend via E-Mail,81,Houses_Lahore,for_sale,2026-07-24,https://www.zameen.com/Property/dha_defence_dha_9_town_luxurious_5_marla_lavish_bungalow_on_top_location_for_sale_in_dha_phase_9_town_lahore-54189294-1452-1.html
10 Marla Luxury House | Ultra Modern Design | Prime Location DHA Phase 7,PKR 4.8 Crore,48000000,4,5,10 Marla,2250.0,21333,House,True,25,25Share on FacebookShare on TwitterShare on WhatsAppSend via GMailSend via E-Mail,81,Houses_Lahore,for_sale,2026-07-24,https://www.zameen.com/Property/dha_defence_dha_phase_7_10_marla_luxury_house_ultra_modern_design_prime_location_dha_phase_7-54189242-1450-1.html
brand new house for sale,PKR 4.1 Crore,41000000,5,5,10 Marla,2250.0,18222,House,False,20,20Share on FacebookShare on TwitterShare on WhatsAppSend via GMailSend via E-Mail,81,Houses_Lahore,for_sale,2026-07-24,https://www.zameen.com/Property/iep_engineers_town_sector_a_iep_engineers_town_-_block_c3_brand_new_house_for_sale-54516448-3892-1.html
5 BED VILLA YOUR NEW HOME IS HERE,PKR 4.85 Crore,48500000,4,7,10 Marla,2250.0,21555,House,False,10,10Share on FacebookShare on TwitterShare on WhatsAppSend via GMailSend via E-Mail,81,Houses_Lahore,for_sale,2026-07-24,https://www.zameen.com/Property/dha_defence_dha_phase_6_5_bed_villa_your_new_home_is_here-52817547-1448-1.html
NEAR DOLMEN CALL US FOR VISIT THIS LUXURY PROPERTY.,PKR 5.65 Crore,56500000,4,7,10 Marla,2250.0,25111,House,False,17,17Share on FacebookShare on TwitterShare on WhatsAppSend via GMailSend via E-Mail,81,Houses_Lahore,for_sale,2026-07-24,https://www.zameen.com/Property/dha_defence_dha_phase_6_near_dolmen_call_us_for_visit_this_luxury_property-52884287-1448-1.html
1 Kanal Most Luxury Fully Furnished Full Basement Bungalow For Sale In DHA Phase 6 Lahore,PKR 9.15 Crore,91500000,5,6,1 Kanal,4500.0,20333,House,True,45,45Share on FacebookShare on TwitterShare on WhatsAppSend via GMailSend via E-Mail,81,Houses_Lahore,for_sale,2026-07-24,https://www.zameen.com/Property/dha_phase_6_dha_phase_6_-_block_j_1_kanal_most_luxury_fully_furnished_full_basement_bungalow_for_sale_in_dha_phase_6_lahore-54468936-1618-1.html
1 Kanal Brand New Ultra Classic Bungalow For Sale In DHA Phase 7 Lahore,PKR 7.33 Crore,73300000,5,6,1 Kanal,4500.0,16288,House,True,50,50Share on FacebookShare on TwitterShare on WhatsAppSend via GMailSend via E-Mail,81,Houses_Lahore,for_sale,2026-07-24,https://www.zameen.com/Property/dha_defence_dha_phase_7_1_kanal_brand_new_ultra_classic_bungalow_for_sale_in_dha_phase_7_lahore-54471633-1450-1.html
Timeless Charm In Neo Villa A Rare Find,PKR 2.55 Crore,25500000,3,4,5 Marla,1125.0,22666,House,False,18,18Share on FacebookShare on TwitterShare on WhatsAppSend via GMailSend via E-Mail,81,Houses_Lahore,for_sale,2026-07-24,https://www.zameen.com/Property/dha_9_town_dha_9_town_-_block_c_timeless_charm_in_neo_villa_a_rare_find-52631482-8175-1.html
Ready To Buy A House 20 Marla In DHA Phase 6 - Block J,PKR 8.45 Crore,84500000,6,7,1 Kanal,4500.0,18777,House,True,48,super hot48Share on FacebookShare on TwitterShare on WhatsAppSend via GMailSend via E-Mail,90,Houses_Lahore,for_sale,2026-07-24,https://www.zameen.com/Property/dha_phase_6_dha_phase_6_-_block_j_ready_to_buy_a_house_20_marla_in_dha_phase_6_-_block_j-54434680-1618-1.html
"1-Kanal Like Brand New Owner Build Bungalow in Dha phase-6,Near to Dolmen Mall",PKR 11 Crore,110000000,5,6,1 Kanal,4500.0,24444,House,True,31,super hot31Share on FacebookShare on TwitterShare on WhatsAppSend via GMailSend via E-Mail,90,Houses_Lahore,for_sale,2026-07-24,https://www.zameen.com/Property/dha_defence_dha_phase_6_1-kanal_like_brand_new_owner_build_bungalow_in_dha_phase-6_near_to_dolmen_mall-54464256-1448-1.html
24-Marla Owner Build Solid House For Sale At Super Hot Location Near Raya Fairways Golf Course 5 Star Luxury Hotels,PKR 9.05 Crore,90500000,6,7,1.2 Kanal,5400.0,16759,House,True,20,super hot20Share on FacebookShare on TwitterShare on WhatsAppSend via GMailSend via E-Mail,90,Houses_Lahore,for_sale,2026-07-24,https://www.zameen.com/Property/dha_defence_dha_phase_6_24-marla_owner_build_solid_house_for_sale_at_super_hot_location_near_raya_fairways_golf_course_5_star_luxury_hotels-54356250-1448-1.html
Ultra-Luxury 1 Kanal Modern Masterpiece In DHA Air Avenue,PKR 10.5 Crore,105000000,5,5,1 Kanal,4500.0,23333,House,True,16,super hot16Share on FacebookShare on TwitterShare on WhatsAppSend via GMailSend via E-Mail,90,Houses_Lahore,for_sale,2026-07-24,https://www.zameen.com/Property/dha_phase_8_dha_phase_8_-_ex_air_avenue_ultra-luxury_1_kanal_modern_masterpiece_in_dha_air_avenue-54394912-407-1.html
22 MARLA BRAND NEW LUXURY ULTRA MODERN DESIGN BUNGALOW FOR SALE,PKR 7.95 Crore,79500000,6,6,1 Kanal,4500.0,17666,House,True,37,super hot37Share on FacebookShare on TwitterShare on WhatsAppSend via GMailSend via E-Mail,90,Houses_Lahore,for_sale,2026-07-24,https://www.zameen.com/Property/dha_phase_7_dha_phase_7_-_block_r_22_marla_brand_new_luxury_ultra_modern_design_bungalow_for_sale-53389168-1625-1.html
Beautifully Constructed House Is Available For sale In Park View City - Rose Block,PKR 2.45 Crore,24500000,4,5,5 Marla,1125.0,21777,House,True,26,super hot261VerifiedShare on FacebookShare on TwitterShare on WhatsAppSend via GMailSend via E-Mail,99,Houses_Lahore,for_sale,2026-07-24,https://www.zameen.com/Property/park_view_city_park_view_city_-_rose_block_beautifully_constructed_house_is_available_for_sale_in_park_view_city_-_rose_block-54513931-13322-1.html
Centrally Located Prime Location House For sale In Al-Kabir Phase 2 - Block E Available,PKR 1.5 Crore,15000000,4,4,3 Marla,675.0,22222,House,True,25,super hot251VerifiedShare on FacebookShare on TwitterShare on WhatsAppSend via GMailSend via E-Mail,99,Houses_Lahore,for_sale,2026-07-24,https://www.zameen.com/Property/al_kabir_town_phase_2_al-kabir_phase_2_-_block_e_centrally_located_prime_location_house_for_sale_in_al-kabir_phase_2_-_block_e_available-54514310-13022-1.html
10 Marla Full Marble Tiled 40 Feet Road VIP Location House For Sale,PKR 4.5 Crore,45000000,5,5,10 Marla,2250.0,20000,House,True,11,super hot11Share on FacebookShare on TwitterShare on WhatsAppSend via GMailSend via E-Mail,90,Houses_Lahore,for_sale,2026-07-24,https://www.zameen.com/Property/allama_iqbal_town_allama_iqbal_town_-_umar_block_10_marla_full_marble_tiled_40_feet_road_vip_location_house_for_sale-53759369-3538-1.html
10 Marla House VIP Location,PKR 3.9 Crore,39000000,5,5,10 Marla,2250.0,17333,House,True,15,super hot15Share on FacebookShare on TwitterShare on WhatsAppSend via GMailSend via E-Mail,90,Houses_Lahore,for_sale,2026-07-24,https://www.zameen.com/Property/lahore_allama_iqbal_town_10_marla_house_vip_location-49648498-58-1.html
Highly-Desirable Prime Location House Available In LDA Avenue - Block J For Sale,PKR 4.25 Crore,42500000,6,6,10 Marla,2250.0,18888,House,True,24,super hot241VerifiedShare on FacebookShare on TwitterShare on WhatsAppSend via GMailSend via E-Mail,99,Houses_Lahore,for_sale,2026-07-24,https://www.zameen.com/Property/lda_avenue_lda_avenue_-_block_j_highly-desirable_prime_location_house_available_in_lda_avenue_-_block_j_for_sale-54514249-8167-1.html
5 Marla Brand New House For Sale Available In DHA Phase 11 Rahbar Lahore,PKR 3.15 Crore,31500000,3,4,5 Marla,1125.0,28000,House,True,24,hot24Share on FacebookShare on TwitterShare on WhatsAppSend via GMailSend via E-Mail,84,Houses_Lahore,for_sale,2026-07-24,https://www.zameen.com/Property/dha_11_rahbar_dha_11_rahbar_sector_2_5_marla_brand_new_house_for_sale_available_in_dha_phase_11_rahbar_lahore-53026335-3717-1.html
05 Marla Brand New House For Sale Available In Valencia Town Lahore,PKR 2.35 Crore,23500000,4,5,5 Marla,1125.0,20888,House,True,27,hot27Share on FacebookShare on TwitterShare on WhatsAppSend via GMailSend via E-Mail,84,Houses_Lahore,for_sale,2026-07-24,https://www.zameen.com/Property/lahore_valencia_housing_society_05_marla_brand_new_house_for_sale_available_in_valencia_town_lahore-53082735-373-1.html
Owner Needy 1 Kanal Most Beautiful Modern Design Bungalow For Sale At Prime Location Reasonable Price,PKR 7.65 Crore,76500000,5,7,1 Kanal,4500.0,17000,House,False,15,hot15Share on FacebookShare on TwitterShare on WhatsAppSend via GMailSend via E-Mail,84,Houses_Lahore,for_sale,2026-07-24,https://www.zameen.com/Property/dha_defence_dha_phase_7_owner_needy_1_kanal_most_beautiful_modern_design_bungalow_for_sale_at_prime_location_reasonable_price-54340616-1450-1.html
100 Percent Original Ad Brand New 20-Marla Modern Marvel Elegant Bungalow For Sale At Super Hot Location,PKR 12.1 Crore,121000000,5,6,1 Kanal,4500.0,26888,House,True,18,hot18Share on FacebookShare on TwitterShare on WhatsAppSend via GMailSend via E-Mail,84,Houses_Lahore,for_sale,2026-07-24,https://www.zameen.com/Property/dha_phase_6_dha_phase_6_-_block_n_100_percent_original_ad_brand_new_20-marla_modern_marvel_elegant_bungalow_for_sale_at_super_hot_location-54225603-1622-1.html
One Kanal Brand New Victorian Ultra Luxury Supreme Location House In DHA Lahore,PKR 7.5 Crore,75000000,6,6,1 Kanal,4500.0,16666,House,False,16,hot16Share on FacebookShare on TwitterShare on WhatsAppSend via GMailSend via E-Mail,84,Houses_Lahore,for_sale,2026-07-24,https://www.zameen.com/Property/dha_phase_7_dha_phase_7_-_block_y_one_kanal_brand_new_victorian_ultra_luxury_supreme_location_house_in_dha_lahore-54236284-1632-1.html
3 Years Installment Plan Luxury 10 Marla Brand New House In Park View City Lahore,PKR 3.3 Crore,33000000,5,6,10 Marla,2250.0,14666,House,False,16,hot16Share on FacebookShare on TwitterShare on WhatsAppSend via GMailSend via E-Mail,84,Houses_Lahore,for_sale,2026-07-24,https://www.zameen.com/Property/lahore_park_view_city_3_years_installment_plan_luxury_10_marla_brand_new_house_in_park_view_city_lahore-54511652-1466-1.html
Spacious Corner House Is Available In DHA Phase 8 - Block V For Sale,PKR 17 Crore,170000000,8,6,1 Kanal,4500.0,37777,House,False,46,hot46VerifiedShare on FacebookShare on TwitterShare on WhatsAppSend via GMailSend via E-Mail,92,Houses_Lahore,for_sale,2026-07-24,https://www.zameen.com/Property/dha_phase_8_dha_phase_8_-_block_v_spacious_corner_house_is_available_in_dha_phase_8_-_block_v_for_sale-54102104-1637-1.html
5 Marla High-Elevation Luxury Bungalow for Sale DHA Phase 5,PKR 2.75 Crore,27500000,3,7,5 Marla,1125.0,24444,House,False,12,12Share on FacebookShare on TwitterShare on WhatsAppSend via GMailSend via E-Mail,81,Houses_Lahore,for_sale,2026-07-24,https://www.zameen.com/Property/dha_defence_dha_phase_5_5_marla_high-elevation_luxury_bungalow_for_sale_dha_phase_5-53580351-1447-1.html
Modern Furnished With Straight Line Designed 1 Kanal House In DHA Phase 6,PKR 8.54 Crore,85399999,5,5,1 Kanal,4500.0,18977,House,False,47,47Share on FacebookShare on TwitterShare on WhatsAppSend via GMailSend via E-Mail,81,Houses_Lahore,for_sale,2026-07-24,https://www.zameen.com/Property/dha_phase_6_dha_phase_6_-_block_j_modern_furnished_with_straight_line_designed_1_kanal_house_in_dha_phase_6-54261884-1618-1.html
Facing Park 1 Kanal Luxury Spanish House Is For Sale In Phase 7,PKR 7.47 Crore,74700000,5,5,1 Kanal,4500.0,16600,House,False,42,42Share on FacebookShare on TwitterShare on WhatsAppSend via GMailSend via E-Mail,81,Houses_Lahore,for_sale,2026-07-24,https://www.zameen.com/Property/dha_defence_dha_phase_7_facing_park_1_kanal_luxury_spanish_house_is_for_sale_in_phase_7-54364631-1450-1.html
Modern Elevation Designed 1 Kanal House for Sale in Phase 6 At Prime Location,PKR 8.07 Crore,80700000,5,5,1 Kanal,4500.0,17933,House,False,37,37Share on FacebookShare on TwitterShare on WhatsAppSend via GMailSend via E-Mail,81,Houses_Lahore,for_sale,2026-07-24,https://www.zameen.com/Property/dha_defence_dha_phase_6_modern_elevation_designed_1_kanal_house_for_sale_in_phase_6_at_prime_location-54364632-1448-1.html
Elegant 2 Kanal House with Big Parking,PKR 18 Crore,180000000,5,5,2 Kanal,9000.0,20000,House,False,15,15Share on FacebookShare on TwitterShare on WhatsAppSend via GMailSend via E-Mail,81,Houses_Lahore,for_sale,2026-07-24,https://www.zameen.com/Property/dha_phase_2_dha_phase_2_-_block_s_elegant_2_kanal_house_with_big_parking-53846767-1572-1.html
1 Kanal Budget House for Sale in DHA Lahore | Best Value Luxury Home,PKR 7.15 Crore,71500000,5,7,1 Kanal,4500.0,15888,House,False,11,11Share on FacebookShare on TwitterShare on WhatsAppSend via GMailSend via E-Mail,81,Houses_Lahore,for_sale,2026-07-24,https://www.zameen.com/Property/dha_phase_7_dha_phase_7_-_block_y_1_kanal_budget_house_for_sale_in_dha_lahore_best_value_luxury_home-54516430-1632-1.html
50 FT Road 5 Marla Brand New Full House For Sale In DHA 9 Town Lahore,PKR 2.3 Crore,23000000,3,3,5 Marla,1125.0,20444,House,False,10,10Share on FacebookShare on TwitterShare on WhatsAppSend via GMailSend via E-Mail,81,Houses_Lahore,for_sale,2026-07-24,https://www.zameen.com/Property/dha_defence_dha_9_town_50_ft_road_5_marla_brand_new_full_house_for_sale_in_dha_9_town_lahore-53806045-1452-1.html
Beautiful 10 Marla Well-Maintained Bungalow For Sale In Green City,PKR 4.25 Crore,42500000,4,5,10 Marla,2250.0,18888,House,False,22,22Share on FacebookShare on TwitterShare on WhatsAppSend via GMailSend via E-Mail,81,Houses_Lahore,for_sale,2026-07-24,https://www.zameen.com/Property/green_city_green_city_-_block_c_beautiful_10_marla_well-maintained_bungalow_for_sale_in_green_city-54323734-3802-1.html
1 KANAL ULTRA MODERN DESIGN HOUSE FOR SALE IN DHA PHASE 7 NEAR TO RAYA GOLF CLUB FACING PARK,PKR 7.35 Crore,73500000,5,6,1 Kanal,4500.0,16333,House,True,50,super hot50Share on FacebookShare on TwitterShare on WhatsAppSend via GMailSend via E-Mail,90,Houses_Lahore,for_sale,2026-07-24,https://www.zameen.com/Property/dha_phase_7_dha_phase_7_-_block_s_1_kanal_ultra_modern_design_house_for_sale_in_dha_phase_7_near_to_raya_golf_club_facing_park-53649668-1626-1.html
On Excellent Location House Of 5 Marla Available For Sale In Park View City - Platinum Block,PKR 1.75 Crore,17500000,4,4,5 Marla,1125.0,15555,House,True,22,super hot22Share on FacebookShare on TwitterShare on WhatsAppSend via GMailSend via E-Mail,90,Houses_Lahore,for_sale,2026-07-24,https://www.zameen.com/Property/park_view_city_park_view_city_-_platinum_block_on_excellent_location_house_of_5_marla_available_for_sale_in_park_view_city_-_platinum_block-54168381-16617-1.html
5 Marla Stylish Bungalow | Wide Road Approach | Ideal Investment Option,PKR 2.75 Crore,27500000,,,5 Marla,1125.0,24444,House,True,25,super hot25Share on FacebookShare on TwitterShare on WhatsAppSend via GMailSend via E-Mail,90,Houses_Lahore,for_sale,2026-07-24,https://www.zameen.com/Property/dha_defence_dha_9_town_5_marla_stylish_bungalow_wide_road_approach_ideal_investment_option-54028715-1452-1.html
Full Basement Luxury House For Sale | Unique Modern Design | Beautiful Back Lawn At Prime Location,PKR 7.5 Crore,75000000,5,7,1 Kanal,4500.0,16666,House,True,42,super hot42Share on FacebookShare on TwitterShare on WhatsAppSend via GMailSend via E-Mail,90,Houses_Lahore,for_sale,2026-07-24,https://www.zameen.com/Property/dha_defence_dha_phase_7_full_basement_luxury_house_for_sale_unique_modern_design_beautiful_back_lawn_at_prime_location-54309848-1450-1.html
05 Marla Brand New Modern Luxury House For Sale In Park View City Platinum Block Lahore,PKR 1.85 Crore,18500000,4,4,5 Marla,1125.0,16444,House,True,16,super hot16Share on FacebookShare on TwitterShare on WhatsAppSend via GMailSend via E-Mail,90,Houses_Lahore,for_sale,2026-07-24,https://www.zameen.com/Property/park_view_city_park_view_city_-_platinum_block_05_marla_brand_new_modern_luxury_house_for_sale_in_park_view_city_platinum_block_lahore-54453633-16617-1.html
3 Marla Brand New House Is Available For Sale In Al Kabir Town Phase 2 Block E Lahore,PKR 1.65 Crore,16500000,4,4,3 Marla,675.0,24444,House,True,34,super hot341VerifiedShare on FacebookShare on TwitterShare on WhatsAppSend via GMailSend via E-Mail,99,Houses_Lahore,for_sale,2026-07-24,https://www.zameen.com/Property/al_kabir_town_al-kabir_town_-_phase_2_3_marla_brand_new_house_is_available_for_sale_in_al_kabir_town_phase_2_block_e_lahore-54514547-11704-1.html
Unoccupied Prime Location House Of 2 Kanal Is Available For sale In DHA Defence,PKR 15.5 Crore,155000000,7,6,2 Kanal,9000.0,17222,House,True,39,super hot391VerifiedShare on FacebookShare on TwitterShare on WhatsAppSend via GMailSend via E-Mail,99,Houses_Lahore,for_sale,2026-07-24,https://www.zameen.com/Property/dha_defence_dha_phase_2_unoccupied_prime_location_house_of_2_kanal_is_available_for_sale_in_dha_defence-54515078-1444-1.html
Get In Touch Now To Buy A Prime Location 10 Marla House In Dream Gardens Lahore,PKR 4.75 Crore,47500000,6,6,10 Marla,2250.0,21111,House,True,42,super hot421VerifiedShare on FacebookShare on TwitterShare on WhatsAppSend via GMailSend via E-Mail,99,Houses_Lahore,for_sale,2026-07-24,https://www.zameen.com/Property/defence_road_dream_gardens_get_in_touch_now_to_buy_a_prime_location_10_marla_house_in_dream_gardens_lahore-54514927-4393-1.html
3 Marla Spanish House For Sale,PKR 1.3 Crore,13000000,3,4,3 Marla,675.0,19259,House,True,14,super hot14Share on FacebookShare on TwitterShare on WhatsAppSend via GMailSend via E-Mail,90,Houses_Lahore,for_sale,2026-07-24,https://www.zameen.com/Property/vital_homes_housing_scheme_vital_homes_dd_3_marla_spanish_house_for_sale-53725157-9463-1.html
12 Marla Brand New Luxury House,PKR 6.25 Crore,62500000,6,6,12 Marla,2700.0,23148,House,True,31,super hot31Share on FacebookShare on TwitterShare on WhatsAppSend via GMailSend via E-Mail,90,Houses_Lahore,for_sale,2026-07-24,https://www.zameen.com/Property/al_rehman_garden_al_rehman_garden_phase_2_12_marla_brand_new_luxury_house-54271639-4506-1.html
01 Kanal Brand New House For Sale Available In Valencia Town Lahore,PKR 8.25 Crore,82500000,6,6,1 Kanal,4500.0,18333,House,True,27,hot27Share on FacebookShare on TwitterShare on WhatsAppSend via GMailSend via E-Mail,84,Houses_Lahore,for_sale,2026-07-24,https://www.zameen.com/Property/lahore_valencia_housing_society_01_kanal_brand_new_house_for_sale_available_in_valencia_town_lahore-53083379-373-1.html
01 Kanal Brand New House For Sale Available In Valencia Town Lahore,PKR 6 Crore,60000000,6,6,1 Kanal,4500.0,13333,House,True,48,hot48Share on FacebookShare on TwitterShare on WhatsAppSend via GMailSend via E-Mail,84,Houses_Lahore,for_sale,2026-07-24,https://www.zameen.com/Property/lahore_valencia_housing_society_01_kanal_brand_new_house_for_sale_available_in_valencia_town_lahore-53083411-373-1.html
5-Marla Spanish House For Sale At Top Location Near Askari 11,PKR 3.2 Crore,32000000,3,4,5 Marla,1125.0,28444,House,False,21,hot21Share on FacebookShare on TwitterShare on WhatsAppSend via GMailSend via E-Mail,84,Houses_Lahore,for_sale,2026-07-24,https://www.zameen.com/Property/dha_defence_dha_9_town_5-marla_spanish_house_for_sale_at_top_location_near_askari_11-54485415-1452-1.html
Spacious Corner House Is Available In DHA Phase 8 - Block V For sale,PKR 17 Crore,170000000,8,6,1 Kanal,4500.0,37777,House,False,46,hot46VerifiedShare on FacebookShare on TwitterShare on WhatsAppSend via GMailSend via E-Mail,92,Houses_Lahore,for_sale,2026-07-24,https://www.zameen.com/Property/dha_phase_8_dha_phase_8_-_block_v_spacious_corner_house_is_available_in_dha_phase_8_-_block_v_for_sale-54102116-1637-1.html
Mazhar Munir Presents One Kanal Modern Levish Mansion Near Park And Mosque House For Sale,PKR 9.9 Crore,99000000,5,6,1 Kanal,4500.0,22000,House,False,30,hot30Share on FacebookShare on TwitterShare on WhatsAppSend via GMailSend via E-Mail,84,Houses_Lahore,for_sale,2026-07-24,https://www.zameen.com/Property/dha_defence_dha_phase_6_mazhar_munir_presents_one_kanal_modern_levish_mansion_near_park_and_mosque_house_for_sale-54122732-1448-1.html
LUXURIOUS ONE KANAL MANSION ON TOP LOCATION,PKR 8.28 Crore,82800000,6,6,1 Kanal,4500.0,18400,House,False,32,hot32Share on FacebookShare on TwitterShare on WhatsAppSend via GMailSend via E-Mail,84,Houses_Lahore,for_sale,2026-07-24,https://www.zameen.com/Property/dha_defence_dha_phase_7_luxurious_one_kanal_mansion_on_top_location-54123314-1450-1.html
DECENT CLASSIC 2 KANAL BRAND NEW HOUSE IN REASONABLE PRICE,PKR 25.95 Crore,259500000,6,6,2 Kanal,9000.0,28833,House,False,28,hot28Share on FacebookShare on TwitterShare on WhatsAppSend via GMailSend via E-Mail,84,Houses_Lahore,for_sale,2026-07-24,https://www.zameen.com/Property/dha_defence_dha_phase_7_decent_classic_2_kanal_brand_new_house_in_reasonable_price-53755637-1450-1.html
Brand New 5 Marla House for Sale in Platinum Block Park View City Lahore,PKR 1.9 Crore,19000000,4,4,5 Marla,1125.0,16888,House,False,25,25Share on FacebookShare on TwitterShare on WhatsAppSend via GMailSend via E-Mail,81,Houses_Lahore,for_sale,2026-07-24,https://www.zameen.com/Property/park_view_city_park_view_city_-_platinum_block_brand_new_5_marla_house_for_sale_in_platinum_block_park_view_city_lahore-54406937-16617-1.html
Brand New 5 Marla House for Sale in Tulip Overseas Block Park View City Lahore,PKR 2.35 Crore,23500000,4,4,5 Marla,1125.0,20888,House,False,33,33Share on FacebookShare on TwitterShare on WhatsAppSend via GMailSend via E-Mail,81,Houses_Lahore,for_sale,2026-07-24,https://www.zameen.com/Property/park_view_city_park_view_city_-_tulip_overseas_brand_new_5_marla_house_for_sale_in_tulip_overseas_block_park_view_city_lahore-54417792-13754-1.html
5 Marla 3 Bed House Available For Sale In DHA 9 Town A Block,PKR 3 Crore,30000000,3,3,5 Marla,1125.0,26666,House,False,16,16Share on FacebookShare on TwitterShare on WhatsAppSend via GMailSend via E-Mail,81,Houses_Lahore,for_sale,2026-07-24,https://www.zameen.com/Property/dha_defence_dha_9_town_5_marla_3_bed_house_available_for_sale_in_dha_9_town_a_block-54467591-1452-1.html
3 Years Installment Plan 1.5 Story 5 Marla Brand New House In Park View City Lahore,PKR 1.45 Crore,14500000,3,2,5 Marla,1125.0,12888,House,False,19,19Share on FacebookShare on TwitterShare on WhatsAppSend via GMailSend via E-Mail,81,Houses_Lahore,for_sale,2026-07-24,https://www.zameen.com/Property/lahore_park_view_city_3_years_installment_plan_1_5_story_5_marla_brand_new_house_in_park_view_city_lahore-54414783-1466-1.html
3 Years Installment Plan Luxury 5 Marla Brand New House In Park View City Lahore,PKR 2 Crore,20000000,4,5,5 Marla,1125.0,17777,House,False,16,16Share on FacebookShare on TwitterShare on WhatsAppSend via GMailSend via E-Mail,81,Houses_Lahore,for_sale,2026-07-24,https://www.zameen.com/Property/lahore_park_view_city_3_years_installment_plan_luxury_5_marla_brand_new_house_in_park_view_city_lahore-54508399-1466-1.html
3 Years Installment Plan Luxury 5 Marla Brand New House In Park View City Lahore,PKR 2 Crore,20000000,4,5,5 Marla,1125.0,17777,House,False,13,13Share on FacebookShare on TwitterShare on WhatsAppSend via GMailSend via E-Mail,81,Houses_Lahore,for_sale,2026-07-24,https://www.zameen.com/Property/lahore_park_view_city_3_years_installment_plan_luxury_5_marla_brand_new_house_in_park_view_city_lahore-54504531-1466-1.html
Find Your Dream Home Beautiful 10 Marla Owner Build Modern House For Sale At Hot Location Close To Commercial Markets,PKR 4.45 Crore,44500000,4,5,10 Marla,2250.0,19777,House,True,18,18Share on FacebookShare on TwitterShare on WhatsAppSend via GMailSend via E-Mail,81,Houses_Lahore,for_sale,2026-07-24,https://www.zameen.com/Property/dha_phase_4_dha_phase_4_-_block_cc_find_your_dream_home_beautiful_10_marla_owner_build_modern_house_for_sale_at_hot_location_close_to_commercial_markets-52269275-1591-1.html
10 Marla Eye Catching Full Basement Modern Bungalow For Sale At Hot Location Near To Park/Kfc/Commercial Market,PKR 6.85 Crore,68500000,5,6,10 Marla,2250.0,30444,House,True,34,34Share on FacebookShare on TwitterShare on WhatsAppSend via GMailSend via E-Mail,81,Houses_Lahore,for_sale,2026-07-24,https://www.zameen.com/Property/dha_defence_dha_phase_5_10_marla_eye_catching_full_basement_modern_bungalow_for_sale_at_hot_location_near_to_park_kfc_commercial_market-51244133-1447-1.html
2 Kanal Slightly Used Luxury Ultra-Modern Design Most Beautiful Bungalow For Sale At Prime Location Of DHA Lahore Near To Park Masjid &Commercial Market .,PKR 15.75 Crore,157500000,6,7,2 Kanal,9000.0,17500,House,True,19,super hot19Share on FacebookShare on TwitterShare on WhatsAppSend via GMailSend via E-Mail,90,Houses_Lahore,for_sale,2026-07-24,https://www.zameen.com/Property/dha_phase_1_dha_phase_1_-_block_m_2_kanal_slightly_used_luxury_ultra-modern_design_most_beautiful_bungalow_for_sale_at_prime_location_of_dha_lahore_near_to_park_masjid_commercial_market-53085118-1653-1.html
Eyes Catching Brand New Luxurious House For Sale With Study Room Very Close To Park And Mosque Walking Distance Raya Fairway Very Reasonable Deal,PKR 6.42 Crore,64200000,5,6,1 Kanal,4500.0,14266,House,True,47,super hot47Share on FacebookShare on TwitterShare on WhatsAppSend via GMailSend via E-Mail,90,Houses_Lahore,for_sale,2026-07-24,https://www.zameen.com/Property/dha_phase_7_dha_phase_7_-_block_s_eyes_catching_brand_new_luxurious_house_for_sale_with_study_room_very_close_to_park_and_mosque_walking_distance_raya_fairway_very_reasonable_deal-54512098-1626-1.html
5 MARLA BRAND NEW UNIQUE & STYLISH HOUSE FOR SALE,PKR 2.8 Crore,28000000,3,4,5 Marla,1125.0,24888,House,True,28,super hot28Share on FacebookShare on TwitterShare on WhatsAppSend via GMailSend via E-Mail,90,Houses_Lahore,for_sale,2026-07-24,https://www.zameen.com/Property/dha_defence_dha_9_town_5_marla_brand_new_unique_stylish_house_for_sale-53661380-1452-1.html
Kanal Modern Luxury House For Sale Close To Macdonold Park & Commercial,PKR 7.65 Crore,76500000,5,6,1 Kanal,4500.0,17000,House,True,20,super hot20Share on FacebookShare on TwitterShare on WhatsAppSend via GMailSend via E-Mail,90,Houses_Lahore,for_sale,2026-07-24,https://www.zameen.com/Property/dha_phase_7_dha_phase_7_-_block_y_kanal_modern_luxury_house_for_sale_close_to_macdonold_park_commercial-54467604-1632-1.html
5-Marla Fully Modern House For Sale At Hot Location Near Askari 11 & Commercial,PKR 2.65 Crore,26500000,3,4,5 Marla,1125.0,23555,House,True,26,super hot26Share on FacebookShare on TwitterShare on WhatsAppSend via GMailSend via E-Mail,90,Houses_Lahore,for_sale,2026-07-24,https://www.zameen.com/Property/dha_defence_dha_9_town_5-marla_fully_modern_house_for_sale_at_hot_location_near_askari_11_commercial-54218588-1452-1.html
3 Years Installment Plan Luxury 5 Marla Brand New House In Park View City Lahore,PKR 2 Crore,20000000,4,5,5 Marla,1125.0,17777,House,True,21,super hot21Share on FacebookShare on TwitterShare on WhatsAppSend via GMailSend via E-Mail,90,Houses_Lahore,for_sale,2026-07-24,https://www.zameen.com/Property/lahore_park_view_city_3_years_installment_plan_luxury_5_marla_brand_new_house_in_park_view_city_lahore-54407327-1466-1.html
5 MARLA HOUSE FOR SALE IN SECTOR E BAHRIA TOWN LAHORE,PKR 2.1 Crore,21000000,3,7,5 Marla,1125.0,18666,House,True,16,super hot16Share on FacebookShare on TwitterShare on WhatsAppSend via GMailSend via E-Mail,90,Houses_Lahore,for_sale,2026-07-24,https://www.zameen.com/Property/bahria_town_bahria_town_-_sector_e_5_marla_house_for_sale_in_sector_e_bahria_town_lahore-54417128-1802-1.html
01 Kanal Fully Furnished Modern Designed House For Sale Phase 6 DHA Lahore,PKR 12.25 Crore,122500000,5,5,1 Kanal,4500.0,27222,House,True,41,super hot41Share on FacebookShare on TwitterShare on WhatsAppSend via GMailSend via E-Mail,90,Houses_Lahore,for_sale,2026-07-24,https://www.zameen.com/Property/dha_defence_dha_phase_6_01_kanal_fully_furnished_modern_designed_house_for_sale_phase_6_dha_lahore-54369659-1448-1.html
Direct Approach 5 Marla Ultra Modern Designer House For Sale In DHA Lahore,PKR 2.56 Crore,25600000,3,4,5 Marla,1125.0,22755,House,True,17,super hot17Share on FacebookShare on TwitterShare on WhatsAppSend via GMailSend via E-Mail,90,Houses_Lahore,for_sale,2026-07-24,https://www.zameen.com/Property/dha_defence_dha_9_town_direct_approach_5_marla_ultra_modern_designer_house_for_sale_in_dha_lahore-54425493-1452-1.html
2 KANAL DOUBLE STORY HOUSE FOR SALE,PKR 11 Crore,110000000,6,7,2 Kanal,9000.0,12222,House,True,22,super hot221Share on FacebookShare on TwitterShare on WhatsAppSend via GMailSend via E-Mail,91,Houses_Lahore,for_sale,2026-07-24,https://www.zameen.com/Property/lahore_nfc_1_2_kanal_double_story_house_for_sale-54510516-4083-1.html
05 Marla Brand New House For Sale Available In DHA Phase 11 Rahbar Lahore,PKR 2.45 Crore,24500000,4,4,5 Marla,1125.0,21777,House,True,16,hot16Share on FacebookShare on TwitterShare on WhatsAppSend via GMailSend via E-Mail,84,Houses_Lahore,for_sale,2026-07-24,https://www.zameen.com/Property/dha_11_rahbar_dha_11_rahbar_sector_2_05_marla_brand_new_house_for_sale_available_in_dha_phase_11_rahbar_lahore-53085080-3717-1.html
05 Marla Brand New House For Sale Available In DHA Phase 11 Rahbar Lahore,PKR 2.35 Crore,23500000,3,4,5 Marla,1125.0,20888,House,True,45,hot45Share on FacebookShare on TwitterShare on WhatsAppSend via GMailSend via E-Mail,84,Houses_Lahore,for_sale,2026-07-24,https://www.zameen.com/Property/dha_11_rahbar_dha_11_rahbar_sector_2_05_marla_brand_new_house_for_sale_available_in_dha_phase_11_rahbar_lahore-53085112-3717-1.html
5 Marla 1.5 Story Corner House For Sale In Alharam Garden,PKR 1.35 Crore,13500000,3,4,5 Marla,1125.0,12000,House,False,18,hot18Share on FacebookShare on TwitterShare on WhatsAppSend via GMailSend via E-Mail,84,Houses_Lahore,for_sale,2026-07-24,https://www.zameen.com/Property/al_haram_garden_al_haram_garden_-_block_b_5_marla_1_5_story_corner_house_for_sale_in_alharam_garden-54289052-15997-1.html
5 Marla 1.5 Storey House For Sale In Al Haram Garden Lahore,PKR 1.4 Crore,14000000,3,4,5 Marla,1125.0,12444,House,False,11,hot11Share on FacebookShare on TwitterShare on WhatsAppSend via GMailSend via E-Mail,84,Houses_Lahore,for_sale,2026-07-24,https://www.zameen.com/Property/lahore_al_haram_garden_5_marla_1_5_storey_house_for_sale_in_al_haram_garden_lahore-54509671-9212-1.html
5 Marla Facing Park 1.5 Storey House For Sale In Al Haram Garden Lahore,PKR 1.4 Crore,14000000,3,4,5 Marla,1125.0,12444,House,False,17,hot17Share on FacebookShare on TwitterShare on WhatsAppSend via GMailSend via E-Mail,84,Houses_Lahore,for_sale,2026-07-24,https://www.zameen.com/Property/lahore_al_haram_garden_5_marla_facing_park_1_5_storey_house_for_sale_in_al_haram_garden_lahore-54509575-9212-1.html
12 Marla House With Solar for Sale Grove Block,PKR 6 Crore,60000000,4,5,12 Marla,2700.0,22222,House,False,12,hot12Share on FacebookShare on TwitterShare on WhatsAppSend via GMailSend via E-Mail,84,Houses_Lahore,for_sale,2026-07-24,https://www.zameen.com/Property/lahore_paragon_city_12_marla_house_with_solar_for_sale_grove_block-54362601-1014-1.html
Brand New 5 Marla 3 Bed House For Sale | A+ Construction | DHA Phase 9 Town Lahore,PKR 3.5 Crore,35000000,3,4,5 Marla,1125.0,31111,House,False,17,hot17Share on FacebookShare on TwitterShare on WhatsAppSend via GMailSend via E-Mail,84,Houses_Lahore,for_sale,2026-07-24,https://www.zameen.com/Property/dha_defence_dha_9_town_brand_new_5_marla_3_bed_house_for_sale_a_construction_dha_phase_9_town_lahore-54462148-1452-1.html
10-Marla Fully Modern House Near Ring Road Interchange & Gold Crest Mall,PKR 5.21 Crore,52100000,4,5,10 Marla,2250.0,23155,House,True,25,25Share on FacebookShare on TwitterShare on WhatsAppSend via GMailSend via E-Mail,81,Houses_Lahore,for_sale,2026-07-24,https://www.zameen.com/Property/dha_phase_4_dha_phase_4_-_block_kk_10-marla_fully_modern_house_near_ring_road_interchange_gold_crest_mall-53816178-17171-1.html
10-Marla Modern House For Sale At Prime Location Near Raya Fairways,PKR 5.05 Crore,50500000,4,5,10 Marla,2250.0,22444,House,True,16,16Share on FacebookShare on TwitterShare on WhatsAppSend via GMailSend via E-Mail,81,Houses_Lahore,for_sale,2026-07-24,https://www.zameen.com/Property/dha_phase_6_dha_phase_6_-_block_l_10-marla_modern_house_for_sale_at_prime_location_near_raya_fairways-54196599-1620-1.html
Kanal Fully Furnsihed House For Sale At Top Location Colse To Raya Fairways,PKR 18.25 Crore,182500000,5,6,1 Kanal,4500.0,40555,House,True,13,13Share on FacebookShare on TwitterShare on WhatsAppSend via GMailSend via E-Mail,81,Houses_Lahore,for_sale,2026-07-24,https://www.zameen.com/Property/dha_defence_dha_phase_6_kanal_fully_furnsihed_house_for_sale_at_top_location_colse_to_raya_fairways-54440147-1448-1.html
Kanal Fully Furnished Houase For Sale With Basement At Top Location Near Raya,PKR 8.11 Crore,81100000,5,6,1 Kanal,4500.0,18022,House,True,22,22Share on FacebookShare on TwitterShare on WhatsAppSend via GMailSend via E-Mail,81,Houses_Lahore,for_sale,2026-07-24,https://www.zameen.com/Property/dha_phase_7_dha_phase_7_-_block_x_kanal_fully_furnished_houase_for_sale_with_basement_at_top_location_near_raya-54174730-1631-1.html
Kanal Furnished House With Basement For Sale at Top Location near Carrefour,PKR 12.25 Crore,122500000,5,6,1 Kanal,4500.0,27222,House,True,30,30Share on FacebookShare on TwitterShare on WhatsAppSend via GMailSend via E-Mail,81,Houses_Lahore,for_sale,2026-07-24,https://www.zameen.com/Property/dha_phase_7_dha_phase_7_-_block_s_kanal_furnished_house_with_basement_for_sale_at_top_location_near_carrefour-54174662-1626-1.html
ORIGINAL PRICE MODERN MANSION IN HEART OF DHA,PKR 28.75 Crore,287500000,6,6,2 Kanal,9000.0,31944,House,False,45,45Share on FacebookShare on TwitterShare on WhatsAppSend via GMailSend via E-Mail,81,Houses_Lahore,for_sale,2026-07-24,https://www.zameen.com/Property/dha_phase_6_dha_phase_6_-_block_k_original_price_modern_mansion_in_heart_of_dha-54123366-1619-1.html
Classic Spanish White House Brand New One Kanal Near Park,PKR 7.95 Crore,79500000,5,6,1.1 Kanal,4950.0,16060,House,False,28,28Share on FacebookShare on TwitterShare on WhatsAppSend via GMailSend via E-Mail,81,Houses_Lahore,for_sale,2026-07-24,https://www.zameen.com/Property/dha_defence_dha_phase_8_classic_spanish_white_house_brand_new_one_kanal_near_park-53750739-1451-1.html
ONE KANAL MODERN HOUSE FOR SALE IN REASONABLE PRICE,PKR 8.5 Crore,85000000,5,6,1 Kanal,4500.0,18888,House,False,44,44Share on FacebookShare on TwitterShare on WhatsAppSend via GMailSend via E-Mail,81,Houses_Lahore,for_sale,2026-07-24,https://www.zameen.com/Property/dha_defence_dha_phase_6_one_kanal_modern_house_for_sale_in_reasonable_price-54504238-1448-1.html
1 Kanal Spacious House Is Available In DHA Phase 7 For Sale,PKR 7.65 Crore,76500000,5,6,1 Kanal,4500.0,17000,House,True,49,super hot49Share on FacebookShare on TwitterShare on WhatsAppSend via GMailSend via E-Mail,90,Houses_Lahore,for_sale,2026-07-24,https://www.zameen.com/Property/dha_defence_dha_phase_7_1_kanal_spacious_house_is_available_in_dha_phase_7_for_sale-51524283-1450-1.html
1 Kanal Fully Furnished Ultra Luxurious House Available For Sale in DHA Phase 6,PKR 25 Crore,250000000,6,7,1 Kanal,4500.0,55555,House,True,49,super hot49Share on FacebookShare on TwitterShare on WhatsAppSend via GMailSend via E-Mail,90,Houses_Lahore,for_sale,2026-07-24,https://www.zameen.com/Property/dha_defence_dha_phase_6_1_kanal_fully_furnished_ultra_luxurious_house_available_for_sale_in_dha_phase_6-54480287-1448-1.html
Top Of The Line Beautiful Lavish 2 Kanal Fully Furnished House For Sale in DHA Phase 7,PKR 23.5 Crore,235000000,5,6,2 Kanal,9000.0,26111,House,True,35,super hot35Share on FacebookShare on TwitterShare on WhatsAppSend via GMailSend via E-Mail,90,Houses_Lahore,for_sale,2026-07-24,https://www.zameen.com/Property/dha_defence_dha_phase_7_top_of_the_line_beautiful_lavish_2_kanal_fully_furnished_house_for_sale_in_dha_phase_7-54488573-1450-1.html
Eyes Catching Brand New Luxurious House For Sale With Study Room Very Close To Park And Mosque Walking Distance Raya Fairway Very Reasonable Deal In DHA Phase 6 Block N,PKR 8.12 Crore,81199999,5,6,1 Kanal,4500.0,18044,House,True,48,super hot48Share on FacebookShare on TwitterShare on WhatsAppSend via GMailSend via E-Mail,90,Houses_Lahore,for_sale,2026-07-24,https://www.zameen.com/Property/dha_defence_dha_phase_6_eyes_catching_brand_new_luxurious_house_for_sale_with_study_room_very_close_to_park_and_mosque_walking_distance_raya_fairway_very_reasonable_deal_in_dha_phase_6_block_n-54399157-1448-1.html
1 Kanal Ultra Modern Style Double Highted Lobby Double Storey Double Unit House Available For Sale In VALANCIA TOWN LAHORE By Fast Property Services Lahore,PKR 18.5 Crore,185000000,6,6,2 Kanal,9000.0,20555,House,True,50,super hot50Share on FacebookShare on TwitterShare on WhatsAppSend via GMailSend via E-Mail,90,Houses_Lahore,for_sale,2026-07-24,https://www.zameen.com/Property/lahore_valencia_housing_society_1_kanal_ultra_modern_style_double_highted_lobby_double_storey_double_unit_house_available_for_sale_in_valancia_town_lahore_by_fast_property_services_lahore-54388968-373-1.html
"Brand New 5 Marla House for Sale in Tulip Extension Block, Park View City Lahore",PKR 2.3 Crore,23000000,4,4,5 Marla,1125.0,20444,House,True,21,super hot21Share on FacebookShare on TwitterShare on WhatsAppSend via GMailSend via E-Mail,90,Houses_Lahore,for_sale,2026-07-24,https://www.zameen.com/Property/park_view_city_park_view_city_-_tulip_extension_block_brand_new_5_marla_house_for_sale_in_tulip_extension_block_park_view_city_lahore-54513298-16719-1.html
TASK EST OFFER : 10 Marla Designer House AI Generated Photo 5 years Old Good Location Park Masjid And Commercial Reasonable Deal For Genuine Custormer In Phase 6 DHA,PKR 5.95 Crore,59500000,4,5,10 Marla,2250.0,26444,House,True,23,super hot23Share on FacebookShare on TwitterShare on WhatsAppSend via GMailSend via E-Mail,90,Houses_Lahore,for_sale,2026-07-24,https://www.zameen.com/Property/dha_phase_6_dha_phase_6_-_block_d_task_est_offer_10_marla_designer_house_ai_generated_photo_5_years_old_good_location_park_masjid_and_commercial_reasonable_deal_for_genuine_custormer_in_phase_6_dha-54512598-1613-1.html
5.33 Marla Ultra Modrun Luxury Brand New House For Sale In Jinnah Block Bahria Town Lahore,PKR 2.7 Crore,27000000,4,5,5.3 Marla,1192.5,22641,House,True,17,super hot17Share on FacebookShare on TwitterShare on WhatsAppSend via GMailSend via E-Mail,90,Houses_Lahore,for_sale,2026-07-24,https://www.zameen.com/Property/bahria_town_sector_e_bahria_town_-_jinnah_extension_block_5_33_marla_ultra_modrun_luxury_brand_new_house_for_sale_in_jinnah_block_bahria_town_lahore-54387977-17545-1.html
Luxury 3 Marla House for Sale,PKR 1.75 Crore,17500000,4,4,3 Marla,675.0,25925,House,True,18,super hot18Share on FacebookShare on TwitterShare on WhatsAppSend via GMailSend via E-Mail,90,Houses_Lahore,for_sale,2026-07-24,https://www.zameen.com/Property/al_kabir_town_al-kabir_town_-_phase_2_luxury_3_marla_house_for_sale-54490919-11704-1.html
10 Marla House For Sale In Paragon City Lahore,PKR 4.25 Crore,42500000,5,6,10 Marla,2250.0,18888,House,True,43,super hot431Share on FacebookShare on TwitterShare on WhatsAppSend via GMailSend via E-Mail,91,Houses_Lahore,for_sale,2026-07-24,https://www.zameen.com/Property/lahore_paragon_city_10_marla_house_for_sale_in_paragon_city_lahore-50901746-1014-1.html
1 Kanal Fully Furnished Smart Designer House For Sale In DHA Phase 7 Lahore,PKR 13 Crore,130000000,5,7,1 Kanal,4500.0,28888,House,True,21,hot21Share on FacebookShare on TwitterShare on WhatsAppSend via GMailSend via E-Mail,84,Houses_Lahore,for_sale,2026-07-24,https://www.zameen.com/Property/dha_defence_dha_phase_7_1_kanal_fully_furnished_smart_designer_house_for_sale_in_dha_phase_7_lahore-54417973-1450-1.html
Finest 1Kanal Fully Furnished Designer House For Sale in Dha Lahore,PKR 12 Crore,120000000,5,6,1 Kanal,4500.0,26666,House,True,29,hot29Share on FacebookShare on TwitterShare on WhatsAppSend via GMailSend via E-Mail,84,Houses_Lahore,for_sale,2026-07-24,https://www.zameen.com/Property/dha_phase_6_dha_phase_6_-_block_k_finest_1kanal_fully_furnished_designer_house_for_sale_in_dha_lahore-54294974-1619-1.html
10 Marla Double Storey House For Sale,PKR 3.48 Crore,34800000,5,5,10 Marla,2250.0,15466,House,False,21,hot21Share on FacebookShare on TwitterShare on WhatsAppSend via GMailSend via E-Mail,84,Houses_Lahore,for_sale,2026-07-24,https://www.zameen.com/Property/lahore_sabzazar_scheme_10_marla_double_storey_house_for_sale-53355251-562-1.html
10 Marla Dream Home Available For Sale IN DHA Phase 7 At Prime Location,PKR 4.35 Crore,43500000,4,5,10 Marla,2250.0,19333,House,False,36,hot36Share on FacebookShare on TwitterShare on WhatsAppSend via GMailSend via E-Mail,84,Houses_Lahore,for_sale,2026-07-24,https://www.zameen.com/Property/dha_defence_dha_phase_7_10_marla_dream_home_available_for_sale_in_dha_phase_7_at_prime_location-54420934-1450-1.html
12 Marla Corner Out Bungalow For Sale In DHA Phase 7 At Prime Location Near To Raya,PKR 4.6 Crore,46000000,4,6,12 Marla,2700.0,17037,House,False,31,hot31Share on FacebookShare on TwitterShare on WhatsAppSend via GMailSend via E-Mail,84,Houses_Lahore,for_sale,2026-07-24,https://www.zameen.com/Property/dha_defence_dha_phase_7_12_marla_corner_out_bungalow_for_sale_in_dha_phase_7_at_prime_location_near_to_raya-54434242-1450-1.html
Attractively Priced 5 Marla Furnished House At Prime Location Is Up For Sale,PKR 2.64 Crore,26400000,3,4,5 Marla,1125.0,23466,House,False,8,hot8Share on FacebookShare on TwitterShare on WhatsAppSend via GMailSend via E-Mail,83,Houses_Lahore,for_sale,2026-07-24,https://www.zameen.com/Property/dha_defence_dha_9_town_attractively_priced_5_marla_furnished_house_at_prime_location_is_up_for_sale-54438357-1452-1.html
5 Marla Luxury House For Sale In Bismillah Housing Scheme,PKR 2.45 Crore,24500000,4,5,5 Marla,1125.0,21777,House,False,19,hot19Share on FacebookShare on TwitterShare on WhatsAppSend via GMailSend via E-Mail,84,Houses_Lahore,for_sale,2026-07-24,https://www.zameen.com/Property/gt_road_bismillah_housing_scheme_5_marla_luxury_house_for_sale_in_bismillah_housing_scheme-53184714-8446-1.html
5 MARLA BRAND NEW ULTRA MODERN DESIGN HOUSE FOR SALE IN DHA RAHBER,PKR 2.85 Crore,28500000,3,3,5 Marla,1125.0,25333,House,True,20,20Share on FacebookShare on TwitterShare on WhatsAppSend via GMailSend via E-Mail,81,Houses_Lahore,for_sale,2026-07-24,https://www.zameen.com/Property/lahore_dha_11_rahbar_5_marla_brand_new_ultra_modern_design_house_for_sale_in_dha_rahber-54516358-1410-1.html
10kw Solar Included 5 Marla House,PKR 2.8 Crore,28000000,5,6,5 Marla,1125.0,24888,House,False,50,50Share on FacebookShare on TwitterShare on WhatsAppSend via GMailSend via E-Mail,81,Houses_Lahore,for_sale,2026-07-24,https://www.zameen.com/Property/sabzazar_scheme_sabzazar_scheme_-_block_m_10kw_solar_included_5_marla_house-54516336-4176-1.html
10 MARLA HOUSE IN PIA HOUSING SCHEME BLOCK C,PKR 4.65 Crore,46500000,5,6,10 Marla,2250.0,20666,House,False,6,6VerifiedShare on FacebookShare on TwitterShare on WhatsAppSend via GMailSend via E-Mail,88,Houses_Lahore,for_sale,2026-07-24,https://www.zameen.com/Property/pia_housing_scheme_pia_housing_scheme_-_block_c_10_marla_house_in_pia_housing_scheme_block_c-54516314-4146-1.html
10 MARLA LUXARY HOUSE IN JOHAR TOWN,PKR 5.3 Crore,53000000,5,6,10 Marla,2250.0,23555,House,False,13,13VerifiedShare on FacebookShare on TwitterShare on WhatsAppSend via GMailSend via E-Mail,89,Houses_Lahore,for_sale,2026-07-24,https://www.zameen.com/Property/johar_town_phase_1_johar_town_phase_1_-_block_e2_10_marla_luxary_house_in_johar_town-54516299-3954-1.html
ETTHAD TOWN PHASE 1 3 MARLA BRAND NEW HOUSE,PKR 2.1 Crore,21000000,4,4,3 Marla,675.0,31111,House,False,7,7VerifiedShare on FacebookShare on TwitterShare on WhatsAppSend via GMailSend via E-Mail,88,Houses_Lahore,for_sale,2026-07-24,https://www.zameen.com/Property/etihad_town_etihad_town_phase_1_etthad_town_phase_1_3_marla_brand_new_house-54516311-16882-1.html
5 MARLA LUXURY HOUSE IN SUN FORT GARDENS,PKR 2.8 Crore,28000000,5,6,5 Marla,1125.0,24888,House,False,12,12VerifiedShare on FacebookShare on TwitterShare on WhatsAppSend via GMailSend via E-Mail,89,Houses_Lahore,for_sale,2026-07-24,https://www.zameen.com/Property/lahore_sunfort_gardens_5_marla_luxury_house_in_sun_fort_gardens-54516301-4426-1.html
5 MARLA DOUBLE STORY HOUSE IN JOHAR TOWN Q BLOCK,PKR 2.5 Crore,25000000,4,5,5 Marla,1125.0,22222,House,False,6,6VerifiedShare on FacebookShare on TwitterShare on WhatsAppSend via GMailSend via E-Mail,88,Houses_Lahore,for_sale,2026-07-24,https://www.zameen.com/Property/johar_town_phase_2_johar_town_phase_2_-_block_q_5_marla_double_story_house_in_johar_town_q_block-54516305-3978-1.html
3 MARLA LUXARY HOUSE IN AIRLINE SOCIETY NEAR TO UCP MAIN KHAYABAN JINNAH ROAD,PKR 1.85 Crore,18500000,3,3,3 Marla,675.0,27407,House,False,12,12VerifiedShare on FacebookShare on TwitterShare on WhatsAppSend via GMailSend via E-Mail,89,Houses_Lahore,for_sale,2026-07-24,https://www.zameen.com/Property/lahore_airline_housing_society_3_marla_luxary_house_in_airline_society_near_to_ucp_main_khayaban_jinnah_road-54516304-1290-1.html
5 Marla Double Storey Brand New Luxery Stylish Ultra Spanish Style House Available For Sale In Joher Town Phase Ii Lahore By Fast Property Services Real Estate And Builders Lahore Its Own Built,PKR 3.5 Crore,35000000,6,6,5 Marla,1125.0,31111,House,True,23,super hot23Share on FacebookShare on TwitterShare on WhatsAppSend via GMailSend via E-Mail,90,Houses_Lahore,for_sale,2026-07-24,https://www.zameen.com/Property/johar_town_johar_town_phase_2_5_marla_double_storey_brand_new_luxery_stylish_ultra_spanish_style_house_available_for_sale_in_joher_town_phase_ii_lahore_by_fast_property_services_real_estate_and_builders_lahore_its_own_built-52598252-3961-1.html
5 Marla Brand New Luxury Modern Style House All Original Picture Direct Meeting Available For Sale In Johar Town Phase 2.,PKR 3.5 Crore,35000000,5,6,5 Marla,1125.0,31111,House,True,21,super hot21Share on FacebookShare on TwitterShare on WhatsAppSend via GMailSend via E-Mail,90,Houses_Lahore,for_sale,2026-07-24,https://www.zameen.com/Property/johar_town_johar_town_phase_2_5_marla_brand_new_luxury_modern_style_house_all_original_picture_direct_meeting_available_for_sale_in_johar_town_phase_2-54114966-3961-1.html
1 KANAL MODERN HOUSE IN DHA PHASE 6 GOOD LOCATION,PKR 8.7 Crore,87000000,5,6,1 Kanal,4500.0,19333,House,True,19,super hot19Share on FacebookShare on TwitterShare on WhatsAppSend via GMailSend via E-Mail,90,Houses_Lahore,for_sale,2026-07-24,https://www.zameen.com/Property/dha_defence_dha_phase_6_1_kanal_modern_house_in_dha_phase_6_good_location-50961419-1448-1.html
2 Bed Townhouse for Sale On 5 Year Installment Plan,PKR 1.39 Crore,13899999,1,2,5 Marla,1125.0,12355,House,True,9,super hot9Share on FacebookShare on TwitterShare on WhatsAppSend via GMailSend via E-Mail,89,Houses_Lahore,for_sale,2026-07-24,https://www.zameen.com/Property/lake_city_sector_m_8_lake_city_townhouses_2_bed_townhouse_for_sale_on_5_year_installment_plan-54511344-21955-1.html
Park Facing 10 Marla Brand New House For Sale In Lake City - Sector M-2A Raiwind Road Lahore,PKR 5.85 Crore,58500000,6,6,10 Marla,2250.0,26000,House,True,26,super hot26Share on FacebookShare on TwitterShare on WhatsAppSend via GMailSend via E-Mail,90,Houses_Lahore,for_sale,2026-07-24,https://www.zameen.com/Property/lake_city_lake_city_-_sector_m-2a_park_facing_10_marla_brand_new_house_for_sale_in_lake_city_-_sector_m-2a_raiwind_road_lahore-54338519-4002-1.html
1 Kanal Double Unit House For Sale DHA Phase 3 Block X (Next To Corner),PKR 7.9 Crore,79000000,5,6,1 Kanal,4500.0,17555,House,True,18,super hot18Share on FacebookShare on TwitterShare on WhatsAppSend via GMailSend via E-Mail,90,Houses_Lahore,for_sale,2026-07-24,https://www.zameen.com/Property/dha_phase_3_dha_phase_3_-_block_x_1_kanal_double_unit_house_for_sale_dha_phase_3_block_x_next_to_corner-54297350-1585-1.html
Prime Location House For sale Situated In Punjab University Phase 2 - Block B,PKR 2.4 Crore,24000000,5,5,5 Marla,1125.0,21333,House,True,33,super hot331VerifiedShare on FacebookShare on TwitterShare on WhatsAppSend via GMailSend via E-Mail,99,Houses_Lahore,for_sale,2026-07-24,https://www.zameen.com/Property/punjab_university_society_phase_2_punjab_university_phase_2_-_block_b_prime_location_house_for_sale_situated_in_punjab_university_phase_2_-_block_b-54449035-12806-1.html
This Is Your Chance To Buy House In Paragon City - Executive Block,PKR 7.5 Crore,75000000,8,6,1 Kanal,4500.0,16666,House,True,50,super hot501VerifiedShare on FacebookShare on TwitterShare on WhatsAppSend via GMailSend via E-Mail,99,Houses_Lahore,for_sale,2026-07-24,https://www.zameen.com/Property/paragon_city_paragon_city_-_executive_block_this_is_your_chance_to_buy_house_in_paragon_city_-_executive_block-54493310-4116-1.html
Your Search For Prime Location House In Lake City Meadows Ends Here,PKR 2.12 Crore,21200000,3,4,5 Marla,1125.0,18844,House,True,48,super hot48VerifiedShare on FacebookShare on TwitterShare on WhatsAppSend via GMailSend via E-Mail,98,Houses_Lahore,for_sale,2026-07-24,https://www.zameen.com/Property/lahore_lake_city_meadows_your_search_for_prime_location_house_in_lake_city_meadows_ends_here-54508962-487-1.html
3 Years Installment Plan Luxury 5 Marla Brand New House In Park View City Lahore,PKR 1.5 Crore,15000000,4,5,5 Marla,1125.0,13333,House,True,14,super hot14Share on FacebookShare on TwitterShare on WhatsAppSend via GMailSend via E-Mail,90,Houses_Lahore,for_sale,2026-07-24,https://www.zameen.com/Property/lahore_park_view_city_3_years_installment_plan_luxury_5_marla_brand_new_house_in_park_view_city_lahore-54443275-1466-1.html
05 Marla Brand New House For Sale Available in DHA Phase 11 Rahbar Lahore,PKR 2.75 Crore,27500000,3,4,5 Marla,1125.0,24444,House,True,16,hot16Share on FacebookShare on TwitterShare on WhatsAppSend via GMailSend via E-Mail,84,Houses_Lahore,for_sale,2026-07-24,https://www.zameen.com/Property/dha_11_rahbar_dha_11_rahbar_sector_2_05_marla_brand_new_house_for_sale_available_in_dha_phase_11_rahbar_lahore-53086062-3717-1.html
01 Kanal Brand New Ultra Modern Designer Full Furnished House For Sale Available Near Valencia Town Lahore,PKR 6.9 Crore,69000000,7,6,1 Kanal,4500.0,15333,House,True,23,hot23Share on FacebookShare on TwitterShare on WhatsAppSend via GMailSend via E-Mail,84,Houses_Lahore,for_sale,2026-07-24,https://www.zameen.com/Property/lahore_valencia_housing_society_01_kanal_brand_new_ultra_modern_designer_full_furnished_house_for_sale_available_near_valencia_town_lahore-53086862-373-1.html
20 Marla Luxury House For Sale In Bismillah Housing Socitey,PKR 9.5 Crore,95000000,6,6,1 Kanal,4500.0,21111,House,False,28,hot28Share on FacebookShare on TwitterShare on WhatsAppSend via GMailSend via E-Mail,84,Houses_Lahore,for_sale,2026-07-24,https://www.zameen.com/Property/gt_road_bismillah_housing_scheme_20_marla_luxury_house_for_sale_in_bismillah_housing_socitey-53337634-8446-1.html
2 Marla House For Sale In Gold Land Housing Scheme,PKR 85 Lakh,8500000,3,4,2 Marla,450.0,18888,House,False,14,hot14Share on FacebookShare on TwitterShare on WhatsAppSend via GMailSend via E-Mail,84,Houses_Lahore,for_sale,2026-07-24,https://www.zameen.com/Property/lahore_gt_road_2_marla_house_for_sale_in_gold_land_housing_scheme-53384374-472-1.html
5 Marla Beautyfull House For Sale In Bismillah Housing Scheme,PKR 2.35 Crore,23500000,4,5,5 Marla,1125.0,20888,House,False,21,hot21Share on FacebookShare on TwitterShare on WhatsAppSend via GMailSend via E-Mail,84,Houses_Lahore,for_sale,2026-07-24,https://www.zameen.com/Property/gt_road_bismillah_housing_scheme_5_marla_beautyfull_house_for_sale_in_bismillah_housing_scheme-53420349-8446-1.html
3 Marla Facing Park House For Sale In Bismillah Housing Scheme,PKR 1.6 Crore,16000000,3,4,3 Marla,675.0,23703,House,False,20,hot20Share on FacebookShare on TwitterShare on WhatsAppSend via GMailSend via E-Mail,84,Houses_Lahore,for_sale,2026-07-24,https://www.zameen.com/Property/gt_road_bismillah_housing_scheme_3_marla_facing_park_house_for_sale_in_bismillah_housing_scheme-53725329-8446-1.html
3 Marla Beautiful House For Sale In Bismillah Housing Scheme,PKR 1.4 Crore,14000000,3,4,3 Marla,675.0,20740,House,False,12,hot12Share on FacebookShare on TwitterShare on WhatsAppSend via GMailSend via E-Mail,84,Houses_Lahore,for_sale,2026-07-24,https://www.zameen.com/Property/gt_road_bismillah_housing_scheme_3_marla_beautiful_house_for_sale_in_bismillah_housing_scheme-54273757-8446-1.html
5 MARLA LUXARY HOUSE IN ETIHAD TOWN RAWIND ROAD LAHORE,PKR 2.8 Crore,28000000,4,5,5 Marla,1125.0,24888,House,False,13,13VerifiedShare on FacebookShare on TwitterShare on WhatsAppSend via GMailSend via E-Mail,89,Houses_Lahore,for_sale,2026-07-24,https://www.zameen.com/Property/etihad_town_etihad_town_phase_1_5_marla_luxary_house_in_etihad_town_rawind_road_lahore-54516303-16882-1.html
3 MARLA LUXARY HOUSE IN ETTHAD TOWN PHASE 1 FACING PARK,PKR 2 Crore,20000000,3,4,3 Marla,675.0,29629,House,False,9,9VerifiedShare on FacebookShare on TwitterShare on WhatsAppSend via GMailSend via E-Mail,88,Houses_Lahore,for_sale,2026-07-24,https://www.zameen.com/Property/etihad_town_etihad_town_phase_1_3_marla_luxary_house_in_etthad_town_phase_1_facing_park-54516302-16882-1.html
10 MARLA HOUSE IN PIA HOUSING SCHEME BLOCK C,PKR 4.65 Crore,46500000,5,6,10 Marla,2250.0,20666,House,False,6,6VerifiedShare on FacebookShare on TwitterShare on WhatsAppSend via GMailSend via E-Mail,88,Houses_Lahore,for_sale,2026-07-24,https://www.zameen.com/Property/pia_housing_scheme_pia_housing_scheme_-_block_c_10_marla_house_in_pia_housing_scheme_block_c-54516293-4146-1.html
5 MARLA TRIPLE STOREY LUXURY HOUSE ETIHAD TOWN PHASE 1,PKR 3.45 Crore,34500000,5,5,5 Marla,1125.0,30666,House,False,12,12VerifiedShare on FacebookShare on TwitterShare on WhatsAppSend via GMailSend via E-Mail,89,Houses_Lahore,for_sale,2026-07-24,https://www.zameen.com/Property/etihad_town_phase_1_etihad_town_phase_1_-_block_c_5_marla_triple_storey_luxury_house_etihad_town_phase_1-54516300-21456-1.html
12 MARLA LUXARAY HOUSE IN JOHAR TOWN FOR SALE,PKR 6.5 Crore,65000000,6,7,12 Marla,2700.0,24074,House,False,11,11VerifiedShare on FacebookShare on TwitterShare on WhatsAppSend via GMailSend via E-Mail,89,Houses_Lahore,for_sale,2026-07-24,https://www.zameen.com/Property/johar_town_phase_2_johar_town_phase_2_-_block_h3_12_marla_luxaray_house_in_johar_town_for_sale-54516298-3968-1.html
10 MARLA BRAND NEW HOUSE IN LAKE CITY M-2A,PKR 5.7 Crore,57000000,5,6,10 Marla,2250.0,25333,House,False,9,9VerifiedShare on FacebookShare on TwitterShare on WhatsAppSend via GMailSend via E-Mail,88,Houses_Lahore,for_sale,2026-07-24,https://www.zameen.com/Property/lake_city_lake_city_-_sector_m-2a_10_marla_brand_new_house_in_lake_city_m-2a-54516296-4002-1.html
2 Kanal Luxury House for Sale in DHA Lahore | Unfurnished Designer Bungalow near park and mosque budget deal in town,PKR 25.5 Crore,255000000,6,7,2 Kanal,9000.0,28333,House,False,14,14Share on FacebookShare on TwitterShare on WhatsAppSend via GMailSend via E-Mail,81,Houses_Lahore,for_sale,2026-07-24,https://www.zameen.com/Property/dha_phase_6_dha_phase_6_-_block_l_2_kanal_luxury_house_for_sale_in_dha_lahore_unfurnished_designer_bungalow_near_park_and_mosque_budget_deal_in_town-54516295-1620-1.html
ETTHAD TOWN PHASE 1 3 MARLA BRAND NEW HOUSE,PKR 2.1 Crore,21000000,4,4,3 Marla,675.0,31111,House,False,8,8VerifiedShare on FacebookShare on TwitterShare on WhatsAppSend via GMailSend via E-Mail,88,Houses_Lahore,for_sale,2026-07-24,https://www.zameen.com/Property/etihad_town_etihad_town_phase_1_etthad_town_phase_1_3_marla_brand_new_house-54516291-16882-1.html
Spanish Design 1 Kanal Brand New House For Sale In DHA Phase 6,PKR 10.4 Crore,104000000,5,6,1 Kanal,4500.0,23111,House,True,17,super hot17Share on FacebookShare on TwitterShare on WhatsAppSend via GMailSend via E-Mail,90,Houses_Lahore,for_sale,2026-07-24,https://www.zameen.com/Property/dha_defence_dha_phase_6_spanish_design_1_kanal_brand_new_house_for_sale_in_dha_phase_6-54455133-1448-1.html
Sale A House In Lahore Prime Location,PKR 6.4 Crore,64000000,4,5,10 Marla,2250.0,28444,House,True,31,super hot31VerifiedShare on FacebookShare on TwitterShare on WhatsAppSend via GMailSend via E-Mail,98,Houses_Lahore,for_sale,2026-07-24,https://www.zameen.com/Property/dha_defence_dha_phase_7_sale_a_house_in_lahore_prime_location-54452042-1450-1.html
DHA Phase 7 House Sized 1 Kanal Is Available,PKR 10 Crore,100000000,5,6,1 Kanal,4500.0,22222,House,True,21,super hot21VerifiedShare on FacebookShare on TwitterShare on WhatsAppSend via GMailSend via E-Mail,98,Houses_Lahore,for_sale,2026-07-24,https://www.zameen.com/Property/dha_defence_dha_phase_7_dha_phase_7_house_sized_1_kanal_is_available-54452110-1450-1.html
SYED BROTHERS PROUDLY OFFERS: 1-Kanal Elegant Old Bungalow Is Available In The Best Block Of DHA Lahore.,PKR 9.5 Crore,95000000,5,6,1 Kanal,4500.0,21111,House,True,50,super hot50Share on FacebookShare on TwitterShare on WhatsAppSend via GMailSend via E-Mail,90,Houses_Lahore,for_sale,2026-07-24,https://www.zameen.com/Property/dha_defence_dha_phase_7_syed_brothers_proudly_offers_1-kanal_elegant_old_bungalow_is_available_in_the_best_block_of_dha_lahore-54508057-1450-1.html
5 Marla Brand New House Available For Sale In Lake City,PKR 3.15 Crore,31500000,4,4,5 Marla,1125.0,28000,House,True,17,super hot17Share on FacebookShare on TwitterShare on WhatsAppSend via GMailSend via E-Mail,90,Houses_Lahore,for_sale,2026-07-24,https://www.zameen.com/Property/lake_city_sector_m_8_lake_city_sector_m8_-_block_b2_5_marla_brand_new_house_available_for_sale_in_lake_city-54476912-18653-1.html
2 Kanal Modern Luxury House Near Mosque And Park,PKR 45 Crore,450000000,6,7,2 Kanal,9000.0,50000,House,True,31,super hot31Share on FacebookShare on TwitterShare on WhatsAppSend via GMailSend via E-Mail,90,Houses_Lahore,for_sale,2026-07-24,https://www.zameen.com/Property/dha_defence_dha_phase_6_2_kanal_modern_luxury_house_near_mosque_and_park-54247508-1448-1.html
"Elegant 1 Kanal Home For Sale In The Heart Of DHA (Askari 11) Spacious, Stylish &Amp; Ready To Move In!",PKR 8.65 Crore,86500000,4,6,1 Kanal,4500.0,19222,House,True,33,super hot331VerifiedShare on FacebookShare on TwitterShare on WhatsAppSend via GMailSend via E-Mail,99,Houses_Lahore,for_sale,2026-07-24,https://www.zameen.com/Property/askari_askari_11_elegant_1_kanal_home_for_sale_in_the_heart_of_dha_askari_11_spacious_stylish_amp_ready_to_move_in-52714998-1503-1.html
A Statement of Luxury. A Masterpiece of Modern Living,PKR 24 Crore,240000000,5,6,1 Kanal,4500.0,53333,House,True,10,super hot10Share on FacebookShare on TwitterShare on WhatsAppSend via GMailSend via E-Mail,90,Houses_Lahore,for_sale,2026-07-24,https://www.zameen.com/Property/dha_phase_6_dha_phase_6_-_block_k_a_statement_of_luxury_a_masterpiece_of_modern_living-54413896-1619-1.html
Brand New Luxury 1 Kanal Designer House | DHA Phase 6 | 5 Master Beds | Near Main Boulevard,PKR 17.75 Crore,177500000,17,6,1 Kanal,4500.0,39444,House,True,6,super hot6Share on FacebookShare on TwitterShare on WhatsAppSend via GMailSend via E-Mail,89,Houses_Lahore,for_sale,2026-07-24,https://www.zameen.com/Property/dha_phase_6_dha_phase_6_-_block_d_brand_new_luxury_1_kanal_designer_house_dha_phase_6_5_master_beds_near_main_boulevard-54413509-1613-1.html
Elegant 4 Bed Double Unit House | Prime DHA Phase 6 | Walking Distance To Dolmen Mall | Luxury Living,PKR 6 Crore,60000000,6,5,10 Marla,2250.0,26666,House,True,43,super hot431VerifiedShare on FacebookShare on TwitterShare on WhatsAppSend via GMailSend via E-Mail,99,Houses_Lahore,for_sale,2026-07-24,https://www.zameen.com/Property/dha_phase_6_dha_phase_6_-_block_d_elegant_4_bed_double_unit_house_prime_dha_phase_6_walking_distance_to_dolmen_mall_luxury_living-54454593-1613-1.html
10 Marla Brand New Ultra Modern Designer House For Sale Available In DHA Phase 11 Rahbar Lahore,PKR 4.7 Crore,47000000,5,6,10 Marla,2250.0,20888,House,True,20,hot20Share on FacebookShare on TwitterShare on WhatsAppSend via GMailSend via E-Mail,84,Houses_Lahore,for_sale,2026-07-24,https://www.zameen.com/Property/dha_11_rahbar_dha_11_rahbar_sector_1_10_marla_brand_new_ultra_modern_designer_house_for_sale_available_in_dha_phase_11_rahbar_lahore-53087625-3710-1.html
05 Marla Brand New House For Sale Available In DHA Phase 11 Rahbar Lahore,PKR 2.5 Crore,25000000,3,4,5 Marla,1125.0,22222,House,True,15,hot15Share on FacebookShare on TwitterShare on WhatsAppSend via GMailSend via E-Mail,84,Houses_Lahore,for_sale,2026-07-24,https://www.zameen.com/Property/dha_11_rahbar_dha_11_rahbar_sector_2_05_marla_brand_new_house_for_sale_available_in_dha_phase_11_rahbar_lahore-53087671-3717-1.html
Beautifull House For Sale In Bismillah Housing Scheme,PKR 2.5 Crore,25000000,4,5,5 Marla,1125.0,22222,House,False,10,hot10Share on FacebookShare on TwitterShare on WhatsAppSend via GMailSend via E-Mail,84,Houses_Lahore,for_sale,2026-07-24,https://www.zameen.com/Property/gt_road_bismillah_housing_scheme_beautifull_house_for_sale_in_bismillah_housing_scheme-54008320-8446-1.html
10.25 Marla Ultra Modern House For Sale In Bismillah Housing Scheme,PKR 4.8 Crore,48000000,4,5,10.1 Marla,2272.5,21122,House,False,28,hot28Share on FacebookShare on TwitterShare on WhatsAppSend via GMailSend via E-Mail,84,Houses_Lahore,for_sale,2026-07-24,https://www.zameen.com/Property/gt_road_bismillah_housing_scheme_10_25_marla_ultra_modern_house_for_sale_in_bismillah_housing_scheme-53870395-8446-1.html
3 Marla Luxury House For Sale In Bismillah Housing Scheme,PKR 1.38 Crore,13799999,3,4,3 Marla,675.0,20444,House,False,6,hot6Share on FacebookShare on TwitterShare on WhatsAppSend via GMailSend via E-Mail,83,Houses_Lahore,for_sale,2026-07-24,https://www.zameen.com/Property/gt_road_bismillah_housing_scheme_3_marla_luxury_house_for_sale_in_bismillah_housing_scheme-54347681-8446-1.html
3 Years Installment Plan Luxury 5 Marla Brand New House In Park View City Lahore,PKR 3.25 Crore,32500000,5,6,10 Marla,2250.0,14444,House,False,16,hot16Share on FacebookShare on TwitterShare on WhatsAppSend via GMailSend via E-Mail,84,Houses_Lahore,for_sale,2026-07-24,https://www.zameen.com/Property/lahore_park_view_city_3_years_installment_plan_luxury_5_marla_brand_new_house_in_park_view_city_lahore-54515807-1466-1.html
KANAL ULTRA MODERN EYE CATCHING SUPERB LUXURY BUNGALOW FOR SALE,PKR 8.5 Crore,85000000,5,6,1 Kanal,4500.0,18888,House,False,40,hot40Share on FacebookShare on TwitterShare on WhatsAppSend via GMailSend via E-Mail,84,Houses_Lahore,for_sale,2026-07-24,https://www.zameen.com/Property/dha_phase_7_dha_phase_7_-_block_z_kanal_ultra_modern_eye_catching_superb_luxury_bungalow_for_sale-53550480-9424-1.html
"5.5 Marla Triple Storey 5 Bed House For Sale In Madni Park, Walton Road Lahore Cantt",PKR 3 Crore,30000000,3,5,5.5 Marla,1237.5,24242,House,False,14,14Share on FacebookShare on TwitterShare on WhatsAppSend via GMailSend via E-Mail,81,Houses_Lahore,for_sale,2026-07-24,https://www.zameen.com/Property/lahore_walton_road_5_5_marla_triple_storey_5_bed_house_for_sale_in_madni_park_walton_road_lahore_cantt-54372535-153-1.html
1 KANAL MODERN LUXURY HOUSE ON REASONABLE PRICE AVAILABLE FOR SALE IN BAHRIA TOWN LHR,PKR 7.75 Crore,77500000,6,6,1 Kanal,4500.0,17222,House,True,12,12Share on FacebookShare on TwitterShare on WhatsAppSend via GMailSend via E-Mail,81,Houses_Lahore,for_sale,2026-07-24,https://www.zameen.com/Property/bahria_town_bahria_town_-_sector_b_1_kanal_modern_luxury_house_on_reasonable_price_available_for_sale_in_bahria_town_lhr-54335090-1772-1.html
5 MARLA HOUSE WITH SOLID CONSTRUCTION OR GOOD LOCATION AVAILABLE FOR SALE IN BAHRIA TOWN,PKR 2.1 Crore,21000000,3,4,5 Marla,1125.0,18666,House,True,13,13Share on FacebookShare on TwitterShare on WhatsAppSend via GMailSend via E-Mail,81,Houses_Lahore,for_sale,2026-07-24,https://www.zameen.com/Property/bahria_town_bahria_town_-_sector_f_5_marla_house_with_solid_construction_or_good_location_available_for_sale_in_bahria_town-54330450-3097-1.html
Highly-Desirable 5 Marla House Available In DHA Phase 3 - Block Z,PKR 3.65 Crore,36500000,4,4,5 Marla,1125.0,32444,House,False,20,20VerifiedShare on FacebookShare on TwitterShare on WhatsAppSend via GMailSend via E-Mail,89,Houses_Lahore,for_sale,2026-07-24,https://www.zameen.com/Property/dha_phase_3_dha_phase_3_-_block_z_highly-desirable_5_marla_house_available_in_dha_phase_3_-_block_z-54516264-1588-1.html
10 MARLA LUXURY DESIGNER HOUSE ON PRIME LOCATION AVAILABLE FOR SALE IN BAHRIA TOWN LHR,PKR 5.45 Crore,54500000,5,6,10 Marla,2250.0,24222,House,True,19,19Share on FacebookShare on TwitterShare on WhatsAppSend via GMailSend via E-Mail,81,Houses_Lahore,for_sale,2026-07-24,https://www.zameen.com/Property/bahria_town_bahria_town_-_sector_f_10_marla_luxury_designer_house_on_prime_location_available_for_sale_in_bahria_town_lhr-54486003-3097-1.html
Looking For A House In Bahria Town - Sector C Lahore,PKR 3.4 Crore,34000000,5,5,10 Marla,2250.0,15111,House,True,14,14Share on FacebookShare on TwitterShare on WhatsAppSend via GMailSend via E-Mail,81,Houses_Lahore,for_sale,2026-07-24,https://www.zameen.com/Property/bahria_town_bahria_town_-_sector_c_looking_for_a_house_in_bahria_town_-_sector_c_lahore-54486044-1784-1.html
10 Marla House In Bahria Town - Sector E Best Option,PKR 4.6 Crore,46000000,5,6,10 Marla,2250.0,20444,House,True,10,10Share on FacebookShare on TwitterShare on WhatsAppSend via GMailSend via E-Mail,81,Houses_Lahore,for_sale,2026-07-24,https://www.zameen.com/Property/bahria_town_bahria_town_-_sector_e_10_marla_house_in_bahria_town_-_sector_e_best_option-54489258-1802-1.html
10 MARLA OWNER BUILT USED HOUSE ON LOWEST PRICE WITH SOLAR & GASS INSTALLED AVAILABLE FOR SALE IN BAHRIA TOWN,PKR 2.99 Crore,29900000,5,5,10 Marla,2250.0,13288,House,True,13,13Share on FacebookShare on TwitterShare on WhatsAppSend via GMailSend via E-Mail,81,Houses_Lahore,for_sale,2026-07-24,https://www.zameen.com/Property/bahria_town_bahria_town_-_sector_c_10_marla_owner_built_used_house_on_lowest_price_with_solar_gass_installed_available_for_sale_in_bahria_town-54489316-1784-1.html
1 KANAL BRAND NEW ULTRA MODERN DESIGN HOUSE FOR SALE,PKR 6.5 Crore,65000000,6,6,1 Kanal,4500.0,14444,House,True,26,super hot26Share on FacebookShare on TwitterShare on WhatsAppSend via GMailSend via E-Mail,90,Houses_Lahore,for_sale,2026-07-24,https://www.zameen.com/Property/lahore_valencia_housing_society_1_kanal_brand_new_ultra_modern_design_house_for_sale-54234510-373-1.html
5 Marla Modern Designer Furnished House For Sale in Lake City,PKR 3.19 Crore,31900000,4,5,5 Marla,1125.0,28355,House,True,17,super hot17Share on FacebookShare on TwitterShare on WhatsAppSend via GMailSend via E-Mail,90,Houses_Lahore,for_sale,2026-07-24,https://www.zameen.com/Property/raiwind_road_lake_city_5_marla_modern_designer_furnished_house_for_sale_in_lake_city-54386674-1103-1.html
5 Marla Modern House House For Sale in Lake City Sector M-6,PKR 3.49 Crore,34900000,4,5,5 Marla,1125.0,31022,House,True,17,super hot17Share on FacebookShare on TwitterShare on WhatsAppSend via GMailSend via E-Mail,90,Houses_Lahore,for_sale,2026-07-24,https://www.zameen.com/Property/lake_city_lake_city_-_sector_m-6_5_marla_modern_house_house_for_sale_in_lake_city_sector_m-6-54386733-4008-1.html
7 Marla Brand New Designer House For Sale in Lake City Sector M7 C-3,PKR 3.69 Crore,36900000,5,5,7 Marla,1575.0,23428,House,True,20,super hot20Share on FacebookShare on TwitterShare on WhatsAppSend via GMailSend via E-Mail,90,Houses_Lahore,for_sale,2026-07-24,https://www.zameen.com/Property/lake_city_sector_m_7_lake_city_-_sector_m7_-_block_c3_7_marla_brand_new_designer_house_for_sale_in_lake_city_sector_m7_c-3-54414480-15745-1.html
Gas Installed | Park Facing| 10kW Solar | 10 Marla Almost Brand New House for Sale in Lake City Lahore,PKR 5.89 Crore,58900000,6,7,10 Marla,2250.0,26177,House,True,24,super hot24Share on FacebookShare on TwitterShare on WhatsAppSend via GMailSend via E-Mail,90,Houses_Lahore,for_sale,2026-07-24,https://www.zameen.com/Property/lake_city_lake_city_-_sector_m-2a_gas_installed_park_facing_10kw_solar_10_marla_almost_brand_new_house_for_sale_in_lake_city_lahore-54431182-4002-1.html
Kahna House Sized 5 Marla House,PKR 1.25 Crore,12500000,5,5,5 Marla,1125.0,11111,House,True,18,super hot18VerifiedShare on FacebookShare on TwitterShare on WhatsAppSend via GMailSend via E-Mail,98,Houses_Lahore,for_sale,2026-07-24,https://www.zameen.com/Property/lahore_kahna_kahna_house_sized_5_marla_house-54490890-9358-1.html
1 Cannal Double Storey House For Sale,PKR 5.75 Crore,57500000,5,6,1 Kanal,4500.0,12777,House,True,8,super hot8Share on FacebookShare on TwitterShare on WhatsAppSend via GMailSend via E-Mail,89,Houses_Lahore,for_sale,2026-07-24,https://www.zameen.com/Property/revenue_society_revenue_society_-_block_a_1_cannal_double_storey_house_for_sale-54425901-8929-1.html
10 Marla Beautiful House For Sale,PKR 4.6 Crore,46000000,5,6,10 Marla,2250.0,20444,House,True,14,super hot14Share on FacebookShare on TwitterShare on WhatsAppSend via GMailSend via E-Mail,90,Houses_Lahore,for_sale,2026-07-24,https://www.zameen.com/Property/lahore_pia_housing_scheme_10_marla_beautiful_house_for_sale-54405227-444-1.html
1 Kanal Double Storey House Available For Sale,PKR 7.5 Crore,75000000,5,6,18 Marla,4050.0,18518,House,True,19,super hot19Share on FacebookShare on TwitterShare on WhatsAppSend via GMailSend via E-Mail,90,Houses_Lahore,for_sale,2026-07-24,https://www.zameen.com/Property/lahore_gulberg_1_kanal_double_storey_house_available_for_sale-54377057-7-1.html
Most Beautiful Eye Catching One Kanal House With Basement Furnished Plus Swimming Pool In DHA Phase 7 For Sale Near To Big Park,PKR 12.45 Crore,124500000,6,7,1 Kanal,4500.0,27666,House,True,41,super hot41Share on FacebookShare on TwitterShare on WhatsAppSend via GMailSend via E-Mail,90,Houses_Lahore,for_sale,2026-07-24,https://www.zameen.com/Property/dha_defence_dha_phase_7_most_beautiful_eye_catching_one_kanal_house_with_basement_furnished_plus_swimming_pool_in_dha_phase_7_for_sale_near_to_big_park-54271239-1450-1.html
1 Kanal Brand New Modern Design Lavish House For Sale In DHA Phase 6,PKR 9.95 Crore,99500000,5,6,1 Kanal,4500.0,22111,House,True,43,hot43Share on FacebookShare on TwitterShare on WhatsAppSend via GMailSend via E-Mail,84,Houses_Lahore,for_sale,2026-07-24,https://www.zameen.com/Property/dha_defence_dha_phase_6_1_kanal_brand_new_modern_design_lavish_house_for_sale_in_dha_phase_6-54099284-1448-1.html
03 Marla Brand New House For Sale Available In Al Kabir Town Phase 2 Raiwind Road In Front Of Lake City Lahore,PKR 1.3 Crore,13000000,4,5,3 Marla,675.0,19259,House,True,19,hot19Share on FacebookShare on TwitterShare on WhatsAppSend via GMailSend via E-Mail,84,Houses_Lahore,for_sale,2026-07-24,https://www.zameen.com/Property/al_kabir_town_al-kabir_town_-_phase_2_03_marla_brand_new_house_for_sale_available_in_al_kabir_town_phase_2_raiwind_road_in_front_of_lake_city_lahore-54452142-11704-1.html
3 Years Installment Plan Luxury 5 Marla Brand New House In Park View City Lahore,PKR 1.5 Crore,15000000,3,2,5 Marla,1125.0,13333,House,False,12,hot12Share on FacebookShare on TwitterShare on WhatsAppSend via GMailSend via E-Mail,84,Houses_Lahore,for_sale,2026-07-24,https://www.zameen.com/Property/lahore_park_view_city_3_years_installment_plan_luxury_5_marla_brand_new_house_in_park_view_city_lahore-54512193-1466-1.html
3 Years Installment Plan Luxury 5 Marla Brand New House In Park View City Lahore,PKR 1.7 Crore,17000000,4,5,5 Marla,1125.0,15111,House,False,12,hot12Share on FacebookShare on TwitterShare on WhatsAppSend via GMailSend via E-Mail,84,Houses_Lahore,for_sale,2026-07-24,https://www.zameen.com/Property/lahore_park_view_city_3_years_installment_plan_luxury_5_marla_brand_new_house_in_park_view_city_lahore-54512015-1466-1.html
1 KANAL SUPERB FURNISEH EYE CATCHING SUPERB LUXURY BUNGALOW FOR SALE,PKR 8.45 Crore,84500000,5,6,1 Kanal,4500.0,18777,House,False,42,hot42Share on FacebookShare on TwitterShare on WhatsAppSend via GMailSend via E-Mail,84,Houses_Lahore,for_sale,2026-07-24,https://www.zameen.com/Property/dha_phase_7_dha_phase_7_-_block_s_1_kanal_superb_furniseh_eye_catching_superb_luxury_bungalow_for_sale-50226176-1626-1.html
2 KANAL ULTRA MODERN SUPER STYLISH LUXURY BUNGALOW FOR SALE ON TOP LOCATION,PKR 13.5 Crore,135000000,5,6,2 Kanal,9000.0,15000,House,False,45,hot45Share on FacebookShare on TwitterShare on WhatsAppSend via GMailSend via E-Mail,84,Houses_Lahore,for_sale,2026-07-24,https://www.zameen.com/Property/dha_defence_dha_phase_7_2_kanal_ultra_modern_super_stylish_luxury_bungalow_for_sale_on_top_location-54367044-1450-1.html
100% ORIGNAL KANAL FULL BASEMENT FULL FURNISHED WITH MINI POOL Ultra Modern SUPER Luxury Bungalow For Sale,PKR 16.5 Crore,165000000,6,7,1 Kanal,4500.0,36666,House,False,49,hot49Share on FacebookShare on TwitterShare on WhatsAppSend via GMailSend via E-Mail,84,Houses_Lahore,for_sale,2026-07-24,https://www.zameen.com/Property/dha_phase_6_dha_phase_6_-_block_c_100_orignal_kanal_full_basement_full_furnished_with_mini_pool_ultra_modern_super_luxury_bungalow_for_sale-52082105-1612-1.html
"5 Marla Brand New Modern Design Lavish House For Sale In Parkview City | For Discounted Price And Original Pictures Download The App ""Signature Lands"".",PKR 2.15 Crore,21500000,4,4,5 Marla,1125.0,19111,House,True,22,22Share on FacebookShare on TwitterShare on WhatsAppSend via GMailSend via E-Mail,81,Houses_Lahore,for_sale,2026-07-24,https://www.zameen.com/Property/park_view_city_park_view_city_-_tulip_overseas_5_marla_brand_new_modern_design_lavish_house_for_sale_in_parkview_city_for_discounted_price_and_original_pictures_download_the_app_signature_lands-53367485-13754-1.html
House Is Available For Sale In Park View City - Tulip Extension Block,PKR 2.2 Crore,22000000,4,4,5 Marla,1125.0,19555,House,True,20,20Share on FacebookShare on TwitterShare on WhatsAppSend via GMailSend via E-Mail,81,Houses_Lahore,for_sale,2026-07-24,https://www.zameen.com/Property/park_view_city_park_view_city_-_tulip_extension_block_house_is_available_for_sale_in_park_view_city_-_tulip_extension_block-53336884-16719-1.html
"1 Kanal Modern House for Sale in Prime Location DHA Phase 4, Lahore",PKR 8.75 Crore,87500000,5,6,1 Kanal,4500.0,19444,House,True,47,47Share on FacebookShare on TwitterShare on WhatsAppSend via GMailSend via E-Mail,81,Houses_Lahore,for_sale,2026-07-24,https://www.zameen.com/Property/dha_phase_4_dha_phase_4_-_block_ff_1_kanal_modern_house_for_sale_in_prime_location_dha_phase_4_lahore-54516183-1594-1.html
Newly Built Fully Furnished Corner House Nearby Park Is Up for Sale in DHA Lahore,PKR 4.35 Crore,43500000,3,4,7 Marla,1575.0,27619,House,False,13,13Share on FacebookShare on TwitterShare on WhatsAppSend via GMailSend via E-Mail,81,Houses_Lahore,for_sale,2026-07-24,https://www.zameen.com/Property/dha_defence_dha_9_town_newly_built_fully_furnished_corner_house_nearby_park_is_up_for_sale_in_dha_lahore-54472452-1452-1.html
10 Marla House For Sale In Jade Block Main Road,PKR 3.85 Crore,38500000,5,6,10 Marla,2250.0,17111,House,False,29,29Share on FacebookShare on TwitterShare on WhatsAppSend via GMailSend via E-Mail,81,Houses_Lahore,for_sale,2026-07-24,https://www.zameen.com/Property/park_view_city_park_view_city_-_jade_block_10_marla_house_for_sale_in_jade_block_main_road-54059435-4135-1.html
5 marla ultra modern house for sale in Bismillah Housing Scheme,PKR 2.6 Crore,26000000,4,5,5 Marla,1125.0,23111,House,False,12,12Share on FacebookShare on TwitterShare on WhatsAppSend via GMailSend via E-Mail,81,Houses_Lahore,for_sale,2026-07-24,https://www.zameen.com/Property/gt_road_bismillah_housing_scheme_5_marla_ultra_modern_house_for_sale_in_bismillah_housing_scheme-54508807-8446-1.html
3 Years Installment Plan Luxury 10 Marla Brand New House In Park View City Lahore,PKR 3.15 Crore,31500000,5,6,10 Marla,2250.0,14000,House,False,13,13VerifiedShare on FacebookShare on TwitterShare on WhatsAppSend via GMailSend via E-Mail,89,Houses_Lahore,for_sale,2026-07-24,https://www.zameen.com/Property/lahore_park_view_city_3_years_installment_plan_luxury_10_marla_brand_new_house_in_park_view_city_lahore-54407326-1466-1.html
5 Marla Ultra Modern House For Sale In Bismillah Housing Scheme,PKR 2.6 Crore,26000000,4,5,5 Marla,1125.0,23111,House,False,14,14Share on FacebookShare on TwitterShare on WhatsAppSend via GMailSend via E-Mail,81,Houses_Lahore,for_sale,2026-07-24,https://www.zameen.com/Property/gt_road_bismillah_housing_scheme_5_marla_ultra_modern_house_for_sale_in_bismillah_housing_scheme-54511428-8446-1.html
TOP OF THE LINE LUXURY MANSION | D-CUTTING | DHA PHASE 8,PKR 26.75 Crore,267500000,6,6,500 Sq. Yd,4500.0,59444,House,True,12,"TitaniumPKR26.75 CroreDHA Phase 8, DHA Defence66500 Sq. Yd.Added: 32 minutes agoSMSCall",87,Houses_Karachi,for_sale,2026-07-24,https://www.zameen.com/Property/dha_defence_dha_phase_8_top_of_the_line_luxury_mansion_d-cutting_dha_phase_8-54060464-1485-1.html
"ULTRALUXE SIGNATURE LIVING MAGNIFICENT 1000 SQUARE YARD ARCHITECT-DESIGNED CONTEMPORARY BUNGALOW FOR SALE IN TOP LANE, DHA PHASE 8, KARACHI",PKR 44 Crore,440000000,6,6,"1,000 Sq. Yd",9000.0,48888,House,True,11,"TitaniumPKR44 CroreDHA Phase 8, DHA Defence661,000 Sq. Yd.Added: 49 minutes agoSMSCall",86,Houses_Karachi,for_sale,2026-07-24,https://www.zameen.com/Property/dha_defence_dha_phase_8_ultraluxe_signature_living_magnificent_1000_square_yard_architect-designed_contemporary_bungalow_for_sale_in_top_lane_dha_phase_8_karachi-54387414-1485-1.html
"200 Sq Yd Villa For Sale Precinct-10A, Bahria Town Karachi. One Unit | 3 Bedrooms | Drawing, Dining, Closed Italian Kitchen & TV Lounge. All Amenities Nearby Including Parks, Mosques & Shopping Galler",PKR 1.72 Crore,17200000,3,3,200 Sq. Yd,1800.0,9555,House,True,27,"TitaniumPKR1.72 CroreBahria Town - Precinct 10-A, Bahria Town Karachi33200 Sq. Yd.Added: 2 hours ago(Updated: 2 hours ago)SMSCall",129,Houses_Karachi,for_sale,2026-07-24,https://www.zameen.com/Property/bahria_town_karachi_bahria_town_-_precinct_10-a_200_sq_yd_villa_for_sale_precinct-10a_bahria_town_karachi_one_unit_3_bedrooms_drawing_dining_closed_italian_kitchen_tv_lounge_all_amenities_nearby_including_parks_mosques_shopping_gallery_just_8_min_drive_from_main_gate-54419478-18125-1.html
500 Yards Brand New Top Quality Bungalow With Pool Basement Available For Sale,PKR 31.5 Crore,315000000,6,6,500 Sq. Yd,4500.0,70000,House,True,48,"TitaniumPKR31.5 CroreDHA Phase 8, DHA Defence66500 Sq. Yd.Added: 2 hours agoSMSCall",83,Houses_Karachi,for_sale,2026-07-24,https://www.zameen.com/Property/dha_defence_dha_phase_8_500_yards_brand_new_top_quality_bungalow_with_pool_basement_available_for_sale-54384174-1485-1.html
Bungalow for Sale 500 Square Yards In DHA Phase 5,PKR 16.5 Crore,165000000,5,6,500 Sq. Yd,4500.0,36666,House,True,12,"TitaniumPKR16.5 CroreDHA Phase 5, DHA Defence56500 Sq. Yd.Added: 2 hours ago(Updated: 2 hours ago)SMSCall",105,Houses_Karachi,for_sale,2026-07-24,https://www.zameen.com/Property/dha_defence_dha_phase_5_bungalow_for_sale_500_square_yards_in_dha_phase_5-54515843-1482-1.html
Brand New 300 Yards Luxury Bungalow For Sale In DHA Phase 8 Near Emaar,PKR 13.5 Crore,135000000,5,6,300 Sq. Yd,2700.0,50000,House,True,50,"PKR13.5 CroreDHA Phase 8 Extension, DHA Phase 856300 Sq. Yd.Added: 2 hours agoSMSCall",85,Houses_Karachi,for_sale,2026-07-24,https://www.zameen.com/Property/dha_phase_8_dha_phase_8_extension_brand_new_300_yards_luxury_bungalow_for_sale_in_dha_phase_8_near_emaar-53314317-1675-1.html
House Of 350 Square Yards In Falcon Complex New Malir Is Available,PKR 10 Crore,100000000,4,4,350 Sq. Yd,3150.0,31746,House,True,24,"PKR10 CroreFalcon Complex New Malir, Malir44350 Sq. Yd.Added: 2 hours ago(Updated: 2 hours ago)SMSCall",102,Houses_Karachi,for_sale,2026-07-24,https://www.zameen.com/Property/malir_falcon_complex_new_malir_house_of_350_square_yards_in_falcon_complex_new_malir_is_available-53658212-9582-1.html
"Elegant 500 Square Yards Bungalow For Sale AFOHS Falcon Complex, New Malir",PKR 11.9 Crore,119000000,5,5,500 Sq. Yd,4500.0,26444,House,True,31,"PKR11.9 CroreFalcon Complex New Malir, Malir55500 Sq. Yd.Added: 2 hours ago(Updated: 2 hours ago)SMSCall",104,Houses_Karachi,for_sale,2026-07-24,https://www.zameen.com/Property/malir_falcon_complex_new_malir_elegant_500_square_yards_bungalow_for_sale_afohs_falcon_complex_new_malir-53658217-9582-1.html
"In Falcon Complex New Malir Of Karachi, A 500 Square Yards House Is Available",PKR 12.75 Crore,127500000,5,5,500 Sq. Yd,4500.0,28333,House,True,23,"PKR12.75 CroreFalcon Complex New Malir, Malir55500 Sq. Yd.Added: 2 hours ago(Updated: 2 hours ago)SMSCall",105,Houses_Karachi,for_sale,2026-07-24,https://www.zameen.com/Property/malir_falcon_complex_new_malir_in_falcon_complex_new_malir_of_karachi_a_500_square_yards_house_is_available-53658218-9582-1.html
"Brand New 500 Square Yards Bungalow, For Sale At Falcon Complex New Malir",PKR 10.6 Crore,106000000,5,5,500 Sq. Yd,4500.0,23555,House,True,16,"PKR10.6 CroreFalcon Complex New Malir, Malir55500 Sq. Yd.Added: 2 hours ago(Updated: 2 hours ago)SMSCall",104,Houses_Karachi,for_sale,2026-07-24,https://www.zameen.com/Property/malir_falcon_complex_new_malir_brand_new_500_square_yards_bungalow_for_sale_at_falcon_complex_new_malir-53658220-9582-1.html
100 square yards well maintained house consisted on 4 bedrooms an located at main Khayaban e Aziz Bhatti DHA phase 7 extension is available for sale in attractive price,PKR 5.5 Crore,55000000,4,4,100 Sq. Yd,900.0,61111,House,True,13,"TitaniumPKR5.5 CroreDHA Phase 7 Extension, DHA Defence44100 Sq. Yd.Added: 1 hour agoSMSCall",91,Houses_Karachi,for_sale,2026-07-24,https://www.zameen.com/Property/dha_defence_dha_phase_7_extension_100_square_yards_well_maintained_house_consisted_on_4_bedrooms_an_located_at_main_khayaban_e_aziz_bhatti_dha_phase_7_extension_is_available_for_sale_in_attractive_price-54516143-1674-1.html
1000 Yards Brand New Bungalow With Pool Basement Available For Sale,PKR 42 Crore,420000000,6,6,"1,000 Sq. Yd",9000.0,46666,House,True,49,"TitaniumPKR42 CroreDHA Phase 6, DHA Defence661,000 Sq. Yd.Added: 2 hours agoSMSCall",83,Houses_Karachi,for_sale,2026-07-24,https://www.zameen.com/Property/dha_defence_dha_phase_6_1000_yards_brand_new_bungalow_with_pool_basement_available_for_sale-53043913-1483-1.html
Get An Attractive Prime Location House In Karachi Under Rs. 115000000,PKR 11.5 Crore,115000000,3,3,665 Sq. Yd,5985.0,19214,House,False,15,"PKR11.5 CroreDHA Phase 1, DHA Defence33665 Sq. Yd.Added: 0 minutes agoSMSCallEmail",82,Houses_Karachi,for_sale,2026-07-24,https://www.zameen.com/Property/dha_defence_dha_phase_1_get_an_attractive_prime_location_house_in_karachi_under_rs_115000000-54384470-1478-1.html
House For Sale Naya Nazimabad Block D 160 Yard,PKR 4.75 Crore,47500000,4,4,160 Sq. Yd,1440.0,32986,House,False,39,"PKR4.75 CroreNaya Nazimabad - Block D, Naya Nazimabad44160 Sq. Yd.Added: 16 minutes ago(Updated: 16 minutes ago)SMSCallEmail",124,Houses_Karachi,for_sale,2026-07-24,https://www.zameen.com/Property/naya_nazimabad_naya_nazimabad_-_block_d_house_for_sale_naya_nazimabad_block_d_160_yard-54127252-14294-1.html
BUNGALOW FOR Sale IQBAL LANE 5 PHASE. 8 100. YARDS,PKR 8 Crore,80000000,3,3,100 Sq. Yd,900.0,88888,House,False,13,"PKR8 CroreDHA Phase 8, DHA Defence33100 Sq. Yd.Added: 23 minutes ago(Updated: 23 minutes ago)SMSCall",100,Houses_Karachi,for_sale,2026-07-24,https://www.zameen.com/Property/dha_defence_dha_phase_8_bungalow_for_sale_iqbal_lane_5_phase_8_100_yards-54065803-1485-1.html
BEAUTIFUL BRAND NEW 80 SQ YARDS G+1 HOUSE FOR SALE,PKR 1.35 Crore,13500000,4,3,80 Sq. Yd,720.0,18750,House,False,45,"PKR1.35 CroreNorth Town Residency, Surjani Town4380 Sq. Yd.Added: 23 minutes agoSMSCall",87,Houses_Karachi,for_sale,2026-07-24,https://www.zameen.com/Property/surjani_town_north_town_residency_beautiful_brand_new_80_sq_yards_g_1_house_for_sale-54121287-10674-1.html
1000 Sq. Yards Bungalow for Sale in DHA Phase 6,PKR 35 Crore,350000000,6,7,"1,000 Sq. Yd",9000.0,38888,House,False,39,"PKR35 CroreDHA Phase 6, DHA Defence671,000 Sq. Yd.Added: 27 minutes ago(Updated: 27 minutes ago)SMSCall",103,Houses_Karachi,for_sale,2026-07-24,https://www.zameen.com/Property/dha_defence_dha_phase_6_1000_sq_yards_bungalow_for_sale_in_dha_phase_6-54431312-1483-1.html
Bungalow For Sale,PKR 5.9 Crore,59000000,3,4,300 Sq. Yd,2700.0,21851,House,False,12,"PKR5.9 CroreModel Colony, Bin Qasim Town34300 Sq. Yd.Added: 11 minutes agoSMSCall",81,Houses_Karachi,for_sale,2026-07-24,https://www.zameen.com/Property/bin_qasim_town_model_colony_bungalow_for_sale-53992114-6601-1.html
270 Sqr Yard Villa For Sale On Booking Easy Installment Plan In Askari 6   3 Years Payment Plan,PKR 6.99 Crore,69900000,5,6,270 Sq. Yd,2430.0,28765,House,False,,"PKR6.99 CroreAskari 6, Malir Cantonment56270 Sq. Yd.Added: 17 minutes agoSMSCallEmail",85,Houses_Karachi,for_sale,2026-07-24,https://www.zameen.com/Property/malir_cantonment_askari_6_270_sqr_yard_villa_for_sale_on_booking_easy_installment_plan_in_askari_6_3_years_payment_plan-54205908-21109-1.html
Prime Location 600 Square Yards House For Sale In North Nazimabad - Block J Karachi,PKR 9.5 Crore,95000000,9,6,600 Sq. Yd,5400.0,17592,House,False,28,"PKR9.5 CroreNorth Nazimabad - Block J, North Nazimabad96600 Sq. Yd.Added: 20 minutes agoSMSCall",95,Houses_Karachi,for_sale,2026-07-24,https://www.zameen.com/Property/north_nazimabad_north_nazimabad_-_block_j_prime_location_600_square_yards_house_for_sale_in_north_nazimabad_-_block_j_karachi-54112561-7218-1.html
CORNER G+2 104 SQ YARDS NEW HOUSE FOR SALE WITH THREE SHOPS,PKR 3.3 Crore,33000000,6,6,104 Sq. Yd,936.0,35256,House,False,50,"PKR3.3 CroreNorth Karachi - Sector 11L, North Karachi66104 Sq. Yd.Added: 23 minutes agoSMSCall",94,Houses_Karachi,for_sale,2026-07-24,https://www.zameen.com/Property/north_karachi_north_karachi_-_sector_11l_corner_g_2_104_sq_yards_new_house_for_sale_with_three_shops-54208260-7193-1.html
"ULTRA-LUXURY BUNGALOW FOR SALE IN | DHA PHASE 8, ZONE E | CHANCE DEAL",PKR 35 Crore,350000000,6,7,666 Sq. Yd,5994.0,58391,House,True,8,"TitaniumPKR35 CroreDHA Phase 8 - Zone E, DHA Phase 867666 Sq. Yd.Added: 25 minutes agoSMSCall",93,Houses_Karachi,for_sale,2026-07-24,https://www.zameen.com/Property/dha_phase_8_dha_phase_8_-_zone_e_ultra-luxury_bungalow_for_sale_in_dha_phase_8_zone_e_chance_deal-53852371-6681-1.html
Slightly Used Bungalow For Sale At Block 4,PKR 15 Crore,150000000,5,7,550 Sq. Yd,4950.0,30303,House,False,12,"PKR15 CroreGulshan-e-Iqbal - Block 4, Gulshan-e-Iqbal57550 Sq. Yd.Added: 26 minutes agoSMSCall",94,Houses_Karachi,for_sale,2026-07-24,https://www.zameen.com/Property/gulshan_e_iqbal_gulshan-e-iqbal_-_block_4_slightly_used_bungalow_for_sale_at_block_4-54022412-6864-1.html
BUNGALOW FOR SALE IN KH-E-QASIM PHASE 8 DHA KARACHI,PKR 25 Crore,250000000,5,5,666 Sq. Yd,5994.0,41708,House,True,11,"TitaniumPKR25 CroreDHA Phase 8 - Zone A, DHA Phase 855666 Sq. Yd.Added: 26 minutes agoSMSCall",93,Houses_Karachi,for_sale,2026-07-24,https://www.zameen.com/Property/dha_phase_8_dha_phase_8_-_zone_a_bungalow_for_sale_in_kh-e-qasim_phase_8_dha_karachi-53329200-6677-1.html
"OWNER-BUILT LUXURY MANSION KHAYABAN-E-QASIM, ZONE A PHASE 8",PKR 26.5 Crore,265000000,5,6,500 Sq. Yd,4500.0,58888,House,True,33,"TitaniumPKR26.5 CroreDHA Phase 8 - Zone A, DHA Phase 856500 Sq. Yd.Added: 26 minutes agoSMSCall",95,Houses_Karachi,for_sale,2026-07-24,https://www.zameen.com/Property/dha_phase_8_dha_phase_8_-_zone_a_owner-built_luxury_mansion_khayaban-e-qasim_zone_a_phase_8-53894736-6677-1.html
End Your Search For House Here And sale Now,PKR 8.8 Crore,88000000,4,4,350 Sq. Yd,3150.0,27936,House,True,14,super hot14VerifiedShare on FacebookShare on TwitterShare on WhatsAppSend via GMailSend via E-Mail,98,Houses_Karachi,for_sale,2026-07-24,https://www.zameen.com/Property/malir_falcon_complex_new_malir_end_your_search_for_house_here_and_sale_now-54029439-9582-1.html
MAGNIFICENT BRAND NEW 444 SQUARE YARD CORNER HOUSE | Contemporary Luxury Redefined,PKR 10.5 Crore,105000000,6,6,444 Sq. Yd,3996.0,26276,House,True,50,super hot501Share on FacebookShare on TwitterShare on WhatsAppSend via GMailSend via E-Mail,91,Houses_Karachi,for_sale,2026-07-24,https://www.zameen.com/Property/gulshan_e_maymar_gulshan-e-maymar_-_sector_w_magnificent_brand_new_444_square_yard_corner_house_contemporary_luxury_redefined-54512986-6759-1.html
"1000 Sq. Yards Bungalow For Sale DHA Phase 6, Karachi",PKR 28 Crore,280000000,5,6,"1,000 Sq. Yd",9000.0,31111,House,True,24,super hot24Share on FacebookShare on TwitterShare on WhatsAppSend via GMailSend via E-Mail,90,Houses_Karachi,for_sale,2026-07-24,https://www.zameen.com/Property/dha_defence_dha_phase_6_1000_sq_yards_bungalow_for_sale_dha_phase_6_karachi-54422124-1483-1.html
"Prime Location 250 Square Yards Modern Design House Available For Sale in Precinct-1 Near Bahria Main Gate, Bahria Town Karachi",PKR 2.9 Crore,29000000,5,5,250 Sq. Yd,2250.0,12888,House,True,14,super hot14Share on FacebookShare on TwitterShare on WhatsAppSend via GMailSend via E-Mail,90,Houses_Karachi,for_sale,2026-07-24,https://www.zameen.com/Property/bahria_town_karachi_bahria_town_-_precinct_1_prime_location_250_square_yards_modern_design_house_available_for_sale_in_precinct-1_near_bahria_main_gate_bahria_town_karachi-54418093-10007-1.html
House For Sale In Bahria Sports City,PKR 1.94 Crore,19400000,4,4,350 Sq. Yd,3150.0,6158,House,True,10,super hot101VerifiedShare on FacebookShare on TwitterShare on WhatsAppSend via GMailSend via E-Mail,99,Houses_Karachi,for_sale,2026-07-24,https://www.zameen.com/Property/bahria_town_karachi_bahria_sports_city_house_for_sale_in_bahria_sports_city-52914753-10061-1.html
Elegant Brand New 350 Sq. Yards Bungalow Available For Sale In Falcon Complex New Malir,PKR 8.85 Crore,88500000,4,5,350 Sq. Yd,3150.0,28095,House,True,14,super hot141VerifiedShare on FacebookShare on TwitterShare on WhatsAppSend via GMailSend via E-Mail,99,Houses_Karachi,for_sale,2026-07-24,https://www.zameen.com/Property/malir_falcon_complex_new_malir_elegant_brand_new_350_sq_yards_bungalow_available_for_sale_in_falcon_complex_new_malir-54389036-9582-1.html
Falcon Complex New Malir 350 Square Yard New Design West Open House For Sale,PKR 9.75 Crore,97500000,4,4,350 Sq. Yd,3150.0,30952,House,True,18,super hot18VerifiedShare on FacebookShare on TwitterShare on WhatsAppSend via GMailSend via E-Mail,98,Houses_Karachi,for_sale,2026-07-24,https://www.zameen.com/Property/malir_falcon_complex_new_malir_falcon_complex_new_malir_350_square_yard_new_design_west_open_house_for_sale-54290094-9582-1.html
Double story 400 Square Yard 6 Bedrooms With Attached Bathrooms Demand 735000000,PKR 7.35 Crore,73500000,7,7,400 Sq. Yd,3600.0,20416,House,True,44,super hot44Share on FacebookShare on TwitterShare on WhatsAppSend via GMailSend via E-Mail,90,Houses_Karachi,for_sale,2026-07-24,https://www.zameen.com/Property/karachi_gulshan-e-iqbal_town_double_story_400_square_yard_6_bedrooms_with_attached_bathrooms_demand_735000000-54219475-6858-1.html
Gulistan e Johar VIP Block 2 240 Sq Yd G+1 Bungalow | 3 Bed DD Each Floor | Lease,PKR 6.5 Crore,65000000,6,6,240 Sq. Yd,2160.0,30092,House,True,33,super hot33Share on FacebookShare on TwitterShare on WhatsAppSend via GMailSend via E-Mail,90,Houses_Karachi,for_sale,2026-07-24,https://www.zameen.com/Property/gulistan_e_jauhar_gulistan-e-jauhar_-_block_2_gulistan_e_johar_vip_block_2_240_sq_yd_g_1_bungalow_3_bed_dd_each_floor_lease-54400515-6825-1.html
Brand New 500 Yards Bungalow Available For Sale Dha Phase Viii,PKR 26 Crore,260000000,7,6,500 Sq. Yd,4500.0,57777,House,True,49,super hot49Share on FacebookShare on TwitterShare on WhatsAppSend via GMailSend via E-Mail,90,Houses_Karachi,for_sale,2026-07-24,https://www.zameen.com/Property/dha_defence_dha_phase_8_brand_new_500_yards_bungalow_available_for_sale_dha_phase_viii-54472000-1485-1.html
1000 Yards Brand New Super Luxury House For Sale Near Khe Shaheen,PKR 44 Crore,440000000,6,6,"1,000 Sq. Yd",9000.0,48888,House,True,46,hot46Share on FacebookShare on TwitterShare on WhatsAppSend via GMailSend via E-Mail,84,Houses_Karachi,for_sale,2026-07-24,https://www.zameen.com/Property/dha_phase_8_dha_phase_8_-_zone_a_1000_yards_brand_new_super_luxury_house_for_sale_near_khe_shaheen-52962144-6677-1.html
Perfect 350 Square Yards House In Falcon Complex New Malir For sale,PKR 9.06 Crore,90600000,4,4,350 Sq. Yd,3150.0,28761,House,True,14,hot14VerifiedShare on FacebookShare on TwitterShare on WhatsAppSend via GMailSend via E-Mail,92,Houses_Karachi,for_sale,2026-07-24,https://www.zameen.com/Property/malir_falcon_complex_new_malir_perfect_350_square_yards_house_in_falcon_complex_new_malir_for_sale-54029431-9582-1.html
Old Bungalow Available For Sale At Phsse 4,PKR 10 Crore,100000000,4,5,300 Sq. Yd,2700.0,37037,House,False,8,hot8Share on FacebookShare on TwitterShare on WhatsAppSend via GMailSend via E-Mail,83,Houses_Karachi,for_sale,2026-07-24,https://www.zameen.com/Property/dha_defence_dha_phase_4_old_bungalow_available_for_sale_at_phsse_4-54435955-1481-1.html
3Bed DDL 125 sq yd Villa FOR SALE at Precicnt-10B (All Amenities Nearby) Heighted Location Investor Rates,PKR 90 Lakh,9000000,90,3,125 Sq. Yd,1125.0,8000,House,False,15,hot15Share on FacebookShare on TwitterShare on WhatsAppSend via GMailSend via E-Mail,84,Houses_Karachi,for_sale,2026-07-24,https://www.zameen.com/Property/bahria_town_karachi_bahria_town_-_precinct_10-b_3bed_ddl_125_sq_yd_villa_for_sale_at_precicnt-10b_all_amenities_nearby_heighted_location_investor_rates-54416088-18126-1.html
"Luxury Duplex Bungalow for Sale 100 Sq. Yards | Khayaban-e-Iqbal, DHA Phase 8, Karachi",PKR 10 Crore,100000000,3,5,100 Sq. Yd,900.0,111111,House,False,31,hot31Share on FacebookShare on TwitterShare on WhatsAppSend via GMailSend via E-Mail,84,Houses_Karachi,for_sale,2026-07-24,https://www.zameen.com/Property/clifton_khayaban-e-iqbal_luxury_duplex_bungalow_for_sale_100_sq_yards_khayaban-e-iqbal_dha_phase_8_karachi-54515897-21806-1.html
"Bungalow 500 Sq Yds, West Open, At Good Location In Falcon Complex New Malir",PKR 10.95 Crore,109500000,5,5,500 Sq. Yd,4500.0,24333,House,False,35,hot35VerifiedShare on FacebookShare on TwitterShare on WhatsAppSend via GMailSend via E-Mail,92,Houses_Karachi,for_sale,2026-07-24,https://www.zameen.com/Property/malir_falcon_complex_new_malir_bungalow_500_sq_yds_west_open_at_good_location_in_falcon_complex_new_malir-53658177-9582-1.html
West Open Falcon Complex New Malir House Sized 500 Square Yards,PKR 11.45 Crore,114500000,6,6,500 Sq. Yd,4500.0,25444,House,False,14,hot14VerifiedShare on FacebookShare on TwitterShare on WhatsAppSend via GMailSend via E-Mail,92,Houses_Karachi,for_sale,2026-07-24,https://www.zameen.com/Property/malir_falcon_complex_new_malir_west_open_falcon_complex_new_malir_house_sized_500_square_yards-53658181-9582-1.html
BRAND NEW BANGLOW 500 YARDS POOL BASEMENT ROOMI A ZONE PHASE 8,PKR 25 Crore,250000000,5,6,500 Sq. Yd,4500.0,55555,House,True,9,9VerifiedShare on FacebookShare on TwitterShare on WhatsAppSend via GMailSend via E-Mail,88,Houses_Karachi,for_sale,2026-07-24,https://www.zameen.com/Property/dha_phase_8_dha_phase_8_-_zone_a_brand_new_banglow_500_yards_pool_basement_roomi_a_zone_phase_8-53860928-6677-1.html
"House Sized 120 Square Yards Is Available For Sale In Yaqoob Shah Basti, Near 4k Chowrangi",PKR 30 Lakh,3000000,2,3,120 Sq. Yd,1080.0,2777,House,False,15,15Share on FacebookShare on TwitterShare on WhatsAppSend via GMailSend via E-Mail,81,Houses_Karachi,for_sale,2026-07-24,https://www.zameen.com/Property/karachi_mangopir_house_sized_120_square_yards_is_available_for_sale_in_yaqoob_shah_basti_near_4k_chowrangi-54516368-265-1.html
"FURNISHED LUXURY MANSION | 500 SQ. YDS | PRIME PHASE 8, DHA",PKR 25 Crore,250000000,6,7,500 Sq. Yd,4500.0,55555,House,True,13,13Share on FacebookShare on TwitterShare on WhatsAppSend via GMailSend via E-Mail,81,Houses_Karachi,for_sale,2026-07-24,https://www.zameen.com/Property/dha_phase_8_dha_phase_8_-_zone_b_furnished_luxury_mansion_500_sq_yds_prime_phase_8_dha-53926727-6678-1.html
Two Unit House Near Bilal Masjid  Phase 7,PKR 21 Crore,210000000,6,6,500 Sq. Yd,4500.0,46666,House,True,6,6Share on FacebookShare on TwitterShare on WhatsAppSend via GMailSend via E-Mail,80,Houses_Karachi,for_sale,2026-07-24,https://www.zameen.com/Property/dha_phase_6_khayaban-e-shahbaz_two_unit_house_near_bilal_masjid_phase_7-54022008-20765-1.html
LUXURIOUS 666 SQ. YD ELITE MANSION | PRIVATE POOL & CINEMA | DHA KARACHI,PKR 43 Crore,430000000,6,6,666 Sq. Yd,5994.0,71738,House,True,27,27Share on FacebookShare on TwitterShare on WhatsAppSend via GMailSend via E-Mail,81,Houses_Karachi,for_sale,2026-07-24,https://www.zameen.com/Property/dha_defence_dha_phase_8_luxurious_666_sq_yd_elite_mansion_private_pool_cinema_dha_karachi-54053967-1485-1.html
"ULTRA-LUXURY FURNISHED BUNGALOW | CHANCE DEAL | KH-E-MUHAFIZ, PHASE 6",PKR 16.25 Crore,162500000,6,6,500 Sq. Yd,4500.0,36111,House,True,11,11Share on FacebookShare on TwitterShare on WhatsAppSend via GMailSend via E-Mail,81,Houses_Karachi,for_sale,2026-07-24,https://www.zameen.com/Property/dha_defence_dha_phase_6_ultra-luxury_furnished_bungalow_chance_deal_kh-e-muhafiz_phase_6-54061231-1483-1.html
Bahria Town - Ali Block 125 Square Yards House Up For sale,PKR 1.38 Crore,13799999,3,3,125 Sq. Yd,1125.0,12266,House,True,15,super hot151Share on FacebookShare on TwitterShare on WhatsAppSend via GMailSend via E-Mail,91,Houses_Karachi,for_sale,2026-07-24,https://www.zameen.com/Property/bahria_town_precinct_12_bahria_town_-_ali_block_bahria_town_-_ali_block_125_square_yards_house_up_for_sale-52909555-10023-1.html
Brand New House For Sale Purpose,PKR 8 Crore,80000000,5,6,375 Sq. Yd,3375.0,23703,House,True,5,super hot5Share on FacebookShare on TwitterShare on WhatsAppSend via GMailSend via E-Mail,89,Houses_Karachi,for_sale,2026-07-24,https://www.zameen.com/Property/malir_cantonment_askari_6_brand_new_house_for_sale_purpose-44838384-21109-1.html
"125 Sq Yd Ali Block Villa For Sale Bahria Town Karachi. 3 Bedrooms | All Facilities Nearby Including Park, Mosque, Shopping Gallery & PSO Petrol Pump | Prime Location | Ready For Living.",PKR 1.38 Crore,13799999,1,3,125 Sq. Yd,1125.0,12266,House,True,20,super hot201Share on FacebookShare on TwitterShare on WhatsAppSend via GMailSend via E-Mail,91,Houses_Karachi,for_sale,2026-07-24,https://www.zameen.com/Property/bahria_town_precinct_12_bahria_town_-_ali_block_125_sq_yd_ali_block_villa_for_sale_bahria_town_karachi_3_bedrooms_all_facilities_nearby_including_park_mosque_shopping_gallery_pso_petrol_pump_prime_location_ready_for_living-54420156-10023-1.html
350 Square Yards Villas Available For Sale in Precinct 35 Bahria Sports City Bahria Town Karachi,PKR 1.8 Crore,18000000,4,4,350 Sq. Yd,3150.0,5714,House,True,16,super hot16Share on FacebookShare on TwitterShare on WhatsAppSend via GMailSend via E-Mail,90,Houses_Karachi,for_sale,2026-07-24,https://www.zameen.com/Property/bahria_sports_city_bahria_town_-_precinct_35_350_square_yards_villas_available_for_sale_in_precinct_35_bahria_sports_city_bahria_town_karachi-54320926-11868-1.html
Chance Deal 1000 Sq. Yards Well-Maintained House for Sale DHA Phase 5,PKR 23 Crore,230000000,6,7,"1,000 Sq. Yd",9000.0,25555,House,True,28,super hot28Share on FacebookShare on TwitterShare on WhatsAppSend via GMailSend via E-Mail,90,Houses_Karachi,for_sale,2026-07-24,https://www.zameen.com/Property/dha_defence_dha_phase_5_chance_deal_1000_sq_yards_well-maintained_house_for_sale_dha_phase_5-54510537-1482-1.html
Prime Location Sale The Ideally Located House For An Incredible Price,PKR 3.5 Crore,35000000,5,5,272 Sq. Yd,2448.0,14297,House,True,,super hotShare on FacebookShare on TwitterShare on WhatsAppSend via GMailSend via E-Mail,88,Houses_Karachi,for_sale,2026-07-24,https://www.zameen.com/Property/bahria_town_karachi_bahria_town_-_precinct_1_prime_location_sale_the_ideally_located_house_for_an_incredible_price-54460430-10007-1.html
A Spacious Prime Location 125 Square Yards House In Bahria Town - Ali Block,PKR 1.3 Crore,13000000,4,4,125 Sq. Yd,1125.0,11555,House,True,11,super hot11VerifiedShare on FacebookShare on TwitterShare on WhatsAppSend via GMailSend via E-Mail,98,Houses_Karachi,for_sale,2026-07-24,https://www.zameen.com/Property/bahria_town_precinct_12_bahria_town_-_ali_block_a_spacious_prime_location_125_square_yards_house_in_bahria_town_-_ali_block-54078160-10023-1.html
350 Sq Yards House For Sale Prime Location,PKR 9.1 Crore,91000000,4,5,350 Sq. Yd,3150.0,28888,House,True,13,super hot131VerifiedShare on FacebookShare on TwitterShare on WhatsAppSend via GMailSend via E-Mail,99,Houses_Karachi,for_sale,2026-07-24,https://www.zameen.com/Property/malir_falcon_complex_new_malir_350_sq_yards_house_for_sale_prime_location-54347555-9582-1.html
Precinct 6 272 Sq Yds Brand New Villa for Sale A++ Construction | Near Masjid & Park,PKR 3.25 Crore,32500000,6,6,272 Sq. Yd,2448.0,13276,House,True,8,super hot81Share on FacebookShare on TwitterShare on WhatsAppSend via GMailSend via E-Mail,90,Houses_Karachi,for_sale,2026-07-24,https://www.zameen.com/Property/bahria_town_karachi_bahria_town_-_precinct_6_precinct_6_272_sq_yds_brand_new_villa_for_sale_a_construction_near_masjid_park-54252466-10014-1.html
Premium Corner House For Sale,PKR 15 Crore,150000000,5,5,500 Sq. Yd,4500.0,33333,House,True,12,super hot12Share on FacebookShare on TwitterShare on WhatsAppSend via GMailSend via E-Mail,90,Houses_Karachi,for_sale,2026-07-24,https://www.zameen.com/Property/dha_defence_dha_phase_6_premium_corner_house_for_sale-54427225-1483-1.html
Good 350 Square Yards House For Sale In Falcon Complex New Malir,PKR 9.04 Crore,90399999,4,4,350 Sq. Yd,3150.0,28698,House,True,14,hot14VerifiedShare on FacebookShare on TwitterShare on WhatsAppSend via GMailSend via E-Mail,92,Houses_Karachi,for_sale,2026-07-24,https://www.zameen.com/Property/malir_falcon_complex_new_malir_good_350_square_yards_house_for_sale_in_falcon_complex_new_malir-54029432-9582-1.html
500 Square Yards House For Sale In Falcon Complex New Malir,PKR 11.06 Crore,110600000,5,5,500 Sq. Yd,4500.0,24577,House,True,17,hot17VerifiedShare on FacebookShare on TwitterShare on WhatsAppSend via GMailSend via E-Mail,92,Houses_Karachi,for_sale,2026-07-24,https://www.zameen.com/Property/malir_falcon_complex_new_malir_500_square_yards_house_for_sale_in_falcon_complex_new_malir-54029412-9582-1.html
Prime Location 500 Sq Yards House in AFOHS New Malir,PKR 12.25 Crore,122500000,5,5,500 Sq. Yd,4500.0,27222,House,False,31,hot31Share on FacebookShare on TwitterShare on WhatsAppSend via GMailSend via E-Mail,84,Houses_Karachi,for_sale,2026-07-24,https://www.zameen.com/Property/malir_falcon_complex_new_malir_prime_location_500_sq_yards_house_in_afohs_new_malir-53658183-9582-1.html
"Beautifully Designed 350 Sq Yds House In AFOHS Falcon Complex, New Malir.",PKR 8 Crore,80000000,4,5,350 Sq. Yd,3150.0,25396,House,False,40,hot40Share on FacebookShare on TwitterShare on WhatsAppSend via GMailSend via E-Mail,84,Houses_Karachi,for_sale,2026-07-24,https://www.zameen.com/Property/malir_falcon_complex_new_malir_beautifully_designed_350_sq_yds_house_in_afohs_falcon_complex_new_malir-53658200-9582-1.html
350 Square Yards House Available For Sale in AFOHS Falcon New Malir.,PKR 8.65 Crore,86500000,4,5,350 Sq. Yd,3150.0,27460,House,False,33,hot33VerifiedShare on FacebookShare on TwitterShare on WhatsAppSend via GMailSend via E-Mail,92,Houses_Karachi,for_sale,2026-07-24,https://www.zameen.com/Property/malir_falcon_complex_new_malir_350_square_yards_house_available_for_sale_in_afohs_falcon_new_malir-53658205-9582-1.html
"Brand New West Open Corner Bungalow, 350 Square Yards, In Falcon Complex New Malir For Is Available For Sale",PKR 9.5 Crore,95000000,4,5,350 Sq. Yd,3150.0,30158,House,False,16,hot16VerifiedShare on FacebookShare on TwitterShare on WhatsAppSend via GMailSend via E-Mail,92,Houses_Karachi,for_sale,2026-07-24,https://www.zameen.com/Property/malir_falcon_complex_new_malir_brand_new_west_open_corner_bungalow_350_square_yards_in_falcon_complex_new_malir_for_is_available_for_sale-53658207-9582-1.html
Ideally Located House For Sale In Falcon Complex New Malir Available,PKR 12.75 Crore,127500000,6,6,500 Sq. Yd,4500.0,28333,House,False,45,hot45VerifiedShare on FacebookShare on TwitterShare on WhatsAppSend via GMailSend via E-Mail,92,Houses_Karachi,for_sale,2026-07-24,https://www.zameen.com/Property/malir_falcon_complex_new_malir_ideally_located_house_for_sale_in_falcon_complex_new_malir_available-53658208-9582-1.html
ULTRA LUXURY MANSION | 500 SQ. YD | ZONE A | DHA PHASE 8 KARACHI,PKR 25 Crore,250000000,6,6,500 Sq. Yd,4500.0,55555,House,True,16,16Share on FacebookShare on TwitterShare on WhatsAppSend via GMailSend via E-Mail,81,Houses_Karachi,for_sale,2026-07-24,https://www.zameen.com/Property/dha_defence_dha_phase_8_ultra_luxury_mansion_500_sq_yd_zone_a_dha_phase_8_karachi-54060431-1485-1.html
LIKE NEW | 500 SQ. YD BUNGALOW | DHA PHASE 8 KARACHI Zone A,PKR 19.8 Crore,198000000,5,6,500 Sq. Yd,4500.0,44000,House,True,13,13Share on FacebookShare on TwitterShare on WhatsAppSend via GMailSend via E-Mail,81,Houses_Karachi,for_sale,2026-07-24,https://www.zameen.com/Property/dha_defence_dha_phase_8_like_new_500_sq_yd_bungalow_dha_phase_8_karachi_zone_a-54060418-1485-1.html
600 SQ Yards Premium House For Sale | Owner Built 6 Bed House For Sale,PKR 18.5 Crore,185000000,18,6,500 Sq. Yd,4500.0,41111,House,True,25,25Share on FacebookShare on TwitterShare on WhatsAppSend via GMailSend via E-Mail,81,Houses_Karachi,for_sale,2026-07-24,https://www.zameen.com/Property/dha_defence_dha_phase_6_600_sq_yards_premium_house_for_sale_owner_built_6_bed_house_for_sale-54516352-1483-1.html
BRAND NEW 500 SQ. YD MANSION | OPPOSITE CREEK VISTA | DHA PHASE 8,PKR 5.8 Crore,58000000,4,5,100 Sq. Yd,900.0,64444,House,True,14,14Share on FacebookShare on TwitterShare on WhatsAppSend via GMailSend via E-Mail,81,Houses_Karachi,for_sale,2026-07-24,https://www.zameen.com/Property/dha_defence_dha_phase_8_brand_new_500_sq_yd_mansion_opposite_creek_vista_dha_phase_8-54107807-1485-1.html
LUXURY OWNER-BUILT MANSION | FULL BASEMENT & LIFT | DHA KARACHI HOUSE FOR SALE,PKR 26.9 Crore,269000000,5,5,500 Sq. Yd,4500.0,59777,House,True,17,17Share on FacebookShare on TwitterShare on WhatsAppSend via GMailSend via E-Mail,81,Houses_Karachi,for_sale,2026-07-24,https://www.zameen.com/Property/dha_phase_8_dha_phase_8_-_zone_a_luxury_owner-built_mansion_full_basement_lift_dha_karachi_house_for_sale-54091479-6677-1.html
500 YARDS BANGLOW FULLY RENOVATED JUST LIKE NEW DHA PHASE 5,PKR 16 Crore,160000000,5,6,500 Sq. Yd,4500.0,35555,House,True,14,14Share on FacebookShare on TwitterShare on WhatsAppSend via GMailSend via E-Mail,81,Houses_Karachi,for_sale,2026-07-24,https://www.zameen.com/Property/dha_defence_dha_phase_5_500_yards_banglow_fully_renovated_just_like_new_dha_phase_5-54083040-1482-1.html
BEAUTIFUL 80 SQ YARDS G+1 40 FEET ROAD FACING NEW HOUSE FOR SALE AT GOLD BLOCK NTR-01,PKR 1.35 Crore,13500000,4,4,80 Sq. Yd,720.0,18750,House,False,33,33Share on FacebookShare on TwitterShare on WhatsAppSend via GMailSend via E-Mail,81,Houses_Karachi,for_sale,2026-07-24,https://www.zameen.com/Property/surjani_town_north_town_residency_beautiful_80_sq_yards_g_1_40_feet_road_facing_new_house_for_sale_at_gold_block_ntr-01-54329239-10674-1.html
"PREMIUM | 1,000 SQ. YD LUXURY MANSION | KHAYABAN-E-ITTEHAD | PHASE 6",PKR 42 Crore,420000000,7,7,"1,000 Sq. Yd",9000.0,46666,House,True,19,19Share on FacebookShare on TwitterShare on WhatsAppSend via GMailSend via E-Mail,81,Houses_Karachi,for_sale,2026-07-24,https://www.zameen.com/Property/dha_defence_dha_phase_6_premium_1_000_sq_yd_luxury_mansion_khayaban-e-ittehad_phase_6-54111112-1483-1.html
200 Square Yards Villa Available For Sale In Precinct 10-A BAHRIA TOWN KARACHI,PKR 1.98 Crore,19800000,3,3,200 Sq. Yd,1800.0,11000,House,True,27,super hot271Share on FacebookShare on TwitterShare on WhatsAppSend via GMailSend via E-Mail,91,Houses_Karachi,for_sale,2026-07-24,https://www.zameen.com/Property/bahria_town_karachi_bahria_town_-_precinct_10-a_200_square_yards_villa_available_for_sale_in_precinct_10-a_bahria_town_karachi-52907607-18125-1.html
A Well Designed Prime Location House Is Up For sale In An Ideal Location In Naya Nazimabad,PKR 4.5 Crore,45000000,4,4,120 Sq. Yd,1080.0,41666,House,True,16,super hot161VerifiedShare on FacebookShare on TwitterShare on WhatsAppSend via GMailSend via E-Mail,99,Houses_Karachi,for_sale,2026-07-24,https://www.zameen.com/Property/karachi_naya_nazimabad_a_well_designed_prime_location_house_is_up_for_sale_in_an_ideal_location_in_naya_nazimabad-54508421-10079-1.html
Prime Location House Of 120 Square Yards Is Available For Sale,PKR 3.9 Crore,39000000,4,4,120 Sq. Yd,1080.0,36111,House,True,19,super hot191VerifiedShare on FacebookShare on TwitterShare on WhatsAppSend via GMailSend via E-Mail,99,Houses_Karachi,for_sale,2026-07-24,https://www.zameen.com/Property/karachi_naya_nazimabad_prime_location_house_of_120_square_yards_is_available_for_sale-54508422-10079-1.html
500 Yards Bungalow For Sale in Phase 5,PKR 13 Crore,130000000,4,5,500 Sq. Yd,4500.0,28888,House,True,19,super hot19Share on FacebookShare on TwitterShare on WhatsAppSend via GMailSend via E-Mail,90,Houses_Karachi,for_sale,2026-07-24,https://www.zameen.com/Property/dha_defence_dha_phase_5_500_yards_bungalow_for_sale_in_phase_5-54398298-1482-1.html
Corner 100 Yards Slightly Used West Open Bungalow For Sale DHA Phase 7 Extension.,PKR 5.5 Crore,55000000,4,4,100 Sq. Yd,900.0,61111,House,True,22,super hot22Share on FacebookShare on TwitterShare on WhatsAppSend via GMailSend via E-Mail,90,Houses_Karachi,for_sale,2026-07-24,https://www.zameen.com/Property/dha_defence_dha_phase_7_extension_corner_100_yards_slightly_used_west_open_bungalow_for_sale_dha_phase_7_extension-54399337-1674-1.html
40 Feet Road West Open SECTOR Q3 House For Sale prime location,PKR 1.95 Crore,19500000,4,6,120 Sq. Yd,1080.0,18055,House,True,47,super hot47Share on FacebookShare on TwitterShare on WhatsAppSend via GMailSend via E-Mail,90,Houses_Karachi,for_sale,2026-07-24,https://www.zameen.com/Property/gadap_town_gulshan-e-maymar_40_feet_road_west_open_sector_q3_house_for_sale_prime_location-54021961-680-1.html
600 Square Yard House For Sale In Gulistan E Jauhar Block 3,PKR 9.5 Crore,95000000,10,6,600 Sq. Yd,5400.0,17592,House,True,7,super hot7Share on FacebookShare on TwitterShare on WhatsAppSend via GMailSend via E-Mail,89,Houses_Karachi,for_sale,2026-07-24,https://www.zameen.com/Property/karachi_gulistan-e-jauhar_600_square_yard_house_for_sale_in_gulistan_e_jauhar_block_3-54031614-232-1.html
"Exquisite Brand New 350 Sq Yards House For Sale In AFOHS Falcon Complex, New Malir",PKR 9.5 Crore,95000000,4,5,350 Sq. Yd,3150.0,30158,House,True,15,super hot15Share on FacebookShare on TwitterShare on WhatsAppSend via GMailSend via E-Mail,90,Houses_Karachi,for_sale,2026-07-24,https://www.zameen.com/Property/malir_falcon_complex_new_malir_exquisite_brand_new_350_sq_yards_house_for_sale_in_afohs_falcon_complex_new_malir-53712882-9582-1.html
Beautiful House Is Available For Sale In Gulistan E Zafar,PKR 12.1 Crore,121000000,5,6,200 Sq. Yd,1800.0,67222,House,True,30,super hot301Share on FacebookShare on TwitterShare on WhatsAppSend via GMailSend via E-Mail,91,Houses_Karachi,for_sale,2026-07-24,https://www.zameen.com/Property/jamshed_town_gulistan-e-zafar_beautiful_house_is_available_for_sale_in_gulistan_e_zafar-53626301-12003-1.html
Centrally Located House In North Nazimabad - Block N Is Available For sale,PKR 7.75 Crore,77500000,6,6,233 Sq. Yd,2097.0,36957,House,True,33,super hot33VerifiedShare on FacebookShare on TwitterShare on WhatsAppSend via GMailSend via E-Mail,98,Houses_Karachi,for_sale,2026-07-24,https://www.zameen.com/Property/north_nazimabad_north_nazimabad_-_block_n_centrally_located_house_in_north_nazimabad_-_block_n_is_available_for_sale-54511632-7222-1.html
Elegantly Designed Owner Built Brand New 450 Square Yards 5 Bedroom Bungalow Off Khayaban E Shajjar At Amidst 30th And 36th Street In Zone E Of DHA Phase 8 Is Available For Sale,PKR 22 Crore,220000000,22,5,450 Sq. Yd,4050.0,54320,House,True,44,hot44Share on FacebookShare on TwitterShare on WhatsAppSend via GMailSend via E-Mail,84,Houses_Karachi,for_sale,2026-07-24,https://www.zameen.com/Property/dha_defence_dha_phase_8_elegantly_designed_owner_built_brand_new_450_square_yards_5_bedroom_bungalow_off_khayaban_e_shajjar_at_amidst_30th_and_36th_street_in_zone_e_of_dha_phase_8_is_available_for_sale-54414021-1485-1.html
Semi Furnished Brand New Architect Design 6 Bedroom West Open Bungalow On Ideal Streets Of Zulfiqar At Zone A Of DHA Phase 8 Is Available For Sale,PKR 28.5 Crore,285000000,28,6,500 Sq. Yd,4500.0,63333,House,True,50,hot50Share on FacebookShare on TwitterShare on WhatsAppSend via GMailSend via E-Mail,84,Houses_Karachi,for_sale,2026-07-24,https://www.zameen.com/Property/dha_defence_dha_phase_8_semi_furnished_brand_new_architect_design_6_bedroom_west_open_bungalow_on_ideal_streets_of_zulfiqar_at_zone_a_of_dha_phase_8_is_available_for_sale-54419056-1485-1.html
"Elegant 500 Sq Yds Bungalow For Sale In AFOHS Falcon Complex, New Malir.",PKR 12.5 Crore,125000000,5,5,500 Sq. Yd,4500.0,27777,House,False,19,hot19VerifiedShare on FacebookShare on TwitterShare on WhatsAppSend via GMailSend via E-Mail,92,Houses_Karachi,for_sale,2026-07-24,https://www.zameen.com/Property/malir_falcon_complex_new_malir_elegant_500_sq_yds_bungalow_for_sale_in_afohs_falcon_complex_new_malir-53658210-9582-1.html
Brand New 350 Square Yards Bungalow Is Available For Sale In Falcon Complex New Malir,PKR 8.85 Crore,88500000,4,5,350 Sq. Yd,3150.0,28095,House,False,10,hot10VerifiedShare on FacebookShare on TwitterShare on WhatsAppSend via GMailSend via E-Mail,92,Houses_Karachi,for_sale,2026-07-24,https://www.zameen.com/Property/malir_falcon_complex_new_malir_brand_new_350_square_yards_bungalow_is_available_for_sale_in_falcon_complex_new_malir-53658213-9582-1.html
500 Sq Yards Brand New Corner House At The Best Location Of Falcon Complex New Malir Karachi,PKR 11.65 Crore,116500000,5,5,500 Sq. Yd,4500.0,25888,House,False,22,hot22Share on FacebookShare on TwitterShare on WhatsAppSend via GMailSend via E-Mail,84,Houses_Karachi,for_sale,2026-07-24,https://www.zameen.com/Property/malir_falcon_complex_new_malir_500_sq_yards_brand_new_corner_house_at_the_best_location_of_falcon_complex_new_malir_karachi-53658216-9582-1.html
"Elegant 500 Sq Yds Bungalow For Sale AFOHS Falcon Complex, New Malir",PKR 10.75 Crore,107500000,5,5,500 Sq. Yd,4500.0,23888,House,False,31,hot31VerifiedShare on FacebookShare on TwitterShare on WhatsAppSend via GMailSend via E-Mail,92,Houses_Karachi,for_sale,2026-07-24,https://www.zameen.com/Property/malir_falcon_complex_new_malir_elegant_500_sq_yds_bungalow_for_sale_afohs_falcon_complex_new_malir-53658219-9582-1.html
New Malir Falcon Complex Brand New House For Sale,PKR 8.65 Crore,86500000,4,4,350 Sq. Yd,3150.0,27460,House,False,18,hot18VerifiedShare on FacebookShare on TwitterShare on WhatsAppSend via GMailSend via E-Mail,92,Houses_Karachi,for_sale,2026-07-24,https://www.zameen.com/Property/malir_falcon_complex_new_malir_new_malir_falcon_complex_brand_new_house_for_sale-53658221-9582-1.html
500 SQ YD WELL-MAINTAINED BUNGALOW WITH FULL BASEMENT FOR SALE IN DHA PHASE 8,PKR 20 Crore,200000000,5,6,500 Sq. Yd,4500.0,44444,House,True,13,13Share on FacebookShare on TwitterShare on WhatsAppSend via GMailSend via E-Mail,81,Houses_Karachi,for_sale,2026-07-24,https://www.zameen.com/Property/dha_phase_8_dha_phase_8_-_zone_b_500_sq_yd_well-maintained_bungalow_with_full_basement_for_sale_in_dha_phase_8-54299332-6678-1.html
"EXCLUSIVE SEA-FACING DARAKHSHAN VILLA FOR SALE NEAR KHAYABAN-E-BUKHARI, DHA PHASE 6, KARACHI",PKR 8.25 Crore,82500000,3,3,400 Sq. Yd,3600.0,22916,House,True,21,21Share on FacebookShare on TwitterShare on WhatsAppSend via GMailSend via E-Mail,81,Houses_Karachi,for_sale,2026-07-24,https://www.zameen.com/Property/dha_defence_dha_phase_6_exclusive_sea-facing_darakhshan_villa_for_sale_near_khayaban-e-bukhari_dha_phase_6_karachi-54291831-1483-1.html
EXCLUSIVE HOT DEAL: 500 SQ YD 6-BEDROOM DUAL-UNIT CORNER BUNGALOW FOR SALE IN DHA PHASE 7 (EXTENSION),PKR 13 Crore,130000000,13,7,500 Sq. Yd,4500.0,28888,House,True,16,16Share on FacebookShare on TwitterShare on WhatsAppSend via GMailSend via E-Mail,81,Houses_Karachi,for_sale,2026-07-24,https://www.zameen.com/Property/dha_defence_dha_phase_7_extension_exclusive_hot_deal_500_sq_yd_6-bedroom_dual-unit_corner_bungalow_for_sale_in_dha_phase_7_extension-54309757-1674-1.html
"HOT DEAL: 600SQ YD BUNGALOW FOR SALE ON RAHAT SIDE, DHA PHASE 6 MAIN SHUJAAT",PKR 15 Crore,150000000,6,6,600 Sq. Yd,5400.0,27777,House,True,11,11Share on FacebookShare on TwitterShare on WhatsAppSend via GMailSend via E-Mail,81,Houses_Karachi,for_sale,2026-07-24,https://www.zameen.com/Property/dha_defence_dha_phase_6_hot_deal_600sq_yd_bungalow_for_sale_on_rahat_side_dha_phase_6_main_shujaat-54309160-1483-1.html
CORNER SAADI TOWN BLOCK /5,PKR 2.55 Crore,25500000,4,4,120 Sq. Yd,1080.0,23611,House,False,23,23Share on FacebookShare on TwitterShare on WhatsAppSend via GMailSend via E-Mail,81,Houses_Karachi,for_sale,2026-07-24,https://www.zameen.com/Property/scheme_33_saadi_town_corner_saadi_town_block_5-54508038-6853-1.html
"LUXURY 2+3 BEDROOM DUPLEX/PORTION BUNGALOW FOR SALE IN PRIME DHA, KARACHI",PKR 14 Crore,140000000,14,,300 Sq. Yd,2700.0,51851,House,True,13,13Share on FacebookShare on TwitterShare on WhatsAppSend via GMailSend via E-Mail,81,Houses_Karachi,for_sale,2026-07-24,https://www.zameen.com/Property/dha_defence_dha_phase_4_luxury_2_3_bedroom_duplex_portion_bungalow_for_sale_in_prime_dha_karachi-54324262-1481-1.html
"WELL-MAINTAINED 100 SQ YD BUNGALOW FOR SALE ON KHAYABAN-E-RIZWAN, DHA PHASE 7, KARACHI",PKR 5.6 Crore,56000000,4,4,100 Sq. Yd,900.0,62222,House,True,13,13Share on FacebookShare on TwitterShare on WhatsAppSend via GMailSend via E-Mail,81,Houses_Karachi,for_sale,2026-07-24,https://www.zameen.com/Property/dha_defence_dha_phase_7_extension_well-maintained_100_sq_yd_bungalow_for_sale_on_khayaban-e-rizwan_dha_phase_7_karachi-54320928-1674-1.html
"RARE COMMERCIAL INVESTMENT OPPORTUNITY: 300 SQ YD BUNGALOW FOR SALE ON PRESTIGIOUS 11TH COMMERCIAL, DHA PHASE 4, KARACHI",PKR 11 Crore,110000000,4,6,300 Sq. Yd,2700.0,40740,House,True,30,30Share on FacebookShare on TwitterShare on WhatsAppSend via GMailSend via E-Mail,81,Houses_Karachi,for_sale,2026-07-24,https://www.zameen.com/Property/dha_defence_dha_phase_4_rare_commercial_investment_opportunity_300_sq_yd_bungalow_for_sale_on_prestigious_11th_commercial_dha_phase_4_karachi-54317186-1481-1.html
Naya Nazimabad Block C 120 Sqyd Bungalow For Sale,PKR 4.15 Crore,41500000,4,5,120 Sq. Yd,1080.0,38425,House,True,10,super hot101Share on FacebookShare on TwitterShare on WhatsAppSend via GMailSend via E-Mail,91,Houses_Karachi,for_sale,2026-07-24,https://www.zameen.com/Property/naya_nazimabad_naya_nazimabad_-_block_c_naya_nazimabad_block_c_120_sqyd_bungalow_for_sale-54106456-14293-1.html
PRIME LOCATION CHANCE DEAL BRAND NEW House For Sale In ASKARI 6 Karachi,PKR 7.3 Crore,73000000,5,5,300 Sq. Yd,2700.0,27037,House,True,30,super hot301Share on FacebookShare on TwitterShare on WhatsAppSend via GMailSend via E-Mail,91,Houses_Karachi,for_sale,2026-07-24,https://www.zameen.com/Property/malir_cantonment_askari_6_prime_location_chance_deal_brand_new_house_for_sale_in_askari_6_karachi-53957649-21109-1.html
WEST OPEN BRAND NEW SUH 375 SQY HOUSE ASK 6 AVAIALBE FOR SALE IN MALIR CANTT KARACHI,PKR 8.7 Crore,87000000,5,5,375 Sq. Yd,3375.0,25777,House,True,14,super hot141Share on FacebookShare on TwitterShare on WhatsAppSend via GMailSend via E-Mail,91,Houses_Karachi,for_sale,2026-07-24,https://www.zameen.com/Property/malir_cantonment_askari_6_west_open_brand_new_suh_375_sqy_house_ask_6_avaialbe_for_sale_in_malir_cantt_karachi-51380378-21109-1.html
"Classical Luxury Living | 1000 Yards Bungalow For Sale Main Ittehad, DHA Karachi",PKR 50 Crore,500000000,6,7,"1,000 Sq. Yd",9000.0,55555,House,True,50,super hot50Share on FacebookShare on TwitterShare on WhatsAppSend via GMailSend via E-Mail,90,Houses_Karachi,for_sale,2026-07-24,https://www.zameen.com/Property/dha_defence_dha_phase_6_classical_luxury_living_1000_yards_bungalow_for_sale_main_ittehad_dha_karachi-54021431-1483-1.html
Bungalow for Sale 1000 Square yards in DHA phase 6,PKR 30 Crore,300000000,6,7,"1,000 Sq. Yd",9000.0,33333,House,True,23,super hot23Share on FacebookShare on TwitterShare on WhatsAppSend via GMailSend via E-Mail,90,Houses_Karachi,for_sale,2026-07-24,https://www.zameen.com/Property/dha_defence_dha_phase_6_bungalow_for_sale_1000_square_yards_in_dha_phase_6-54504913-1483-1.html
Beautiful Bungalow For Sale In Naya Nazimabad Block A,PKR 6.55 Crore,65500000,4,4,160 Sq. Yd,1440.0,45486,House,True,32,super hot32Share on FacebookShare on TwitterShare on WhatsAppSend via GMailSend via E-Mail,90,Houses_Karachi,for_sale,2026-07-24,https://www.zameen.com/Property/naya_nazimabad_naya_nazimabad_-_block_a_beautiful_bungalow_for_sale_in_naya_nazimabad_block_a-53852448-14291-1.html
G+2 West Open Beautiful House For Sale In Madras Society Prime Location,PKR 6.1 Crore,61000000,9,6,200 Sq. Yd,1800.0,33888,House,True,14,super hot14Share on FacebookShare on TwitterShare on WhatsAppSend via GMailSend via E-Mail,90,Houses_Karachi,for_sale,2026-07-24,https://www.zameen.com/Property/scheme_33_sector_17_a_madras_cooperative_housing_society_g_2_west_open_beautiful_house_for_sale_in_madras_society_prime_location-54423084-9183-1.html
Corner Lease 325 Yards House For Sale In Capital Housing Society Scheme 33 Karachi,PKR 6.75 Crore,67500000,10,6,325 Sq. Yd,2925.0,23076,House,True,25,super hot251VerifiedShare on FacebookShare on TwitterShare on WhatsAppSend via GMailSend via E-Mail,99,Houses_Karachi,for_sale,2026-07-24,https://www.zameen.com/Property/scheme_33_sector_35_a_capital_cooperative_housing_society_corner_lease_325_yards_house_for_sale_in_capital_housing_society_scheme_33_karachi-54077333-8908-1.html
FALCON COMPLEX BRAND NEW 350 SQYD HOUSE,PKR 9 Crore,90000000,4,5,350 Sq. Yd,3150.0,28571,House,True,12,super hot12Share on FacebookShare on TwitterShare on WhatsAppSend via GMailSend via E-Mail,90,Houses_Karachi,for_sale,2026-07-24,https://www.zameen.com/Property/malir_falcon_complex_new_malir_falcon_complex_brand_new_350_sqyd_house-54482446-9582-1.html
1000 Square Yards House Up For sale In DHA Phase 7,PKR 45 Crore,450000000,6,6,"1,000 Sq. Yd",9000.0,50000,House,True,47,super hot471VerifiedShare on FacebookShare on TwitterShare on WhatsAppSend via GMailSend via E-Mail,99,Houses_Karachi,for_sale,2026-07-24,https://www.zameen.com/Property/dha_defence_dha_phase_7_1000_square_yards_house_up_for_sale_in_dha_phase_7-54471158-1484-1.html
"A Rare Opportunity to Own One of Luxury Duplex Townhouse | Coral Tower, Emaar Oceanfront Karachi",PKR 9 Crore,90000000,3,5,361 Sq. Yd,3249.0,27700,House,True,35,hot35Share on FacebookShare on TwitterShare on WhatsAppSend via GMailSend via E-Mail,84,Houses_Karachi,for_sale,2026-07-24,https://www.zameen.com/Property/emaar_crescent_bay_emaar_coral_towers_a_rare_opportunity_to_own_one_of_luxury_duplex_townhouse_coral_tower_emaar_oceanfront_karachi-53045680-10721-1.html
Prime Location House Of 125 Square Yards Is Available For sale,PKR 1.85 Crore,18500000,4,4,125 Sq. Yd,1125.0,16444,House,True,33,hot33VerifiedShare on FacebookShare on TwitterShare on WhatsAppSend via GMailSend via E-Mail,92,Houses_Karachi,for_sale,2026-07-24,https://www.zameen.com/Property/karachi_bahria_town_karachi_prime_location_house_of_125_square_yards_is_available_for_sale-54514879-8298-1.html
350 Square Yards House Available For Sale In AFOHS Falcon Malir Cantt.,PKR 6.65 Crore,66500000,4,5,350 Sq. Yd,3150.0,21111,House,False,30,hot30VerifiedShare on FacebookShare on TwitterShare on WhatsAppSend via GMailSend via E-Mail,92,Houses_Karachi,for_sale,2026-07-24,https://www.zameen.com/Property/cantt_malir_cantonment_350_square_yards_house_available_for_sale_in_afohs_falcon_malir_cantt-53658227-6654-1.html
350 Square Yards Corner East Open Bungalow Available For Sale At Falcon Complex New Malir Karachi,PKR 8.25 Crore,82500000,4,5,350 Sq. Yd,3150.0,26190,House,False,15,hot15VerifiedShare on FacebookShare on TwitterShare on WhatsAppSend via GMailSend via E-Mail,92,Houses_Karachi,for_sale,2026-07-24,https://www.zameen.com/Property/malir_falcon_complex_new_malir_350_square_yards_corner_east_open_bungalow_available_for_sale_at_falcon_complex_new_malir_karachi-53986201-9582-1.html
Luxury Living 500 Sq Yds Bungalow In AFOHS Falcon Complex,PKR 11.9 Crore,119000000,5,5,500 Sq. Yd,4500.0,26444,House,False,11,hot11VerifiedShare on FacebookShare on TwitterShare on WhatsAppSend via GMailSend via E-Mail,92,Houses_Karachi,for_sale,2026-07-24,https://www.zameen.com/Property/malir_falcon_complex_new_malir_luxury_living_500_sq_yds_bungalow_in_afohs_falcon_complex-53990574-9582-1.html
"500 Sq Yds Bungalow, Near Mosque, At Falcon Complex New Malir Is Available For Sale",PKR 11.1 Crore,111000000,5,5,500 Sq. Yd,4500.0,24666,House,False,14,hot14Share on FacebookShare on TwitterShare on WhatsAppSend via GMailSend via E-Mail,84,Houses_Karachi,for_sale,2026-07-24,https://www.zameen.com/Property/malir_falcon_complex_new_malir_500_sq_yds_bungalow_near_mosque_at_falcon_complex_new_malir_is_available_for_sale-54071462-9582-1.html
"500 Sq Yards House for Sale in Askari-5 Phase 2, Malir Cantt Karachi",PKR 10.25 Crore,102500000,5,6,500 Sq. Yd,4500.0,22777,House,False,12,hot12Share on FacebookShare on TwitterShare on WhatsAppSend via GMailSend via E-Mail,84,Houses_Karachi,for_sale,2026-07-24,https://www.zameen.com/Property/malir_cantonment_askari_5_500_sq_yards_house_for_sale_in_askari-5_phase_2_malir_cantt_karachi-54159855-6655-1.html
ULTRALUXE SIGNATURE LIVING: FULLY FURNISHED 666 SQ YD DESIGNER ESTATE FOR SALE IN DHA PHASE 8,PKR 40 Crore,400000000,5,6,666 Sq. Yd,5994.0,66733,House,True,31,31Share on FacebookShare on TwitterShare on WhatsAppSend via GMailSend via E-Mail,81,Houses_Karachi,for_sale,2026-07-24,https://www.zameen.com/Property/dha_phase_8_dha_phase_8_-_zone_a_ultraluxe_signature_living_fully_furnished_666_sq_yd_designer_estate_for_sale_in_dha_phase_8-54336582-6677-1.html
ULTRALUXE SIGNATURE LIVING: 690 SQ YD ARCHITECTURAL BUNGALOW FOR SALE IN DHA PHASE 5,PKR 44 Crore,440000000,6,7,690 Sq. Yd,6210.0,70853,House,True,40,40Share on FacebookShare on TwitterShare on WhatsAppSend via GMailSend via E-Mail,81,Houses_Karachi,for_sale,2026-07-24,https://www.zameen.com/Property/dha_defence_dha_phase_5_ultraluxe_signature_living_690_sq_yd_architectural_bungalow_for_sale_in_dha_phase_5-54345435-1482-1.html
"ULTRALUXE SIGNATURE LIVING: BRAND NEW 300 SQ YD ARCHITECTURAL BUNGALOW FOR SALE ON SAHIL STREET, DHA PHASE 8",PKR 13.5 Crore,135000000,5,6,300 Sq. Yd,2700.0,50000,House,True,6,6Share on FacebookShare on TwitterShare on WhatsAppSend via GMailSend via E-Mail,80,Houses_Karachi,for_sale,2026-07-24,https://www.zameen.com/Property/dha_phase_8_dha_phase_8_extension_ultraluxe_signature_living_brand_new_300_sq_yd_architectural_bungalow_for_sale_on_sahil_street_dha_phase_8-54341859-1675-1.html
"ULTRALUXE SIGNATURE LIVING: PROPER 2-UNIT 500 SQ YD BUNGALOW FOR SALE ON MAIN SABA AVENUE, DHA PHASE 6",PKR 13.6 Crore,136000000,6,7,500 Sq. Yd,4500.0,30222,House,True,10,10Share on FacebookShare on TwitterShare on WhatsAppSend via GMailSend via E-Mail,81,Houses_Karachi,for_sale,2026-07-24,https://www.zameen.com/Property/dha_defence_dha_phase_6_ultraluxe_signature_living_proper_2-unit_500_sq_yd_bungalow_for_sale_on_main_saba_avenue_dha_phase_6-54337104-1483-1.html
"ULTRALUXE SIGNATURE LIVING: PROPER 2-UNIT 500 SQ YD BUNGALOW FOR SALE ON KHAYABAN-E-SHAHBAZ, DHA PHASE 6",PKR 20.5 Crore,205000000,6,7,500 Sq. Yd,4500.0,45555,House,True,7,7Share on FacebookShare on TwitterShare on WhatsAppSend via GMailSend via E-Mail,80,Houses_Karachi,for_sale,2026-07-24,https://www.zameen.com/Property/dha_phase_6_khayaban-e-shahbaz_ultraluxe_signature_living_proper_2-unit_500_sq_yd_bungalow_for_sale_on_khayaban-e-shahbaz_dha_phase_6-54337059-20765-1.html
"ULTRALUXE SIGNATURE LIVING: 1000 SQ YD DESIGNER RESIDENCE FOR SALE ON KHAYABAN-E-MUHAFIZ, DHA PHASE 6",PKR 41 Crore,410000000,6,7,"1,000 Sq. Yd",9000.0,45555,House,True,7,7Share on FacebookShare on TwitterShare on WhatsAppSend via GMailSend via E-Mail,80,Houses_Karachi,for_sale,2026-07-24,https://www.zameen.com/Property/dha_defence_dha_phase_6_ultraluxe_signature_living_1000_sq_yd_designer_residence_for_sale_on_khayaban-e-muhafiz_dha_phase_6-54336910-1483-1.html
"ULTRALUXE SIGNATURE LIVING: BRAND NEW 700 SQ YD ARCHITECT-DESIGNED LUXURY BUNGALOW FOR SALE IN DHA PHASE 5, KARACHI",PKR 43 Crore,430000000,6,6,700 Sq. Yd,6300.0,68253,House,True,16,16Share on FacebookShare on TwitterShare on WhatsAppSend via GMailSend via E-Mail,81,Houses_Karachi,for_sale,2026-07-24,https://www.zameen.com/Property/dha_defence_dha_phase_5_ultraluxe_signature_living_brand_new_700_sq_yd_architect-designed_luxury_bungalow_for_sale_in_dha_phase_5_karachi-54387421-1482-1.html
"ULTRALUXE SIGNATURE LIVING: MAGNIFICENT 1000 SQ YD ARCHITECT-DESIGNED CONTEMPORARY BUNGALOW FOR SALE IN TOP LANE, DHA PHASE 8, KARACHI",PKR 65 Crore,650000000,6,6,"1,000 Sq. Yd",9000.0,72222,House,True,15,15Share on FacebookShare on TwitterShare on WhatsAppSend via GMailSend via E-Mail,81,Houses_Karachi,for_sale,2026-07-24,https://www.zameen.com/Property/dha_defence_dha_phase_6_ultraluxe_signature_living_magnificent_1000_sq_yd_architect-designed_contemporary_bungalow_for_sale_in_top_lane_dha_phase_8_karachi-54387416-1483-1.html
You Can Find A Gorgeous Prime Location House For Sale In Askari 6,PKR 7.6 Crore,76000000,5,5,300 Sq. Yd,2700.0,28148,House,True,20,super hot20VerifiedShare on FacebookShare on TwitterShare on WhatsAppSend via GMailSend via E-Mail,98,Houses_Karachi,for_sale,2026-07-24,https://www.zameen.com/Property/malir_cantonment_askari_6_you_can_find_a_gorgeous_prime_location_house_for_sale_in_askari_6-54481018-21109-1.html
CHANCE DEAL AT Prime Location In Askari 6 300 Square Yards House For Sale,PKR 7.8 Crore,78000000,5,5,300 Sq. Yd,2700.0,28888,House,True,25,super hot25VerifiedShare on FacebookShare on TwitterShare on WhatsAppSend via GMailSend via E-Mail,98,Houses_Karachi,for_sale,2026-07-24,https://www.zameen.com/Property/malir_cantonment_askari_6_chance_deal_at_prime_location_in_askari_6_300_square_yards_house_for_sale-54481017-21109-1.html
350 Square Yards Fully Renovated House For Sale,PKR 8.55 Crore,85500000,4,5,350 Sq. Yd,3150.0,27142,House,True,36,super hot361VerifiedShare on FacebookShare on TwitterShare on WhatsAppSend via GMailSend via E-Mail,99,Houses_Karachi,for_sale,2026-07-24,https://www.zameen.com/Property/malir_falcon_complex_new_malir_350_square_yards_fully_renovated_house_for_sale-45261204-9582-1.html
350 Square Yard 4 Bed DD Lounge Sports Villas With 100 Square Yard Back Yard LAWN At LOWEST RATE Of MARKET,PKR 2.15 Crore,21500000,2,4,350 Sq. Yd,3150.0,6825,House,True,14,super hot141Share on FacebookShare on TwitterShare on WhatsAppSend via GMailSend via E-Mail,91,Houses_Karachi,for_sale,2026-07-24,https://www.zameen.com/Property/bahria_town_karachi_bahria_sports_city_350_square_yard_4_bed_dd_lounge_sports_villas_with_100_square_yard_back_yard_lawn_at_lowest_rate_of_market-53900199-10061-1.html
Fully Furnished Paradise Villa For Sale In Bahria Town Karachi | Luxury Living In Pakistans Dubai,PKR 5.3 Crore,53000000,5,6,500 Sq. Yd,4500.0,11777,House,True,22,super hot22Share on FacebookShare on TwitterShare on WhatsAppSend via GMailSend via E-Mail,90,Houses_Karachi,for_sale,2026-07-24,https://www.zameen.com/Property/bahria_town_karachi_bahria_paradise_fully_furnished_paradise_villa_for_sale_in_bahria_town_karachi_luxury_living_in_pakistans_dubai-54512967-11458-1.html
BRAND NEW Victorian Style 400 Sq. Yd BUNGALOW FOR SALE IN GULISTAN E JAUHAR,PKR 11.5 Crore,115000000,8,7,400 Sq. Yd,3600.0,31944,House,True,23,super hot23Share on FacebookShare on TwitterShare on WhatsAppSend via GMailSend via E-Mail,90,Houses_Karachi,for_sale,2026-07-24,https://www.zameen.com/Property/karachi_gulistan-e-jauhar_brand_new_victorian_style_400_sq_yd_bungalow_for_sale_in_gulistan_e_jauhar-51576364-232-1.html
Brand new 300 Sq. Yd G+1 Bungalow For Sale In Gulistan-E-Jauhar block 14,PKR 8.1 Crore,81000000,6,7,300 Sq. Yd,2700.0,30000,House,True,11,super hot11Share on FacebookShare on TwitterShare on WhatsAppSend via GMailSend via E-Mail,90,Houses_Karachi,for_sale,2026-07-24,https://www.zameen.com/Property/karachi_gulistan-e-jauhar_brand_new_300_sq_yd_g_1_bungalow_for_sale_in_gulistan-e-jauhar_block_14-54386656-232-1.html
Your Dream Prime Location 120 Square Yards House Is Available In Saadi Garden - Block 5,PKR 1.7 Crore,17000000,2,3,120 Sq. Yd,1080.0,15740,House,True,15,super hot151VerifiedShare on FacebookShare on TwitterShare on WhatsAppSend via GMailSend via E-Mail,99,Houses_Karachi,for_sale,2026-07-24,https://www.zameen.com/Property/saadi_garden_saadi_garden_-_block_5_your_dream_prime_location_120_square_yards_house_is_available_in_saadi_garden_-_block_5-54509134-9089-1.html
Prime Location House For sale In Rs. 52500000,PKR 5.25 Crore,52500000,5,5,160 Sq. Yd,1440.0,36458,House,True,22,super hot221VerifiedShare on FacebookShare on TwitterShare on WhatsAppSend via GMailSend via E-Mail,99,Houses_Karachi,for_sale,2026-07-24,https://www.zameen.com/Property/naya_nazimabad_naya_nazimabad_-_block_d_prime_location_house_for_sale_in_rs_52500000-54508507-14294-1.html
Find Your Ideal Prime Location House In Karachi Under Rs. 42500000,PKR 4.25 Crore,42500000,4,4,120 Sq. Yd,1080.0,39351,House,True,16,super hot161VerifiedShare on FacebookShare on TwitterShare on WhatsAppSend via GMailSend via E-Mail,99,Houses_Karachi,for_sale,2026-07-24,https://www.zameen.com/Property/naya_nazimabad_naya_nazimabad_-_block_c_find_your_ideal_prime_location_house_in_karachi_under_rs_42500000-54508506-14293-1.html
500 Sq. Yd. Well-Maintained Bungalow For Sale | Prime Location DHA Karachi | 5 Bedrooms | Ideal For Families,PKR 15 Crore,150000000,15,6,500 Sq. Yd,4500.0,33333,House,True,13,hot13Share on FacebookShare on TwitterShare on WhatsAppSend via GMailSend via E-Mail,84,Houses_Karachi,for_sale,2026-07-24,https://www.zameen.com/Property/dha_defence_dha_phase_6_500_sq_yd_well-maintained_bungalow_for_sale_prime_location_dha_karachi_5_bedrooms_ideal_for_families-54329620-1483-1.html
Buy Your Ideal 375 Square Yards House In A Prime Location Of Karachi,PKR 8.1 Crore,81000000,5,6,375 Sq. Yd,3375.0,24000,House,True,17,hot17Share on FacebookShare on TwitterShare on WhatsAppSend via GMailSend via E-Mail,84,Houses_Karachi,for_sale,2026-07-24,https://www.zameen.com/Property/malir_cantonment_askari_6_buy_your_ideal_375_square_yards_house_in_a_prime_location_of_karachi-48793752-21109-1.html
30 Square Yards House Ideally Situated In Punjab Colony,PKR 36 Lakh,3600000,2,2,30 Sq. Yd,270.0,13333,House,False,6,hot6VerifiedShare on FacebookShare on TwitterShare on WhatsAppSend via GMailSend via E-Mail,91,Houses_Karachi,for_sale,2026-07-24,https://www.zameen.com/Property/karachi_punjab_colony_30_square_yards_house_ideally_situated_in_punjab_colony-53743297-7253-1.html
110 Square Yards House For sale Available In Orangi Town,PKR 75 Lakh,7500000,4,4,110 Sq. Yd,990.0,7575,House,False,7,hot7VerifiedShare on FacebookShare on TwitterShare on WhatsAppSend via GMailSend via E-Mail,91,Houses_Karachi,for_sale,2026-07-24,https://www.zameen.com/Property/karachi_orangi_town_110_square_yards_house_for_sale_available_in_orangi_town-54499597-682-1.html
Falcon Complex New Malir 350 Square Yards New Design West Open House Up For Sale,PKR 9.2 Crore,92000000,4,4,350 Sq. Yd,3150.0,29206,House,False,19,hot19VerifiedShare on FacebookShare on TwitterShare on WhatsAppSend via GMailSend via E-Mail,92,Houses_Karachi,for_sale,2026-07-24,https://www.zameen.com/Property/malir_falcon_complex_new_malir_falcon_complex_new_malir_350_square_yards_new_design_west_open_house_up_for_sale-54243133-9582-1.html
240 Sq Yd House West Open On Main Boulevard Ready To Move For Sale In Karachi,PKR 2.75 Crore,27500000,4,3,240 Sq. Yd,2160.0,12731,House,False,10,hot10VerifiedShare on FacebookShare on TwitterShare on WhatsAppSend via GMailSend via E-Mail,92,Houses_Karachi,for_sale,2026-07-24,https://www.zameen.com/Property/karachi_motorway_saima_villas_240_sq_yd_house_west_open_on_main_boulevard_ready_to_move_for_sale_in_karachi-54407150-10570-1.html
Prime Location House Of 240 Square Yards In Gulshan-e-Iqbal - Block 1 For sale,PKR 5.25 Crore,52500000,5,5,240 Sq. Yd,2160.0,24305,House,False,5,hot5VerifiedShare on FacebookShare on TwitterShare on WhatsAppSend via GMailSend via E-Mail,91,Houses_Karachi,for_sale,2026-07-24,https://www.zameen.com/Property/gulshan_e_iqbal_gulshan-e-iqbal_-_block_1_prime_location_house_of_240_square_yards_in_gulshan-e-iqbal_-_block_1_for_sale-53982349-6861-1.html
"ULTRALUXE SIGNATURE LIVING: BRAND NEW 500 SQ YD ARCHITECT-DESIGNED CONTEMPORARY BUNGALOW FOR SALE IN TOP LANE, DHA PHASE 8, KARACHI",PKR 30 Crore,300000000,6,6,500 Sq. Yd,4500.0,66666,House,True,11,11Share on FacebookShare on TwitterShare on WhatsAppSend via GMailSend via E-Mail,81,Houses_Karachi,for_sale,2026-07-24,https://www.zameen.com/Property/dha_defence_dha_phase_8_ultraluxe_signature_living_brand_new_500_sq_yd_architect-designed_contemporary_bungalow_for_sale_in_top_lane_dha_phase_8_karachi-54387410-1485-1.html
"ULTRALUXE SIGNATURE LIVING: MAGNIFICENT 1000 SQ YD DESIGNER BUNGALOW WITH POOL, GYM & THEATER FOR SALE IN ZONE A, DHA PHASE 8, KARACHI",PKR 51 Crore,510000000,6,6,"1,000 Sq. Yd",9000.0,56666,House,True,21,21Share on FacebookShare on TwitterShare on WhatsAppSend via GMailSend via E-Mail,81,Houses_Karachi,for_sale,2026-07-24,https://www.zameen.com/Property/dha_defence_dha_phase_8_ultraluxe_signature_living_magnificent_1000_sq_yd_designer_bungalow_with_pool_gym_theater_for_sale_in_zone_a_dha_phase_8_karachi-54387408-1485-1.html
"ULTRALUXE SIGNATURE LIVING: MAGNIFICENT 1000 SQ YD DESIGNER BUNGALOW WITH POOL, GYM & THEATER FOR SALE IN ZONE A, DHA PHASE 8, KARACHI",PKR 55 Crore,550000000,6,6,"1,000 Sq. Yd",9000.0,61111,House,True,22,22Share on FacebookShare on TwitterShare on WhatsAppSend via GMailSend via E-Mail,81,Houses_Karachi,for_sale,2026-07-24,https://www.zameen.com/Property/dha_defence_dha_phase_8_ultraluxe_signature_living_magnificent_1000_sq_yd_designer_bungalow_with_pool_gym_theater_for_sale_in_zone_a_dha_phase_8_karachi-54387401-1485-1.html
"ULTRALUXE SIGNATURE LIVING: DUAL-UNIT INVESTOR BUNGALOW FOR SALE IN D-CUTTING, 1ST BELT, DHA KARACHI",PKR 19.9 Crore,199000000,6,6,500 Sq. Yd,4500.0,44222,House,True,18,18Share on FacebookShare on TwitterShare on WhatsAppSend via GMailSend via E-Mail,81,Houses_Karachi,for_sale,2026-07-24,https://www.zameen.com/Property/dha_defence_dha_phase_8_ultraluxe_signature_living_dual-unit_investor_bungalow_for_sale_in_d-cutting_1st_belt_dha_karachi-54387394-1485-1.html
ULTRALUXE SIGNATURE LIVING: MASSIVE 550 SQ YD 2+3 PLANNING BUNGALOW WITH STUDY FOR SALE,PKR 15.25 Crore,152500000,5,5,550 Sq. Yd,4950.0,30808,House,True,13,13Share on FacebookShare on TwitterShare on WhatsAppSend via GMailSend via E-Mail,81,Houses_Karachi,for_sale,2026-07-24,https://www.zameen.com/Property/dha_defence_dha_phase_7_ultraluxe_signature_living_massive_550_sq_yd_2_3_planning_bungalow_with_study_for_sale-54366189-1484-1.html
"PREMIUM 500 SQ YD BUNGALOW WITH POOL & BASEMENT FOR SALE IN DHA PHASE 8, KARACHI",PKR 29 Crore,290000000,5,6,500 Sq. Yd,4500.0,64444,House,True,11,11Share on FacebookShare on TwitterShare on WhatsAppSend via GMailSend via E-Mail,81,Houses_Karachi,for_sale,2026-07-24,https://www.zameen.com/Property/dha_phase_8_dha_phase_8_-_zone_a_premium_500_sq_yd_bungalow_with_pool_basement_for_sale_in_dha_phase_8_karachi-54456609-6677-1.html
"PREMIUM 1,000 SQ YD 2-UNIT HOUSE FOR SALE IN DHA, KARACHI",PKR 25 Crore,250000000,10,6,"1,000 Sq. Yd",9000.0,27777,House,True,6,6Share on FacebookShare on TwitterShare on WhatsAppSend via GMailSend via E-Mail,80,Houses_Karachi,for_sale,2026-07-24,https://www.zameen.com/Property/dha_defence_dha_phase_2_premium_1_000_sq_yd_2-unit_house_for_sale_in_dha_karachi-54440953-1479-1.html
A Prime Location 400 Square Yards House In Karachi Is On The Market For sale,PKR 15 Crore,150000000,5,5,400 Sq. Yd,3600.0,41666,House,False,6,6VerifiedShare on FacebookShare on TwitterShare on WhatsAppSend via GMailSend via E-Mail,88,Houses_Karachi,for_sale,2026-07-24,https://www.zameen.com/Property/gulshan_e_iqbal_gulshan-e-iqbal_-_block_13_d_a_prime_location_400_square_yards_house_in_karachi_is_on_the_market_for_sale-54352431-6874-1.html
500 Yards Brand New 2 Unit Bungalow  Semi Furnished,PKR 25.7 Crore,257000000,6,6,500 Sq. Yd,4500.0,57111,House,True,14,super hot141Share on FacebookShare on TwitterShare on WhatsAppSend via GMailSend via E-Mail,91,Houses_Karachi,for_sale,2026-07-24,https://www.zameen.com/Property/dha_defence_dha_phase_8_500_yards_brand_new_2_unit_bungalow_semi_furnished-54505127-1485-1.html
Looking For A Prime Location House In Askari 6,PKR 8.5 Crore,85000000,5,5,375 Sq. Yd,3375.0,25185,House,True,19,super hot19VerifiedShare on FacebookShare on TwitterShare on WhatsAppSend via GMailSend via E-Mail,98,Houses_Karachi,for_sale,2026-07-24,https://www.zameen.com/Property/malir_cantonment_askari_6_looking_for_a_prime_location_house_in_askari_6-54481124-21109-1.html
Brand New House,PKR 24.5 Crore,245000000,6,6,500 Sq. Yd,4500.0,54444,House,True,11,super hot11Share on FacebookShare on TwitterShare on WhatsAppSend via GMailSend via E-Mail,90,Houses_Karachi,for_sale,2026-07-24,https://www.zameen.com/Property/dha_defence_dha_phase_8_brand_new_house-54376829-1485-1.html
Ready To Buy A Prime Location House In Askari 6 Karachi,PKR 7.5 Crore,75000000,,,270 Sq. Yd,2430.0,30864,House,True,2,super hot2VerifiedShare on FacebookShare on TwitterShare on WhatsAppSend via GMailSend via E-Mail,97,Houses_Karachi,for_sale,2026-07-24,https://www.zameen.com/Property/malir_cantonment_askari_6_ready_to_buy_a_prime_location_house_in_askari_6_karachi-54481779-21109-1.html
460 Sq. Yards Independent Bungalow Ground + 1 | PECHS Block-2 Livable Condition,PKR 17 Crore,170000000,6,6,460 Sq. Yd,4140.0,41062,House,True,1,super hot1Share on FacebookShare on TwitterShare on WhatsAppSend via GMailSend via E-Mail,89,Houses_Karachi,for_sale,2026-07-24,https://www.zameen.com/Property/pechs_pechs_block_2_460_sq_yards_independent_bungalow_ground_1_pechs_block-2_livable_condition-54417271-6933-1.html
"120 SQ. YD GROUND + 2 HOUSE FOR SALE 5B1, North Karachi",PKR 1.85 Crore,18500000,11,7,120 Sq. Yd,1080.0,17129,House,True,27,super hot271VerifiedShare on FacebookShare on TwitterShare on WhatsAppSend via GMailSend via E-Mail,99,Houses_Karachi,for_sale,2026-07-24,https://www.zameen.com/Property/north_karachi_north_karachi_-_sector_5-b1_120_sq_yd_ground_2_house_for_sale_5b1_north_karachi-54494199-19018-1.html
Brand New 400 Square Yards House Available In Capital Cooperative Housing Society For Sale,PKR 7.7 Crore,77000000,8,,400 Sq. Yd,3600.0,21388,House,True,21,super hot211VerifiedShare on FacebookShare on TwitterShare on WhatsAppSend via GMailSend via E-Mail,99,Houses_Karachi,for_sale,2026-07-24,https://www.zameen.com/Property/scheme_33_sector_35_a_capital_cooperative_housing_society_brand_new_400_square_yards_house_available_in_capital_cooperative_housing_society_for_sale-54422365-8908-1.html
300 Square Yards House In Karachi Is Available For sale,PKR 14 Crore,140000000,5,5,300 Sq. Yd,2700.0,51851,House,True,2,super hot21VerifiedShare on FacebookShare on TwitterShare on WhatsAppSend via GMailSend via E-Mail,98,Houses_Karachi,for_sale,2026-07-24,https://www.zameen.com/Property/dha_defence_dha_phase_8_300_square_yards_house_in_karachi_is_available_for_sale-54508957-1485-1.html
174 Sq. Yards House for Sale in Zubair Town High Rental Income Investment!,PKR 2.6 Crore,26000000,3,3,170 Sq. Yd,1530.0,16993,House,True,7,super hot7Share on FacebookShare on TwitterShare on WhatsAppSend via GMailSend via E-Mail,89,Houses_Karachi,for_sale,2026-07-24,https://www.zameen.com/Property/shah_faisal_town_bagh-e-malir_174_sq_yards_house_for_sale_in_zubair_town_high_rental_income_investment-54125711-7307-1.html
A Prime Location 233 Square Yards House In Karachi Is On The Market For Sale,PKR 8.65 Crore,86500000,6,6,233 Sq. Yd,2097.0,41249,House,True,7,super hot71VerifiedShare on FacebookShare on TwitterShare on WhatsAppSend via GMailSend via E-Mail,98,Houses_Karachi,for_sale,2026-07-24,https://www.zameen.com/Property/north_nazimabad_north_nazimabad_-_block_l_a_prime_location_233_square_yards_house_in_karachi_is_on_the_market_for_sale-53266864-7220-1.html
Brand New Houses For Sale Purpose,PKR 6.8 Crore,68000000,4,5,300 Sq. Yd,2700.0,25185,House,True,22,hot221VerifiedShare on FacebookShare on TwitterShare on WhatsAppSend via GMailSend via E-Mail,93,Houses_Karachi,for_sale,2026-07-24,https://www.zameen.com/Property/malir_cantonment_askari_6_brand_new_houses_for_sale_purpose-46178723-21109-1.html
BRAND NEW HOUSE FOR SALE,PKR 8.5 Crore,85000000,5,6,375 Sq. Yd,3375.0,25185,House,True,,hot1Share on FacebookShare on TwitterShare on WhatsAppSend via GMailSend via E-Mail,83,Houses_Karachi,for_sale,2026-07-24,https://www.zameen.com/Property/malir_cantonment_askari_6_brand_new_house_for_sale-48829677-21109-1.html
Brand New 200 Square Yards House Available In Federal B Area - Block 12 For sale,PKR 7.3 Crore,73000000,9,7,200 Sq. Yd,1800.0,40555,House,False,8,hot81VerifiedShare on FacebookShare on TwitterShare on WhatsAppSend via GMailSend via E-Mail,92,Houses_Karachi,for_sale,2026-07-24,https://www.zameen.com/Property/federal_b_area_federal_b_area_-_block_12_brand_new_200_square_yards_house_available_in_federal_b_area_-_block_12_for_sale-54146096-6696-1.html
Stunning andJust like new House available for sale in Federal B Area - Block 10,PKR 10.55 Crore,105500000,8,6,400 Sq. Yd,3600.0,29305,House,False,9,hot91VerifiedShare on FacebookShare on TwitterShare on WhatsAppSend via GMailSend via E-Mail,92,Houses_Karachi,for_sale,2026-07-24,https://www.zameen.com/Property/federal_b_area_federal_b_area_-_block_10_stunning_andjust_like_new_house_available_for_sale_in_federal_b_area_-_block_10-54173447-6694-1.html
N Block Livable House DC Office,PKR 5.35 Crore,53500000,6,6,256 Sq. Yd,2304.0,23220,House,False,6,hot6Share on FacebookShare on TwitterShare on WhatsAppSend via GMailSend via E-Mail,83,Houses_Karachi,for_sale,2026-07-24,https://www.zameen.com/Property/karachi_north_nazimabad_n_block_livable_house_dc_office-54164830-11-1.html
Unoccupied House Of 240 Square Yards Is Available For sale In Gulshan-e-Iqbal Town,PKR 9.5 Crore,95000000,9,7,240 Sq. Yd,2160.0,43981,House,False,24,hot24Share on FacebookShare on TwitterShare on WhatsAppSend via GMailSend via E-Mail,84,Houses_Karachi,for_sale,2026-07-24,https://www.zameen.com/Property/gulshan_e_iqbal_gulshan-e-iqbal_-_block_1_unoccupied_house_of_240_square_yards_is_available_for_sale_in_gulshan-e-iqbal_town-54489984-6861-1.html
120 Sq Yd Villa Saima Villas Gated Community Prime Location For Sale,PKR 1.25 Crore,12500000,2,2,120 Sq. Yd,1080.0,11574,House,False,6,hot6Share on FacebookShare on TwitterShare on WhatsAppSend via GMailSend via E-Mail,83,Houses_Karachi,for_sale,2026-07-24,https://www.zameen.com/Property/karachi_motorway_saima_villas_120_sq_yd_villa_saima_villas_gated_community_prime_location_for_sale-53832889-10570-1.html
500 Sq. Yards Luxury 6 Bedroom Bungalow for Sale | DHA Phase 8 Zone A | Prime Location | PKR 25.5 Crore,PKR 25.5 Crore,255000000,25,6,500 Sq. Yd,4500.0,56666,House,True,9,9Share on FacebookShare on TwitterShare on WhatsAppSend via GMailSend via E-Mail,80,Houses_Karachi,for_sale,2026-07-24,https://www.zameen.com/Property/dha_phase_8_dha_phase_8_-_zone_a_500_sq_yards_luxury_6_bedroom_bungalow_for_sale_dha_phase_8_zone_a_prime_location_pkr_25_5_crore-54470577-6677-1.html
PREMIUM 500 SQ YD BUNGALOW WITH POOL & BASEMENT FOR SALE,PKR 28 Crore,280000000,6,6,500 Sq. Yd,4500.0,62222,House,True,6,6Share on FacebookShare on TwitterShare on WhatsAppSend via GMailSend via E-Mail,80,Houses_Karachi,for_sale,2026-07-24,https://www.zameen.com/Property/dha_phase_8_dha_phase_8_-_zone_a_premium_500_sq_yd_bungalow_with_pool_basement_for_sale-54468628-6677-1.html
"PREMIUM 150 SQ YD BUNGALOW WITH BASEMENT FOR SALE IN DHA PHASE 8, KARACHI",PKR 11 Crore,110000000,4,4,150 Sq. Yd,1350.0,81481,House,True,10,10Share on FacebookShare on TwitterShare on WhatsAppSend via GMailSend via E-Mail,81,Houses_Karachi,for_sale,2026-07-24,https://www.zameen.com/Property/dha_defence_dha_phase_8_premium_150_sq_yd_bungalow_with_basement_for_sale_in_dha_phase_8_karachi-54463339-1485-1.html
"PREMIUM 500 SQ YD BUNGALOW WITH POOL & BASEMENT FOR SALE IN DHA PHASE 8, KARACHI",PKR 26 Crore,260000000,6,6,500 Sq. Yd,4500.0,57777,House,True,10,10Share on FacebookShare on TwitterShare on WhatsAppSend via GMailSend via E-Mail,81,Houses_Karachi,for_sale,2026-07-24,https://www.zameen.com/Property/dha_phase_8_dha_phase_8_-_zone_b_premium_500_sq_yd_bungalow_with_pool_basement_for_sale_in_dha_phase_8_karachi-54470582-6678-1.html
"BRAND NEW 100 SQ YD LUXURY BUNGALOW WITH FULL BASEMENT FOR SALE IN DHA PHASE 8, KARACHI",PKR 8.5 Crore,85000000,4,5,100 Sq. Yd,900.0,94444,House,True,11,11Share on FacebookShare on TwitterShare on WhatsAppSend via GMailSend via E-Mail,81,Houses_Karachi,for_sale,2026-07-24,https://www.zameen.com/Property/dha_defence_dha_phase_8_brand_new_100_sq_yd_luxury_bungalow_with_full_basement_for_sale_in_dha_phase_8_karachi-54504557-1485-1.html
"EXCELLENT INVESTMENT DEAL: 100/120 SQ YD BUNGALOW WITH FULL BASEMENT FOR SALE ON IQBAL LANE 13, DHA PHASE 8, KARACHI",PKR 9 Crore,90000000,4,5,120 Sq. Yd,1080.0,83333,House,True,12,12Share on FacebookShare on TwitterShare on WhatsAppSend via GMailSend via E-Mail,81,Houses_Karachi,for_sale,2026-07-24,https://www.zameen.com/Property/dha_defence_dha_phase_8_excellent_investment_deal_100_120_sq_yd_bungalow_with_full_basement_for_sale_on_iqbal_lane_13_dha_phase_8_karachi-54504548-1485-1.html
"PRIME 500 SQ YD 5-BEDROOM BUNGALOW FOR SALE ON MAIN KHAYABAN-E-SHUJAAT, DHA PHASE 5, KARACHI",PKR 16.5 Crore,165000000,16,6,500 Sq. Yd,4500.0,36666,House,True,6,6Share on FacebookShare on TwitterShare on WhatsAppSend via GMailSend via E-Mail,80,Houses_Karachi,for_sale,2026-07-24,https://www.zameen.com/Property/dha_defence_dha_phase_5_prime_500_sq_yd_5-bedroom_bungalow_for_sale_on_main_khayaban-e-shujaat_dha_phase_5_karachi-54504535-1482-1.html
Get In Touch Now To Buy A House In North Karachi - Sector 7-D1 Karachi,PKR 85 Lakh,8500000,,,64 Sq. Yd,576.0,14756,House,False,9,9VerifiedShare on FacebookShare on TwitterShare on WhatsAppSend via GMailSend via E-Mail,88,Houses_Karachi,for_sale,2026-07-24,https://www.zameen.com/Property/north_karachi_north_karachi_-_sector_7-d1_get_in_touch_now_to_buy_a_house_in_north_karachi_-_sector_7-d1_karachi-48018293-19019-1.html
400 Yards Demolishing Banglow Ground Plus One Prime Location of PECHS Block-2 near Allama Iqbal Road,PKR 13 Crore,130000000,5,5,400 Sq. Yd,3600.0,36111,House,True,2,super hot2Share on FacebookShare on TwitterShare on WhatsAppSend via GMailSend via E-Mail,89,Houses_Karachi,for_sale,2026-07-24,https://www.zameen.com/Property/pechs_pechs_block_2_400_yards_demolishing_banglow_ground_plus_one_prime_location_of_pechs_block-2_near_allama_iqbal_road-54417178-6933-1.html
500 Yards Brand New Bungalow Is Available For Sale,PKR 17 Crore,170000000,6,6,500 Sq. Yd,4500.0,37777,House,True,14,super hot14Share on FacebookShare on TwitterShare on WhatsAppSend via GMailSend via E-Mail,90,Houses_Karachi,for_sale,2026-07-24,https://www.zameen.com/Property/dha_defence_dha_phase_7_500_yards_brand_new_bungalow_is_available_for_sale-54159362-1484-1.html
Townhouse For Sale,PKR 11 Crore,110000000,5,6,250 Sq. Yd,2250.0,48888,House,True,23,super hot23Share on FacebookShare on TwitterShare on WhatsAppSend via GMailSend via E-Mail,90,Houses_Karachi,for_sale,2026-07-24,https://www.zameen.com/Property/gulshan_e_iqbal_town_bahadurabad_townhouse_for_sale-54495011-524-1.html
1085 Sq. Yards Luxury Mediterranean Spanish Villa for Sale DHA Phase 6.,PKR 45 Crore,450000000,6,7,"1,085 Sq. Yd",9765.0,46082,House,True,12,super hot12Share on FacebookShare on TwitterShare on WhatsAppSend via GMailSend via E-Mail,90,Houses_Karachi,for_sale,2026-07-24,https://www.zameen.com/Property/dha_defence_dha_phase_6_1085_sq_yards_luxury_mediterranean_spanish_villa_for_sale_dha_phase_6-54408037-1483-1.html
500 Yards Well Maintained Bungalow,PKR 12.5 Crore,125000000,5,6,500 Sq. Yd,4500.0,27777,House,True,21,super hot21Share on FacebookShare on TwitterShare on WhatsAppSend via GMailSend via E-Mail,90,Houses_Karachi,for_sale,2026-07-24,https://www.zameen.com/Property/dha_defence_dha_phase_6_500_yards_well_maintained_bungalow-54500471-1483-1.html
Brand New Town House Available For Sale At The Top Notch Location Of Pechs Block 2 Karachi,PKR 10.5 Crore,105000000,5,5,200 Sq. Yd,1800.0,58333,House,True,19,super hot19Share on FacebookShare on TwitterShare on WhatsAppSend via GMailSend via E-Mail,90,Houses_Karachi,for_sale,2026-07-24,https://www.zameen.com/Property/jamshed_town_pechs_brand_new_town_house_available_for_sale_at_the_top_notch_location_of_pechs_block_2_karachi-53377892-403-1.html
Aesthetic Prime Location House Of 300 Square Yards For Sale Is Available,PKR 7.25 Crore,72500000,3,3,300 Sq. Yd,2700.0,26851,House,True,19,super hot19VerifiedShare on FacebookShare on TwitterShare on WhatsAppSend via GMailSend via E-Mail,98,Houses_Karachi,for_sale,2026-07-24,https://www.zameen.com/Property/gulistan_e_jauhar_gulistan-e-jauhar_-_block_15_aesthetic_prime_location_house_of_300_square_yards_for_sale_is_available-54439417-6839-1.html
425 Sq. Yd Ground Plus One Luxurious Bunglow For Sale In Gulistan-E-Jauhar Block 14,PKR 11.5 Crore,115000000,6,7,425 Sq. Yd,3825.0,30065,House,True,41,super hot41Share on FacebookShare on TwitterShare on WhatsAppSend via GMailSend via E-Mail,90,Houses_Karachi,for_sale,2026-07-24,https://www.zameen.com/Property/karachi_gulistan-e-jauhar_425_sq_yd_ground_plus_one_luxurious_bunglow_for_sale_in_gulistan-e-jauhar_block_14-54507787-232-1.html
Brand New House Available For Sale,PKR 16 Crore,160000000,6,7,250 Sq. Yd,2250.0,71111,House,True,20,super hot20Share on FacebookShare on TwitterShare on WhatsAppSend via GMailSend via E-Mail,90,Houses_Karachi,for_sale,2026-07-24,https://www.zameen.com/Property/gulshan_e_iqbal_town_dawood_society_brand_new_house_available_for_sale-54334701-6903-1.html
House For Sale In KDA Scheme 1,PKR 20 Crore,200000000,6,7,500 Sq. Yd,4500.0,44444,House,True,12,super hot12Share on FacebookShare on TwitterShare on WhatsAppSend via GMailSend via E-Mail,90,Houses_Karachi,for_sale,2026-07-24,https://www.zameen.com/Property/karachi_kda_scheme_1_house_for_sale_in_kda_scheme_1-54334692-8292-1.html
Brand New House For Sale Purpose,PKR 7.95 Crore,79500000,5,6,375 Sq. Yd,3375.0,23555,House,True,12,hot121VerifiedShare on FacebookShare on TwitterShare on WhatsAppSend via GMailSend via E-Mail,93,Houses_Karachi,for_sale,2026-07-24,https://www.zameen.com/Property/malir_cantonment_askari_6_brand_new_house_for_sale_purpose-46172387-21109-1.html
3 bed Drawing Dining,PKR 3 Crore,30000000,3,3,185 Sq. Yd,1665.0,18018,House,True,6,hot6Share on FacebookShare on TwitterShare on WhatsAppSend via GMailSend via E-Mail,83,Houses_Karachi,for_sale,2026-07-24,https://www.zameen.com/Property/gulshan_e_iqbal_block_10_a_callachi_cooperative_housing_society_3_bed_drawing_dining-54505991-12954-1.html
160 Sq Yd Villa For Sale Saima Villas Near Main Super Highway,PKR 1.5 Crore,15000000,3,3,160 Sq. Yd,1440.0,10416,House,False,5,hot5Share on FacebookShare on TwitterShare on WhatsAppSend via GMailSend via E-Mail,83,Houses_Karachi,for_sale,2026-07-24,https://www.zameen.com/Property/karachi_motorway_saima_villas_160_sq_yd_villa_for_sale_saima_villas_near_main_super_highway-53832896-10570-1.html
New SD House For Sale In Askari 6 Brand New House installment is also available,PKR 7 Crore,70000000,4,5,266 Sq. Yd,2394.0,29239,House,False,50,hot50VerifiedShare on FacebookShare on TwitterShare on WhatsAppSend via GMailSend via E-Mail,92,Houses_Karachi,for_sale,2026-07-24,https://www.zameen.com/Property/malir_cantonment_askari_6_new_sd_house_for_sale_in_askari_6_brand_new_house_installment_is_also_available-54347667-21109-1.html
Gulistan e Johar Block 15 300 Sq Yard Corner | G+1 | 3 Bed DD Each Floor | Well Maintained,PKR 8.5 Crore,85000000,8,6,300 Sq. Yd,2700.0,31481,House,False,17,hot17Share on FacebookShare on TwitterShare on WhatsAppSend via GMailSend via E-Mail,84,Houses_Karachi,for_sale,2026-07-24,https://www.zameen.com/Property/gulistan_e_jauhar_gulistan-e-jauhar_-_block_15_gulistan_e_johar_block_15_300_sq_yard_corner_g_1_3_bed_dd_each_floor_well_maintained-54402620-6839-1.html
Gulistan e Johar Block 12 400 Sq Yd G+1 | 4 Bed DD Each Floor | Lease,PKR 8.7 Crore,87000000,8,7,"4,000 Sq. Yd",36000.0,2416,House,False,33,hot33Share on FacebookShare on TwitterShare on WhatsAppSend via GMailSend via E-Mail,84,Houses_Karachi,for_sale,2026-07-24,https://www.zameen.com/Property/gulistan_e_jauhar_gulistan-e-jauhar_-_block_12_gulistan_e_johar_block_12_400_sq_yd_g_1_4_bed_dd_each_floor_lease-54383578-6836-1.html
Gulistan e Johar Block 15 300 Sq Yard G+1 | 3 Bed DD Each Floor | Lease House For Sale,PKR 7.25 Crore,72500000,7,6,300 Sq. Yd,2700.0,26851,House,False,23,hot23Share on FacebookShare on TwitterShare on WhatsAppSend via GMailSend via E-Mail,84,Houses_Karachi,for_sale,2026-07-24,https://www.zameen.com/Property/gulistan_e_jauhar_gulistan-e-jauhar_-_block_15_gulistan_e_johar_block_15_300_sq_yard_g_1_3_bed_dd_each_floor_lease_house_for_sale-54376702-6839-1.html
Prime Location 120 Square Yards House In Stunning North Karachi - Sector 7-D1 Is Available For Sale,PKR 2.8 Crore,28000000,,,120 Sq. Yd,1080.0,25925,House,False,7,7VerifiedShare on FacebookShare on TwitterShare on WhatsAppSend via GMailSend via E-Mail,88,Houses_Karachi,for_sale,2026-07-24,https://www.zameen.com/Property/north_karachi_north_karachi_-_sector_7-d1_prime_location_120_square_yards_house_in_stunning_north_karachi_-_sector_7-d1_is_available_for_sale-48643156-19019-1.html
Stunning Prime Location 64 Square Yards House In North Karachi - Sector 7-D3 Available,PKR 55 Lakh,5500000,,,64 Sq. Yd,576.0,9548,House,False,6,6VerifiedShare on FacebookShare on TwitterShare on WhatsAppSend via GMailSend via E-Mail,88,Houses_Karachi,for_sale,2026-07-24,https://www.zameen.com/Property/north_karachi_north_karachi_-_sector_7-d3_stunning_prime_location_64_square_yards_house_in_north_karachi_-_sector_7-d3_available-52192607-8892-1.html
A Prime Location 200 Square Yards House Located In North Karachi - Sector 7D-2 Is Available For Sale,PKR 2.6 Crore,26000000,3,3,200 Sq. Yd,1800.0,14444,House,False,7,7VerifiedShare on FacebookShare on TwitterShare on WhatsAppSend via GMailSend via E-Mail,88,Houses_Karachi,for_sale,2026-07-24,https://www.zameen.com/Property/north_karachi_north_karachi_-_sector_7d-2_a_prime_location_200_square_yards_house_located_in_north_karachi_-_sector_7d-2_is_available_for_sale-52708173-12436-1.html
Ideal Prime Location House For Sale In North Karachi - Sector 7D-2,PKR 2.4 Crore,24000000,6,6,120 Sq. Yd,1080.0,22222,House,False,10,10VerifiedShare on FacebookShare on TwitterShare on WhatsAppSend via GMailSend via E-Mail,89,Houses_Karachi,for_sale,2026-07-24,https://www.zameen.com/Property/north_karachi_north_karachi_-_sector_7d-2_ideal_prime_location_house_for_sale_in_north_karachi_-_sector_7d-2-52708175-12436-1.html
A Prime Location House Of 240 Square Yards In North Karachi - Sector 7-D1,PKR 3 Crore,30000000,3,3,240 Sq. Yd,2160.0,13888,House,False,15,15VerifiedShare on FacebookShare on TwitterShare on WhatsAppSend via GMailSend via E-Mail,89,Houses_Karachi,for_sale,2026-07-24,https://www.zameen.com/Property/north_karachi_north_karachi_-_sector_7-d1_a_prime_location_house_of_240_square_yards_in_north_karachi_-_sector_7-d1-53174433-19019-1.html
Prime Location 200 Square Yards House For Sale In Karachi,PKR 3.5 Crore,35000000,6,6,200 Sq. Yd,1800.0,19444,House,False,10,10VerifiedShare on FacebookShare on TwitterShare on WhatsAppSend via GMailSend via E-Mail,89,Houses_Karachi,for_sale,2026-07-24,https://www.zameen.com/Property/north_karachi_north_karachi_-_sector_7d-2_prime_location_200_square_yards_house_for_sale_in_karachi-52754006-12436-1.html
Centrally Located Prime Location House In North Karachi - Sector 11-C/3 Is Available For sale,PKR 3.5 Crore,35000000,6,6,120 Sq. Yd,1080.0,32407,House,False,18,18VerifiedShare on FacebookShare on TwitterShare on WhatsAppSend via GMailSend via E-Mail,89,Houses_Karachi,for_sale,2026-07-24,https://www.zameen.com/Property/north_karachi_north_karachi_-_sector_11-c_3_centrally_located_prime_location_house_in_north_karachi_-_sector_11-c_3_is_available_for_sale-52765650-9048-1.html
Prime Location House Available For sale In North Karachi - Sector 7-D3,PKR 1.5 Crore,15000000,2,2,120 Sq. Yd,1080.0,13888,House,False,27,27VerifiedShare on FacebookShare on TwitterShare on WhatsAppSend via GMailSend via E-Mail,89,Houses_Karachi,for_sale,2026-07-24,https://www.zameen.com/Property/north_karachi_north_karachi_-_sector_7-d3_prime_location_house_available_for_sale_in_north_karachi_-_sector_7-d3-53315131-8892-1.html
Ready To Move 272sq Yd 4 & 5 Bedroom DDL Luxury Villa FOR SALE.,PKR 3.2 Crore,32000000,3,5,273 Sq. Yd,2457.0,13024,House,True,14,super hot141Share on FacebookShare on TwitterShare on WhatsAppSend via GMailSend via E-Mail,91,Houses_Karachi,for_sale,2026-07-24,https://www.zameen.com/Property/bahria_town_karachi_bahria_town_-_precinct_8_ready_to_move_272sq_yd_4_5_bedroom_ddl_luxury_villa_for_sale-54333521-10016-1.html
"200sq yd Villa For Sale Precinct-10A near MOSQUE, Bahria Town Karachi. One Unit | 3 Bedrooms | Drawing, Dining, Closed Italian Kitchen & TV Lounge. All Amenities Nearby Including Parks, Mosques & Shop",PKR 1.95 Crore,19500000,1,3,200 Sq. Yd,1800.0,10833,House,True,18,super hot18Share on FacebookShare on TwitterShare on WhatsAppSend via GMailSend via E-Mail,90,Houses_Karachi,for_sale,2026-07-24,https://www.zameen.com/Property/bahria_town_karachi_bahria_town_-_precinct_10-a_200sq_yd_villa_for_sale_precinct-10a_near_mosque_bahria_town_karachi_one_unit_3_bedrooms_drawing_dining_closed_italian_kitchen_tv_lounge_all_amenities_nearby_including_parks_mosques_shopping_gallery_just_8_min_drive_from_main_gate-54208397-18125-1.html
"152 Sq Yd Corner Iqbal Villa nearGALLERY, Precinct-2 Surrounded by Park, Mosque, Sports Complex & Shopping Gallery. Ideal for Living or Rental Investment. Call Now!",PKR 1.85 Crore,18500000,3,3,152 Sq. Yd,1368.0,13523,House,True,19,super hot19Share on FacebookShare on TwitterShare on WhatsAppSend via GMailSend via E-Mail,90,Houses_Karachi,for_sale,2026-07-24,https://www.zameen.com/Property/bahria_town_precinct_2_bahria_homes_-_iqbal_villas_152_sq_yd_corner_iqbal_villa_neargallery_precinct-2_surrounded_by_park_mosque_sports_complex_shopping_gallery_ideal_for_living_or_rental_investment_call_now-54501772-9031-1.html
Bahria Town Karachi 5-Bed Luxury Designer Villa for Sale in Precinct-1 Overseas Block Near Main Entrance of Bahria Town Karachi!,PKR 3.85 Crore,38500000,3,5,272 Sq. Yd,2448.0,15727,House,True,45,super hot45Share on FacebookShare on TwitterShare on WhatsAppSend via GMailSend via E-Mail,90,Houses_Karachi,for_sale,2026-07-24,https://www.zameen.com/Property/bahria_town_karachi_bahria_town_-_precinct_1_bahria_town_karachi_5-bed_luxury_designer_villa_for_sale_in_precinct-1_overseas_block_near_main_entrance_of_bahria_town_karachi-54501393-10007-1.html
500 Square Yards House In Bahria Hills,PKR 6.35 Crore,63500000,5,5,500 Sq. Yd,4500.0,14111,House,True,12,super hot121VerifiedShare on FacebookShare on TwitterShare on WhatsAppSend via GMailSend via E-Mail,99,Houses_Karachi,for_sale,2026-07-24,https://www.zameen.com/Property/bahria_town_karachi_bahria_hills_500_square_yards_house_in_bahria_hills-52914760-13173-1.html
Prime Location Askari 5 - Sector J House Sized 375 Square Yards Is Available,PKR 10 Crore,100000000,5,6,375 Sq. Yd,3375.0,29629,House,True,27,super hot271VerifiedShare on FacebookShare on TwitterShare on WhatsAppSend via GMailSend via E-Mail,99,Houses_Karachi,for_sale,2026-07-24,https://www.zameen.com/Property/askari_5_askari_5_-_sector_j_prime_location_askari_5_-_sector_j_house_sized_375_square_yards_is_available-54415610-17289-1.html
Beautiful Luxury Brand New Bungalow,PKR 70 Crore,700000000,7,,"1,000 Sq. Yd",9000.0,77777,House,True,16,super hot16Share on FacebookShare on TwitterShare on WhatsAppSend via GMailSend via E-Mail,90,Houses_Karachi,for_sale,2026-07-24,https://www.zameen.com/Property/dha_defence_dha_phase_8_beautiful_luxury_brand_new_bungalow-54506444-1485-1.html
Brand New 240 Sq Yrd G+1 House Gwalior Society Scheme 33,PKR 5.35 Crore,53500000,6,7,240 Sq. Yd,2160.0,24768,House,True,12,super hot12Share on FacebookShare on TwitterShare on WhatsAppSend via GMailSend via E-Mail,90,Houses_Karachi,for_sale,2026-07-24,https://www.zameen.com/Property/scheme_33_gwalior_cooperative_housing_society_brand_new_240_sq_yrd_g_1_house_gwalior_society_scheme_33-54331928-9074-1.html
"Brand New 9 Marla Villa For Sale Bahria Town Karachi, Precinct 27",PKR 1.75 Crore,17500000,3,4,225 Sq. Yd,2025.0,8641,House,True,13,super hot131Share on FacebookShare on TwitterShare on WhatsAppSend via GMailSend via E-Mail,91,Houses_Karachi,for_sale,2026-07-24,https://www.zameen.com/Property/bahria_town_karachi_bahria_town_-_precinct_27_brand_new_9_marla_villa_for_sale_bahria_town_karachi_precinct_27-54476257-10040-1.html
1000 Yards Brand New Khayaban E Qasim Designer Furniture Italian Kitchen With Italian Appliances Spanish Tiles And Intricate Marbles 2 Servent Quarters Swimming Pools And Also Lift.,PKR 52 Crore,520000000,6,6,"1,000 Sq. Yd",9000.0,57777,House,True,24,super hot24Share on FacebookShare on TwitterShare on WhatsAppSend via GMailSend via E-Mail,90,Houses_Karachi,for_sale,2026-07-24,https://www.zameen.com/Property/dha_defence_dha_phase_8_1000_yards_brand_new_khayaban_e_qasim_designer_furniture_italian_kitchen_with_italian_appliances_spanish_tiles_and_intricate_marbles_2_servent_quarters_swimming_pools_and_also_lift-54506244-1485-1.html
4 bed Drawing Dining apartment,PKR 3.85 Crore,38500000,3,4,219 Sq. Yd,1971.0,19533,House,True,5,hot5Share on FacebookShare on TwitterShare on WhatsAppSend via GMailSend via E-Mail,83,Houses_Karachi,for_sale,2026-07-24,https://www.zameen.com/Property/gulshan_e_iqbal_block_10_a_callachi_cooperative_housing_society_4_bed_drawing_dining_apartment-54506280-12954-1.html
"125 Sq Yd Ready-To-Move Luxury Villa For Sale Precinct 10B, Bahria Town Karachi A+ Construction | 3 Bedrooms, Drawing, Dining, TV Lounge & American Kitchen 10 Min From Main Gate | Near Park, Mosque, S",PKR 1.12 Crore,11200000,1,3,125 Sq. Yd,1125.0,9955,House,True,14,hot14Share on FacebookShare on TwitterShare on WhatsAppSend via GMailSend via E-Mail,84,Houses_Karachi,for_sale,2026-07-24,https://www.zameen.com/Property/bahria_town_karachi_bahria_town_-_precinct_10-b_125_sq_yd_ready-to-move_luxury_villa_for_sale_precinct_10b_bahria_town_karachi_a_construction_3_bedrooms_drawing_dining_tv_lounge_american_kitchen_10_min_from_main_gate_near_park_mosque_schools_commercial-54419485-18126-1.html
240 Sq Yards | G+1 House For Sale | 3 Bed DD Each Floor | Sadi Town Block 04,PKR 3.65 Crore,36500000,3,7,240 Sq. Yd,2160.0,16898,House,False,21,hot21Share on FacebookShare on TwitterShare on WhatsAppSend via GMailSend via E-Mail,84,Houses_Karachi,for_sale,2026-07-24,https://www.zameen.com/Property/saadi_town_saadi_town_-_block_4_240_sq_yards_g_1_house_for_sale_3_bed_dd_each_floor_sadi_town_block_04-54376676-12970-1.html
240 Sqyd | House For Sale | Ground Plus One | Leased | Block 7 Gulistan e Jauhar,PKR 5.3 Crore,53000000,6,6,240 Sq. Yd,2160.0,24537,House,False,6,hot6Share on FacebookShare on TwitterShare on WhatsAppSend via GMailSend via E-Mail,83,Houses_Karachi,for_sale,2026-07-24,https://www.zameen.com/Property/gulistan_e_jauhar_gulistan-e-jauhar_-_block_7_240_sqyd_house_for_sale_ground_plus_one_leased_block_7_gulistan_e_jauhar-54365752-6831-1.html
500 YDS BUNGALOW FOR SALE IN PHASE 6,PKR 17 Crore,170000000,5,7,500 Sq. Yd,4500.0,37777,House,False,15,hot15Share on FacebookShare on TwitterShare on WhatsAppSend via GMailSend via E-Mail,84,Houses_Karachi,for_sale,2026-07-24,https://www.zameen.com/Property/dha_defence_dha_phase_6_500_yds_bungalow_for_sale_in_phase_6-54450094-1483-1.html
Lease House For Sale- Surjani Sector 7-A,PKR 40 Lakh,4000000,5,2,64 Sq. Yd,576.0,6944,House,False,6,hot6Share on FacebookShare on TwitterShare on WhatsAppSend via GMailSend via E-Mail,83,Houses_Karachi,for_sale,2026-07-24,https://www.zameen.com/Property/surjani_town_surjani_town_-_sector_7a_lease_house_for_sale-_surjani_sector_7-a-54487480-6738-1.html
Prime Location 120 Square Yards House Available In North Town Residency For sale,PKR 1.75 Crore,17500000,,,120 Sq. Yd,1080.0,16203,House,False,5,hot5VerifiedShare on FacebookShare on TwitterShare on WhatsAppSend via GMailSend via E-Mail,91,Houses_Karachi,for_sale,2026-07-24,https://www.zameen.com/Property/surjani_town_north_town_residency_prime_location_120_square_yards_house_available_in_north_town_residency_for_sale-54471805-10674-1.html
Prime Location 288 Square Yards House In Beautiful Location Of North Karachi - Sector 11A In Karachi,PKR 4.5 Crore,45000000,4,4,288 Sq. Yd,2592.0,17361,House,False,1,1VerifiedShare on FacebookShare on TwitterShare on WhatsAppSend via GMailSend via E-Mail,88,Houses_Karachi,for_sale,2026-07-24,https://www.zameen.com/Property/north_karachi_north_karachi_-_sector_11a_prime_location_288_square_yards_house_in_beautiful_location_of_north_karachi_-_sector_11a_in_karachi-53516873-7184-1.html
Prime Location 40 Square Yards House For Sale In Beautiful North Karachi - Sector 7-D1,PKR 90 Lakh,9000000,2,2,40 Sq. Yd,360.0,25000,House,False,14,14VerifiedShare on FacebookShare on TwitterShare on WhatsAppSend via GMailSend via E-Mail,89,Houses_Karachi,for_sale,2026-07-24,https://www.zameen.com/Property/north_karachi_north_karachi_-_sector_7-d1_prime_location_40_square_yards_house_for_sale_in_beautiful_north_karachi_-_sector_7-d1-53638493-19019-1.html
Get In Touch Now To Buy A Prime Location House In Karachi,PKR 2.2 Crore,22000000,5,5,120 Sq. Yd,1080.0,20370,House,False,12,12VerifiedShare on FacebookShare on TwitterShare on WhatsAppSend via GMailSend via E-Mail,89,Houses_Karachi,for_sale,2026-07-24,https://www.zameen.com/Property/north_karachi_north_karachi_-_sector_7d-2_get_in_touch_now_to_buy_a_prime_location_house_in_karachi-53644368-12436-1.html
Ideal Prime Location 80 Square Yards House Has Landed On Market In North Karachi,PKR 1.55 Crore,15500000,6,6,80 Sq. Yd,720.0,21527,House,False,32,32VerifiedShare on FacebookShare on TwitterShare on WhatsAppSend via GMailSend via E-Mail,89,Houses_Karachi,for_sale,2026-07-24,https://www.zameen.com/Property/karachi_north_karachi_ideal_prime_location_80_square_yards_house_has_landed_on_market_in_north_karachi-54098253-282-1.html
Prime Location House For Sale Is Readily Available In Prime Location Of North Karachi - Sector 7-D3,PKR 1.35 Crore,13500000,2,2,120 Sq. Yd,1080.0,12500,House,False,5,5VerifiedShare on FacebookShare on TwitterShare on WhatsAppSend via GMailSend via E-Mail,88,Houses_Karachi,for_sale,2026-07-24,https://www.zameen.com/Property/north_karachi_north_karachi_-_sector_7-d3_prime_location_house_for_sale_is_readily_available_in_prime_location_of_north_karachi_-_sector_7-d3-54275892-8892-1.html
Prime Location 40 Square Yards House Available For Sale In North Karachi - Sector 7-D1,PKR 1.7 Crore,17000000,6,6,40 Sq. Yd,360.0,47222,House,False,10,10VerifiedShare on FacebookShare on TwitterShare on WhatsAppSend via GMailSend via E-Mail,89,Houses_Karachi,for_sale,2026-07-24,https://www.zameen.com/Property/north_karachi_north_karachi_-_sector_7-d1_prime_location_40_square_yards_house_available_for_sale_in_north_karachi_-_sector_7-d1-53951654-19019-1.html
Prime Location Property For Sale In North Karachi - Sector 7-D3 Karachi Is Available,PKR 1.1 Crore,11000000,2,2,120 Sq. Yd,1080.0,10185,House,False,6,6VerifiedShare on FacebookShare on TwitterShare on WhatsAppSend via GMailSend via E-Mail,88,Houses_Karachi,for_sale,2026-07-24,https://www.zameen.com/Property/north_karachi_north_karachi_-_sector_7-d3_prime_location_property_for_sale_in_north_karachi_-_sector_7-d3_karachi_is_available-54438827-8892-1.html
Prime Location House For Sale Situated In North Karachi - Sector 7-D1,PKR 70 Lakh,7000000,2,2,60 Sq. Yd,540.0,12962,House,False,6,6VerifiedShare on FacebookShare on TwitterShare on WhatsAppSend via GMailSend via E-Mail,88,Houses_Karachi,for_sale,2026-07-24,https://www.zameen.com/Property/north_karachi_north_karachi_-_sector_7-d1_prime_location_house_for_sale_situated_in_north_karachi_-_sector_7-d1-54438824-19019-1.html
235 Square Yards House In Only Rs. 12900000,PKR 1.55 Crore,15500000,3,3,235 Sq. Yd,2115.0,7328,House,True,40,super hot401VerifiedShare on FacebookShare on TwitterShare on WhatsAppSend via GMailSend via E-Mail,99,Houses_Karachi,for_sale,2026-07-24,https://www.zameen.com/Property/bahria_town_karachi_bahria_town_-_precinct_31_235_square_yards_house_in_only_rs_12900000-52914755-10045-1.html
500 Yards Bahria Hills Villa With Full Basement 6 Bed DD A+ Solid Construction With Cinema Room Grand Mosque View For Sale in Bahria Town Karachi,PKR 8 Crore,80000000,8,6,500 Sq. Yd,4500.0,17777,House,True,23,super hot23Share on FacebookShare on TwitterShare on WhatsAppSend via GMailSend via E-Mail,90,Houses_Karachi,for_sale,2026-07-24,https://www.zameen.com/Property/bahria_town_karachi_bahria_hills_500_yards_bahria_hills_villa_with_full_basement_6_bed_dd_a_solid_construction_with_cinema_room_grand_mosque_view_for_sale_in_bahria_town_karachi-53126049-13173-1.html
666 Square Yards Brand New Bungalow For Sale DHA Phase 8 Karachi,PKR 40 Crore,400000000,4,5,666 Sq. Yd,5994.0,66733,House,True,46,super hot46Share on FacebookShare on TwitterShare on WhatsAppSend via GMailSend via E-Mail,90,Houses_Karachi,for_sale,2026-07-24,https://www.zameen.com/Property/dha_defence_dha_phase_8_666_square_yards_brand_new_bungalow_for_sale_dha_phase_8_karachi-54500693-1485-1.html
"500 Sq. Yards Brand New House for Sale Streets of Faisal, DHA Phase 8, Karachi",PKR 32 Crore,320000000,5,6,500 Sq. Yd,4500.0,71111,House,True,9,super hot9Share on FacebookShare on TwitterShare on WhatsAppSend via GMailSend via E-Mail,89,Houses_Karachi,for_sale,2026-07-24,https://www.zameen.com/Property/dha_defence_dha_phase_8_500_sq_yards_brand_new_house_for_sale_streets_of_faisal_dha_phase_8_karachi-54500652-1485-1.html
500 Square Yards Gray Structure Villa Available For Sale In Precinct 04 BAHRIA TOWN KARACHI,PKR 2.9 Crore,29000000,5,5,500 Sq. Yd,4500.0,6444,House,True,17,super hot17Share on FacebookShare on TwitterShare on WhatsAppSend via GMailSend via E-Mail,90,Houses_Karachi,for_sale,2026-07-24,https://www.zameen.com/Property/bahria_town_karachi_bahria_town_-_precinct_4_500_square_yards_gray_structure_villa_available_for_sale_in_precinct_04_bahria_town_karachi-54133048-10013-1.html
Own A House In 240 Square Yards Nazimabad,PKR 6.95 Crore,69500000,6,6,400 Sq. Yd,3600.0,19305,House,True,11,super hot11VerifiedShare on FacebookShare on TwitterShare on WhatsAppSend via GMailSend via E-Mail,98,Houses_Karachi,for_sale,2026-07-24,https://www.zameen.com/Property/karachi_north_nazimabad_own_a_house_in_240_square_yards_nazimabad-54401246-11-1.html
ground plus 2 brand new available for sale on bank loan / staff loan,PKR 3 Crore,30000000,6,6,120 Sq. Yd,1080.0,27777,House,True,17,super hot17Share on FacebookShare on TwitterShare on WhatsAppSend via GMailSend via E-Mail,90,Houses_Karachi,for_sale,2026-07-24,https://www.zameen.com/Property/saadi_garden_saadi_garden_-_block_1_ground_plus_2_brand_new_available_for_sale_on_bank_loan_staff_loan-54505802-14103-1.html
"500 Sq. Yards Luxury Villa for Sale in Bahria Hills, Precinct 9 | 6 Bed | Street 6 | Demand PKR 7 Crore",PKR 7 Crore,70000000,7,6,500 Sq. Yd,4500.0,15555,House,True,15,super hot15Share on FacebookShare on TwitterShare on WhatsAppSend via GMailSend via E-Mail,90,Houses_Karachi,for_sale,2026-07-24,https://www.zameen.com/Property/bahria_town_karachi_bahria_hills_500_sq_yards_luxury_villa_for_sale_in_bahria_hills_precinct_9_6_bed_street_6_demand_pkr_7_crore-54505209-13173-1.html
SAADI GARDEN LEASE HOUSE BANK LOAN BUNGALOW FOR SALE IN SCHEME 33 KARACHI,PKR 1.85 Crore,18500000,3,4,120 Sq. Yd,1080.0,17129,House,True,17,super hot17Share on FacebookShare on TwitterShare on WhatsAppSend via GMailSend via E-Mail,90,Houses_Karachi,for_sale,2026-07-24,https://www.zameen.com/Property/saadi_garden_saadi_garden_-_block_5_saadi_garden_lease_house_bank_loan_bungalow_for_sale_in_scheme_33_karachi-54297533-9089-1.html
300 Sq. Yd Owner Build-Up Ground Plus One Bungalow For Sale In Gulistan-E-Jauhar Block 14,PKR 6.75 Crore,67500000,4,4,300 Sq. Yd,2700.0,25000,House,True,30,super hot30Share on FacebookShare on TwitterShare on WhatsAppSend via GMailSend via E-Mail,90,Houses_Karachi,for_sale,2026-07-24,https://www.zameen.com/Property/karachi_gulistan-e-jauhar_300_sq_yd_owner_build-up_ground_plus_one_bungalow_for_sale_in_gulistan-e-jauhar_block_14-54436247-232-1.html
Prime Location Ideal House For sale In Naya Nazimabad,PKR 3.7 Crore,37000000,4,4,108 Sq. Yd,972.0,38065,House,True,7,hot7VerifiedShare on FacebookShare on TwitterShare on WhatsAppSend via GMailSend via E-Mail,91,Houses_Karachi,for_sale,2026-07-24,https://www.zameen.com/Property/karachi_naya_nazimabad_prime_location_ideal_house_for_sale_in_naya_nazimabad-54508791-10079-1.html
Prime Location 350 Square Yard House Available For Sale in Precinct-35 | Bahria Town Karachi,PKR 1.7 Crore,17000000,4,4,350 Sq. Yd,3150.0,5396,House,True,15,hot15Share on FacebookShare on TwitterShare on WhatsAppSend via GMailSend via E-Mail,84,Houses_Karachi,for_sale,2026-07-24,https://www.zameen.com/Property/bahria_sports_city_bahria_town_-_precinct_35_prime_location_350_square_yard_house_available_for_sale_in_precinct-35_bahria_town_karachi-54418095-11868-1.html
Ready To Sale A Prime Location House 120 Square Yards In Punjabi Saudagar Society Phase 2 Karachi,PKR 2.85 Crore,28500000,4,6,120 Sq. Yd,1080.0,26388,House,False,21,hot211VerifiedShare on FacebookShare on TwitterShare on WhatsAppSend via GMailSend via E-Mail,93,Houses_Karachi,for_sale,2026-07-24,https://www.zameen.com/Property/scheme_33_sector_50_punjabi_saudagar_society_phase_2_ready_to_sale_a_prime_location_house_120_square_yards_in_punjabi_saudagar_society_phase_2_karachi-54318829-12712-1.html
Brand New Luxury Bungalow,PKR 2.8 Crore,28000000,6,6,120 Sq. Yd,1080.0,25925,House,False,7,hot7Share on FacebookShare on TwitterShare on WhatsAppSend via GMailSend via E-Mail,83,Houses_Karachi,for_sale,2026-07-24,https://www.zameen.com/Property/scheme_33_sector_51_a_shahnawaz_cooperative_housing_society_brand_new_luxury_bungalow-54498436-13379-1.html
Become Owner Of Your House Today Which Is Centrally Located In Cantt Bazar In Karachi,PKR 4.4 Crore,44000000,5,4,120 Sq. Yd,1080.0,40740,House,False,8,hot8VerifiedShare on FacebookShare on TwitterShare on WhatsAppSend via GMailSend via E-Mail,91,Houses_Karachi,for_sale,2026-07-24,https://www.zameen.com/Property/malir_cantonment_cantt_bazar_become_owner_of_your_house_today_which_is_centrally_located_in_cantt_bazar_in_karachi-54438229-9588-1.html
HOUSE FOR SALE,PKR 7.3 Crore,73000000,5,6,375 Sq. Yd,3375.0,21629,House,False,6,hot61Share on FacebookShare on TwitterShare on WhatsAppSend via GMailSend via E-Mail,84,Houses_Karachi,for_sale,2026-07-24,https://www.zameen.com/Property/malir_cantonment_askari_6_house_for_sale-50754158-21109-1.html
BRAND NEW HOUSE FOR SALE,PKR 7.15 Crore,71500000,5,6,300 Sq. Yd,2700.0,26481,House,False,24,hot24Share on FacebookShare on TwitterShare on WhatsAppSend via GMailSend via E-Mail,84,Houses_Karachi,for_sale,2026-07-24,https://www.zameen.com/Property/malir_cantonment_askari_6_brand_new_house_for_sale-53134059-21109-1.html
"Change Your Address To Prime Location North Karachi - Sector 7-D3, Karachi For A Reasonable Price Of Rs. 13500000",PKR 1.35 Crore,13500000,2,2,64 Sq. Yd,576.0,23437,House,False,8,8VerifiedShare on FacebookShare on TwitterShare on WhatsAppSend via GMailSend via E-Mail,88,Houses_Karachi,for_sale,2026-07-24,https://www.zameen.com/Property/north_karachi_north_karachi_-_sector_7-d3_change_your_address_to_prime_location_north_karachi_-_sector_7-d3_karachi_for_a_reasonable_price_of_rs_13500000-54438826-8892-1.html
G+1 House Available For Sale V. I. P Sector 5/3,PKR 1.4 Crore,14000000,4,4,80 Sq. Yd,720.0,19444,House,False,5,5VerifiedShare on FacebookShare on TwitterShare on WhatsAppSend via GMailSend via E-Mail,88,Houses_Karachi,for_sale,2026-07-24,https://www.zameen.com/Property/new_karachi_sector_5_c_north_karachi_-_sector_5-c_3_g_1_house_available_for_sale_v_i_p_sector_5_3-54183043-7157-1.html
"DHA Phase 2 100 Yd Bungalow Urgent Sale, Best Price",PKR 4.6 Crore,46000000,4,4,100 Sq. Yd,900.0,51111,House,True,15,15Share on FacebookShare on TwitterShare on WhatsAppSend via GMailSend via E-Mail,81,Houses_Karachi,for_sale,2026-07-24,https://www.zameen.com/Property/dha_defence_dha_phase_2_dha_phase_2_100_yd_bungalow_urgent_sale_best_price-54515975-1479-1.html
A Perfect House Awaits You In Lalazar Society Karachi,PKR 30 Crore,300000000,10,6,"1,500 Sq. Yd",13500.0,22222,House,False,11,11VerifiedShare on FacebookShare on TwitterShare on WhatsAppSend via GMailSend via E-Mail,89,Houses_Karachi,for_sale,2026-07-24,https://www.zameen.com/Property/northern_bypass_lalazar_society_a_perfect_house_awaits_you_in_lalazar_society_karachi-54372130-21259-1.html
A Prime Location House Of 350 Square Yards In Navy Housing Scheme Karsaz,PKR 24 Crore,240000000,,,350 Sq. Yd,3150.0,76190,House,False,17,17VerifiedShare on FacebookShare on TwitterShare on WhatsAppSend via GMailSend via E-Mail,89,Houses_Karachi,for_sale,2026-07-24,https://www.zameen.com/Property/karachi_navy_housing_scheme_karsaz_a_prime_location_house_of_350_square_yards_in_navy_housing_scheme_karsaz-54372131-11579-1.html
Your Dream 500 Square Yards House Is Available In DHA Phase 5,PKR 12 Crore,120000000,7,6,500 Sq. Yd,4500.0,26666,House,False,18,18VerifiedShare on FacebookShare on TwitterShare on WhatsAppSend via GMailSend via E-Mail,89,Houses_Karachi,for_sale,2026-07-24,https://www.zameen.com/Property/dha_defence_dha_phase_5_your_dream_500_square_yards_house_is_available_in_dha_phase_5-54372132-1482-1.html
A Prime Location House Of 350 Square Yards In Navy Housing Scheme Karsaz,PKR 24 Crore,240000000,,,350 Sq. Yd,3150.0,76190,House,False,16,16VerifiedShare on FacebookShare on TwitterShare on WhatsAppSend via GMailSend via E-Mail,89,Houses_Karachi,for_sale,2026-07-24,https://www.zameen.com/Property/karachi_navy_housing_scheme_karsaz_a_prime_location_house_of_350_square_yards_in_navy_housing_scheme_karsaz-54492269-11579-1.html
Get An Attractive House In Karachi Under Rs. 98500000,PKR 11.05 Crore,110500000,5,5,500 Sq. Yd,4500.0,24555,House,True,17,17VerifiedShare on FacebookShare on TwitterShare on WhatsAppSend via GMailSend via E-Mail,89,Houses_Karachi,for_sale,2026-07-24,https://www.zameen.com/Property/malir_falcon_complex_new_malir_get_an_attractive_house_in_karachi_under_rs_98500000-54029403-9582-1.html
House For Sale In Bahria Town Rawalpindi Punjab,PKR 2.95 Crore,29500000,5,6,7 Marla,1575.0,18730,House,True,24,super hot24Share on FacebookShare on TwitterShare on WhatsAppSend via GMailSend via E-Mail,90,Houses_Rawalpindi,for_sale,2026-07-24,https://www.zameen.com/Property/bahria_town_phase_8_safari_valley_bahria_town_phase_8_-_usman_block_house_for_sale_in_bahria_town_rawalpindi_punjab-54165885-3068-1.html
22 Marla Luxury House With Gas,PKR 11.25 Crore,112500000,6,6,1.1 Kanal,4950.0,22727,House,True,18,super hot18Share on FacebookShare on TwitterShare on WhatsAppSend via GMailSend via E-Mail,90,Houses_Rawalpindi,for_sale,2026-07-24,https://www.zameen.com/Property/bahria_town_phase_8_bahria_town_phase_8_-_block_a_22_marla_luxury_house_with_gas-54477634-3049-1.html
Elegant 1 Kanal White House For Sale At Investor Price,PKR 7.95 Crore,79500000,5,6,1 Kanal,4500.0,17666,House,True,18,super hot18Share on FacebookShare on TwitterShare on WhatsAppSend via GMailSend via E-Mail,90,Houses_Rawalpindi,for_sale,2026-07-24,https://www.zameen.com/Property/bahria_town_phase_8_bahria_greens_-_overseas_enclave_elegant_1_kanal_white_house_for_sale_at_investor_price-54442721-3081-1.html
Artistic 10 Marla Designer House For Sale In Bahria Phase 8,PKR 3.9 Crore,39000000,5,6,10 Marla,2250.0,17333,House,True,11,super hot11Share on FacebookShare on TwitterShare on WhatsAppSend via GMailSend via E-Mail,90,Houses_Rawalpindi,for_sale,2026-07-24,https://www.zameen.com/Property/bahria_town_phase_8_bahria_town_phase_8_-_safari_valley_artistic_10_marla_designer_house_for_sale_in_bahria_phase_8-53746991-3074-1.html
Modern Design 6 Marla Luxury House For Sale,PKR 2.85 Crore,28500000,3,4,6 Marla,1350.0,21111,House,True,21,super hot211Share on FacebookShare on TwitterShare on WhatsAppSend via GMailSend via E-Mail,91,Houses_Rawalpindi,for_sale,2026-07-24,https://www.zameen.com/Property/bahria_town_phase_8_bahria_town_phase_8_-_safari_valley_modern_design_6_marla_luxury_house_for_sale-54419022-3074-1.html
Prime Location House Of 5 Marla Is Available In Contemporary Neighborhood Of Airport Housing Society,PKR 1.6 Crore,16000000,3,3,5 Marla,1125.0,14222,House,True,16,super hot161VerifiedShare on FacebookShare on TwitterShare on WhatsAppSend via GMailSend via E-Mail,99,Houses_Rawalpindi,for_sale,2026-07-24,https://www.zameen.com/Property/airport_housing_society_airport_housing_society_-_sector_4_prime_location_house_of_5_marla_is_available_in_contemporary_neighborhood_of_airport_housing_society-54415806-9155-1.html
22 Marla Double Storey House For Sale Westridge I Rawalpindi,PKR 5.75 Crore,57500000,6,6,1.2 Kanal,5400.0,10648,House,True,11,super hot11Share on FacebookShare on TwitterShare on WhatsAppSend via GMailSend via E-Mail,90,Houses_Rawalpindi,for_sale,2026-07-24,https://www.zameen.com/Property/westridge_westridge_1_22_marla_double_storey_house_for_sale_westridge_i_rawalpindi-51822210-6053-1.html
Prime Location 6 Marla House In Gulraiz Housing Society Phase 3 Is Best Option,PKR 3.25 Crore,32500000,5,5,6 Marla,1350.0,24074,House,True,26,super hot261VerifiedShare on FacebookShare on TwitterShare on WhatsAppSend via GMailSend via E-Mail,99,Houses_Rawalpindi,for_sale,2026-07-24,https://www.zameen.com/Property/gulraiz_housing_scheme_gulraiz_housing_society_phase_3_prime_location_6_marla_house_in_gulraiz_housing_society_phase_3_is_best_option-54342286-14973-1.html
5 Marla Corner House Is Available For Sale In Gulshan Abad Adiala Road Rawalpindi.,PKR 97 Lakh,9700000,2,3,5.6 Marla,1260.0,7698,House,True,21,super hot21Share on FacebookShare on TwitterShare on WhatsAppSend via GMailSend via E-Mail,90,Houses_Rawalpindi,for_sale,2026-07-24,https://www.zameen.com/Property/rawalpindi_gulshan_abad_5_marla_corner_house_is_available_for_sale_in_gulshan_abad_adiala_road_rawalpindi-54514710-1058-1.html
SD House 5 Bedroom Available In Askari 14 Sector C,PKR 6.5 Crore,65000000,6,6,10 Marla,2250.0,28888,House,True,17,super hot17Share on FacebookShare on TwitterShare on WhatsAppSend via GMailSend via E-Mail,90,Houses_Rawalpindi,for_sale,2026-07-24,https://www.zameen.com/Property/rawalpindi_askari_14_sd_house_5_bedroom_available_in_askari_14_sector_c-48803893-1504-1.html
10 MARLA HOUSE FOR SALE,PKR 4.5 Crore,45000000,5,6,10 Marla,2250.0,20000,House,True,34,hot34Share on FacebookShare on TwitterShare on WhatsAppSend via GMailSend via E-Mail,84,Houses_Rawalpindi,for_sale,2026-07-24,https://www.zameen.com/Property/bahria_town_rawalpindi_bahria_town_phase_4_10_marla_house_for_sale-53347339-3041-1.html
10 MARLA 3 Triple Storey House For Sale,PKR 4.9 Crore,49000000,6,6,10 Marla,2250.0,21777,House,True,34,hot34Share on FacebookShare on TwitterShare on WhatsAppSend via GMailSend via E-Mail,84,Houses_Rawalpindi,for_sale,2026-07-24,https://www.zameen.com/Property/bahria_town_rawalpindi_bahria_town_phase_4_10_marla_3_triple_storey_house_for_sale-53347423-3041-1.html
Good Location 10 Marla House In Bahria Town Phase 8 - Sector E-3 For Sale,PKR 4.3 Crore,43000000,4,6,10 Marla,2250.0,19111,House,False,32,hot32VerifiedShare on FacebookShare on TwitterShare on WhatsAppSend via GMailSend via E-Mail,92,Houses_Rawalpindi,for_sale,2026-07-24,https://www.zameen.com/Property/bahria_town_phase_8_bahria_town_phase_8_-_sector_e-3_good_location_10_marla_house_in_bahria_town_phase_8_-_sector_e-3_for_sale-53975518-15902-1.html
7 Marla Designer House Available For Sale,PKR 2.95 Crore,29500000,5,6,7 Marla,1575.0,18730,House,False,15,hot15Share on FacebookShare on TwitterShare on WhatsAppSend via GMailSend via E-Mail,84,Houses_Rawalpindi,for_sale,2026-07-24,https://www.zameen.com/Property/bahria_town_rawalpindi_bahria_town_phase_8_7_marla_designer_house_available_for_sale-53888081-3048-1.html
Brand New Condition   Double Storey House For Sale In Airport Housing Society Sec 4 With Electricity Or Gas,PKR 1.95 Crore,19500000,4,4,5 Marla,1125.0,17333,House,False,21,hot21Share on FacebookShare on TwitterShare on WhatsAppSend via GMailSend via E-Mail,84,Houses_Rawalpindi,for_sale,2026-07-24,https://www.zameen.com/Property/airport_housing_society_airport_housing_society_-_sector_4_brand_new_condition_double_storey_house_for_sale_in_airport_housing_society_sec_4_with_electricity_or_gas-53989873-9155-1.html
5 Marla 1.7 Storey House For Sale In Airport Housing Society Sec 4,PKR 1.65 Crore,16500000,3,4,5 Marla,1125.0,14666,House,False,16,hot16Share on FacebookShare on TwitterShare on WhatsAppSend via GMailSend via E-Mail,84,Houses_Rawalpindi,for_sale,2026-07-24,https://www.zameen.com/Property/rawalpindi_airport_housing_society_5_marla_1_7_storey_house_for_sale_in_airport_housing_society_sec_4-54447707-426-1.html
5 Marla House For Sale.  1.75 Storye.  3 Room With Attach Bath.  Drwing Room +TV Lounch +Kitchen.  Car Parking Space.  Electricity And Gas Available Lucation. Airport Housing Society RWP.,PKR 1.55 Crore,15500000,3,1,5 Marla,1125.0,13777,House,False,20,hot20Share on FacebookShare on TwitterShare on WhatsAppSend via GMailSend via E-Mail,84,Houses_Rawalpindi,for_sale,2026-07-24,https://www.zameen.com/Property/rawalpindi_airport_housing_society_5_marla_house_for_sale_1_75_storye_3_room_with_attach_bath_drwing_room_tv_lounch_kitchen_car_parking_space_electricity_and_gas_available_lucation_airport_housing_society_rwp-54459926-426-1.html
Open Basement Corner House For Sale In Phase 8 Bahria Town,PKR 11 Crore,110000000,7,7,1.2 Kanal,5400.0,20370,House,False,6,6Share on FacebookShare on TwitterShare on WhatsAppSend via GMailSend via E-Mail,80,Houses_Rawalpindi,for_sale,2026-07-24,https://www.zameen.com/Property/bahria_town_phase_8_bahria_town_phase_8_-_block_a_open_basement_corner_house_for_sale_in_phase_8_bahria_town-54350911-3049-1.html
6 marla double story house for sale near highway islamabad,PKR 2.42 Crore,24200000,4,5,6.7 Marla,1507.5,16053,House,False,31,31Share on FacebookShare on TwitterShare on WhatsAppSend via GMailSend via E-Mail,81,Houses_Rawalpindi,for_sale,2026-07-24,https://www.zameen.com/Property/airport_housing_society_airport_housing_society_-_sector_4_6_marla_double_story_house_for_sale_near_highway_islamabad-54516364-9155-1.html
7 Marla House Available For Sale,PKR 2.7 Crore,27000000,5,6,7 Marla,1575.0,17142,House,False,17,17Share on FacebookShare on TwitterShare on WhatsAppSend via GMailSend via E-Mail,81,Houses_Rawalpindi,for_sale,2026-07-24,https://www.zameen.com/Property/bahria_town_phase_8_bahria_town_phase_8_-_safari_valley_7_marla_house_available_for_sale-53796829-3074-1.html
10 MARLA House For Sale,PKR 5.5 Crore,55000000,5,6,10 Marla,2250.0,24444,House,True,25,25Share on FacebookShare on TwitterShare on WhatsAppSend via GMailSend via E-Mail,81,Houses_Rawalpindi,for_sale,2026-07-24,https://www.zameen.com/Property/bahria_town_rawalpindi_bahria_town_phase_3_10_marla_house_for_sale-54494423-3036-1.html
A Beautiful 6 Marla Double Storey House For Sale Located _ Airport housing society Sector 4 Rawalpindi,PKR 2.4 Crore,24000000,4,5,6 Marla,1350.0,17777,House,False,30,30Share on FacebookShare on TwitterShare on WhatsAppSend via GMailSend via E-Mail,81,Houses_Rawalpindi,for_sale,2026-07-24,https://www.zameen.com/Property/airport_housing_society_airport_housing_society_-_sector_4_a_beautiful_6_marla_double_storey_house_for_sale_located_airport_housing_society_sector_4_rawalpindi-54516225-9155-1.html
Ideal Family Home 1 Kanal House with 6 Bedrooms in Bahria Phase 3,PKR 8.5 Crore,85000000,8,6,1 Kanal,4500.0,18888,House,False,50,50Share on FacebookShare on TwitterShare on WhatsAppSend via GMailSend via E-Mail,81,Houses_Rawalpindi,for_sale,2026-07-24,https://www.zameen.com/Property/bahria_town_rawalpindi_bahria_town_phase_3_ideal_family_home_1_kanal_house_with_6_bedrooms_in_bahria_phase_3-54249959-3036-1.html
5 Marla slightly used house owner built construction looks like brand new is for sale,PKR 1.85 Crore,18500000,4,4,5 Marla,1125.0,16444,House,False,50,50Share on FacebookShare on TwitterShare on WhatsAppSend via GMailSend via E-Mail,81,Houses_Rawalpindi,for_sale,2026-07-24,https://www.zameen.com/Property/bahria_town_phase_8_bahria_town_phase_8_-_safari_valley_5_marla_slightly_used_house_owner_built_construction_looks_like_brand_new_is_for_sale-54516129-3074-1.html
Brand New Designer Corner House On A Very Attractive Price,PKR 2.75 Crore,27500000,4,4,6.2 Marla,1395.0,19713,House,False,23,23Share on FacebookShare on TwitterShare on WhatsAppSend via GMailSend via E-Mail,81,Houses_Rawalpindi,for_sale,2026-07-24,https://www.zameen.com/Property/bahria_town_phase_8_safari_valley_bahria_town_phase_8_-_usman_block_brand_new_designer_corner_house_on_a_very_attractive_price-54516098-3068-1.html
Luxurious Corner House With Two-Side Elevation,PKR 16.5 Crore,165000000,5,6,2 Kanal,9000.0,18333,House,True,50,super hot50Share on FacebookShare on TwitterShare on WhatsAppSend via GMailSend via E-Mail,90,Houses_Rawalpindi,for_sale,2026-07-24,https://www.zameen.com/Property/bahria_town_phase_8_bahria_town_phase_8_-_block_a_luxurious_corner_house_with_two-side_elevation-51914137-3049-1.html
10 Marla Double Unit Overseas 5 Double-Heighted TV Lounge,PKR 5.75 Crore,57500000,5,5,10 Marla,2250.0,25555,House,True,40,super hot40Share on FacebookShare on TwitterShare on WhatsAppSend via GMailSend via E-Mail,90,Houses_Rawalpindi,for_sale,2026-07-24,https://www.zameen.com/Property/bahria_greens_overseas_enclave_bahria_greens_-_overseas_enclave_-_sector_5_10_marla_double_unit_overseas_5_double-heighted_tv_lounge-52456241-8304-1.html
1 Kanal Brand New Luxury Designer House P Block Bahria Town Rawalpindi,PKR 7.9 Crore,79000000,6,7,1 Kanal,4500.0,17555,House,True,49,super hot49Share on FacebookShare on TwitterShare on WhatsAppSend via GMailSend via E-Mail,90,Houses_Rawalpindi,for_sale,2026-07-24,https://www.zameen.com/Property/bahria_town_phase_8_bahria_town_phase_8_-_block_p_1_kanal_brand_new_luxury_designer_house_p_block_bahria_town_rawalpindi-54414316-3065-1.html
Luxury Designer House with Home Theatre & 15 kVA Solar,PKR 12.5 Crore,125000000,5,6,1 Kanal,4500.0,27777,House,True,50,super hot50Share on FacebookShare on TwitterShare on WhatsAppSend via GMailSend via E-Mail,90,Houses_Rawalpindi,for_sale,2026-07-24,https://www.zameen.com/Property/bahria_greens_overseas_enclave_bahria_greens_-_overseas_enclave_-_sector_5_luxury_designer_house_with_home_theatre_15_kva_solar-54463554-8304-1.html
Very Low Price | Beautiful 7 Marla Designer House For Sale Bahria Town Phase 8 Abu Baker Block,PKR 2.98 Crore,29800000,5,6,7 Marla,1575.0,18920,House,True,22,super hot22Share on FacebookShare on TwitterShare on WhatsAppSend via GMailSend via E-Mail,90,Houses_Rawalpindi,for_sale,2026-07-24,https://www.zameen.com/Property/bahria_town_phase_8_safari_valley_bahria_town_phase_8_-_abu_bakar_block_very_low_price_beautiful_7_marla_designer_house_for_sale_bahria_town_phase_8_abu_baker_block-54338899-3069-1.html
On Excellent Location Bahria Town Phase 8,PKR 5.9 Crore,59000000,5,6,12 Marla,2700.0,21851,House,True,43,super hot431Share on FacebookShare on TwitterShare on WhatsAppSend via GMailSend via E-Mail,91,Houses_Rawalpindi,for_sale,2026-07-24,https://www.zameen.com/Property/bahria_town_phase_8_bahria_town_phase_8_-_block_c_on_excellent_location_bahria_town_phase_8-54476035-3051-1.html
10 Marla Brand New House At Unbeatable Price,PKR 3.5 Crore,35000000,5,6,10 Marla,2250.0,15555,House,True,13,super hot13Share on FacebookShare on TwitterShare on WhatsAppSend via GMailSend via E-Mail,90,Houses_Rawalpindi,for_sale,2026-07-24,https://www.zameen.com/Property/bahria_town_rawalpindi_bahria_town_phase_8_10_marla_brand_new_house_at_unbeatable_price-54029195-3048-1.html
5 Marla Elegant Brand New House for Sale| Prime Location| Bahria Town,PKR 2.15 Crore,21500000,3,3,5 Marla,1125.0,19111,House,True,16,super hot16Share on FacebookShare on TwitterShare on WhatsAppSend via GMailSend via E-Mail,90,Houses_Rawalpindi,for_sale,2026-07-24,https://www.zameen.com/Property/bahria_town_rawalpindi_bahria_town_phase_8_5_marla_elegant_brand_new_house_for_sale_prime_location_bahria_town-54372945-3048-1.html
Book A Prime Location House Of 10 Marla In Lalazar Lalazar,PKR 4.35 Crore,43500000,5,5,10 Marla,2250.0,19333,House,True,38,super hot381VerifiedShare on FacebookShare on TwitterShare on WhatsAppSend via GMailSend via E-Mail,99,Houses_Rawalpindi,for_sale,2026-07-24,https://www.zameen.com/Property/rawalpindi_lalazar_book_a_prime_location_house_of_10_marla_in_lalazar_lalazar-54508287-576-1.html
Buy A Prime Location 6 Marla House For sale In Snober City,PKR 1.55 Crore,15500000,3,3,6 Marla,1350.0,11481,House,True,27,super hot271VerifiedShare on FacebookShare on TwitterShare on WhatsAppSend via GMailSend via E-Mail,99,Houses_Rawalpindi,for_sale,2026-07-24,https://www.zameen.com/Property/adiala_road_snober_city_buy_a_prime_location_6_marla_house_for_sale_in_snober_city-54508522-11748-1.html
Safari Villa For Sale,PKR 4.35 Crore,43500000,3,4,10.9 Marla,2452.5,17737,House,True,41,hot41Share on FacebookShare on TwitterShare on WhatsAppSend via GMailSend via E-Mail,84,Houses_Rawalpindi,for_sale,2026-07-24,https://www.zameen.com/Property/bahria_town_rawalpindi_bahria_town_-_safari_villas_3_safari_villa_for_sale-54218859-3080-1.html
10 Marla house available for sale bahria town phase 3,PKR 4.75 Crore,47500000,5,6,10 Marla,2250.0,21111,House,True,16,hot16Share on FacebookShare on TwitterShare on WhatsAppSend via GMailSend via E-Mail,84,Houses_Rawalpindi,for_sale,2026-07-24,https://www.zameen.com/Property/bahria_town_rawalpindi_bahria_town_phase_3_10_marla_house_available_for_sale_bahria_town_phase_3-54515097-3036-1.html
12 Marla House Available For Sale In Bahria Town Phase 5,PKR 5.5 Crore,55000000,5,6,12 Marla,2700.0,20370,House,False,7,hot7Share on FacebookShare on TwitterShare on WhatsAppSend via GMailSend via E-Mail,83,Houses_Rawalpindi,for_sale,2026-07-24,https://www.zameen.com/Property/bahria_town_rawalpindi_bahria_town_phase_5_12_marla_house_available_for_sale_in_bahria_town_phase_5-45351893-3045-1.html
5 Marla Slightly Used House Available For Sale In Bahria Town Phase 8 Rawalpindi,PKR 1.85 Crore,18500000,4,4,5 Marla,1125.0,16444,House,False,14,hot14Share on FacebookShare on TwitterShare on WhatsAppSend via GMailSend via E-Mail,84,Houses_Rawalpindi,for_sale,2026-07-24,https://www.zameen.com/Property/bahria_town_rawalpindi_bahria_town_phase_8_5_marla_slightly_used_house_available_for_sale_in_bahria_town_phase_8_rawalpindi-54408916-3048-1.html
"10 Marla Double Storey Owner-Built House For Sale Ayub Colony, Near Chaklala Scheme 3",PKR 3.8 Crore,38000000,5,6,10 Marla,2250.0,16888,House,False,23,hot23Share on FacebookShare on TwitterShare on WhatsAppSend via GMailSend via E-Mail,84,Houses_Rawalpindi,for_sale,2026-07-24,https://www.zameen.com/Property/chaklala_scheme_chaklala_scheme_3_10_marla_double_storey_owner-built_house_for_sale_ayub_colony_near_chaklala_scheme_3-54515522-1312-1.html
8 MARLA BRAND NEW LUSH DESIGHNER DOUBLE STOREY HOUSE AVAILBLE FOR SALE AT AIRPORT HOUSING SOCIETY RAWALPINDI,PKR 3.6 Crore,36000000,6,7,8 Marla,1800.0,20000,House,False,50,hot50Share on FacebookShare on TwitterShare on WhatsAppSend via GMailSend via E-Mail,84,Houses_Rawalpindi,for_sale,2026-07-24,https://www.zameen.com/Property/airport_housing_society_airport_housing_society_-_sector_4_8_marla_brand_new_lush_desighner_double_storey_house_availble_for_sale_at_airport_housing_society_rawalpindi-53983535-9155-1.html
6 MARLA BRAND NEW DOUBLE STORY HOUSE FOR SELL AT PRIME LOCATION AIRPORT HOUSING SOCIETY RAWALPINDI,PKR 2.2 Crore,22000000,4,6,6 Marla,1350.0,16296,House,False,33,hot33Share on FacebookShare on TwitterShare on WhatsAppSend via GMailSend via E-Mail,84,Houses_Rawalpindi,for_sale,2026-07-24,https://www.zameen.com/Property/airport_housing_society_airport_housing_society_-_sector_4_6_marla_brand_new_double_story_house_for_sell_at_prime_location_airport_housing_society_rawalpindi-54215669-9155-1.html
5 Marla Double Storey House For Sale Officer Colony Line 7 Misryal Road.,PKR 1.28 Crore,12800000,4,6,5 Marla,1125.0,11377,House,False,26,26Share on FacebookShare on TwitterShare on WhatsAppSend via GMailSend via E-Mail,81,Houses_Rawalpindi,for_sale,2026-07-24,https://www.zameen.com/Property/rawalpindi_misryal_road_5_marla_double_storey_house_for_sale_officer_colony_line_7_misryal_road-53364280-8128-1.html
4 Marla House For Sale Near Hakeem Plaza Range Road.,PKR 1 Crore,10000000,2,2,4 Marla,900.0,11111,House,False,14,14Share on FacebookShare on TwitterShare on WhatsAppSend via GMailSend via E-Mail,81,Houses_Rawalpindi,for_sale,2026-07-24,https://www.zameen.com/Property/rawalpindi_range_road_4_marla_house_for_sale_near_hakeem_plaza_range_road-54363526-8129-1.html
4 Marla House For Sale Near Askari Marriage Hall Misryal Road.,PKR 85 Lakh,8500000,2,3,4 Marla,900.0,9444,House,False,15,15Share on FacebookShare on TwitterShare on WhatsAppSend via GMailSend via E-Mail,81,Houses_Rawalpindi,for_sale,2026-07-24,https://www.zameen.com/Property/rawalpindi_misryal_road_4_marla_house_for_sale_near_askari_marriage_hall_misryal_road-54357183-8128-1.html
5 Marla Brand New Double Storey House For Sale Near Askari Marriage Hall Misryal Road,PKR 1.25 Crore,12500000,4,4,5 Marla,1125.0,11111,House,False,29,29Share on FacebookShare on TwitterShare on WhatsAppSend via GMailSend via E-Mail,81,Houses_Rawalpindi,for_sale,2026-07-24,https://www.zameen.com/Property/rawalpindi_misryal_road_5_marla_brand_new_double_storey_house_for_sale_near_askari_marriage_hall_misryal_road-54324227-8128-1.html
3 Marla Double Storey House For Sale Officer Colony Line 2 Misryal Road.,PKR 75 Lakh,7500000,4,2,3 Marla,675.0,11111,House,False,14,14Share on FacebookShare on TwitterShare on WhatsAppSend via GMailSend via E-Mail,81,Houses_Rawalpindi,for_sale,2026-07-24,https://www.zameen.com/Property/misryal_road_officer_colony_3_marla_double_storey_house_for_sale_officer_colony_line_2_misryal_road-54322821-21388-1.html
3 Marla Double Storey Brand New House For Sale PIA Colony Range Road.,PKR 1.2 Crore,12000000,3,3,3 Marla,675.0,17777,House,False,29,29Share on FacebookShare on TwitterShare on WhatsAppSend via GMailSend via E-Mail,81,Houses_Rawalpindi,for_sale,2026-07-24,https://www.zameen.com/Property/rawalpindi_range_road_3_marla_double_storey_brand_new_house_for_sale_pia_colony_range_road-54198056-8129-1.html
6 Marla Brand New Double Storey House For Sale Line 7 Peshawar Road.,PKR 2.9 Crore,29000000,4,6,6 Marla,1350.0,21481,House,False,30,30Share on FacebookShare on TwitterShare on WhatsAppSend via GMailSend via E-Mail,81,Houses_Rawalpindi,for_sale,2026-07-24,https://www.zameen.com/Property/rawalpindi_peshawar_road_6_marla_brand_new_double_storey_house_for_sale_line_7_peshawar_road-54058896-517-1.html
5 Marla House For Sale Near Hakeem Plaza Range Road,PKR 1.08 Crore,10800000,2,3,5 Marla,1125.0,9600,House,False,19,19Share on FacebookShare on TwitterShare on WhatsAppSend via GMailSend via E-Mail,81,Houses_Rawalpindi,for_sale,2026-07-24,https://www.zameen.com/Property/rawalpindi_range_road_5_marla_house_for_sale_near_hakeem_plaza_range_road-54024936-8129-1.html
Very Low Price 10 KWA Solar Installed 10 Marla Brand New House For Sale Bahria Town Rawalpindi,PKR 3.7 Crore,37000000,5,6,10 Marla,2250.0,16444,House,True,15,super hot15Share on FacebookShare on TwitterShare on WhatsAppSend via GMailSend via E-Mail,90,Houses_Rawalpindi,for_sale,2026-07-24,https://www.zameen.com/Property/bahria_town_phase_8_bahria_town_phase_8_-_block_i_very_low_price_10_kwa_solar_installed_10_marla_brand_new_house_for_sale_bahria_town_rawalpindi-54419286-3057-1.html
7 Marla Double Storey Double Unit House Available For Sale.,PKR 2.5 Crore,25000000,4,4,7 Marla,1575.0,15873,House,True,42,super hot42Share on FacebookShare on TwitterShare on WhatsAppSend via GMailSend via E-Mail,90,Houses_Rawalpindi,for_sale,2026-07-24,https://www.zameen.com/Property/rawalpindi_punjab_government_servant_housing_foundation_pgshf_7_marla_double_storey_double_unit_house_available_for_sale-54332718-10424-1.html
10 Marla 5 Bedroom Double Unit House Supreme Location,PKR 4.6 Crore,46000000,4,6,10 Marla,2250.0,20444,House,True,29,super hot29Share on FacebookShare on TwitterShare on WhatsAppSend via GMailSend via E-Mail,90,Houses_Rawalpindi,for_sale,2026-07-24,https://www.zameen.com/Property/bahria_town_rawalpindi_bahria_town_phase_6_10_marla_5_bedroom_double_unit_house_supreme_location-54504594-3046-1.html
11 Marla House For Sale In Bahria Town Phase 2,PKR 5.25 Crore,52500000,5,,11 Marla,2475.0,21212,House,True,18,super hot18VerifiedShare on FacebookShare on TwitterShare on WhatsAppSend via GMailSend via E-Mail,98,Houses_Rawalpindi,for_sale,2026-07-24,https://www.zameen.com/Property/bahria_town_rawalpindi_bahria_town_phase_2_11_marla_house_for_sale_in_bahria_town_phase_2-53279141-3035-1.html
A Great Choice For A 1 Kanal House Available In Bahria Town Phase 5,PKR 16.25 Crore,162500000,6,,1 Kanal,4500.0,36111,House,True,18,super hot18Share on FacebookShare on TwitterShare on WhatsAppSend via GMailSend via E-Mail,90,Houses_Rawalpindi,for_sale,2026-07-24,https://www.zameen.com/Property/bahria_town_rawalpindi_bahria_town_phase_5_a_great_choice_for_a_1_kanal_house_available_in_bahria_town_phase_5-54304607-3045-1.html
Prime Location In Snober City 5 Marla House For sale,PKR 1.45 Crore,14500000,3,3,5 Marla,1125.0,12888,House,True,28,super hot281VerifiedShare on FacebookShare on TwitterShare on WhatsAppSend via GMailSend via E-Mail,99,Houses_Rawalpindi,for_sale,2026-07-24,https://www.zameen.com/Property/adiala_road_snober_city_prime_location_in_snober_city_5_marla_house_for_sale-54508521-11748-1.html
Prime Location House Of 7 Marla Is Available For Sale,PKR 2.7 Crore,27000000,5,5,7 Marla,1575.0,17142,House,True,32,super hot321VerifiedShare on FacebookShare on TwitterShare on WhatsAppSend via GMailSend via E-Mail,99,Houses_Rawalpindi,for_sale,2026-07-24,https://www.zameen.com/Property/rawalpindi_lalazar_estate_housing_society_prime_location_house_of_7_marla_is_available_for_sale-54508286-22388-1.html
On Excellent Location House Is Available In Bahria Town Rawalpindi Umer Block With Front Lawn Garden,PKR 3.3 Crore,33000000,5,6,6.9 Marla,1552.5,21256,House,True,39,super hot391VerifiedShare on FacebookShare on TwitterShare on WhatsAppSend via GMailSend via E-Mail,99,Houses_Rawalpindi,for_sale,2026-07-24,https://www.zameen.com/Property/bahria_town_phase_8_safari_valley_bahria_town_phase_8_-_umer_block_on_excellent_location_house_is_available_in_bahria_town_rawalpindi_umer_block_with_front_lawn_garden-54398327-3067-1.html
Brand New Facing Lawn House Available In Bahria Town Phase 8 - Umer Block For Sale,PKR 3.3 Crore,33000000,5,6,6.9 Marla,1552.5,21256,House,True,37,super hot371VerifiedShare on FacebookShare on TwitterShare on WhatsAppSend via GMailSend via E-Mail,99,Houses_Rawalpindi,for_sale,2026-07-24,https://www.zameen.com/Property/bahria_town_phase_8_safari_valley_bahria_town_phase_8_-_umer_block_brand_new_facing_lawn_house_available_in_bahria_town_phase_8_-_umer_block_for_sale-54398328-3067-1.html
Prime Location House For Sale In Bahria Town Phase 8 - Umer Block,PKR 3.3 Crore,33000000,5,6,6.6 Marla,1485.0,22222,House,True,36,super hot361VerifiedShare on FacebookShare on TwitterShare on WhatsAppSend via GMailSend via E-Mail,99,Houses_Rawalpindi,for_sale,2026-07-24,https://www.zameen.com/Property/bahria_town_phase_8_safari_valley_bahria_town_phase_8_-_umer_block_prime_location_house_for_sale_in_bahria_town_phase_8_-_umer_block-54398326-3067-1.html
House For Sale In Bahria Town Rawalpindi Islamabad,PKR 39 Crore,390000000,6,6,1.7 Kanal,7650.0,50980,House,True,50,hot50Share on FacebookShare on TwitterShare on WhatsAppSend via GMailSend via E-Mail,84,Houses_Rawalpindi,for_sale,2026-07-24,https://www.zameen.com/Property/bahria_town_rawalpindi_bahria_intellectual_village_house_for_sale_in_bahria_town_rawalpindi_islamabad-54157220-8256-1.html
Elegant Designer House Gas Install,PKR 5.5 Crore,55000000,5,6,10 Marla,2250.0,24444,House,True,50,hot50Share on FacebookShare on TwitterShare on WhatsAppSend via GMailSend via E-Mail,84,Houses_Rawalpindi,for_sale,2026-07-24,https://www.zameen.com/Property/bahria_town_rawalpindi_bahria_town_phase_8_elegant_designer_house_gas_install-53663814-3048-1.html
6 Marla Stylish Brand New Double Storey House Sector 4 with water bore,PKR 2.5 Crore,25000000,4,6,6.7 Marla,1507.5,16583,House,False,22,hot22Share on FacebookShare on TwitterShare on WhatsAppSend via GMailSend via E-Mail,84,Houses_Rawalpindi,for_sale,2026-07-24,https://www.zameen.com/Property/airport_housing_society_airport_housing_society_-_sector_4_6_marla_stylish_brand_new_double_storey_house_sector_4_with_water_bore-54515312-9155-1.html
5 Marla House For Sale In Gardenia Block Taj Residencia,PKR 2.4 Crore,24000000,4,5,5 Marla,1125.0,21333,House,False,5,hot51Share on FacebookShare on TwitterShare on WhatsAppSend via GMailSend via E-Mail,84,Houses_Rawalpindi,for_sale,2026-07-24,https://www.zameen.com/Property/taj_residencia_taj_residencia_-_gardenia_block_5_marla_house_for_sale_in_gardenia_block_taj_residencia-53338039-18992-1.html
8 Marla Newly Constructed House In Lily Block At Main Boulevard - Taj Residencia For Sale,PKR 3.5 Crore,35000000,4,5,8 Marla,1800.0,19444,House,False,5,hot5Share on FacebookShare on TwitterShare on WhatsAppSend via GMailSend via E-Mail,83,Houses_Rawalpindi,for_sale,2026-07-24,https://www.zameen.com/Property/taj_residencia_taj_residencia_-_lily_block_8_marla_newly_constructed_house_in_lily_block_at_main_boulevard_-_taj_residencia_for_sale-53338044-18996-1.html
6.5 Marla House For Sale In Gulraiz Housing Society Rawalpindi,PKR 2.45 Crore,24500000,4,6,6.5 Marla,1462.5,16752,House,False,14,hot14Share on FacebookShare on TwitterShare on WhatsAppSend via GMailSend via E-Mail,84,Houses_Rawalpindi,for_sale,2026-07-24,https://www.zameen.com/Property/rawalpindi_gulraiz_housing_scheme_6_5_marla_house_for_sale_in_gulraiz_housing_society_rawalpindi-54139563-438-1.html
Get In Touch Now To Buy A House In Airport Housing Society,PKR 1.4 Crore,14000000,2,3,5 Marla,1125.0,12444,House,False,14,hot14Share on FacebookShare on TwitterShare on WhatsAppSend via GMailSend via E-Mail,84,Houses_Rawalpindi,for_sale,2026-07-24,https://www.zameen.com/Property/rawalpindi_airport_housing_society_get_in_touch_now_to_buy_a_house_in_airport_housing_society-52837698-426-1.html
3 Marla Double Storey House For Sale Near Deewan E Khas Marriage Hall Misryal Road.,PKR 85 Lakh,8500000,4,4,3 Marla,675.0,12592,House,False,9,9Share on FacebookShare on TwitterShare on WhatsAppSend via GMailSend via E-Mail,80,Houses_Rawalpindi,for_sale,2026-07-24,https://www.zameen.com/Property/rawalpindi_misryal_road_3_marla_double_storey_house_for_sale_near_deewan_e_khas_marriage_hall_misryal_road-54363599-8128-1.html
4 Marla Brand New House For Sale Saleem Town Chakra Road Road.,PKR 65 Lakh,6500000,2,3,4 Marla,900.0,7222,House,False,8,8Share on FacebookShare on TwitterShare on WhatsAppSend via GMailSend via E-Mail,80,Houses_Rawalpindi,for_sale,2026-07-24,https://www.zameen.com/Property/rawalpindi_misryal_road_4_marla_brand_new_house_for_sale_saleem_town_chakra_road_road-54366631-8128-1.html
3 Marla Brand New House For Sale Ameer Hamza Colony Chakra Road Road.,PKR 60 Lakh,6000000,2,2,3 Marla,675.0,8888,House,False,10,10Share on FacebookShare on TwitterShare on WhatsAppSend via GMailSend via E-Mail,81,Houses_Rawalpindi,for_sale,2026-07-24,https://www.zameen.com/Property/rawalpindi_chakra_road_3_marla_brand_new_house_for_sale_ameer_hamza_colony_chakra_road_road-54422716-10347-1.html
3 Marla Double Storey Brand New House For Sale Line 5 Near Nisar Hospital Peshawar Road.,PKR 1.35 Crore,13500000,2,2,3 Marla,675.0,20000,House,False,12,12Share on FacebookShare on TwitterShare on WhatsAppSend via GMailSend via E-Mail,81,Houses_Rawalpindi,for_sale,2026-07-24,https://www.zameen.com/Property/rawalpindi_peshawar_road_3_marla_double_storey_brand_new_house_for_sale_line_5_near_nisar_hospital_peshawar_road-54460059-517-1.html
7 Marla Single Storey Brand New House For Sale Officer Colony Line 4 Misryal Road.,PKR 1.5 Crore,15000000,3,3,7 Marla,1575.0,9523,House,False,18,18Share on FacebookShare on TwitterShare on WhatsAppSend via GMailSend via E-Mail,81,Houses_Rawalpindi,for_sale,2026-07-24,https://www.zameen.com/Property/misryal_road_officer_colony_7_marla_single_storey_brand_new_house_for_sale_officer_colony_line_4_misryal_road-54468562-21388-1.html
5 Marla Double Story House For Sale Near Hakeem Plaza Range Road.,PKR 1.6 Crore,16000000,4,4,5 Marla,1125.0,14222,House,False,18,18Share on FacebookShare on TwitterShare on WhatsAppSend via GMailSend via E-Mail,81,Houses_Rawalpindi,for_sale,2026-07-24,https://www.zameen.com/Property/rawalpindi_range_road_5_marla_double_story_house_for_sale_near_hakeem_plaza_range_road-54510815-8129-1.html
5 Marla Single Storey Brand New House For Sale Officer Colony Line 6 Misryal Road.,PKR 1.6 Crore,16000000,2,3,5 Marla,1125.0,14222,House,False,21,21Share on FacebookShare on TwitterShare on WhatsAppSend via GMailSend via E-Mail,81,Houses_Rawalpindi,for_sale,2026-07-24,https://www.zameen.com/Property/misryal_road_officer_colony_5_marla_single_storey_brand_new_house_for_sale_officer_colony_line_6_misryal_road-54500952-21388-1.html
LOP New Brand A Centrally Located House Is Available For Sale In Rawalpindi,PKR 1.4 Crore,14000000,3,3,5 Marla,1125.0,12444,House,False,8,8Share on FacebookShare on TwitterShare on WhatsAppSend via GMailSend via E-Mail,80,Houses_Rawalpindi,for_sale,2026-07-24,https://www.zameen.com/Property/adiala_road_snober_city_lop_new_brand_a_centrally_located_house_is_available_for_sale_in_rawalpindi-54295057-11748-1.html
Highly-Coveted 10 Marla House Is Available In Bahria Town Phase 4 For Sale,PKR 3.95 Crore,39500000,5,5,10 Marla,2250.0,17555,House,True,17,super hot17Share on FacebookShare on TwitterShare on WhatsAppSend via GMailSend via E-Mail,90,Houses_Rawalpindi,for_sale,2026-07-24,https://www.zameen.com/Property/bahria_town_rawalpindi_bahria_town_phase_4_highly-coveted_10_marla_house_is_available_in_bahria_town_phase_4_for_sale-54285748-3041-1.html
1 Kanal Double Storey Double Unit House Available For Sale In Gulshan Abad,PKR 5.15 Crore,51500000,8,,1 Kanal,4500.0,11444,House,True,46,super hot46Share on FacebookShare on TwitterShare on WhatsAppSend via GMailSend via E-Mail,90,Houses_Rawalpindi,for_sale,2026-07-24,https://www.zameen.com/Property/rawalpindi_gulshan_abad_1_kanal_double_storey_double_unit_house_available_for_sale_in_gulshan_abad-49318909-1058-1.html
House For Sale In Bahria Town Rawalpindi Islamabad,PKR 22.75 Crore,227500000,5,6,1.2 Kanal,5400.0,42129,House,True,31,super hot31Share on FacebookShare on TwitterShare on WhatsAppSend via GMailSend via E-Mail,90,Houses_Rawalpindi,for_sale,2026-07-24,https://www.zameen.com/Property/bahria_town_phase_7_bahria_spring_north_house_for_sale_in_bahria_town_rawalpindi_islamabad-54158062-8322-1.html
10 Marla House With 10 KVA Solar B Block Bahria Town Rawalpindi,PKR 3.95 Crore,39500000,5,6,10 Marla,2250.0,17555,House,True,42,super hot42Share on FacebookShare on TwitterShare on WhatsAppSend via GMailSend via E-Mail,90,Houses_Rawalpindi,for_sale,2026-07-24,https://www.zameen.com/Property/bahria_town_phase_8_bahria_town_phase_8_-_block_b_10_marla_house_with_10_kva_solar_b_block_bahria_town_rawalpindi-54429955-3050-1.html
Highly-Desirable House Available In Bahria Town Phase 3 For Sale,PKR 3.9 Crore,39000000,5,,10 Marla,2250.0,17333,House,True,22,super hot22VerifiedShare on FacebookShare on TwitterShare on WhatsAppSend via GMailSend via E-Mail,98,Houses_Rawalpindi,for_sale,2026-07-24,https://www.zameen.com/Property/bahria_town_rawalpindi_bahria_town_phase_3_highly-desirable_house_available_in_bahria_town_phase_3_for_sale-54316980-3036-1.html
"7 Marla House Available For Sale In Bahria Town Phase 8 - Abu Bakar Block, Rawalpindi",PKR 2.25 Crore,22500000,,,7 Marla,1575.0,14285,House,True,6,super hot6VerifiedShare on FacebookShare on TwitterShare on WhatsAppSend via GMailSend via E-Mail,97,Houses_Rawalpindi,for_sale,2026-07-24,https://www.zameen.com/Property/bahria_town_phase_8_safari_valley_bahria_town_phase_8_-_abu_bakar_block_7_marla_house_available_for_sale_in_bahria_town_phase_8_-_abu_bakar_block_rawalpindi-53650865-3069-1.html
10 Marla Double Unit Brand New House For Sale  Prime Location  Near The Main Access,PKR 3.5 Crore,35000000,6,6,10 Marla,2250.0,15555,House,True,43,super hot43Share on FacebookShare on TwitterShare on WhatsAppSend via GMailSend via E-Mail,90,Houses_Rawalpindi,for_sale,2026-07-24,https://www.zameen.com/Property/rawalpindi_gulshan_abad_10_marla_double_unit_brand_new_house_for_sale_prime_location_near_the_main_access-54064274-1058-1.html
10 Marla Double Unit Unfurnished House For Sale,PKR 4.75 Crore,47500000,5,6,10 Marla,2250.0,21111,House,True,9,super hot9Share on FacebookShare on TwitterShare on WhatsAppSend via GMailSend via E-Mail,89,Houses_Rawalpindi,for_sale,2026-07-24,https://www.zameen.com/Property/bahria_town_rawalpindi_bahria_town_phase_3_10_marla_double_unit_unfurnished_house_for_sale-54151783-3036-1.html
10 Marla Unfurnished House,PKR 4.15 Crore,41500000,5,6,10 Marla,2250.0,18444,House,True,18,super hot181Share on FacebookShare on TwitterShare on WhatsAppSend via GMailSend via E-Mail,91,Houses_Rawalpindi,for_sale,2026-07-24,https://www.zameen.com/Property/bahria_town_rawalpindi_bahria_town_phase_2_10_marla_unfurnished_house-54420139-3035-1.html
Ali Block Corner Triple Story Like a brand New Owner Build House Available For Sale at Bahria Town Phase 8 Rawalpindi Islamabad,PKR 2.1 Crore,21000000,3,4,5 Marla,1125.0,18666,House,True,26,super hot26Share on FacebookShare on TwitterShare on WhatsAppSend via GMailSend via E-Mail,90,Houses_Rawalpindi,for_sale,2026-07-24,https://www.zameen.com/Property/bahria_town_phase_8_safari_valley_bahria_town_phase_8_-_ali_block_ali_block_corner_triple_story_like_a_brand_new_owner_build_house_available_for_sale_at_bahria_town_phase_8_rawalpindi_islamabad-54334681-3070-1.html
Elegant 1 Kanal White House For Sale At Investor Price,PKR 8.5 Crore,85000000,5,6,1 Kanal,4500.0,18888,House,True,20,hot20Share on FacebookShare on TwitterShare on WhatsAppSend via GMailSend via E-Mail,84,Houses_Rawalpindi,for_sale,2026-07-24,https://www.zameen.com/Property/bahria_town_phase_8_bahria_greens_-_overseas_enclave_elegant_1_kanal_white_house_for_sale_at_investor_price-54507873-3081-1.html
Beautifully Designed 11 Marla House For Sale,PKR 4.65 Crore,46500000,4,5,11 Marla,2475.0,18787,House,True,50,hot50Share on FacebookShare on TwitterShare on WhatsAppSend via GMailSend via E-Mail,84,Houses_Rawalpindi,for_sale,2026-07-24,https://www.zameen.com/Property/bahria_greens_overseas_enclave_bahria_greens_-_overseas_enclave_-_sector_3_beautifully_designed_11_marla_house_for_sale-39549743-8302-1.html
1 Kanal Brand New hauos available for sale,PKR 12.5 Crore,125000000,6,6,1 Kanal,4500.0,27777,House,False,26,hot26Share on FacebookShare on TwitterShare on WhatsAppSend via GMailSend via E-Mail,84,Houses_Rawalpindi,for_sale,2026-07-24,https://www.zameen.com/Property/bahria_town_rawalpindi_bahria_town_phase_3_1_kanal_brand_new_hauos_available_for_sale-54451237-3036-1.html
"Designer House 12.5 Marla Bahria Town Phase 8 ,Rawalpindi",PKR 5.95 Crore,59500000,5,6,12 Marla,2700.0,22037,House,False,32,hot32Share on FacebookShare on TwitterShare on WhatsAppSend via GMailSend via E-Mail,84,Houses_Rawalpindi,for_sale,2026-07-24,https://www.zameen.com/Property/bahria_town_rawalpindi_bahria_town_phase_8_designer_house_12_5_marla_bahria_town_phase_8_rawalpindi-54450480-3048-1.html
10 Marla House For Sale On Adiala Road National Housing Scheme 1 Rawalpindi.,PKR 1.9 Crore,19000000,3,3,10 Marla,2250.0,8444,House,False,14,hot14Share on FacebookShare on TwitterShare on WhatsAppSend via GMailSend via E-Mail,84,Houses_Rawalpindi,for_sale,2026-07-24,https://www.zameen.com/Property/rawalpindi_adiala_road_10_marla_house_for_sale_on_adiala_road_national_housing_scheme_1_rawalpindi-54439193-478-1.html
15.5 Marla Beautiful House Available For Sale,PKR 5.75 Crore,57500000,5,6,15.5 Marla,3487.5,16487,House,False,11,hot11Share on FacebookShare on TwitterShare on WhatsAppSend via GMailSend via E-Mail,84,Houses_Rawalpindi,for_sale,2026-07-24,https://www.zameen.com/Property/bahria_town_phase_7_bahria_spring_north_15_5_marla_beautiful_house_available_for_sale-54198292-8322-1.html
"10 Marla Designer House for Sale in E Block, Bahria Town Phase 8 | Proper Double Unit | With Mezzanine Floor | Elegant Modern Home",PKR 4.9 Crore,49000000,5,6,10 Marla,2250.0,21777,House,False,23,hot23Share on FacebookShare on TwitterShare on WhatsAppSend via GMailSend via E-Mail,84,Houses_Rawalpindi,for_sale,2026-07-24,https://www.zameen.com/Property/bahria_town_phase_8_bahria_town_phase_8_-_block_e_10_marla_designer_house_for_sale_in_e_block_bahria_town_phase_8_proper_double_unit_with_mezzanine_floor_elegant_modern_home-54387152-3053-1.html
7 marla double story House for sale askari 11 Rawalpindi,PKR 7 Crore,70000000,4,5,10 Marla,2250.0,31111,House,False,20,20Share on FacebookShare on TwitterShare on WhatsAppSend via GMailSend via E-Mail,81,Houses_Rawalpindi,for_sale,2026-07-24,https://www.zameen.com/Property/rawalpindi_askari_11_7_marla_double_story_house_for_sale_askari_11_rawalpindi-53303550-443-1.html
10 Marla Double Storey House For Sale Bahria town phase 3 Rawalpindi,PKR 4.75 Crore,47500000,5,6,10 Marla,2250.0,21111,House,False,32,32Share on FacebookShare on TwitterShare on WhatsAppSend via GMailSend via E-Mail,81,Houses_Rawalpindi,for_sale,2026-07-24,https://www.zameen.com/Property/bahria_town_rawalpindi_bahria_town_phase_3_10_marla_double_storey_house_for_sale_bahria_town_phase_3_rawalpindi-54487568-3036-1.html
5 Marla Gray Structure In Lilly Block Taj Residencia,PKR 1.7 Crore,17000000,6,5,5 Marla,1125.0,15111,House,False,9,9Share on FacebookShare on TwitterShare on WhatsAppSend via GMailSend via E-Mail,80,Houses_Rawalpindi,for_sale,2026-07-24,https://www.zameen.com/Property/taj_residencia_taj_residencia_-_lily_block_5_marla_gray_structure_in_lilly_block_taj_residencia-54473993-18996-1.html
7 Marla Brand new Designer owner built house for sale !,PKR 2.65 Crore,26500000,5,6,8 Marla,1800.0,14722,House,False,49,49Share on FacebookShare on TwitterShare on WhatsAppSend via GMailSend via E-Mail,81,Houses_Rawalpindi,for_sale,2026-07-24,https://www.zameen.com/Property/bahria_town_phase_8_bahria_town_phase_8_-_safari_valley_7_marla_brand_new_designer_owner_built_house_for_sale-54515608-3074-1.html
BEAUTIFUL 6 MARLA HOUSE PHASE 8,PKR 2.8 Crore,28000000,4,5,6 Marla,1350.0,20740,House,False,35,351VerifiedShare on FacebookShare on TwitterShare on WhatsAppSend via GMailSend via E-Mail,90,Houses_Rawalpindi,for_sale,2026-07-24,https://www.zameen.com/Property/bahria_town_phase_8_bahria_town_phase_8_-_sector_e-1_beautiful_6_marla_house_phase_8-54374168-8360-1.html
12 Marla Luxury Brand New House For Sale,PKR 6.5 Crore,65000000,6,6,12 Marla,2700.0,24074,House,False,12,12Share on FacebookShare on TwitterShare on WhatsAppSend via GMailSend via E-Mail,81,Houses_Rawalpindi,for_sale,2026-07-24,https://www.zameen.com/Property/rawalpindi_media_town_12_marla_luxury_brand_new_house_for_sale-54359133-8157-1.html
Brand New luxury House available for sale in Rafi Block  03420173496,PKR 2.4 Crore,24000000,4,5,5 Marla,1125.0,21333,House,False,10,10Share on FacebookShare on TwitterShare on WhatsAppSend via GMailSend via E-Mail,81,Houses_Rawalpindi,for_sale,2026-07-24,https://www.zameen.com/Property/bahria_town_rawalpindi_bahria_town_phase_8_brand_new_luxury_house_available_for_sale_in_rafi_block_03420173496-54515283-3048-1.html
10 Marla Stylish Brand New Double Storey House Sector 4 With water bore available Duration Good,PKR 4 Crore,40000000,6,6,10 Marla,2250.0,17777,House,False,14,14Share on FacebookShare on TwitterShare on WhatsAppSend via GMailSend via E-Mail,81,Houses_Rawalpindi,for_sale,2026-07-24,https://www.zameen.com/Property/airport_housing_society_airport_housing_society_-_sector_4_10_marla_stylish_brand_new_double_storey_house_sector_4_with_water_bore_available_duration_good-54515281-9155-1.html
Designer Luxury House Available For Sale,PKR 5.3 Crore,53000000,4,6,10 Marla,2250.0,23555,House,True,35,super hot35Share on FacebookShare on TwitterShare on WhatsAppSend via GMailSend via E-Mail,90,Houses_Rawalpindi,for_sale,2026-07-24,https://www.zameen.com/Property/bahria_town_rawalpindi_bahria_town_phase_7_designer_luxury_house_available_for_sale-54499117-3047-1.html
Designer House 7 bedroom Investor Rate,PKR 7.95 Crore,79500000,7,6,1 Kanal,4500.0,17666,House,True,35,super hot351Share on FacebookShare on TwitterShare on WhatsAppSend via GMailSend via E-Mail,91,Houses_Rawalpindi,for_sale,2026-07-24,https://www.zameen.com/Property/bahria_greens_overseas_enclave_bahria_greens_-_overseas_enclave_-_sector_5_designer_house_7_bedroom_investor_rate-54498943-8304-1.html
Luxurious Designer House available For Sale,PKR 6.3 Crore,63000000,5,6,10 Marla,2250.0,28000,House,True,50,super hot50Share on FacebookShare on TwitterShare on WhatsAppSend via GMailSend via E-Mail,90,Houses_Rawalpindi,for_sale,2026-07-24,https://www.zameen.com/Property/bahria_greens_overseas_enclave_bahria_greens_-_overseas_enclave_-_sector_2_luxurious_designer_house_available_for_sale-54499804-8301-1.html
Modern Designer Fully Furnished House For Sale Bharia Town Phase 2,PKR 14.8 Crore,148000000,5,6,1 Kanal,4500.0,32888,House,True,49,super hot491Share on FacebookShare on TwitterShare on WhatsAppSend via GMailSend via E-Mail,91,Houses_Rawalpindi,for_sale,2026-07-24,https://www.zameen.com/Property/bahria_town_rawalpindi_bahria_town_phase_2_modern_designer_fully_furnished_house_for_sale_bharia_town_phase_2-51847077-3035-1.html
1 Kanal House For Sale,PKR 6.5 Crore,65000000,5,6,1 Kanal,4500.0,14444,House,True,32,super hot32Share on FacebookShare on TwitterShare on WhatsAppSend via GMailSend via E-Mail,90,Houses_Rawalpindi,for_sale,2026-07-24,https://www.zameen.com/Property/bahria_town_rawalpindi_bahria_town_phase_6_1_kanal_house_for_sale-54499007-3046-1.html
10Marla Brand new House for sale in Bahria Town Phase 2 Rawalpindi.,PKR 5.9 Crore,59000000,5,6,10 Marla,2250.0,26222,House,True,12,super hot12Share on FacebookShare on TwitterShare on WhatsAppSend via GMailSend via E-Mail,90,Houses_Rawalpindi,for_sale,2026-07-24,https://www.zameen.com/Property/rawalpindi_bahria_town_rawalpindi_10marla_brand_new_house_for_sale_in_bahria_town_phase_2_rawalpindi-54507983-632-1.html
10 Marla House Urgent For Sale,PKR 8 Crore,80000000,5,6,10 Marla,2250.0,35555,House,True,29,super hot29Share on FacebookShare on TwitterShare on WhatsAppSend via GMailSend via E-Mail,90,Houses_Rawalpindi,for_sale,2026-07-24,https://www.zameen.com/Property/satellite_town_satellite_town_-_block_e_10_marla_house_urgent_for_sale-50607778-10239-1.html
5 Marla Luxury Single Story House For Sale In Airport Housing Society,PKR 1.4 Crore,14000000,2,3,5 Marla,1125.0,12444,House,True,11,super hot11Share on FacebookShare on TwitterShare on WhatsAppSend via GMailSend via E-Mail,90,Houses_Rawalpindi,for_sale,2026-07-24,https://www.zameen.com/Property/airport_housing_society_airport_housing_society_-_sector_4_5_marla_luxury_single_story_house_for_sale_in_airport_housing_society-54507864-9155-1.html
Spacious 1 Kanal Used House in Prime Location,PKR 7.5 Crore,75000000,6,6,1 Kanal,4500.0,16666,House,True,15,super hot15Share on FacebookShare on TwitterShare on WhatsAppSend via GMailSend via E-Mail,90,Houses_Rawalpindi,for_sale,2026-07-24,https://www.zameen.com/Property/bahria_town_rawalpindi_bahria_town_phase_7_spacious_1_kanal_used_house_in_prime_location-54507038-3047-1.html
12 Marla House In Bahria Greens - Overseas Enclave - Sector 6 Is Available,PKR 5.5 Crore,55000000,5,5,12 Marla,2700.0,20370,House,True,14,super hot14VerifiedShare on FacebookShare on TwitterShare on WhatsAppSend via GMailSend via E-Mail,98,Houses_Rawalpindi,for_sale,2026-07-24,https://www.zameen.com/Property/bahria_greens_overseas_enclave_bahria_greens_-_overseas_enclave_-_sector_6_12_marla_house_in_bahria_greens_-_overseas_enclave_-_sector_6_is_available-54457918-8305-1.html
1 Kanal Double Unit Designer House,PKR 8.75 Crore,87500000,5,6,1 Kanal,4500.0,19444,House,True,50,hot50Share on FacebookShare on TwitterShare on WhatsAppSend via GMailSend via E-Mail,84,Houses_Rawalpindi,for_sale,2026-07-24,https://www.zameen.com/Property/bahria_town_phase_8_bahria_town_phase_8_-_block_a1_1_kanal_double_unit_designer_house-49864360-12180-1.html
Brand New 16 Marla Corner House,PKR 7.95 Crore,79500000,5,6,16 Marla,3600.0,22083,House,True,49,hot49Share on FacebookShare on TwitterShare on WhatsAppSend via GMailSend via E-Mail,84,Houses_Rawalpindi,for_sale,2026-07-24,https://www.zameen.com/Property/bahria_greens_overseas_enclave_bahria_greens_-_overseas_enclave_-_sector_2_brand_new_16_marla_corner_house-50170458-8301-1.html
snober city 4.25 Marla dubl story house,PKR 1.35 Crore,13500000,4,4,4.2 Marla,945.0,14285,House,False,35,hot35Share on FacebookShare on TwitterShare on WhatsAppSend via GMailSend via E-Mail,84,Houses_Rawalpindi,for_sale,2026-07-24,https://www.zameen.com/Property/snober_city_snober_city_-_green_villas_snober_city_4_25_marla_dubl_story_house-54489550-16235-1.html
Snober City 6 Marla Brand New House,PKR 1.55 Crore,15500000,3,3,6 Marla,1350.0,11481,House,False,10,hot10Share on FacebookShare on TwitterShare on WhatsAppSend via GMailSend via E-Mail,84,Houses_Rawalpindi,for_sale,2026-07-24,https://www.zameen.com/Property/snober_city_snober_city_-_green_villas_snober_city_6_marla_brand_new_house-54489672-16235-1.html
5 Marla House for Sale | 8 kW Solar Installed | Prime Location,PKR 2 Crore,20000000,3,3,5 Marla,1125.0,17777,House,False,10,hot10Share on FacebookShare on TwitterShare on WhatsAppSend via GMailSend via E-Mail,84,Houses_Rawalpindi,for_sale,2026-07-24,https://www.zameen.com/Property/bahria_town_phase_8_bahria_town_phase_8_-_rafi_block_5_marla_house_for_sale_8_kw_solar_installed_prime_location-54513090-3071-1.html
"Ideal 5 Marla House Has Landed On Market In Gulbahar Scheme - Sector 1, Rawalpindi",PKR 1.28 Crore,12800000,2,3,5.8 Marla,1305.0,9808,House,False,28,hot28Share on FacebookShare on TwitterShare on WhatsAppSend via GMailSend via E-Mail,84,Houses_Rawalpindi,for_sale,2026-07-24,https://www.zameen.com/Property/gulbahar_scheme_gulbahar_scheme_-_sector_1_ideal_5_marla_house_has_landed_on_market_in_gulbahar_scheme_-_sector_1_rawalpindi-48139023-10428-1.html
Investor Rate Beautiful Location House Bahria Town Phase 4,PKR 3.88 Crore,38800000,5,5,10 Marla,2250.0,17244,House,False,12,hot12Share on FacebookShare on TwitterShare on WhatsAppSend via GMailSend via E-Mail,84,Houses_Rawalpindi,for_sale,2026-07-24,https://www.zameen.com/Property/bahria_town_rawalpindi_bahria_town_phase_4_investor_rate_beautiful_location_house_bahria_town_phase_4-54371303-3041-1.html
Luxury Designer House For Sale In Bahria Town,PKR 16.15 Crore,161500000,6,6,1 Kanal,4500.0,35888,House,False,50,50Share on FacebookShare on TwitterShare on WhatsAppSend via GMailSend via E-Mail,81,Houses_Rawalpindi,for_sale,2026-07-24,https://www.zameen.com/Property/bahria_town_rawalpindi_bahria_town_phase_5_luxury_designer_house_for_sale_in_bahria_town-54495747-3045-1.html
Kanal House For Sale At Investor Rate,PKR 6.75 Crore,67500000,6,6,1 Kanal,4500.0,15000,House,False,20,20Share on FacebookShare on TwitterShare on WhatsAppSend via GMailSend via E-Mail,81,Houses_Rawalpindi,for_sale,2026-07-24,https://www.zameen.com/Property/bahria_town_rawalpindi_bahria_town_phase_2_kanal_house_for_sale_at_investor_rate-54504383-3035-1.html
Luxury House for Sale in Bahria Town Phase 2,PKR 4.75 Crore,47500000,5,6,10 Marla,2250.0,21111,House,False,18,18Share on FacebookShare on TwitterShare on WhatsAppSend via GMailSend via E-Mail,81,Houses_Rawalpindi,for_sale,2026-07-24,https://www.zameen.com/Property/bahria_town_rawalpindi_bahria_town_phase_2_luxury_house_for_sale_in_bahria_town_phase_2-54495179-3035-1.html
Investor Rate 18 Marla House For Sale In Bahria Town,PKR 6.75 Crore,67500000,6,6,1 Kanal,4500.0,15000,House,False,42,42Share on FacebookShare on TwitterShare on WhatsAppSend via GMailSend via E-Mail,81,Houses_Rawalpindi,for_sale,2026-07-24,https://www.zameen.com/Property/bahria_town_rawalpindi_bahria_town_phase_5_investor_rate_18_marla_house_for_sale_in_bahria_town-54498632-3045-1.html
Beautiful Brand New House for Sale,PKR 5.1 Crore,51000000,5,6,11 Marla,2475.0,20606,House,False,29,29Share on FacebookShare on TwitterShare on WhatsAppSend via GMailSend via E-Mail,81,Houses_Rawalpindi,for_sale,2026-07-24,https://www.zameen.com/Property/bahria_town_rawalpindi_bahria_town_phase_3_beautiful_brand_new_house_for_sale-54495836-3036-1.html
10 Marla investor Rate House for Sale in Bahria Town,PKR 4.5 Crore,45000000,5,6,10 Marla,2250.0,20000,House,False,28,28Share on FacebookShare on TwitterShare on WhatsAppSend via GMailSend via E-Mail,81,Houses_Rawalpindi,for_sale,2026-07-24,https://www.zameen.com/Property/bahria_town_rawalpindi_bahria_town_phase_2_10_marla_investor_rate_house_for_sale_in_bahria_town-54498749-3035-1.html
Investor Rate Kanal Single Storey for Sale in Bahria Town,PKR 4.25 Crore,42500000,3,4,1 Kanal,4500.0,9444,House,False,8,8Share on FacebookShare on TwitterShare on WhatsAppSend via GMailSend via E-Mail,80,Houses_Rawalpindi,for_sale,2026-07-24,https://www.zameen.com/Property/bahria_town_rawalpindi_bahria_town_phase_5_investor_rate_kanal_single_storey_for_sale_in_bahria_town-54500570-3045-1.html
21 Marla Luxury Grey Structure House with Basement for Sale in Bahria Town Prime Location,PKR 8.25 Crore,82500000,9,6,1 Kanal,4500.0,18333,House,False,28,28Share on FacebookShare on TwitterShare on WhatsAppSend via GMailSend via E-Mail,81,Houses_Rawalpindi,for_sale,2026-07-24,https://www.zameen.com/Property/bahria_town_rawalpindi_bahria_town_phase_3_21_marla_luxury_grey_structure_house_with_basement_for_sale_in_bahria_town_prime_location-54498950-3036-1.html
10 Marla Brand New House Available For Sale.,PKR 3.75 Crore,37500000,7,,10 Marla,2250.0,16666,House,True,48,super hot481Share on FacebookShare on TwitterShare on WhatsAppSend via GMailSend via E-Mail,91,Houses_Rawalpindi,for_sale,2026-07-24,https://www.zameen.com/Property/rawalpindi_gulshan_abad_10_marla_brand_new_house_available_for_sale-53941994-1058-1.html
Slightly Used Designer House At Investor Price,PKR 9.5 Crore,95000000,5,6,1 Kanal,4500.0,21111,House,True,49,super hot49Share on FacebookShare on TwitterShare on WhatsAppSend via GMailSend via E-Mail,90,Houses_Rawalpindi,for_sale,2026-07-24,https://www.zameen.com/Property/bahria_town_rawalpindi_bahria_town_phase_3_slightly_used_designer_house_at_investor_price-47465238-3036-1.html
"Special Area, Phase 2 Bahria Town Brand New Designer 5-Bed Double-Unit House For Sale At A Prime Location",PKR 14.9 Crore,149000000,14,6,1 Kanal,4500.0,33111,House,True,50,super hot50Share on FacebookShare on TwitterShare on WhatsAppSend via GMailSend via E-Mail,90,Houses_Rawalpindi,for_sale,2026-07-24,https://www.zameen.com/Property/bahria_town_rawalpindi_bahria_town_phase_2_special_area_phase_2_bahria_town_brand_new_designer_5-bed_double-unit_house_for_sale_at_a_prime_location-52364728-3035-1.html
Investor Rate Brand New House Back Open,PKR 4.25 Crore,42500000,5,6,12 Marla,2700.0,15740,House,True,46,super hot46Share on FacebookShare on TwitterShare on WhatsAppSend via GMailSend via E-Mail,90,Houses_Rawalpindi,for_sale,2026-07-24,https://www.zameen.com/Property/bahria_town_phase_8_bahria_town_phase_8_-_block_c_investor_rate_brand_new_house_back_open-54357034-3051-1.html
12 Marla Designer House With Solar,PKR 4.65 Crore,46500000,4,6,12 Marla,2700.0,17222,House,True,48,super hot48Share on FacebookShare on TwitterShare on WhatsAppSend via GMailSend via E-Mail,90,Houses_Rawalpindi,for_sale,2026-07-24,https://www.zameen.com/Property/bahria_greens_overseas_enclave_bahria_greens_-_overseas_enclave_-_sector_3_12_marla_designer_house_with_solar-54173803-8302-1.html
1 Kanal Designer House In Bahria Phase 6 (Under CDA) For Sale,PKR 8 Crore,80000000,6,6,1 Kanal,4500.0,17777,House,True,17,super hot17Share on FacebookShare on TwitterShare on WhatsAppSend via GMailSend via E-Mail,90,Houses_Rawalpindi,for_sale,2026-07-24,https://www.zameen.com/Property/bahria_town_rawalpindi_bahria_town_phase_6_1_kanal_designer_house_in_bahria_phase_6_under_cda_for_sale-54095309-3046-1.html
9 Bedroom Brand New 16 Marla House,PKR 5.5 Crore,55000000,5,6,16 Marla,3600.0,15277,House,True,45,super hot45Share on FacebookShare on TwitterShare on WhatsAppSend via GMailSend via E-Mail,90,Houses_Rawalpindi,for_sale,2026-07-24,https://www.zameen.com/Property/bahria_town_phase_8_bahria_town_phase_8_-_block_l_9_bedroom_brand_new_16_marla_house-54182248-3061-1.html
new 10 marla house for sale 5 bed room 2 drawing 2 kitchen 5 both,PKR 5.4 Crore,54000000,5,5,12.1 Marla,2722.5,19834,House,True,5,super hot5Share on FacebookShare on TwitterShare on WhatsAppSend via GMailSend via E-Mail,89,Houses_Rawalpindi,for_sale,2026-07-24,https://www.zameen.com/Property/rawalpindi_peshawar_road_new_10_marla_house_for_sale_5_bed_room_2_drawing_2_kitchen_5_both-54510544-517-1.html
Beautiful 6 Marla House For Sale,PKR 3.25 Crore,32500000,5,3,6 Marla,1350.0,24074,House,True,8,super hot8Share on FacebookShare on TwitterShare on WhatsAppSend via GMailSend via E-Mail,89,Houses_Rawalpindi,for_sale,2026-07-24,https://www.zameen.com/Property/gulraiz_housing_scheme_gulraiz_housing_society_phase_3_beautiful_6_marla_house_for_sale-54469265-14973-1.html
Your Dream Home for sale,PKR 3.7 Crore,37000000,5,6,10 Marla,2250.0,16444,House,True,8,super hot8Share on FacebookShare on TwitterShare on WhatsAppSend via GMailSend via E-Mail,89,Houses_Rawalpindi,for_sale,2026-07-24,https://www.zameen.com/Property/bahria_town_phase_8_bahria_town_phase_8_-_sector_f-1_your_dream_home_for_sale-54508066-3095-1.html
16 Marla Home For Sale In Prime Bahria Town Location,PKR 7.85 Crore,78500000,5,6,16 Marla,3600.0,21805,House,True,48,hot48Share on FacebookShare on TwitterShare on WhatsAppSend via GMailSend via E-Mail,84,Houses_Rawalpindi,for_sale,2026-07-24,https://www.zameen.com/Property/bahria_town_rawalpindi_bahria_intellectual_village_16_marla_home_for_sale_in_prime_bahria_town_location-51438661-8256-1.html
1 Kanal House For Sale In Overseas 5,PKR 9.5 Crore,95000000,5,6,1 Kanal,4500.0,21111,House,True,49,hot49Share on FacebookShare on TwitterShare on WhatsAppSend via GMailSend via E-Mail,84,Houses_Rawalpindi,for_sale,2026-07-24,https://www.zameen.com/Property/bahria_greens_overseas_enclave_bahria_greens_-_overseas_enclave_-_sector_5_1_kanal_house_for_sale_in_overseas_5-52103070-8304-1.html
SD House 5 Bedroom At Prime Location In Askari 14,PKR 6.6 Crore,66000000,6,6,10 Marla,2250.0,29333,House,False,19,hot19Share on FacebookShare on TwitterShare on WhatsAppSend via GMailSend via E-Mail,84,Houses_Rawalpindi,for_sale,2026-07-24,https://www.zameen.com/Property/rawalpindi_askari_14_sd_house_5_bedroom_at_prime_location_in_askari_14-54280580-1504-1.html
Full Colonel Renovated House Available for Sale in Askari 14 Rawalpindi,PKR 7.6 Crore,76000000,5,6,12 Marla,2700.0,28148,House,False,34,hot341VerifiedShare on FacebookShare on TwitterShare on WhatsAppSend via GMailSend via E-Mail,93,Houses_Rawalpindi,for_sale,2026-07-24,https://www.zameen.com/Property/rawalpindi_askari_14_full_colonel_renovated_house_available_for_sale_in_askari_14_rawalpindi-53719226-1504-1.html
7 Marla Full House Available For sale in Bahria town phase 8 Rawalpindi,PKR 2.55 Crore,25500000,5,6,7 Marla,1575.0,16190,House,False,12,hot12Share on FacebookShare on TwitterShare on WhatsAppSend via GMailSend via E-Mail,84,Houses_Rawalpindi,for_sale,2026-07-24,https://www.zameen.com/Property/bahria_town_rawalpindi_bahria_town_phase_8_7_marla_full_house_available_for_sale_in_bahria_town_phase_8_rawalpindi-54352645-3048-1.html
7 Marla Full House Available For Sale In Bahria Town Phase 8 Rawalpindi,PKR 2.65 Crore,26500000,6,6,7 Marla,1575.0,16825,House,False,12,hot12Share on FacebookShare on TwitterShare on WhatsAppSend via GMailSend via E-Mail,84,Houses_Rawalpindi,for_sale,2026-07-24,https://www.zameen.com/Property/bahria_town_rawalpindi_bahria_town_phase_8_7_marla_full_house_available_for_sale_in_bahria_town_phase_8_rawalpindi-54352566-3048-1.html
7 Marla Full House Available For sale in Bahria town phase 8 Rawalpindi,PKR 2.5 Crore,25000000,5,6,7 Marla,1575.0,15873,House,False,13,hot13Share on FacebookShare on TwitterShare on WhatsAppSend via GMailSend via E-Mail,84,Houses_Rawalpindi,for_sale,2026-07-24,https://www.zameen.com/Property/bahria_town_rawalpindi_bahria_town_phase_8_7_marla_full_house_available_for_sale_in_bahria_town_phase_8_rawalpindi-54352554-3048-1.html
Brand New House for Sale in Bahria Town phase 2,PKR 5.25 Crore,52500000,5,6,11 Marla,2475.0,21212,House,False,49,49Share on FacebookShare on TwitterShare on WhatsAppSend via GMailSend via E-Mail,81,Houses_Rawalpindi,for_sale,2026-07-24,https://www.zameen.com/Property/bahria_town_rawalpindi_bahria_town_phase_2_extension_brand_new_house_for_sale_in_bahria_town_phase_2-54500257-3034-1.html
18 Marla investor Rate House for Sale in Bahria Town,PKR 5.5 Crore,55000000,5,6,18 Marla,4050.0,13580,House,False,15,15Share on FacebookShare on TwitterShare on WhatsAppSend via GMailSend via E-Mail,81,Houses_Rawalpindi,for_sale,2026-07-24,https://www.zameen.com/Property/bahria_town_rawalpindi_bahria_town_phase_4_18_marla_investor_rate_house_for_sale_in_bahria_town-54495640-3041-1.html
11 MARLA DOUBLE UNIT HOUSE FOR SALE,PKR 4.9 Crore,49000000,5,7,11 Marla,2475.0,19797,House,False,49,49Share on FacebookShare on TwitterShare on WhatsAppSend via GMailSend via E-Mail,81,Houses_Rawalpindi,for_sale,2026-07-24,https://www.zameen.com/Property/bahria_town_phase_8_bahria_town_phase_8_-_block_h_11_marla_double_unit_house_for_sale-53579434-3056-1.html
8 MARLA USED DOUBLE UNIT BOULEVARD HOUSE FOR SALE OVERSEAS BLOCK,PKR 3.35 Crore,33500000,4,7,8 Marla,1800.0,18611,House,False,9,9Share on FacebookShare on TwitterShare on WhatsAppSend via GMailSend via E-Mail,80,Houses_Rawalpindi,for_sale,2026-07-24,https://www.zameen.com/Property/bahria_town_rawalpindi_bahria_town_phase_8_8_marla_used_double_unit_boulevard_house_for_sale_overseas_block-54298708-3048-1.html
10 MARLA USED HOUSE FOR SALE DOUBLE UNIT,PKR 3.5 Crore,35000000,4,4,10 Marla,2250.0,15555,House,False,24,24Share on FacebookShare on TwitterShare on WhatsAppSend via GMailSend via E-Mail,81,Houses_Rawalpindi,for_sale,2026-07-24,https://www.zameen.com/Property/bahria_town_rawalpindi_bahria_town_phase_8_10_marla_used_house_for_sale_double_unit-54123638-3048-1.html
Want To Buy A Prime Location House In Rawalpindi? Gulraiz Housing Society,PKR 2.15 Crore,21500000,4,6,5 Marla,1125.0,19111,House,False,11,11Share on FacebookShare on TwitterShare on WhatsAppSend via GMailSend via E-Mail,81,Houses_Rawalpindi,for_sale,2026-07-24,https://www.zameen.com/Property/gulraiz_housing_scheme_gulraiz_housing_society_phase_2_want_to_buy_a_prime_location_house_in_rawalpindi_gulraiz_housing_society-54183034-14971-1.html
10 Marla House For Sale In Gulraiz Housing Society Rawalpindi,PKR 3.55 Crore,35500000,5,6,10 Marla,2250.0,15777,House,False,17,17Share on FacebookShare on TwitterShare on WhatsAppSend via GMailSend via E-Mail,81,Houses_Rawalpindi,for_sale,2026-07-24,https://www.zameen.com/Property/rawalpindi_gulraiz_housing_scheme_10_marla_house_for_sale_in_gulraiz_housing_society_rawalpindi-52487145-438-1.html
Buy A Centrally Located 5Marla House In Airport Housing Society,PKR 1.78 Crore,17800000,3,4,6 Marla,1350.0,13185,House,False,14,141Share on FacebookShare on TwitterShare on WhatsAppSend via GMailSend via E-Mail,82,Houses_Rawalpindi,for_sale,2026-07-24,https://www.zameen.com/Property/rawalpindi_airport_housing_society_buy_a_centrally_located_5marla_house_in_airport_housing_society-46420899-426-1.html
On Excellent Location House For Sale,PKR 12.9 Crore,129000000,5,6,1.6 Kanal,7200.0,17916,House,True,49,super hot491VerifiedShare on FacebookShare on TwitterShare on WhatsAppSend via GMailSend via E-Mail,99,Houses_Rawalpindi,for_sale,2026-07-24,https://www.zameen.com/Property/bahria_greens_overseas_enclave_bahria_greens_-_overseas_enclave_-_sector_5_on_excellent_location_house_for_sale-54476874-8304-1.html
1 Kanal House For Sale In Bahria Town Rawalpindi,PKR 8 Crore,80000000,8,6,1 Kanal,4500.0,17777,House,True,48,super hot48Share on FacebookShare on TwitterShare on WhatsAppSend via GMailSend via E-Mail,90,Houses_Rawalpindi,for_sale,2026-07-24,https://www.zameen.com/Property/bahria_town_rawalpindi_bahria_town_phase_5_1_kanal_house_for_sale_in_bahria_town_rawalpindi-49763694-3045-1.html
7 Marla Brand New Luxury House For Sale Bahria Town Phase 8 Rawalpindi,PKR 3.1 Crore,31000000,6,6,7 Marla,1575.0,19682,House,True,22,super hot22Share on FacebookShare on TwitterShare on WhatsAppSend via GMailSend via E-Mail,90,Houses_Rawalpindi,for_sale,2026-07-24,https://www.zameen.com/Property/bahria_town_phase_8_safari_valley_bahria_town_phase_8_-_usman_block_7_marla_brand_new_luxury_house_for_sale_bahria_town_phase_8_rawalpindi-53699607-3068-1.html
7 Marla Brand New Luxury House For Sale Bahria Town Phase 8 Rawalpindi,PKR 2.85 Crore,28500000,5,6,7 Marla,1575.0,18095,House,True,37,super hot371Share on FacebookShare on TwitterShare on WhatsAppSend via GMailSend via E-Mail,91,Houses_Rawalpindi,for_sale,2026-07-24,https://www.zameen.com/Property/bahria_town_phase_8_safari_valley_bahria_town_phase_8_-_abu_bakar_block_7_marla_brand_new_luxury_house_for_sale_bahria_town_phase_8_rawalpindi-53742561-3069-1.html
Brand New Designers House With 15 KV Solar For Sale,PKR 14.8 Crore,148000000,5,6,1 Kanal,4500.0,32888,House,True,46,super hot461Share on FacebookShare on TwitterShare on WhatsAppSend via GMailSend via E-Mail,91,Houses_Rawalpindi,for_sale,2026-07-24,https://www.zameen.com/Property/bahria_town_rawalpindi_bahria_town_phase_2_brand_new_designers_house_with_15_kv_solar_for_sale-51970885-3035-1.html
Brand New Designer House For Sale,PKR 6.1 Crore,61000000,5,6,5 Marla,1125.0,54222,House,True,7,super hot7Share on FacebookShare on TwitterShare on WhatsAppSend via GMailSend via E-Mail,89,Houses_Rawalpindi,for_sale,2026-07-24,https://www.zameen.com/Property/rawalpindi_satellite_town_brand_new_designer_house_for_sale-54507998-433-1.html
Buying A Prime Location House In Caltex Road?,PKR 2.4 Crore,24000000,4,4,5 Marla,1125.0,21333,House,True,21,super hot21Share on FacebookShare on TwitterShare on WhatsAppSend via GMailSend via E-Mail,90,Houses_Rawalpindi,for_sale,2026-07-24,https://www.zameen.com/Property/rawalpindi_caltex_road_buying_a_prime_location_house_in_caltex_road-53936847-9457-1.html
10 Marla House For Sale In Bahria Town Rawalpindi Phase 3,PKR 3.75 Crore,37500000,,,10 Marla,2250.0,16666,House,True,18,super hot18Share on FacebookShare on TwitterShare on WhatsAppSend via GMailSend via E-Mail,90,Houses_Rawalpindi,for_sale,2026-07-24,https://www.zameen.com/Property/bahria_town_rawalpindi_bahria_town_phase_3_10_marla_house_for_sale_in_bahria_town_rawalpindi_phase_3-54420533-3036-1.html
5 marla brandnew top location registery area,PKR 2.45 Crore,24500000,4,4,5 Marla,1125.0,21777,House,True,15,super hot15Share on FacebookShare on TwitterShare on WhatsAppSend via GMailSend via E-Mail,90,Houses_Rawalpindi,for_sale,2026-07-24,https://www.zameen.com/Property/bahria_town_phase_8_safari_valley_bahria_town_phase_8_-_ali_block_5_marla_brandnew_top_location_registery_area-54502292-3070-1.html
4 Marla Corner Villa for Sale in Taj Residencia | Prime Location | Luxury Living,PKR 1.7 Crore,17000000,4,4,4 Marla,900.0,18888,House,True,6,super hot6Share on FacebookShare on TwitterShare on WhatsAppSend via GMailSend via E-Mail,89,Houses_Rawalpindi,for_sale,2026-07-24,https://www.zameen.com/Property/taj_residencia_taj_residencia_-_daffodils_block_4_marla_corner_villa_for_sale_in_taj_residencia_prime_location_luxury_living-54500472-18990-1.html
Luxurious Kanal House For Sale With Lawn Sector A,PKR 11 Crore,110000000,7,7,1 Kanal,4500.0,24444,House,True,49,hot49Share on FacebookShare on TwitterShare on WhatsAppSend via GMailSend via E-Mail,84,Houses_Rawalpindi,for_sale,2026-07-24,https://www.zameen.com/Property/bahria_town_phase_8_bahria_town_phase_8_-_block_a_luxurious_kanal_house_for_sale_with_lawn_sector_a-52362597-3049-1.html
24 Marla Luxury House Intellectual Village,PKR 16.25 Crore,162500000,6,6,1.2 Kanal,5400.0,30092,House,True,50,hot50Share on FacebookShare on TwitterShare on WhatsAppSend via GMailSend via E-Mail,84,Houses_Rawalpindi,for_sale,2026-07-24,https://www.zameen.com/Property/bahria_town_rawalpindi_bahria_intellectual_village_24_marla_luxury_house_intellectual_village-52456170-8256-1.html
7 Marla Brand New Luxury House Available For Sale in Bahria town phase 8 Rawalpindi,PKR 2.45 Crore,24500000,5,6,7 Marla,1575.0,15555,House,False,17,hot17Share on FacebookShare on TwitterShare on WhatsAppSend via GMailSend via E-Mail,84,Houses_Rawalpindi,for_sale,2026-07-24,https://www.zameen.com/Property/bahria_town_rawalpindi_bahria_town_phase_8_7_marla_brand_new_luxury_house_available_for_sale_in_bahria_town_phase_8_rawalpindi-54352519-3048-1.html
Looking For A House In Rawalpindi,PKR 2.03 Crore,20299999,3,3,5 Marla,1125.0,18044,House,False,9,hot9Share on FacebookShare on TwitterShare on WhatsAppSend via GMailSend via E-Mail,83,Houses_Rawalpindi,for_sale,2026-07-24,https://www.zameen.com/Property/bahria_town_phase_8_bahria_town_phase_8_-_block_m_looking_for_a_house_in_rawalpindi-54222054-3062-1.html
5 Marla House Situated In Bahria Town Phase 8 - Ali Block For sale,PKR 2.09 Crore,20900000,3,3,5 Marla,1125.0,18577,House,False,9,hot9Share on FacebookShare on TwitterShare on WhatsAppSend via GMailSend via E-Mail,83,Houses_Rawalpindi,for_sale,2026-07-24,https://www.zameen.com/Property/bahria_town_phase_8_safari_valley_bahria_town_phase_8_-_ali_block_5_marla_house_situated_in_bahria_town_phase_8_-_ali_block_for_sale-54222048-3070-1.html
5 Marla Brand New House Available For Sale In Bahria Town Phase 8 Rawalpindi,PKR 2.05 Crore,20500000,3,4,5 Marla,1125.0,18222,House,False,11,hot11Share on FacebookShare on TwitterShare on WhatsAppSend via GMailSend via E-Mail,84,Houses_Rawalpindi,for_sale,2026-07-24,https://www.zameen.com/Property/bahria_town_rawalpindi_bahria_town_phase_8_5_marla_brand_new_house_available_for_sale_in_bahria_town_phase_8_rawalpindi-54208551-3048-1.html
5 Marla Brand New House Available For Sale In Bahria Town Phase 8 Rawalpindi,PKR 2.08 Crore,20800000,3,4,5 Marla,1125.0,18488,House,False,14,hot14Share on FacebookShare on TwitterShare on WhatsAppSend via GMailSend via E-Mail,84,Houses_Rawalpindi,for_sale,2026-07-24,https://www.zameen.com/Property/bahria_town_rawalpindi_bahria_town_phase_8_5_marla_brand_new_house_available_for_sale_in_bahria_town_phase_8_rawalpindi-54198876-3048-1.html
1 Kanal brand new Basement house for sale,PKR 13.4 Crore,134000000,7,,1 Kanal,4500.0,29777,House,False,22,22Share on FacebookShare on TwitterShare on WhatsAppSend via GMailSend via E-Mail,81,Houses_Rawalpindi,for_sale,2026-07-24,https://www.zameen.com/Property/bahria_town_rawalpindi_bahria_town_phase_5_1_kanal_brand_new_basement_house_for_sale-54425647-3045-1.html
10 Marla House For Sale,PKR 3.9 Crore,39000000,5,6,10 Marla,2250.0,17333,House,False,15,15Share on FacebookShare on TwitterShare on WhatsAppSend via GMailSend via E-Mail,81,Houses_Rawalpindi,for_sale,2026-07-24,https://www.zameen.com/Property/bahria_town_phase_8_bahria_town_phase_8_-_block_c_10_marla_house_for_sale-54414765-3051-1.html
10 Marla House For sale,PKR 3.75 Crore,37500000,5,6,10 Marla,2250.0,16666,House,False,11,11Share on FacebookShare on TwitterShare on WhatsAppSend via GMailSend via E-Mail,81,Houses_Rawalpindi,for_sale,2026-07-24,https://www.zameen.com/Property/bahria_town_phase_8_bahria_town_phase_8_-_block_l_10_marla_house_for_sale-54414760-3061-1.html
7 Marla House For Sale,PKR 2.7 Crore,27000000,5,6,7 Marla,1575.0,17142,House,False,6,6Share on FacebookShare on TwitterShare on WhatsAppSend via GMailSend via E-Mail,80,Houses_Rawalpindi,for_sale,2026-07-24,https://www.zameen.com/Property/bahria_town_phase_8_bahria_town_phase_8_-_safari_valley_7_marla_house_for_sale-54401376-3074-1.html
Premium 5 Marla Homes In Capital Smart City On 3-Years Installment Project,PKR 1.42 Crore,14200000,3,4,5 Marla,1125.0,12622,House,True,8,8Share on FacebookShare on TwitterShare on WhatsAppSend via GMailSend via E-Mail,80,Houses_Rawalpindi,for_sale,2026-07-24,https://www.zameen.com/Property/capital_smart_city_capital_smart_city_overseas_premium_5_marla_homes_in_capital_smart_city_on_3-years_installment_project-53596867-16249-1.html
5 Marla Brand New House For Sale,PKR 2.15 Crore,21500000,3,4,5 Marla,1125.0,19111,House,False,11,11Share on FacebookShare on TwitterShare on WhatsAppSend via GMailSend via E-Mail,81,Houses_Rawalpindi,for_sale,2026-07-24,https://www.zameen.com/Property/bahria_town_rawalpindi_bahria_town_phase_8_5_marla_brand_new_house_for_sale-54406772-3048-1.html
5 Marla Brand New Luxury House For Sale,PKR 2.3 Crore,23000000,3,4,5 Marla,1125.0,20444,House,False,13,13Share on FacebookShare on TwitterShare on WhatsAppSend via GMailSend via E-Mail,81,Houses_Rawalpindi,for_sale,2026-07-24,https://www.zameen.com/Property/bahria_town_rawalpindi_bahria_town_phase_8_5_marla_brand_new_luxury_house_for_sale-54406812-3048-1.html
7 Marla House For Sale,PKR 2.42 Crore,24200000,5,6,7 Marla,1575.0,15365,House,False,10,10Share on FacebookShare on TwitterShare on WhatsAppSend via GMailSend via E-Mail,81,Houses_Rawalpindi,for_sale,2026-07-24,https://www.zameen.com/Property/bahria_town_phase_8_bahria_town_phase_8_-_safari_valley_7_marla_house_for_sale-54418008-3074-1.html
Brand New Park Face Modern Designer House For Sale,PKR 16.25 Crore,162500000,6,6,1 Kanal,4500.0,36111,House,True,50,super hot50Share on FacebookShare on TwitterShare on WhatsAppSend via GMailSend via E-Mail,90,Houses_Rawalpindi,for_sale,2026-07-24,https://www.zameen.com/Property/bahria_town_rawalpindi_bahria_town_phase_5_brand_new_park_face_modern_designer_house_for_sale-54276141-3045-1.html
Designer Luxury 1 Kanal Brand New House,PKR 12.8 Crore,128000000,5,6,1 Kanal,4500.0,28444,House,True,41,super hot411Share on FacebookShare on TwitterShare on WhatsAppSend via GMailSend via E-Mail,91,Houses_Rawalpindi,for_sale,2026-07-24,https://www.zameen.com/Property/bahria_town_rawalpindi_bahria_town_phase_8_designer_luxury_1_kanal_brand_new_house-54154815-3048-1.html
1 Kanal house for sale in phase 6 bahria town Rawalpindi,PKR 6.75 Crore,67500000,5,6,18 Marla,4050.0,16666,House,True,31,super hot31Share on FacebookShare on TwitterShare on WhatsAppSend via GMailSend via E-Mail,90,Houses_Rawalpindi,for_sale,2026-07-24,https://www.zameen.com/Property/bahria_town_rawalpindi_bahria_town_phase_6_1_kanal_house_for_sale_in_phase_6_bahria_town_rawalpindi-54462906-3046-1.html
Beautiful House In Media Town,PKR 5.15 Crore,51500000,6,6,12 Marla,2700.0,19074,House,True,12,super hot12Share on FacebookShare on TwitterShare on WhatsAppSend via GMailSend via E-Mail,90,Houses_Rawalpindi,for_sale,2026-07-24,https://www.zameen.com/Property/media_town_media_town_-_block_c_beautiful_house_in_media_town-54160399-16392-1.html
1 KANAL BEAUTIFUL DESIGNER HOUSE,PKR 9 Crore,90000000,5,6,1 Kanal,4500.0,20000,House,True,36,super hot36Share on FacebookShare on TwitterShare on WhatsAppSend via GMailSend via E-Mail,90,Houses_Rawalpindi,for_sale,2026-07-24,https://www.zameen.com/Property/bahria_town_rawalpindi_bahria_town_phase_5_1_kanal_beautiful_designer_house-54403080-3045-1.html
4.25 Marla House For Sale,PKR 1.35 Crore,13500000,4,4,4.2 Marla,945.0,14285,House,True,5,super hot5Share on FacebookShare on TwitterShare on WhatsAppSend via GMailSend via E-Mail,89,Houses_Rawalpindi,for_sale,2026-07-24,https://www.zameen.com/Property/adiala_road_snober_city_4_25_marla_house_for_sale-54323032-11748-1.html
05 Marla Brand New Designer House For Sale,PKR 2.1 Crore,21000000,4,5,8 Marla,1800.0,11666,House,True,25,super hot25Share on FacebookShare on TwitterShare on WhatsAppSend via GMailSend via E-Mail,90,Houses_Rawalpindi,for_sale,2026-07-24,https://www.zameen.com/Property/bahria_town_rawalpindi_bahria_town_phase_8_05_marla_brand_new_designer_house_for_sale-54466723-3048-1.html
Brand New 10 Marla House For Sale In Gulraiz Housing Society Rawalpindi,PKR 5.65 Crore,56500000,8,6,10 Marla,2250.0,25111,House,True,25,super hot25Share on FacebookShare on TwitterShare on WhatsAppSend via GMailSend via E-Mail,90,Houses_Rawalpindi,for_sale,2026-07-24,https://www.zameen.com/Property/rawalpindi_gulraiz_housing_scheme_brand_new_10_marla_house_for_sale_in_gulraiz_housing_society_rawalpindi-54364715-438-1.html
Luxury Safari Villa 3 4 Bedrooms Villa,PKR 4.25 Crore,42500000,4,5,13 Marla,2925.0,14529,House,True,10,super hot10Share on FacebookShare on TwitterShare on WhatsAppSend via GMailSend via E-Mail,90,Houses_Rawalpindi,for_sale,2026-07-24,https://www.zameen.com/Property/bahria_town_rawalpindi_bahria_town_-_safari_villas_3_luxury_safari_villa_3_4_bedrooms_villa-54364998-3080-1.html
Prime Location Sale The Ideally Located House For An Incredible Price Of Pkr Rs. 35000000,PKR 3.4 Crore,34000000,6,6,10 Marla,2250.0,15111,House,True,46,super hot461VerifiedShare on FacebookShare on TwitterShare on WhatsAppSend via GMailSend via E-Mail,99,Houses_Rawalpindi,for_sale,2026-07-24,https://www.zameen.com/Property/gulshan_abad_gulshan_abad_sector_1_prime_location_sale_the_ideally_located_house_for_an_incredible_price_of_pkr_rs_35000000-54448748-14736-1.html
1.5 Kanal Corner House Bahria Town Phase 8,PKR 15 Crore,150000000,6,7,1 Kanal,4500.0,33333,House,True,50,hot50Share on FacebookShare on TwitterShare on WhatsAppSend via GMailSend via E-Mail,84,Houses_Rawalpindi,for_sale,2026-07-24,https://www.zameen.com/Property/bahria_town_phase_8_bahria_town_phase_8_-_block_h_1_5_kanal_corner_house_bahria_town_phase_8-52785148-3056-1.html
10 Marla Modern House Overseas 2 Bahria Town Phase 8,PKR 4.9 Crore,49000000,5,6,10 Marla,2250.0,21777,House,True,48,hot48Share on FacebookShare on TwitterShare on WhatsAppSend via GMailSend via E-Mail,84,Houses_Rawalpindi,for_sale,2026-07-24,https://www.zameen.com/Property/bahria_greens_overseas_enclave_bahria_greens_-_overseas_enclave_-_sector_2_10_marla_modern_house_overseas_2_bahria_town_phase_8-53010971-8301-1.html
7 Marla Full House Available For sale in Bahria town phase 8 Rawalpindi,PKR 2.7 Crore,27000000,5,6,7 Marla,1575.0,17142,House,False,15,hot15Share on FacebookShare on TwitterShare on WhatsAppSend via GMailSend via E-Mail,84,Houses_Rawalpindi,for_sale,2026-07-24,https://www.zameen.com/Property/bahria_town_phase_8_safari_valley_bahria_town_phase_8_-_abu_bakar_block_7_marla_full_house_available_for_sale_in_bahria_town_phase_8_rawalpindi-54182491-3069-1.html
7 Marla Full House Available For sale in Bahria town phase 8 Rawalpindi,PKR 2.45 Crore,24500000,5,6,7 Marla,1575.0,15555,House,False,15,hot15Share on FacebookShare on TwitterShare on WhatsAppSend via GMailSend via E-Mail,84,Houses_Rawalpindi,for_sale,2026-07-24,https://www.zameen.com/Property/bahria_town_phase_8_safari_valley_bahria_town_phase_8_-_usman_block_7_marla_full_house_available_for_sale_in_bahria_town_phase_8_rawalpindi-54171454-3068-1.html
5 Marla Brand New House Available For Sale In Bahria Town Phase 8 Rawalpindi,PKR 2.2 Crore,22000000,3,4,5 Marla,1125.0,19555,House,False,25,hot25Share on FacebookShare on TwitterShare on WhatsAppSend via GMailSend via E-Mail,84,Houses_Rawalpindi,for_sale,2026-07-24,https://www.zameen.com/Property/bahria_town_rawalpindi_bahria_town_phase_8_5_marla_brand_new_house_available_for_sale_in_bahria_town_phase_8_rawalpindi-54160409-3048-1.html
5 Marla Brand New House Available For sale In Bahria town phase 8 Rawalpindi,PKR 2.15 Crore,21500000,4,5,5 Marla,1125.0,19111,House,False,12,hot12Share on FacebookShare on TwitterShare on WhatsAppSend via GMailSend via E-Mail,84,Houses_Rawalpindi,for_sale,2026-07-24,https://www.zameen.com/Property/bahria_town_phase_8_bahria_town_phase_8_-_block_m_5_marla_brand_new_house_available_for_sale_in_bahria_town_phase_8_rawalpindi-54153573-3062-1.html
10 Marla Double Storey House For Sale Gulraiz Rawalpindi,PKR 4.75 Crore,47500000,6,7,12 Marla,2700.0,17592,House,False,9,hot9Share on FacebookShare on TwitterShare on WhatsAppSend via GMailSend via E-Mail,83,Houses_Rawalpindi,for_sale,2026-07-24,https://www.zameen.com/Property/rawalpindi_gulraiz_housing_scheme_10_marla_double_storey_house_for_sale_gulraiz_rawalpindi-54198479-438-1.html
10 Marla Brand New Luxury House For Sale,PKR 5 Crore,50000000,5,6,10 Marla,2250.0,22222,House,False,14,14Share on FacebookShare on TwitterShare on WhatsAppSend via GMailSend via E-Mail,81,Houses_Rawalpindi,for_sale,2026-07-24,https://www.zameen.com/Property/bahria_town_rawalpindi_bahria_town_phase_8_10_marla_brand_new_luxury_house_for_sale-54421139-3048-1.html
Fully Renovated Awami Fiber Villa For Sale,PKR 1.15 Crore,11500000,2,2,5 Marla,1125.0,10222,House,False,10,10Share on FacebookShare on TwitterShare on WhatsAppSend via GMailSend via E-Mail,81,Houses_Rawalpindi,for_sale,2026-07-24,https://www.zameen.com/Property/bahria_town_rawalpindi_bahria_town_phase_8_fully_renovated_awami_fiber_villa_for_sale-54446932-3048-1.html
5 Marla Brand New House For Sale,PKR 2.2 Crore,22000000,3,4,5 Marla,1125.0,19555,House,False,11,11Share on FacebookShare on TwitterShare on WhatsAppSend via GMailSend via E-Mail,81,Houses_Rawalpindi,for_sale,2026-07-24,https://www.zameen.com/Property/bahria_town_rawalpindi_bahria_town_phase_8_5_marla_brand_new_house_for_sale-54447010-3048-1.html
10 Marla Brand New Condition House For Sale,PKR 3.7 Crore,37000000,5,,10 Marla,2250.0,16444,House,False,16,16Share on FacebookShare on TwitterShare on WhatsAppSend via GMailSend via E-Mail,81,Houses_Rawalpindi,for_sale,2026-07-24,https://www.zameen.com/Property/bahria_town_rawalpindi_bahria_town_phase_8_10_marla_brand_new_condition_house_for_sale-54451111-3048-1.html
4 Marla Brand New House Available For Sale In Prime Location Near Scheme 3,PKR 2.25 Crore,22500000,4,5,4 Marla,900.0,25000,House,False,6,6Share on FacebookShare on TwitterShare on WhatsAppSend via GMailSend via E-Mail,80,Houses_Rawalpindi,for_sale,2026-07-24,https://www.zameen.com/Property/chaklala_scheme_chaklala_scheme_3_4_marla_brand_new_house_available_for_sale_in_prime_location_near_scheme_3-54344530-1312-1.html
10 Marla Brand New House For Sale,PKR 4.2 Crore,42000000,5,6,10 Marla,2250.0,18666,House,False,14,14Share on FacebookShare on TwitterShare on WhatsAppSend via GMailSend via E-Mail,81,Houses_Rawalpindi,for_sale,2026-07-24,https://www.zameen.com/Property/bahria_town_rawalpindi_bahria_town_phase_8_10_marla_brand_new_house_for_sale-54451135-3048-1.html
10 Marla Double Story House Available For Sale in Ayub Colony Near Scheme 3,PKR 4 Crore,40000000,5,6,10 Marla,2250.0,17777,House,False,19,19Share on FacebookShare on TwitterShare on WhatsAppSend via GMailSend via E-Mail,81,Houses_Rawalpindi,for_sale,2026-07-24,https://www.zameen.com/Property/chaklala_scheme_chaklala_scheme_3_10_marla_double_story_house_available_for_sale_in_ayub_colony_near_scheme_3-54503430-1312-1.html
Avail Yourself A Great 6 Marla House In Bahria Town Phase 8,PKR 2.58 Crore,25800000,4,5,6 Marla,1350.0,19111,House,False,11,11Share on FacebookShare on TwitterShare on WhatsAppSend via GMailSend via E-Mail,81,Houses_Rawalpindi,for_sale,2026-07-24,https://www.zameen.com/Property/bahria_town_rawalpindi_bahria_town_phase_8_avail_yourself_a_great_6_marla_house_in_bahria_town_phase_8-54451161-3048-1.html
Used House is Available for Sale,PKR 4.15 Crore,41500000,5,6,10 Marla,2250.0,18444,House,True,18,super hot181Share on FacebookShare on TwitterShare on WhatsAppSend via GMailSend via E-Mail,91,Houses_Rawalpindi,for_sale,2026-07-24,https://www.zameen.com/Property/bahria_town_rawalpindi_bahria_town_phase_2_used_house_is_available_for_sale-54439178-3035-1.html
Kanal House For Sale In Phaee 5 Bahria Town Rawalpindi,PKR 9 Crore,90000000,5,6,1 Kanal,4500.0,20000,House,True,22,super hot22Share on FacebookShare on TwitterShare on WhatsAppSend via GMailSend via E-Mail,90,Houses_Rawalpindi,for_sale,2026-07-24,https://www.zameen.com/Property/bahria_town_rawalpindi_bahria_town_phase_5_kanal_house_for_sale_in_phaee_5_bahria_town_rawalpindi-54462757-3045-1.html
10 Marla Double Storey Double Unit Brand New House Available For Sale.,PKR 3.45 Crore,34500000,6,6,10 Marla,2250.0,15333,House,True,45,super hot45Share on FacebookShare on TwitterShare on WhatsAppSend via GMailSend via E-Mail,90,Houses_Rawalpindi,for_sale,2026-07-24,https://www.zameen.com/Property/gulshan_abad_gulshan_abad_sector_2_10_marla_double_storey_double_unit_brand_new_house_available_for_sale-54301097-14739-1.html
Amazing House Is Available For Sale,PKR 5.45 Crore,54500000,6,6,12 Marla,2700.0,20185,House,True,25,super hot25Share on FacebookShare on TwitterShare on WhatsAppSend via GMailSend via E-Mail,90,Houses_Rawalpindi,for_sale,2026-07-24,https://www.zameen.com/Property/media_town_media_town_-_block_c_amazing_house_is_available_for_sale-54457996-16392-1.html
Amazing House is Available For sale,PKR 6.9 Crore,69000000,6,6,12 Marla,2700.0,25555,House,True,31,super hot311Share on FacebookShare on TwitterShare on WhatsAppSend via GMailSend via E-Mail,91,Houses_Rawalpindi,for_sale,2026-07-24,https://www.zameen.com/Property/media_town_media_town_-_block_d_amazing_house_is_available_for_sale-54456463-16393-1.html
Affordable Prime Location House For sale In Airport Housing Society - Sector 4,PKR 4 Crore,40000000,6,6,10 Marla,2250.0,17777,House,True,28,super hot281VerifiedShare on FacebookShare on TwitterShare on WhatsAppSend via GMailSend via E-Mail,99,Houses_Rawalpindi,for_sale,2026-07-24,https://www.zameen.com/Property/airport_housing_society_airport_housing_society_-_sector_4_affordable_prime_location_house_for_sale_in_airport_housing_society_-_sector_4-54508259-9155-1.html
This Is Your Chance To Buy Prime Location House In Snober City,PKR 1.55 Crore,15500000,3,3,6 Marla,1350.0,11481,House,True,27,super hot271VerifiedShare on FacebookShare on TwitterShare on WhatsAppSend via GMailSend via E-Mail,99,Houses_Rawalpindi,for_sale,2026-07-24,https://www.zameen.com/Property/adiala_road_snober_city_this_is_your_chance_to_buy_prime_location_house_in_snober_city-54508481-11748-1.html
Prime Location House Of 5 Marla In Snober City Is Available,PKR 1.45 Crore,14500000,3,3,5 Marla,1125.0,12888,House,True,28,super hot281VerifiedShare on FacebookShare on TwitterShare on WhatsAppSend via GMailSend via E-Mail,99,Houses_Rawalpindi,for_sale,2026-07-24,https://www.zameen.com/Property/adiala_road_snober_city_prime_location_house_of_5_marla_in_snober_city_is_available-54508480-11748-1.html
Affordable Prime Location House For sale In Airport Housing Society,PKR 1.65 Crore,16500000,3,4,5 Marla,1125.0,14666,House,True,27,super hot271VerifiedShare on FacebookShare on TwitterShare on WhatsAppSend via GMailSend via E-Mail,99,Houses_Rawalpindi,for_sale,2026-07-24,https://www.zameen.com/Property/rawalpindi_airport_housing_society_affordable_prime_location_house_for_sale_in_airport_housing_society-54508248-426-1.html
Prime Location 10 Marla House For sale In Airport Housing Society Airport Housing Society In Only Rs. 40000000,PKR 4 Crore,40000000,6,6,10 Marla,2250.0,17777,House,True,28,super hot281VerifiedShare on FacebookShare on TwitterShare on WhatsAppSend via GMailSend via E-Mail,99,Houses_Rawalpindi,for_sale,2026-07-24,https://www.zameen.com/Property/rawalpindi_airport_housing_society_prime_location_10_marla_house_for_sale_in_airport_housing_society_airport_housing_society_in_only_rs_40000000-54508280-426-1.html
3 Kanal Designer Home With Huge Lawn & 20 KV Solar,PKR 16.5 Crore,165000000,6,7,3 Kanal,13500.0,12222,House,True,49,hot49Share on FacebookShare on TwitterShare on WhatsAppSend via GMailSend via E-Mail,84,Houses_Rawalpindi,for_sale,2026-07-24,https://www.zameen.com/Property/bahria_town_phase_8_bahria_hamlet_3_kanal_designer_home_with_huge_lawn_20_kv_solar-53085114-10354-1.html
"10 Marla Semi Furnished House Overseas 5, Phase 8 Bahria Town Rawalpindi",PKR 5.3 Crore,53000000,4,5,10 Marla,2250.0,23555,House,True,48,hot48Share on FacebookShare on TwitterShare on WhatsAppSend via GMailSend via E-Mail,84,Houses_Rawalpindi,for_sale,2026-07-24,https://www.zameen.com/Property/bahria_greens_overseas_enclave_bahria_greens_-_overseas_enclave_-_sector_5_10_marla_semi_furnished_house_overseas_5_phase_8_bahria_town_rawalpindi-53244455-8304-1.html
10 Marla Used House for Sale| Prime Location| Bahria Town,PKR 3.8 Crore,38000000,5,6,10 Marla,2250.0,16888,House,False,17,hot17Share on FacebookShare on TwitterShare on WhatsAppSend via GMailSend via E-Mail,84,Houses_Rawalpindi,for_sale,2026-07-24,https://www.zameen.com/Property/bahria_town_rawalpindi_bahria_town_phase_8_10_marla_used_house_for_sale_prime_location_bahria_town-54511086-3048-1.html
7 Marla House For Sale In Very Decent Price,PKR 2.3 Crore,23000000,5,5,7 Marla,1575.0,14603,House,False,24,hot24Share on FacebookShare on TwitterShare on WhatsAppSend via GMailSend via E-Mail,84,Houses_Rawalpindi,for_sale,2026-07-24,https://www.zameen.com/Property/bahria_town_rawalpindi_bahria_town_phase_8_7_marla_house_for_sale_in_very_decent_price-53585299-3048-1.html
5 Marla Modren House For Sale In Very Reasonable Price With Solar System,PKR 1.75 Crore,17500000,4,5,5 Marla,1125.0,15555,House,False,12,hot12Share on FacebookShare on TwitterShare on WhatsAppSend via GMailSend via E-Mail,84,Houses_Rawalpindi,for_sale,2026-07-24,https://www.zameen.com/Property/bahria_town_rawalpindi_bahria_town_phase_8_5_marla_modren_house_for_sale_in_very_reasonable_price_with_solar_system-53490053-3048-1.html
House Available For Sale In Bahria Town Phase 3,PKR 8.5 Crore,85000000,6,6,1 Kanal,4500.0,18888,House,False,6,hot6Share on FacebookShare on TwitterShare on WhatsAppSend via GMailSend via E-Mail,83,Houses_Rawalpindi,for_sale,2026-07-24,https://www.zameen.com/Property/bahria_town_rawalpindi_bahria_town_phase_3_house_available_for_sale_in_bahria_town_phase_3-47775642-3036-1.html
16 Marla Corner Modern House With Lawn For Sale At Very Reasonable Price,PKR 4 Crore,40000000,5,6,16 Marla,3600.0,11111,House,False,11,hot11Share on FacebookShare on TwitterShare on WhatsAppSend via GMailSend via E-Mail,84,Houses_Rawalpindi,for_sale,2026-07-24,https://www.zameen.com/Property/bahria_town_rawalpindi_bahria_town_phase_8_16_marla_corner_modern_house_with_lawn_for_sale_at_very_reasonable_price-54029159-3048-1.html
10 Marla Brand New House Available For Sale,PKR 3.6 Crore,36000000,5,6,10 Marla,2250.0,16000,House,False,8,8Share on FacebookShare on TwitterShare on WhatsAppSend via GMailSend via E-Mail,80,Houses_Rawalpindi,for_sale,2026-07-24,https://www.zameen.com/Property/bahria_town_rawalpindi_bahria_town_phase_8_10_marla_brand_new_house_available_for_sale-54462120-3048-1.html
7 Marla Double House Available For Sale With 10 KV Soler,PKR 2.7 Crore,27000000,5,6,7 Marla,1575.0,17142,House,False,15,15Share on FacebookShare on TwitterShare on WhatsAppSend via GMailSend via E-Mail,81,Houses_Rawalpindi,for_sale,2026-07-24,https://www.zameen.com/Property/chaklala_scheme_chaklala_scheme_3_7_marla_double_house_available_for_sale_with_10_kv_soler-53913770-1312-1.html
5 Marla Double Storey House For Sale In Prime Location Scheme 3 Extension,PKR 2.75 Crore,27500000,4,5,5 Marla,1125.0,24444,House,False,11,11Share on FacebookShare on TwitterShare on WhatsAppSend via GMailSend via E-Mail,81,Houses_Rawalpindi,for_sale,2026-07-24,https://www.zameen.com/Property/chaklala_scheme_chaklala_scheme_3_5_marla_double_storey_house_for_sale_in_prime_location_scheme_3_extension-54161803-1312-1.html
5 Marla Corner House Available For Sale In Near Scheme 3,PKR 1.82 Crore,18200000,4,6,5 Marla,1125.0,16177,House,False,10,10Share on FacebookShare on TwitterShare on WhatsAppSend via GMailSend via E-Mail,81,Houses_Rawalpindi,for_sale,2026-07-24,https://www.zameen.com/Property/chaklala_scheme_chaklala_scheme_3_5_marla_corner_house_available_for_sale_in_near_scheme_3-54497053-1312-1.html
14 Marla House For Sale Media Town Block D Rawalpindi,PKR 5.75 Crore,57500000,7,7,14 Marla,3150.0,18253,House,False,14,14Share on FacebookShare on TwitterShare on WhatsAppSend via GMailSend via E-Mail,81,Houses_Rawalpindi,for_sale,2026-07-24,https://www.zameen.com/Property/media_town_media_town_-_block_d_14_marla_house_for_sale_media_town_block_d_rawalpindi-53812089-16393-1.html
10 Marla Hauos Available For Sale,PKR 4.35 Crore,43500000,4,4,10 Marla,2250.0,19333,House,False,15,15Share on FacebookShare on TwitterShare on WhatsAppSend via GMailSend via E-Mail,81,Houses_Rawalpindi,for_sale,2026-07-24,https://www.zameen.com/Property/bahria_town_rawalpindi_bahria_town_phase_2_10_marla_hauos_available_for_sale-54496259-3035-1.html
7 Marla Designer Brand New Lush Condition House For Sale in Bahria Town Phase 8,PKR 2.85 Crore,28500000,5,6,7 Marla,1575.0,18095,House,False,19,19Share on FacebookShare on TwitterShare on WhatsAppSend via GMailSend via E-Mail,81,Houses_Rawalpindi,for_sale,2026-07-24,https://www.zameen.com/Property/bahria_town_rawalpindi_bahria_town_phase_8_7_marla_designer_brand_new_lush_condition_house_for_sale_in_bahria_town_phase_8-49876427-3048-1.html
5 Marla Double Unit House Available For Sale In Airport Housing Society Sector 4 Rawalpindi,PKR 1.95 Crore,19500000,4,6,5 Marla,1125.0,17333,House,False,20,20Share on FacebookShare on TwitterShare on WhatsAppSend via GMailSend via E-Mail,81,Houses_Rawalpindi,for_sale,2026-07-24,https://www.zameen.com/Property/airport_housing_society_airport_housing_society_-_sector_4_5_marla_double_unit_house_available_for_sale_in_airport_housing_society_sector_4_rawalpindi-51064695-9155-1.html
5 Marla Brand New Luxury House For Sale Bahria Town Phase 8 Rawalpindi,PKR 2.05 Crore,20500000,3,4,5 Marla,1125.0,18222,House,True,19,super hot19Share on FacebookShare on TwitterShare on WhatsAppSend via GMailSend via E-Mail,90,Houses_Rawalpindi,for_sale,2026-07-24,https://www.zameen.com/Property/bahria_town_rawalpindi_bahria_town_phase_8_5_marla_brand_new_luxury_house_for_sale_bahria_town_phase_8_rawalpindi-53700208-3048-1.html
Good Location 7 Marla House For sale In Gulshan Abad Sector 3,PKR 2.55 Crore,25500000,6,,7 Marla,1575.0,16190,House,True,46,super hot461VerifiedShare on FacebookShare on TwitterShare on WhatsAppSend via GMailSend via E-Mail,99,Houses_Rawalpindi,for_sale,2026-07-24,https://www.zameen.com/Property/gulshan_abad_gulshan_abad_sector_3_good_location_7_marla_house_for_sale_in_gulshan_abad_sector_3-53844526-14741-1.html
House Is Available For Sale,PKR 4.75 Crore,47500000,5,6,10 Marla,2250.0,21111,House,True,14,super hot14Share on FacebookShare on TwitterShare on WhatsAppSend via GMailSend via E-Mail,90,Houses_Rawalpindi,for_sale,2026-07-24,https://www.zameen.com/Property/bahria_town_rawalpindi_bahria_town_phase_3_house_is_available_for_sale-54438870-3036-1.html
Fully Furnished Bahira Town Phase 2 Double Unit House For Sale,PKR 9 Crore,90000000,6,6,1 Kanal,4500.0,20000,House,True,36,super hot36Share on FacebookShare on TwitterShare on WhatsAppSend via GMailSend via E-Mail,90,Houses_Rawalpindi,for_sale,2026-07-24,https://www.zameen.com/Property/bahria_town_rawalpindi_bahria_town_phase_2_fully_furnished_bahira_town_phase_2_double_unit_house_for_sale-53206734-3035-1.html
12 Marla Brand New Designer House For Sale in Media town Rawalpindi.,PKR 6.9 Crore,69000000,6,6,12 Marla,2700.0,25555,House,True,27,super hot271Share on FacebookShare on TwitterShare on WhatsAppSend via GMailSend via E-Mail,91,Houses_Rawalpindi,for_sale,2026-07-24,https://www.zameen.com/Property/rawalpindi_media_town_12_marla_brand_new_designer_house_for_sale_in_media_town_rawalpindi-54099680-8157-1.html
Prime Location 12 Marla House For Sale In The Perfect Location Of Airport Housing Society - Sector 3,PKR 5.5 Crore,55000000,6,6,12 Marla,2700.0,20370,House,True,24,super hot241VerifiedShare on FacebookShare on TwitterShare on WhatsAppSend via GMailSend via E-Mail,99,Houses_Rawalpindi,for_sale,2026-07-24,https://www.zameen.com/Property/airport_housing_society_airport_housing_society_-_sector_3_prime_location_12_marla_house_for_sale_in_the_perfect_location_of_airport_housing_society_-_sector_3-54508260-9154-1.html
"Reasonably-Priced 12 Marla House In Airport Housing Society - Sector 3, Rawalpindi Is Available As Of Now",PKR 5.5 Crore,55000000,6,6,12 Marla,2700.0,20370,House,True,24,super hot241VerifiedShare on FacebookShare on TwitterShare on WhatsAppSend via GMailSend via E-Mail,99,Houses_Rawalpindi,for_sale,2026-07-24,https://www.zameen.com/Property/airport_housing_society_airport_housing_society_-_sector_3_reasonably-priced_12_marla_house_in_airport_housing_society_-_sector_3_rawalpindi_is_available_as_of_now-54508269-9154-1.html
10 Marla House In Airport Housing Society - Sector 4 For Sale At Good Location,PKR 3.8 Crore,38000000,6,6,10 Marla,2250.0,16888,House,True,25,super hot251VerifiedShare on FacebookShare on TwitterShare on WhatsAppSend via GMailSend via E-Mail,99,Houses_Rawalpindi,for_sale,2026-07-24,https://www.zameen.com/Property/airport_housing_society_airport_housing_society_-_sector_4_10_marla_house_in_airport_housing_society_-_sector_4_for_sale_at_good_location-54508268-9155-1.html
Beautiful Location 5 Marla Double Storey House For Sale In Rafi Block,PKR 1.9 Crore,19000000,3,4,5 Marla,1125.0,16888,House,True,19,super hot19Share on FacebookShare on TwitterShare on WhatsAppSend via GMailSend via E-Mail,90,Houses_Rawalpindi,for_sale,2026-07-24,https://www.zameen.com/Property/bahria_town_phase_8_bahria_town_phase_8_-_rafi_block_beautiful_location_5_marla_double_storey_house_for_sale_in_rafi_block-53345580-3071-1.html
"Luxurious 1-Kanal House For Sale Race Course Road (Street 11), Westridge, Rawalpindi",PKR 7.45 Crore,74500000,3,3,1 Kanal,4500.0,16555,House,True,13,super hot13VerifiedShare on FacebookShare on TwitterShare on WhatsAppSend via GMailSend via E-Mail,98,Houses_Rawalpindi,for_sale,2026-07-24,https://www.zameen.com/Property/rawalpindi_westridge_luxurious_1-kanal_house_for_sale_race_course_road_street_11_westridge_rawalpindi-54397893-574-1.html
12 Marla Modern House With Lawn Overseas 2 Bahria Town Phase 8,PKR 5.25 Crore,52500000,4,5,12 Marla,2700.0,19444,House,True,46,hot46Share on FacebookShare on TwitterShare on WhatsAppSend via GMailSend via E-Mail,84,Houses_Rawalpindi,for_sale,2026-07-24,https://www.zameen.com/Property/bahria_greens_overseas_enclave_bahria_greens_-_overseas_enclave_-_sector_2_12_marla_modern_house_with_lawn_overseas_2_bahria_town_phase_8-53269697-8301-1.html
23 Marla Triple-Storey Fully Furnished Designer House,PKR 15 Crore,150000000,5,6,1 Kanal,4500.0,33333,House,True,49,hot49Share on FacebookShare on TwitterShare on WhatsAppSend via GMailSend via E-Mail,84,Houses_Rawalpindi,for_sale,2026-07-24,https://www.zameen.com/Property/bahria_greens_overseas_enclave_bahria_greens_-_overseas_enclave_-_sector_3_23_marla_triple-storey_fully_furnished_designer_house-53396890-8302-1.html
Brand New Luxury 10 Marla House with 10kw Solar System for Sale| Prime Location| Bahria Town,PKR 3.7 Crore,37000000,5,6,10 Marla,2250.0,16444,House,False,16,hot16Share on FacebookShare on TwitterShare on WhatsAppSend via GMailSend via E-Mail,84,Houses_Rawalpindi,for_sale,2026-07-24,https://www.zameen.com/Property/bahria_town_rawalpindi_bahria_town_phase_8_brand_new_luxury_10_marla_house_with_10kw_solar_system_for_sale_prime_location_bahria_town-54331420-3048-1.html
5.5 Marla Corner Brand New House for Sale! Prime location! Bahria town,PKR 2.5 Crore,25000000,3,4,5.5 Marla,1237.5,20202,House,False,11,hot11Share on FacebookShare on TwitterShare on WhatsAppSend via GMailSend via E-Mail,84,Houses_Rawalpindi,for_sale,2026-07-24,https://www.zameen.com/Property/bahria_town_rawalpindi_bahria_town_phase_7_5_5_marla_corner_brand_new_house_for_sale_prime_location_bahria_town-54350461-3047-1.html
1 Kanal with 10 Marla lawn and 15kW Solar Installed House for Sale| Prime Location| Bahria Town,PKR 7.7 Crore,77000000,6,6,1.5 Kanal,6750.0,11407,House,False,13,hot13Share on FacebookShare on TwitterShare on WhatsAppSend via GMailSend via E-Mail,84,Houses_Rawalpindi,for_sale,2026-07-24,https://www.zameen.com/Property/bahria_town_rawalpindi_bahria_town_phase_8_1_kanal_with_10_marla_lawn_and_15kw_solar_installed_house_for_sale_prime_location_bahria_town-54338622-3048-1.html
7 Marla Used House for Sale in Unbeatable price!,PKR 2.4 Crore,24000000,4,5,7 Marla,1575.0,15238,House,False,14,hot14Share on FacebookShare on TwitterShare on WhatsAppSend via GMailSend via E-Mail,84,Houses_Rawalpindi,for_sale,2026-07-24,https://www.zameen.com/Property/bahria_town_rawalpindi_bahria_town_phase_8_7_marla_used_house_for_sale_in_unbeatable_price-54338498-3048-1.html
5 Marla Park Face Brand New House For Sale At Very Economical Price!,PKR 1.85 Crore,18500000,3,4,5 Marla,1125.0,16444,House,False,7,hot7Share on FacebookShare on TwitterShare on WhatsAppSend via GMailSend via E-Mail,83,Houses_Rawalpindi,for_sale,2026-07-24,https://www.zameen.com/Property/bahria_town_rawalpindi_bahria_town_phase_8_5_marla_park_face_brand_new_house_for_sale_at_very_economical_price-54355752-3048-1.html
"""10 Marla Double Unit 5 Bedroom House for Sale in Bahria Town Overseas Sector 5 Servant Room, Prime Location & Modern Finishing""",PKR 4.9 Crore,49000000,4,5,10 Marla,2250.0,21777,House,False,13,13VerifiedShare on FacebookShare on TwitterShare on WhatsAppSend via GMailSend via E-Mail,89,Houses_Rawalpindi,for_sale,2026-07-24,https://www.zameen.com/Property/bahria_greens_overseas_enclave_bahria_greens_-_overseas_enclave_-_sector_5_10_marla_double_unit_5_bedroom_house_for_sale_in_bahria_town_overseas_sector_5_servant_room_prime_location_modern_finishing-54514333-8304-1.html
5 Marla Full House Available For Sale In Bahria Town Phase 8 Rawalpindi,PKR 1.89 Crore,18900000,3,4,5 Marla,1125.0,16800,House,False,9,9VerifiedShare on FacebookShare on TwitterShare on WhatsAppSend via GMailSend via E-Mail,88,Houses_Rawalpindi,for_sale,2026-07-24,https://www.zameen.com/Property/bahria_town_phase_8_bahria_town_phase_8_-_block_m_5_marla_full_house_available_for_sale_in_bahria_town_phase_8_rawalpindi-54514144-3062-1.html
Prime Location 5 Marla House For Sale In Beautiful Gulraiz Housing Society Phase 2,PKR 2 Crore,20000000,5,5,5 Marla,1125.0,17777,House,False,9,9VerifiedShare on FacebookShare on TwitterShare on WhatsAppSend via GMailSend via E-Mail,88,Houses_Rawalpindi,for_sale,2026-07-24,https://www.zameen.com/Property/gulraiz_housing_scheme_gulraiz_housing_society_phase_2_prime_location_5_marla_house_for_sale_in_beautiful_gulraiz_housing_society_phase_2-54480416-14971-1.html
Prime Location In Gulraiz Housing Society Phase 2 1624 Square Feet House For Sale,PKR 2.6 Crore,26000000,4,4,7.2 Marla,1620.0,16049,House,False,14,14VerifiedShare on FacebookShare on TwitterShare on WhatsAppSend via GMailSend via E-Mail,89,Houses_Rawalpindi,for_sale,2026-07-24,https://www.zameen.com/Property/gulraiz_housing_scheme_gulraiz_housing_society_phase_2_prime_location_in_gulraiz_housing_society_phase_2_1624_square_feet_house_for_sale-54480411-14971-1.html
Prime Location House Of 5 Marla Is Available For Sale,PKR 1.5 Crore,15000000,3,4,5 Marla,1125.0,13333,House,False,8,8VerifiedShare on FacebookShare on TwitterShare on WhatsAppSend via GMailSend via E-Mail,88,Houses_Rawalpindi,for_sale,2026-07-24,https://www.zameen.com/Property/gulraiz_housing_scheme_gulraiz_housing_society_phase_2_prime_location_house_of_5_marla_is_available_for_sale-54513863-14971-1.html
Centrally Located Prime Location House In Gulraiz Housing Society Phase 2 Is Available For Sale,PKR 2.4 Crore,24000000,4,4,5 Marla,1125.0,21333,House,False,7,7VerifiedShare on FacebookShare on TwitterShare on WhatsAppSend via GMailSend via E-Mail,88,Houses_Rawalpindi,for_sale,2026-07-24,https://www.zameen.com/Property/gulraiz_housing_scheme_gulraiz_housing_society_phase_2_centrally_located_prime_location_house_in_gulraiz_housing_society_phase_2_is_available_for_sale-54513870-14971-1.html
Prime Location 5 Marla House For Sale In Rawalpindi,PKR 2.25 Crore,22500000,4,4,5 Marla,1125.0,20000,House,False,6,6VerifiedShare on FacebookShare on TwitterShare on WhatsAppSend via GMailSend via E-Mail,88,Houses_Rawalpindi,for_sale,2026-07-24,https://www.zameen.com/Property/gulraiz_housing_scheme_gulraiz_housing_society_phase_2_prime_location_5_marla_house_for_sale_in_rawalpindi-54513868-14971-1.html
Prime Location 10 Marla House Is Available In Gulraiz Housing Society Phase 2,PKR 3.25 Crore,32500000,5,5,10 Marla,2250.0,14444,House,False,10,10VerifiedShare on FacebookShare on TwitterShare on WhatsAppSend via GMailSend via E-Mail,89,Houses_Rawalpindi,for_sale,2026-07-24,https://www.zameen.com/Property/gulraiz_housing_scheme_gulraiz_housing_society_phase_2_prime_location_10_marla_house_is_available_in_gulraiz_housing_society_phase_2-54513867-14971-1.html
4 Marla Brand New House For Sale,PKR 1.35 Crore,13500000,4,4,4 Marla,900.0,15000,House,True,12,super hot12Share on FacebookShare on TwitterShare on WhatsAppSend via GMailSend via E-Mail,90,Houses_Faisalabad,for_sale,2026-07-24,https://www.zameen.com/Property/lower_canal_road_green_orchard_4_marla_brand_new_house_for_sale-53959991-15298-1.html
10 Marla Brand New House For Sale B Block Wapda City,PKR 3.8 Crore,38000000,5,6,10 Marla,2250.0,16888,House,True,16,super hot16Share on FacebookShare on TwitterShare on WhatsAppSend via GMailSend via E-Mail,90,Houses_Faisalabad,for_sale,2026-07-24,https://www.zameen.com/Property/wapda_city_wapda_city_-_block_b_10_marla_brand_new_house_for_sale_b_block_wapda_city-54459035-5067-1.html
In Eden Valley You Can Find The Perfect House For Sale,PKR 4.25 Crore,42500000,,,7 Marla,1575.0,26984,House,True,20,super hot201VerifiedShare on FacebookShare on TwitterShare on WhatsAppSend via GMailSend via E-Mail,99,Houses_Faisalabad,for_sale,2026-07-24,https://www.zameen.com/Property/faisalabad_eden_valley_in_eden_valley_you_can_find_the_perfect_house_for_sale-54497801-8917-1.html
Centrally Located House Available In Eden Valley For Sale,PKR 4 Crore,40000000,,,7 Marla,1575.0,25396,House,True,32,super hot321VerifiedShare on FacebookShare on TwitterShare on WhatsAppSend via GMailSend via E-Mail,99,Houses_Faisalabad,for_sale,2026-07-24,https://www.zameen.com/Property/faisalabad_eden_valley_centrally_located_house_available_in_eden_valley_for_sale-54497802-8917-1.html
5 Marla House Is Available For sale,PKR 2.6 Crore,26000000,,,5 Marla,1125.0,23111,House,True,16,super hot161VerifiedShare on FacebookShare on TwitterShare on WhatsAppSend via GMailSend via E-Mail,99,Houses_Faisalabad,for_sale,2026-07-24,https://www.zameen.com/Property/faisalabad_eden_valley_5_marla_house_is_available_for_sale-54497804-8917-1.html
New house,PKR 5.5 Crore,55000000,6,7,9 Marla,2025.0,27160,House,True,34,super hot34Share on FacebookShare on TwitterShare on WhatsAppSend via GMailSend via E-Mail,90,Houses_Faisalabad,for_sale,2026-07-24,https://www.zameen.com/Property/riaz_ul_jannah_riaz_ul_jannah_-_umer_block_new_house-53848307-18504-1.html
Brand New House Is Available For Sale,PKR 2.85 Crore,28500000,5,6,6 Marla,1350.0,21111,House,True,16,super hot16Share on FacebookShare on TwitterShare on WhatsAppSend via GMailSend via E-Mail,90,Houses_Faisalabad,for_sale,2026-07-24,https://www.zameen.com/Property/riaz_ul_jannah_riaz_ul_jannah_-_umer_block_brand_new_house_is_available_for_sale-53826993-18504-1.html
1 KANAL BRAND NEW LUXURY HOUSE AVAILABLE FOR SALE IN AYESHA BLOCK ABDULLAH GARDEN EAST CANAL ROAD FAISALABAD,PKR 16 Crore,160000000,5,6,1 Kanal,4500.0,35555,House,True,10,super hot10Share on FacebookShare on TwitterShare on WhatsAppSend via GMailSend via E-Mail,90,Houses_Faisalabad,for_sale,2026-07-24,https://www.zameen.com/Property/east_canal_road_abdullah_gardens_1_kanal_brand_new_luxury_house_available_for_sale_in_ayesha_block_abdullah_garden_east_canal_road_faisalabad-53442482-4890-1.html
6.5 Marla Beautiful New Modern House Available For Sale,PKR 3.95 Crore,39500000,4,7,6.5 Marla,1462.5,27008,House,True,46,super hot461VerifiedShare on FacebookShare on TwitterShare on WhatsAppSend via GMailSend via E-Mail,99,Houses_Faisalabad,for_sale,2026-07-24,https://www.zameen.com/Property/canal_road_divine_enclave_6_5_marla_beautiful_new_modern_house_available_for_sale-53518093-21698-1.html
"5 Marla Brand New Double Storey House Available For Sale In ""Eden Orchard Lasani Puli "" Sargodha Road",PKR 2.6 Crore,26000000,3,4,5 Marla,1125.0,23111,House,True,32,super hot32Share on FacebookShare on TwitterShare on WhatsAppSend via GMailSend via E-Mail,90,Houses_Faisalabad,for_sale,2026-07-24,https://www.zameen.com/Property/faisalabad_eden_orchard_5_marla_brand_new_double_storey_house_available_for_sale_in_eden_orchard_lasani_puli_sargodha_road-54391165-11162-1.html
House Of 10 Marla Available In Wapda City - Block K,PKR 4 Crore,40000000,5,6,10 Marla,2250.0,17777,House,True,5,hot5VerifiedShare on FacebookShare on TwitterShare on WhatsAppSend via GMailSend via E-Mail,91,Houses_Faisalabad,for_sale,2026-07-24,https://www.zameen.com/Property/wapda_city_wapda_city_-_block_k_house_of_10_marla_available_in_wapda_city_-_block_k-54329072-5075-1.html
10 Marla East Open Wireless Near Park House For Sale In K Block,PKR 4.5 Crore,45000000,5,6,10 Marla,2250.0,20000,House,True,16,hot16Share on FacebookShare on TwitterShare on WhatsAppSend via GMailSend via E-Mail,84,Houses_Faisalabad,for_sale,2026-07-24,https://www.zameen.com/Property/wapda_city_wapda_city_-_block_k_10_marla_east_open_wireless_near_park_house_for_sale_in_k_block-54491087-5075-1.html
5Marla Like Brand New House Available For Sale,PKR 2.4 Crore,24000000,3,4,5 Marla,1125.0,21333,House,False,9,hot9Share on FacebookShare on TwitterShare on WhatsAppSend via GMailSend via E-Mail,83,Houses_Faisalabad,for_sale,2026-07-24,https://www.zameen.com/Property/faisalabad_eden_orchard_5marla_like_brand_new_house_available_for_sale-54251649-11162-1.html
5 Marla Double Storey NEW Brand House Available For Sale In Eden Orchard Sargodha Road,PKR 2.25 Crore,22500000,3,5,5 Marla,1125.0,20000,House,False,19,hot19VerifiedShare on FacebookShare on TwitterShare on WhatsAppSend via GMailSend via E-Mail,92,Houses_Faisalabad,for_sale,2026-07-24,https://www.zameen.com/Property/faisalabad_eden_orchard_5_marla_double_storey_new_brand_house_available_for_sale_in_eden_orchard_sargodha_road-54280797-11162-1.html
10 Marla Brand New Double Storey House Available For Sale In Gulshan E Madina Phase 1 Sargodha Road,PKR 4.4 Crore,44000000,5,6,10 Marla,2250.0,19555,House,False,12,hot12VerifiedShare on FacebookShare on TwitterShare on WhatsAppSend via GMailSend via E-Mail,92,Houses_Faisalabad,for_sale,2026-07-24,https://www.zameen.com/Property/gulshan_e_madina_gulshan_e_madina_phase_1_10_marla_brand_new_double_storey_house_available_for_sale_in_gulshan_e_madina_phase_1_sargodha_road-54280801-18300-1.html
10 Marla Double Storey New Brand Luxury House For Sale In Eden Orchard Sargodha,PKR 5.25 Crore,52500000,5,6,10 Marla,2250.0,23333,House,False,47,hot47VerifiedShare on FacebookShare on TwitterShare on WhatsAppSend via GMailSend via E-Mail,92,Houses_Faisalabad,for_sale,2026-07-24,https://www.zameen.com/Property/faisalabad_eden_orchard_10_marla_double_storey_new_brand_luxury_house_for_sale_in_eden_orchard_sargodha-54508741-11162-1.html
4 Marla park facing good condition house for sale,PKR 1.7 Crore,17000000,3,4,4 Marla,900.0,18888,House,False,17,hot17Share on FacebookShare on TwitterShare on WhatsAppSend via GMailSend via E-Mail,84,Houses_Faisalabad,for_sale,2026-07-24,https://www.zameen.com/Property/faisalabad_ghalib_city_4_marla_park_facing_good_condition_house_for_sale-54510271-10165-1.html
HOT DEAL-7-Bed Designer Luxury House in Prime SAEED COLONY Location | Fully Renovated,PKR 9.5 Crore,95000000,9,7,1 Kanal,4500.0,21111,House,False,13,13Share on FacebookShare on TwitterShare on WhatsAppSend via GMailSend via E-Mail,81,Houses_Faisalabad,for_sale,2026-07-24,https://www.zameen.com/Property/canal_road_east_canal_road_hot_deal-7-bed_designer_luxury_house_in_prime_saeed_colony_location_fully_renovated-54221545-9506-1.html
Used House Of 10 Marla Available In Wapda City - Block K,PKR 3.5 Crore,35000000,5,6,10 Marla,2250.0,15555,House,True,,VerifiedShare on FacebookShare on TwitterShare on WhatsAppSend via GMailSend via E-Mail,87,Houses_Faisalabad,for_sale,2026-07-24,https://www.zameen.com/Property/wapda_city_wapda_city_-_block_k_used_house_of_10_marla_available_in_wapda_city_-_block_k-54381566-5075-1.html
10 Marla Brand New Luxury House For Sale In Wapda City M Block Near To School Near To Park Near To Gate,PKR 4.3 Crore,43000000,5,6,10 Marla,2250.0,19111,House,True,7,7Share on FacebookShare on TwitterShare on WhatsAppSend via GMailSend via E-Mail,80,Houses_Faisalabad,for_sale,2026-07-24,https://www.zameen.com/Property/wapda_city_wapda_city_-_block_m_10_marla_brand_new_luxury_house_for_sale_in_wapda_city_m_block_near_to_school_near_to_park_near_to_gate-54381560-5077-1.html
10 Marla Prime Location Brand New House For Sale,PKR 3.7 Crore,37000000,4,6,10 Marla,2250.0,16444,House,True,8,8VerifiedShare on FacebookShare on TwitterShare on WhatsAppSend via GMailSend via E-Mail,88,Houses_Faisalabad,for_sale,2026-07-24,https://www.zameen.com/Property/wapda_city_wapda_city_-_block_k_10_marla_prime_location_brand_new_house_for_sale-54381567-5075-1.html
Brand New house,PKR 1.25 Crore,12500000,4,4,3 Marla,675.0,18518,House,False,18,18Share on FacebookShare on TwitterShare on WhatsAppSend via GMailSend via E-Mail,81,Houses_Faisalabad,for_sale,2026-07-24,https://www.zameen.com/Property/faisalabad_kareem_city_brand_new_house-54066974-9452-1.html
Get This Amazing 3 Marla House Available In Rehman Gardens - Executive Block For Sale,PKR 1 Crore,10000000,3,4,3 Marla,675.0,14814,House,False,26,26Share on FacebookShare on TwitterShare on WhatsAppSend via GMailSend via E-Mail,81,Houses_Faisalabad,for_sale,2026-07-24,https://www.zameen.com/Property/rehman_gardens_rehman_gardens_-_executive_block_get_this_amazing_3_marla_house_available_in_rehman_gardens_-_executive_block_for_sale-53549764-21703-1.html
Brand New Modern House,PKR 3.5 Crore,35000000,4,5,6 Marla,1350.0,25925,House,False,28,28Share on FacebookShare on TwitterShare on WhatsAppSend via GMailSend via E-Mail,81,Houses_Faisalabad,for_sale,2026-07-24,https://www.zameen.com/Property/riaz_ul_jannah_riaz_ul_jannah_-_umer_block_brand_new_modern_house-54171490-18504-1.html
14 Marla Luxury House With 10 KVA Solar Install Available For Sale In Eden Valley Canal Road Faisalabad,PKR 5.95 Crore,59500000,4,5,14 Marla,3150.0,18888,House,False,13,13Share on FacebookShare on TwitterShare on WhatsAppSend via GMailSend via E-Mail,81,Houses_Faisalabad,for_sale,2026-07-24,https://www.zameen.com/Property/faisalabad_eden_valley_14_marla_luxury_house_with_10_kva_solar_install_available_for_sale_in_eden_valley_canal_road_faisalabad-54161315-8917-1.html
5 Marla House Available In Eden Valley For sale,PKR 2.7 Crore,27000000,,,5 Marla,1125.0,24000,House,True,16,super hot161VerifiedShare on FacebookShare on TwitterShare on WhatsAppSend via GMailSend via E-Mail,99,Houses_Faisalabad,for_sale,2026-07-24,https://www.zameen.com/Property/faisalabad_eden_valley_5_marla_house_available_in_eden_valley_for_sale-54497803-8917-1.html
Fair-Priced 5 Marla House Available In Wapda City - Block L,PKR 2 Crore,20000000,,,5 Marla,1125.0,17777,House,True,10,super hot10VerifiedShare on FacebookShare on TwitterShare on WhatsAppSend via GMailSend via E-Mail,98,Houses_Faisalabad,for_sale,2026-07-24,https://www.zameen.com/Property/wapda_city_wapda_city_-_block_l_fair-priced_5_marla_house_available_in_wapda_city_-_block_l-54487554-5076-1.html
3 Marla Brand New Good Location House For Sale,PKR 1.3 Crore,13000000,3,3,3 Marla,675.0,19259,House,True,21,super hot21Share on FacebookShare on TwitterShare on WhatsAppSend via GMailSend via E-Mail,90,Houses_Faisalabad,for_sale,2026-07-24,https://www.zameen.com/Property/faisalabad_al_noor_garden_3_marla_brand_new_good_location_house_for_sale-54485968-8916-1.html
3 Marla Brand New House For Sale,PKR 1.2 Crore,12000000,3,3,3 Marla,675.0,17777,House,True,6,super hot6Share on FacebookShare on TwitterShare on WhatsAppSend via GMailSend via E-Mail,89,Houses_Faisalabad,for_sale,2026-07-24,https://www.zameen.com/Property/faisalabad_gulberg_valley_3_marla_brand_new_house_for_sale-54139501-10823-1.html
Corner House For Sale In Beautiful Wapda City - Block C,PKR 3.95 Crore,39500000,4,5,15 Marla,3375.0,11703,House,True,7,super hot7VerifiedShare on FacebookShare on TwitterShare on WhatsAppSend via GMailSend via E-Mail,97,Houses_Faisalabad,for_sale,2026-07-24,https://www.zameen.com/Property/wapda_city_wapda_city_-_block_c_corner_house_for_sale_in_beautiful_wapda_city_-_block_c-54471768-5068-1.html
11 marla Brand New luxurious House Available For Sale in Eden orchard lasani Pulli sargodha road,PKR 5.5 Crore,55000000,6,6,11 Marla,2475.0,22222,House,True,18,super hot18Share on FacebookShare on TwitterShare on WhatsAppSend via GMailSend via E-Mail,90,Houses_Faisalabad,for_sale,2026-07-24,https://www.zameen.com/Property/faisalabad_eden_orchard_11_marla_brand_new_luxurious_house_available_for_sale_in_eden_orchard_lasani_pulli_sargodha_road-54490064-11162-1.html
10 Marla Brand New Luxury House For Sale In Eden Orchard Sarghodha Road Faisalabad,PKR 5.25 Crore,52500000,5,6,10 Marla,2250.0,23333,House,True,44,super hot44Share on FacebookShare on TwitterShare on WhatsAppSend via GMailSend via E-Mail,90,Houses_Faisalabad,for_sale,2026-07-24,https://www.zameen.com/Property/faisalabad_eden_orchard_10_marla_brand_new_luxury_house_for_sale_in_eden_orchard_sarghodha_road_faisalabad-54176884-11162-1.html
5 Marla Brand New Luxury House For Sale In Eden Orchard Lasani Pulli Sarghodha Road Faisalabad,PKR 2.6 Crore,26000000,3,4,5 Marla,1125.0,23111,House,True,21,super hot21Share on FacebookShare on TwitterShare on WhatsAppSend via GMailSend via E-Mail,90,Houses_Faisalabad,for_sale,2026-07-24,https://www.zameen.com/Property/faisalabad_eden_orchard_5_marla_brand_new_luxury_house_for_sale_in_eden_orchard_lasani_pulli_sarghodha_road_faisalabad-54419057-11162-1.html
5 Marla Used House For Sale In Eden Velly,PKR 2.25 Crore,22500000,3,4,5 Marla,1125.0,20000,House,True,16,super hot16Share on FacebookShare on TwitterShare on WhatsAppSend via GMailSend via E-Mail,90,Houses_Faisalabad,for_sale,2026-07-24,https://www.zameen.com/Property/faisalabad_eden_valley_5_marla_used_house_for_sale_in_eden_velly-54419138-8917-1.html
3.3 Marla Eden Executive,PKR 1.6 Crore,16000000,3,4,3.3 Marla,742.5,21548,House,True,16,super hot16Share on FacebookShare on TwitterShare on WhatsAppSend via GMailSend via E-Mail,90,Houses_Faisalabad,for_sale,2026-07-24,https://www.zameen.com/Property/eden_gardens_eden_executive_3_3_marla_eden_executive-54496249-10765-1.html
10 Marla Luxury House For Sale In M Block,PKR 4.6 Crore,46000000,4,5,10 Marla,2250.0,20444,House,True,29,hot29VerifiedShare on FacebookShare on TwitterShare on WhatsAppSend via GMailSend via E-Mail,92,Houses_Faisalabad,for_sale,2026-07-24,https://www.zameen.com/Property/faisalabad_wapda_city_10_marla_luxury_house_for_sale_in_m_block-54373390-501-1.html
Get An Attractive House In Faisalabad Under Rs. 39000000,PKR 3.9 Crore,39000000,5,7,10 Marla,2250.0,17333,House,True,19,hot19VerifiedShare on FacebookShare on TwitterShare on WhatsAppSend via GMailSend via E-Mail,92,Houses_Faisalabad,for_sale,2026-07-24,https://www.zameen.com/Property/wapda_city_wapda_city_-_block_b_get_an_attractive_house_in_faisalabad_under_rs_39000000-54447223-5067-1.html
5 Marla Brand New House For Sale In Eden Valley Extra Odinary Beautiful Having 3 Beds 4 Washrooms Store 2 Kicthen 2 Living,PKR 2.6 Crore,26000000,2,2,5 Marla,1125.0,23111,House,False,16,hot16Share on FacebookShare on TwitterShare on WhatsAppSend via GMailSend via E-Mail,84,Houses_Faisalabad,for_sale,2026-07-24,https://www.zameen.com/Property/faisalabad_eden_valley_5_marla_brand_new_house_for_sale_in_eden_valley_extra_odinary_beautiful_having_3_beds_4_washrooms_store_2_kicthen_2_living-53124569-8917-1.html
2.75 Marla Brand New House For Sale For In Eden Executive Golden Chance To Purchase This House,PKR 1.25 Crore,12500000,3,4,2.7 Marla,607.5,20576,House,False,12,hot12Share on FacebookShare on TwitterShare on WhatsAppSend via GMailSend via E-Mail,84,Houses_Faisalabad,for_sale,2026-07-24,https://www.zameen.com/Property/eden_gardens_eden_executive_2_75_marla_brand_new_house_for_sale_for_in_eden_executive_golden_chance_to_purchase_this_house-54227860-10765-1.html
5 Marla House For Sale In Beautiful Eden Valley,PKR 2.8 Crore,28000000,3,4,5 Marla,1125.0,24888,House,False,12,hot12Share on FacebookShare on TwitterShare on WhatsAppSend via GMailSend via E-Mail,84,Houses_Faisalabad,for_sale,2026-07-24,https://www.zameen.com/Property/faisalabad_eden_valley_5_marla_house_for_sale_in_beautiful_eden_valley-54227864-8917-1.html
7 Marla Brand New House For Sale In Eden Valley At Very Resonable Price Its Limited Time Offer,PKR 3.6 Crore,36000000,4,5,7 Marla,1575.0,22857,House,False,46,hot46Share on FacebookShare on TwitterShare on WhatsAppSend via GMailSend via E-Mail,84,Houses_Faisalabad,for_sale,2026-07-24,https://www.zameen.com/Property/faisalabad_eden_valley_7_marla_brand_new_house_for_sale_in_eden_valley_at_very_resonable_price_its_limited_time_offer-53493139-8917-1.html
5 Marla Brand New House For Sale In Eden Valley,PKR 2.65 Crore,26500000,3,4,5 Marla,1125.0,23555,House,False,6,hot6Share on FacebookShare on TwitterShare on WhatsAppSend via GMailSend via E-Mail,83,Houses_Faisalabad,for_sale,2026-07-24,https://www.zameen.com/Property/faisalabad_eden_valley_5_marla_brand_new_house_for_sale_in_eden_valley-54280009-8917-1.html
10 MARLA MODERN LUXURIOUS HOUSE AVAILABLE FOR SALE IN ABDULLAH GARDEN AYESHA BLOCK EAST CANAL ROAD FAISALABAD,PKR 6.25 Crore,62500000,4,5,10 Marla,2250.0,27777,House,False,8,8Share on FacebookShare on TwitterShare on WhatsAppSend via GMailSend via E-Mail,80,Houses_Faisalabad,for_sale,2026-07-24,https://www.zameen.com/Property/east_canal_road_abdullah_gardens_10_marla_modern_luxurious_house_available_for_sale_in_abdullah_garden_ayesha_block_east_canal_road_faisalabad-53956709-4890-1.html
8.50 Marla Ultra Modern Brand New House For Sale In Divine Enclave East Canal Road Faisalabad,PKR 5.85 Crore,58500000,5,6,8.5 Marla,1912.5,30588,House,False,10,10Share on FacebookShare on TwitterShare on WhatsAppSend via GMailSend via E-Mail,81,Houses_Faisalabad,for_sale,2026-07-24,https://www.zameen.com/Property/canal_road_divine_enclave_8_50_marla_ultra_modern_brand_new_house_for_sale_in_divine_enclave_east_canal_road_faisalabad-53494406-21698-1.html
"11.50 Marla Luxury Brand New House In Divine Enclave East Canal Road, Best Option To Purchase in Faisalabad",PKR 7 Crore,70000000,5,6,11.5 Marla,2587.5,27053,House,False,11,11Share on FacebookShare on TwitterShare on WhatsAppSend via GMailSend via E-Mail,81,Houses_Faisalabad,for_sale,2026-07-24,https://www.zameen.com/Property/canal_road_divine_enclave_11_50_marla_luxury_brand_new_house_in_divine_enclave_east_canal_road_best_option_to_purchase_in_faisalabad-52946396-21698-1.html
Good 6 Marla House For Sale In Divine Enclave,PKR 3.85 Crore,38500000,4,5,6 Marla,1350.0,28518,House,False,7,7Share on FacebookShare on TwitterShare on WhatsAppSend via GMailSend via E-Mail,80,Houses_Faisalabad,for_sale,2026-07-24,https://www.zameen.com/Property/canal_road_divine_enclave_good_6_marla_house_for_sale_in_divine_enclave-52946389-21698-1.html
"20 Marla Luxury House For Sale In Abdullah Garden, Ayesha Block, East Canal Road Faisalabad",PKR 10.75 Crore,107500000,6,6,1 Kanal,4500.0,23888,House,False,7,7Share on FacebookShare on TwitterShare on WhatsAppSend via GMailSend via E-Mail,80,Houses_Faisalabad,for_sale,2026-07-24,https://www.zameen.com/Property/east_canal_road_abdullah_gardens_20_marla_luxury_house_for_sale_in_abdullah_garden_ayesha_block_east_canal_road_faisalabad-46985035-4890-1.html
1 KANAL LUXURY FURNISH HOUSE AVAILABLE FOR SALE,PKR 12.5 Crore,125000000,5,6,1 Kanal,4500.0,27777,House,False,49,49Share on FacebookShare on TwitterShare on WhatsAppSend via GMailSend via E-Mail,81,Houses_Faisalabad,for_sale,2026-07-24,https://www.zameen.com/Property/wapda_city_wapda_city_-_block_f_1_kanal_luxury_furnish_house_available_for_sale-54512869-5071-1.html
7 Marla Corner House For Sale,PKR 2.7 Crore,27000000,4,4,7 Marla,1575.0,17142,House,False,9,9Share on FacebookShare on TwitterShare on WhatsAppSend via GMailSend via E-Mail,80,Houses_Faisalabad,for_sale,2026-07-24,https://www.zameen.com/Property/faisalabad_al_noor_garden_7_marla_corner_house_for_sale-54250601-8916-1.html
New House For Sale,PKR 2.75 Crore,27500000,5,6,7 Marla,1575.0,17460,House,False,10,10Share on FacebookShare on TwitterShare on WhatsAppSend via GMailSend via E-Mail,81,Houses_Faisalabad,for_sale,2026-07-24,https://www.zameen.com/Property/faisalabad_sargodha_road_new_house_for_sale-54437068-768-1.html
Spacious House Is Available For Sale In Ideal Location Of Wapda City - Block M,PKR 4.5 Crore,45000000,5,6,10 Marla,2250.0,20000,House,True,,super hotShare on FacebookShare on TwitterShare on WhatsAppSend via GMailSend via E-Mail,88,Houses_Faisalabad,for_sale,2026-07-24,https://www.zameen.com/Property/wapda_city_wapda_city_-_block_m_spacious_house_is_available_for_sale_in_ideal_location_of_wapda_city_-_block_m-54491096-5077-1.html
20 Marla Very Beautiful Brand New House Available In Abdullah Gardens Canal Road,PKR 12.5 Crore,125000000,6,6,1 Kanal,4500.0,27777,House,True,11,super hot11Share on FacebookShare on TwitterShare on WhatsAppSend via GMailSend via E-Mail,90,Houses_Faisalabad,for_sale,2026-07-24,https://www.zameen.com/Property/east_canal_road_abdullah_gardens_20_marla_very_beautiful_brand_new_house_available_in_abdullah_gardens_canal_road-54452433-4890-1.html
Fair-Priced 15 Marla House Available In Wapda City,PKR 4.3 Crore,43000000,6,6,10 Marla,2250.0,19111,House,True,7,super hot7Share on FacebookShare on TwitterShare on WhatsAppSend via GMailSend via E-Mail,89,Houses_Faisalabad,for_sale,2026-07-24,https://www.zameen.com/Property/faisalabad_wapda_city_fair-priced_15_marla_house_available_in_wapda_city-54381608-501-1.html
Wapda City - Block B House Sized 10 Marla Is Available,PKR 3.97 Crore,39700000,5,7,10 Marla,2250.0,17644,House,True,25,super hot25VerifiedShare on FacebookShare on TwitterShare on WhatsAppSend via GMailSend via E-Mail,98,Houses_Faisalabad,for_sale,2026-07-24,https://www.zameen.com/Property/wapda_city_wapda_city_-_block_b_wapda_city_-_block_b_house_sized_10_marla_is_available-54438682-5067-1.html
4 Marla Barnd New House In Eden Executive,PKR 1.95 Crore,19500000,3,4,4 Marla,900.0,21666,House,True,17,super hot17Share on FacebookShare on TwitterShare on WhatsAppSend via GMailSend via E-Mail,90,Houses_Faisalabad,for_sale,2026-07-24,https://www.zameen.com/Property/eden_gardens_eden_executive_4_marla_barnd_new_house_in_eden_executive-54491231-10765-1.html
17 Marla Construction 17 Marla Registry Price Triple Storey House Available For Sale In New Garden Block,PKR 7 Crore,70000000,5,6,17 Marla,3825.0,18300,House,True,40,super hot40Share on FacebookShare on TwitterShare on WhatsAppSend via GMailSend via E-Mail,90,Houses_Faisalabad,for_sale,2026-07-24,https://www.zameen.com/Property/saeed_colony_saeed_colony_-_new_garden_block_17_marla_construction_17_marla_registry_price_triple_storey_house_available_for_sale_in_new_garden_block-53938292-11202-1.html
Beauty Ful New House Modern Design,PKR 2.45 Crore,24500000,4,5,5 Marla,1125.0,21777,House,True,10,super hot10Share on FacebookShare on TwitterShare on WhatsAppSend via GMailSend via E-Mail,90,Houses_Faisalabad,for_sale,2026-07-24,https://www.zameen.com/Property/faisalabad_wapda_city_beauty_ful_new_house_modern_design-54410257-501-1.html
7 Marla Luxury House Available For Sale,PKR 4.4 Crore,44000000,4,5,7 Marla,1575.0,27936,House,True,46,super hot46VerifiedShare on FacebookShare on TwitterShare on WhatsAppSend via GMailSend via E-Mail,98,Houses_Faisalabad,for_sale,2026-07-24,https://www.zameen.com/Property/canal_road_divine_enclave_7_marla_luxury_house_available_for_sale-53199013-21698-1.html
11.25 Marla Beautiful Double Height House Available For Sale,PKR 4.45 Crore,44500000,5,6,11.4 Marla,2565.0,17348,House,True,28,super hot28VerifiedShare on FacebookShare on TwitterShare on WhatsAppSend via GMailSend via E-Mail,98,Houses_Faisalabad,for_sale,2026-07-24,https://www.zameen.com/Property/faisalabad_khayaban_gardens_11_25_marla_beautiful_double_height_house_available_for_sale-53877745-4981-1.html
5 Marla Brand New Double Storey Double Height House Available For Sale,PKR 2.6 Crore,26000000,3,5,5 Marla,1125.0,23111,House,True,21,super hot21VerifiedShare on FacebookShare on TwitterShare on WhatsAppSend via GMailSend via E-Mail,98,Houses_Faisalabad,for_sale,2026-07-24,https://www.zameen.com/Property/faisalabad_eden_orchard_5_marla_brand_new_double_storey_double_height_house_available_for_sale-54494648-11162-1.html
Wapda City - Block B House Sized 10 Marla Is Available,PKR 3.97 Crore,39700000,5,7,10 Marla,2250.0,17644,House,True,26,hot26VerifiedShare on FacebookShare on TwitterShare on WhatsAppSend via GMailSend via E-Mail,92,Houses_Faisalabad,for_sale,2026-07-24,https://www.zameen.com/Property/wapda_city_wapda_city_-_block_b_wapda_city_-_block_b_house_sized_10_marla_is_available-54447227-5067-1.html
Get An Attractive House In Faisalabad Under Rs. 39000000,PKR 3.9 Crore,39000000,5,7,10 Marla,2250.0,17333,House,True,19,hot19Share on FacebookShare on TwitterShare on WhatsAppSend via GMailSend via E-Mail,84,Houses_Faisalabad,for_sale,2026-07-24,https://www.zameen.com/Property/wapda_city_wapda_city_-_block_b_get_an_attractive_house_in_faisalabad_under_rs_39000000-54438724-5067-1.html
5 Marla Brand New House Uktra Moderen Having 4 Beds For Details Plz Contact,PKR 2.95 Crore,29500000,2,5,5 Marla,1125.0,26222,House,False,33,hot33Share on FacebookShare on TwitterShare on WhatsAppSend via GMailSend via E-Mail,84,Houses_Faisalabad,for_sale,2026-07-24,https://www.zameen.com/Property/faisalabad_eden_valley_5_marla_brand_new_house_uktra_moderen_having_4_beds_for_details_plz_contact-54433991-8917-1.html
Beautiful New House For Sale,PKR 3.85 Crore,38500000,5,6,10 Marla,2250.0,17111,House,False,21,hot21Share on FacebookShare on TwitterShare on WhatsAppSend via GMailSend via E-Mail,84,Houses_Faisalabad,for_sale,2026-07-24,https://www.zameen.com/Property/faisalabad_wapda_city_beautiful_new_house_for_sale-54239031-501-1.html
A Stunning House Is Up For Grabs In Citi Housing,PKR 3 Crore,30000000,,,10 Marla,2250.0,13333,House,False,6,hot6VerifiedShare on FacebookShare on TwitterShare on WhatsAppSend via GMailSend via E-Mail,91,Houses_Faisalabad,for_sale,2026-07-24,https://www.zameen.com/Property/faisalabad_citi_housing_a_stunning_house_is_up_for_grabs_in_citi_housing-54275009-8358-1.html
20 Marla New House For Sale In Eden Orchard Sarghodha Road Faisalabad,PKR 8 Crore,80000000,6,6,1 Kanal,4500.0,17777,House,False,11,hot11VerifiedShare on FacebookShare on TwitterShare on WhatsAppSend via GMailSend via E-Mail,92,Houses_Faisalabad,for_sale,2026-07-24,https://www.zameen.com/Property/faisalabad_eden_orchard_20_marla_new_house_for_sale_in_eden_orchard_sarghodha_road_faisalabad-54391153-11162-1.html
11 Marla Brand New House For Sale Sarghodha Road Eden Orchard,PKR 5.3 Crore,53000000,5,6,11 Marla,2475.0,21414,House,False,28,hot28VerifiedShare on FacebookShare on TwitterShare on WhatsAppSend via GMailSend via E-Mail,92,Houses_Faisalabad,for_sale,2026-07-24,https://www.zameen.com/Property/faisalabad_eden_orchard_11_marla_brand_new_house_for_sale_sarghodha_road_eden_orchard-54391155-11162-1.html
11.25 Marla House Available In Khayaban Garden,PKR 4.75 Crore,47500000,,5,11 Marla,2475.0,19191,House,False,19,19Share on FacebookShare on TwitterShare on WhatsAppSend via GMailSend via E-Mail,81,Houses_Faisalabad,for_sale,2026-07-24,https://www.zameen.com/Property/faisalabad_khayaban_gardens_11_25_marla_house_available_in_khayaban_garden-54401394-4981-1.html
7.5 Marla Brand New House Available For Sale In Divine Enclave Canal Road,PKR 4.25 Crore,42500000,5,6,7.5 Marla,1687.5,25185,House,False,21,21Share on FacebookShare on TwitterShare on WhatsAppSend via GMailSend via E-Mail,81,Houses_Faisalabad,for_sale,2026-07-24,https://www.zameen.com/Property/canal_road_divine_enclave_7_5_marla_brand_new_house_available_for_sale_in_divine_enclave_canal_road-53924887-21698-1.html
5.5 Marla Used Neat And Clean House Available For Sale On Very Reasonable Price,PKR 1.65 Crore,16500000,3,4,5.5 Marla,1237.5,13333,House,False,13,13Share on FacebookShare on TwitterShare on WhatsAppSend via GMailSend via E-Mail,81,Houses_Faisalabad,for_sale,2026-07-24,https://www.zameen.com/Property/model_city_1_model_city_1_-_block_f_5_5_marla_used_neat_and_clean_house_available_for_sale_on_very_reasonable_price-53914746-21119-1.html
7.5 Marla East Open House Available For Sale,PKR 4.5 Crore,45000000,5,7,7.5 Marla,1687.5,26666,House,False,34,341VerifiedShare on FacebookShare on TwitterShare on WhatsAppSend via GMailSend via E-Mail,90,Houses_Faisalabad,for_sale,2026-07-24,https://www.zameen.com/Property/canal_road_divine_enclave_7_5_marla_east_open_house_available_for_sale-53313382-21698-1.html
7 Marla beautiful house available for sale In Divine enclave,PKR 4.25 Crore,42500000,4,6,7 Marla,1575.0,26984,House,False,39,39Share on FacebookShare on TwitterShare on WhatsAppSend via GMailSend via E-Mail,81,Houses_Faisalabad,for_sale,2026-07-24,https://www.zameen.com/Property/canal_road_divine_enclave_7_marla_beautiful_house_available_for_sale_in_divine_enclave-54025667-21698-1.html
10 Marla Beautiful Designer House Available For Sale In Eden Exective J Block Canal Road Faiaslabad,PKR 5.9 Crore,59000000,5,6,10 Marla,2250.0,26222,House,False,26,26Share on FacebookShare on TwitterShare on WhatsAppSend via GMailSend via E-Mail,81,Houses_Faisalabad,for_sale,2026-07-24,https://www.zameen.com/Property/eden_gardens_eden_executive_10_marla_beautiful_designer_house_available_for_sale_in_eden_exective_j_block_canal_road_faiaslabad-54048923-10765-1.html
10 Marla House Available For Sale On 50 Feet Wide Road Techtown Satiana Road Faisalabad,PKR 3.15 Crore,31500000,4,5,10 Marla,2250.0,14000,House,False,11,11Share on FacebookShare on TwitterShare on WhatsAppSend via GMailSend via E-Mail,81,Houses_Faisalabad,for_sale,2026-07-24,https://www.zameen.com/Property/satiana_road_tech_town_tnt_colony_10_marla_house_available_for_sale_on_50_feet_wide_road_techtown_satiana_road_faisalabad-54266049-419-1.html
8.67 Marla East Open Beautiful Modern New Conditioned House Available For Sale In Divine Enclave Canal Road Faisalabad,PKR 4.9 Crore,49000000,5,6,8.7 Marla,1957.4999999999998,25031,House,False,32,32Share on FacebookShare on TwitterShare on WhatsAppSend via GMailSend via E-Mail,81,Houses_Faisalabad,for_sale,2026-07-24,https://www.zameen.com/Property/canal_road_divine_enclave_8_67_marla_east_open_beautiful_modern_new_conditioned_house_available_for_sale_in_divine_enclave_canal_road_faisalabad-54273909-21698-1.html
Brand New House For Sale At Al Noor Garden,PKR 1.3 Crore,13000000,3,4,3 Marla,675.0,19259,House,True,,super hotShare on FacebookShare on TwitterShare on WhatsAppSend via GMailSend via E-Mail,88,Houses_Faisalabad,for_sale,2026-07-24,https://www.zameen.com/Property/faisalabad_al_noor_garden_brand_new_house_for_sale_at_al_noor_garden-54388969-8916-1.html
House For Sale In Gulistan Colony Block 'H' Opposite Aziz Fatima Hospital Faislabad,PKR 2.15 Crore,21500000,4,3,8.2 Marla,1844.9999999999998,11653,House,True,25,super hot251Share on FacebookShare on TwitterShare on WhatsAppSend via GMailSend via E-Mail,91,Houses_Faisalabad,for_sale,2026-07-24,https://www.zameen.com/Property/faisalabad_gulistan_colony_no_1_house_for_sale_in_gulistan_colony_block_h_opposite_aziz_fatima_hospital_faislabad-51997375-1073-1.html
Stunning House Is Available For Sale In Model City 1,PKR 1.3 Crore,13000000,3,4,5 Marla,1125.0,11555,House,True,14,super hot14Share on FacebookShare on TwitterShare on WhatsAppSend via GMailSend via E-Mail,90,Houses_Faisalabad,for_sale,2026-07-24,https://www.zameen.com/Property/canal_road_model_city_1_stunning_house_is_available_for_sale_in_model_city_1-54491955-8590-1.html
LUXURY HOUSE FOR SALE,PKR 9 Crore,90000000,7,7,1 Kanal,4500.0,20000,House,True,19,super hot19Share on FacebookShare on TwitterShare on WhatsAppSend via GMailSend via E-Mail,90,Houses_Faisalabad,for_sale,2026-07-24,https://www.zameen.com/Property/canal_road_east_canal_road_luxury_house_for_sale-54496762-9506-1.html
12 Marla East Open Real Beauty Brand New House Available For Sale In Divine Enclave Canal Road Faisalabad,PKR 8 Crore,80000000,5,6,12 Marla,2700.0,29629,House,True,40,super hot40Share on FacebookShare on TwitterShare on WhatsAppSend via GMailSend via E-Mail,90,Houses_Faisalabad,for_sale,2026-07-24,https://www.zameen.com/Property/canal_road_divine_enclave_12_marla_east_open_real_beauty_brand_new_house_available_for_sale_in_divine_enclave_canal_road_faisalabad-54330784-21698-1.html
10 MARLA HOUSE AVAILABLE FOR SALE,PKR 3.25 Crore,32500000,5,6,10 Marla,2250.0,14444,House,True,21,super hot21Share on FacebookShare on TwitterShare on WhatsAppSend via GMailSend via E-Mail,90,Houses_Faisalabad,for_sale,2026-07-24,https://www.zameen.com/Property/wapda_city_wapda_city_-_block_a_10_marla_house_available_for_sale-54309400-5066-1.html
4 Marla Brand New Luxurious Home For Sale,PKR 1.95 Crore,19500000,3,4,4 Marla,900.0,21666,House,True,24,super hot24Share on FacebookShare on TwitterShare on WhatsAppSend via GMailSend via E-Mail,90,Houses_Faisalabad,for_sale,2026-07-24,https://www.zameen.com/Property/eden_gardens_eden_executive_4_marla_brand_new_luxurious_home_for_sale-54479529-10765-1.html
A House Of 5 Marla For Sale,PKR 2.25 Crore,22500000,,,5 Marla,1125.0,20000,House,True,25,super hot25Share on FacebookShare on TwitterShare on WhatsAppSend via GMailSend via E-Mail,90,Houses_Faisalabad,for_sale,2026-07-24,https://www.zameen.com/Property/canal_road_model_city_1_a_house_of_5_marla_for_sale-54442149-8590-1.html
5 Marla House For Sale Available In Eden Gardens,PKR 2.25 Crore,22500000,,,5 Marla,1125.0,20000,House,True,6,super hot6VerifiedShare on FacebookShare on TwitterShare on WhatsAppSend via GMailSend via E-Mail,97,Houses_Faisalabad,for_sale,2026-07-24,https://www.zameen.com/Property/eden_gardens_eden_executive_5_marla_house_for_sale_available_in_eden_gardens-54442146-10765-1.html
Newly Constructed 5 Marla House for Sale C Block Citi Housing Sargodha Road Faisalabad,PKR 1.78 Crore,17800000,3,4,5 Marla,1125.0,15822,House,True,48,super hot481Share on FacebookShare on TwitterShare on WhatsAppSend via GMailSend via E-Mail,91,Houses_Faisalabad,for_sale,2026-07-24,https://www.zameen.com/Property/citi_housing_citi_housing_sargodha_road_newly_constructed_5_marla_house_for_sale_c_block_citi_housing_sargodha_road_faisalabad-53491169-11229-1.html
15 Marla Beautiful House Available For Sale,PKR 5.25 Crore,52500000,5,5,15 Marla,3375.0,15555,House,True,8,hot8Share on FacebookShare on TwitterShare on WhatsAppSend via GMailSend via E-Mail,83,Houses_Faisalabad,for_sale,2026-07-24,https://www.zameen.com/Property/wapda_city_wapda_city_-_block_d_15_marla_beautiful_house_available_for_sale-54495701-5069-1.html
Wapda City - Block B House Sized 10 Marla Is Available,PKR 3.97 Crore,39700000,5,7,10 Marla,2250.0,17644,House,True,26,hot26VerifiedShare on FacebookShare on TwitterShare on WhatsAppSend via GMailSend via E-Mail,92,Houses_Faisalabad,for_sale,2026-07-24,https://www.zameen.com/Property/wapda_city_wapda_city_-_block_b_wapda_city_-_block_b_house_sized_10_marla_is_available-54459696-5067-1.html
6.3 Marla Luxury House For Sale In Hassan Block Khyaban Gardens Sarghodha Road Faisalabad,PKR 2.6 Crore,26000000,4,5,6.3 Marla,1417.5,18342,House,False,23,hot23VerifiedShare on FacebookShare on TwitterShare on WhatsAppSend via GMailSend via E-Mail,92,Houses_Faisalabad,for_sale,2026-07-24,https://www.zameen.com/Property/faisalabad_khayaban_gardens_6_3_marla_luxury_house_for_sale_in_hassan_block_khyaban_gardens_sarghodha_road_faisalabad-54427948-4981-1.html
Ideal House For Sale In Wapda City,PKR 2.5 Crore,25000000,5,5,5 Marla,1125.0,22222,House,False,2,hot2Share on FacebookShare on TwitterShare on WhatsAppSend via GMailSend via E-Mail,83,Houses_Faisalabad,for_sale,2026-07-24,https://www.zameen.com/Property/faisalabad_wapda_city_ideal_house_for_sale_in_wapda_city-53902263-501-1.html
5 Marla Beautiful East Open House,PKR 1.4 Crore,14000000,3,4,5 Marla,1125.0,12444,House,False,5,hot5Share on FacebookShare on TwitterShare on WhatsAppSend via GMailSend via E-Mail,83,Houses_Faisalabad,for_sale,2026-07-24,https://www.zameen.com/Property/jaranwala_road_pine_garden_5_marla_beautiful_east_open_house-54507263-13824-1.html
"04 Marla House For Sale In Rehman Garden, Styana Road, Near Fish Farm,Faisalabad.",PKR 1.85 Crore,18500000,,,4 Marla,900.0,20555,House,False,,hotShare on FacebookShare on TwitterShare on WhatsAppSend via GMailSend via E-Mail,82,Houses_Faisalabad,for_sale,2026-07-24,https://www.zameen.com/Property/faisalabad_rehman_gardens_04_marla_house_for_sale_in_rehman_garden_styana_road_near_fish_farm_faisalabad-54507340-5037-1.html
6.1 Marla 2 story house for sale in Muhammad Abad Satyana Road Faisalabad,PKR 2.45 Crore,24500000,5,5,6 Marla,1350.0,18148,House,False,1,hot1Share on FacebookShare on TwitterShare on WhatsAppSend via GMailSend via E-Mail,83,Houses_Faisalabad,for_sale,2026-07-24,https://www.zameen.com/Property/faisalabad_satiana_road_6_1_marla_2_story_house_for_sale_in_muhammad_abad_satyana_road_faisalabad-54072204-534-1.html
16 Marla Beautiful Lavish House For Sale Near Kohinoor Commercial Area Faisalabad,PKR 8.5 Crore,85000000,6,5,16 Marla,3600.0,23611,House,True,18,18Share on FacebookShare on TwitterShare on WhatsAppSend via GMailSend via E-Mail,81,Houses_Faisalabad,for_sale,2026-07-24,https://www.zameen.com/Property/faisalabad_kohinoor_city_16_marla_beautiful_lavish_house_for_sale_near_kohinoor_commercial_area_faisalabad-54070243-1360-1.html
Designer House For Sale,PKR 9.5 Crore,95000000,6,5,1 Kanal,4500.0,21111,House,False,8,8VerifiedShare on FacebookShare on TwitterShare on WhatsAppSend via GMailSend via E-Mail,88,Houses_Faisalabad,for_sale,2026-07-24,https://www.zameen.com/Property/citi_housing_sargodha_road_citi_housing_sargodha_road_-_block_b_designer_house_for_sale-54508499-14610-1.html
Corner Houses For Sale,PKR 1.85 Crore,18500000,3,4,7 Marla,1575.0,11746,House,False,5,5VerifiedShare on FacebookShare on TwitterShare on WhatsAppSend via GMailSend via E-Mail,88,Houses_Faisalabad,for_sale,2026-07-24,https://www.zameen.com/Property/citi_housing_citi_housing_sargodha_road_corner_houses_for_sale-54508498-11229-1.html
Corner 2 Kanal House For Sale,PKR 11 Crore,110000000,5,6,2 Kanal,9000.0,12222,House,False,5,5VerifiedShare on FacebookShare on TwitterShare on WhatsAppSend via GMailSend via E-Mail,88,Houses_Faisalabad,for_sale,2026-07-24,https://www.zameen.com/Property/citi_housing_citi_housing_sargodha_road_corner_2_kanal_house_for_sale-54508497-11229-1.html
4 Marla Cornor Fair-Priced 4 Marla House Available In Gulberg Valley,PKR 1.3 Crore,13000000,2,3,4 Marla,900.0,14444,House,False,9,9Share on FacebookShare on TwitterShare on WhatsAppSend via GMailSend via E-Mail,80,Houses_Faisalabad,for_sale,2026-07-24,https://www.zameen.com/Property/faisalabad_gulberg_valley_4_marla_cornor_fair-priced_4_marla_house_available_in_gulberg_valley-54507526-10823-1.html
3 Marla House For Sale,PKR 1.1 Crore,11000000,3,3,3 Marla,675.0,16296,House,True,9,9Share on FacebookShare on TwitterShare on WhatsAppSend via GMailSend via E-Mail,80,Houses_Faisalabad,for_sale,2026-07-24,https://www.zameen.com/Property/lower_canal_road_green_orchard_3_marla_house_for_sale-53988042-15298-1.html
3 Marla Brand New House For Sale,PKR 1.1 Crore,11000000,3,3,3 Marla,675.0,16296,House,True,15,15Share on FacebookShare on TwitterShare on WhatsAppSend via GMailSend via E-Mail,81,Houses_Faisalabad,for_sale,2026-07-24,https://www.zameen.com/Property/faisalabad_gulberg_valley_3_marla_brand_new_house_for_sale-53986895-10823-1.html
3.5 Marla House For Sale,PKR 1.15 Crore,11500000,4,4,3.5 Marla,787.5,14603,House,True,14,14Share on FacebookShare on TwitterShare on WhatsAppSend via GMailSend via E-Mail,81,Houses_Faisalabad,for_sale,2026-07-24,https://www.zameen.com/Property/lower_canal_road_green_orchard_3_5_marla_house_for_sale-53982348-15298-1.html
5.10 Marla Main Boulevard Building,PKR 6 Crore,60000000,,,5.1 Marla,1147.5,52287,House,True,7,super hot7Share on FacebookShare on TwitterShare on WhatsAppSend via GMailSend via E-Mail,89,Houses_Faisalabad,for_sale,2026-07-24,https://www.zameen.com/Property/faisalabad_samanabad_road_5_10_marla_main_boulevard_building-54453755-12756-1.html
A 10 Marla House Located In Wapda City Is Available For Sale,PKR 3.65 Crore,36500000,,,10 Marla,2250.0,16222,House,True,22,super hot22VerifiedShare on FacebookShare on TwitterShare on WhatsAppSend via GMailSend via E-Mail,98,Houses_Faisalabad,for_sale,2026-07-24,https://www.zameen.com/Property/faisalabad_wapda_city_a_10_marla_house_located_in_wapda_city_is_available_for_sale-54428141-501-1.html
Beautiful House 5 Marla Rachna Town 3 Faisalabad For Sale,PKR 1.5 Crore,15000000,5,3,5 Marla,1125.0,13333,House,True,42,super hot42Share on FacebookShare on TwitterShare on WhatsAppSend via GMailSend via E-Mail,90,Houses_Faisalabad,for_sale,2026-07-24,https://www.zameen.com/Property/faisalabad_rachna_town_beautiful_house_5_marla_rachna_town_3_faisalabad_for_sale-53148170-5029-1.html
House For Sale In Eden Executive,PKR 3.8 Crore,38000000,,,7 Marla,1575.0,24126,House,True,7,super hot7VerifiedShare on FacebookShare on TwitterShare on WhatsAppSend via GMailSend via E-Mail,97,Houses_Faisalabad,for_sale,2026-07-24,https://www.zameen.com/Property/eden_gardens_eden_executive_house_for_sale_in_eden_executive-54329125-10765-1.html
10-Marla Brand new house For sale,PKR 3.5 Crore,35000000,5,5,10 Marla,2250.0,15555,House,True,15,super hot15Share on FacebookShare on TwitterShare on WhatsAppSend via GMailSend via E-Mail,90,Houses_Faisalabad,for_sale,2026-07-24,https://www.zameen.com/Property/faisalabad_wapda_city_10-marla_brand_new_house_for_sale-53799953-501-1.html
Get In Touch Now To Buy A 5 Marla House In Citi Housing Sargodha Road - Block C,PKR 1.7 Crore,17000000,,,5 Marla,1125.0,15111,House,True,16,super hot16VerifiedShare on FacebookShare on TwitterShare on WhatsAppSend via GMailSend via E-Mail,98,Houses_Faisalabad,for_sale,2026-07-24,https://www.zameen.com/Property/citi_housing_sargodha_road_citi_housing_sargodha_road_-_block_c_get_in_touch_now_to_buy_a_5_marla_house_in_citi_housing_sargodha_road_-_block_c-54397974-14611-1.html
HOT DEAL-Furnished Kanal House For Sale,PKR 15 Crore,150000000,5,7,1 Kanal,4500.0,33333,House,True,31,super hot31Share on FacebookShare on TwitterShare on WhatsAppSend via GMailSend via E-Mail,90,Houses_Faisalabad,for_sale,2026-07-24,https://www.zameen.com/Property/faisalabad_wapda_city_hot_deal-furnished_kanal_house_for_sale-54414130-501-1.html
Prime Location House For sale In Model City 2 Faisalabad,PKR 1.99 Crore,19900000,3,4,5 Marla,1125.0,17688,House,True,28,super hot281VerifiedShare on FacebookShare on TwitterShare on WhatsAppSend via GMailSend via E-Mail,99,Houses_Faisalabad,for_sale,2026-07-24,https://www.zameen.com/Property/satiana_road_model_city_2_prime_location_house_for_sale_in_model_city_2_faisalabad-54408661-11572-1.html
5 Marla Double Story House Available For Sale,PKR 1.55 Crore,15500000,4,4,5 Marla,1125.0,13777,House,True,12,super hot12Share on FacebookShare on TwitterShare on WhatsAppSend via GMailSend via E-Mail,90,Houses_Faisalabad,for_sale,2026-07-24,https://www.zameen.com/Property/fda_city_fda_city_-_block_f1_5_marla_double_story_house_available_for_sale-54390635-14171-1.html
10 Marla Investor Rate House For Sale,PKR 2.5 Crore,25000000,4,5,10 Marla,2250.0,11111,House,True,5,super hot5Share on FacebookShare on TwitterShare on WhatsAppSend via GMailSend via E-Mail,89,Houses_Faisalabad,for_sale,2026-07-24,https://www.zameen.com/Property/citi_housing_sargodha_road_citi_housing_sargodha_road_-_block_d_10_marla_investor_rate_house_for_sale-54435412-18976-1.html
Wapda City - Block B House Sized 10 Marla For sale,PKR 4.25 Crore,42500000,,,10 Marla,2250.0,18888,House,True,5,hot5VerifiedShare on FacebookShare on TwitterShare on WhatsAppSend via GMailSend via E-Mail,91,Houses_Faisalabad,for_sale,2026-07-24,https://www.zameen.com/Property/wapda_city_wapda_city_-_block_b_wapda_city_-_block_b_house_sized_10_marla_for_sale-54304542-5067-1.html
Wapda City - Block B 10 Marla House Up For Sale,PKR 3.75 Crore,37500000,,,10 Marla,2250.0,16666,House,True,7,hot7VerifiedShare on FacebookShare on TwitterShare on WhatsAppSend via GMailSend via E-Mail,91,Houses_Faisalabad,for_sale,2026-07-24,https://www.zameen.com/Property/wapda_city_wapda_city_-_block_b_wapda_city_-_block_b_10_marla_house_up_for_sale-54304544-5067-1.html
5 Marla Brand New House Available For Sale,PKR 2.65 Crore,26500000,3,4,5 Marla,1125.0,23555,House,False,15,hot15Share on FacebookShare on TwitterShare on WhatsAppSend via GMailSend via E-Mail,84,Houses_Faisalabad,for_sale,2026-07-24,https://www.zameen.com/Property/faisalabad_eden_orchard_5_marla_brand_new_house_available_for_sale-54426382-11162-1.html
11 Marla Luxurious House Available For Sale in Eden Orchard lasani Pulli sargodha road,PKR 4.75 Crore,47500000,3,4,11 Marla,2475.0,19191,House,False,8,hot8VerifiedShare on FacebookShare on TwitterShare on WhatsAppSend via GMailSend via E-Mail,91,Houses_Faisalabad,for_sale,2026-07-24,https://www.zameen.com/Property/faisalabad_eden_orchard_11_marla_luxurious_house_available_for_sale_in_eden_orchard_lasani_pulli_sargodha_road-53436683-11162-1.html
New House For Sale,PKR 95 Lakh,9500000,3,3,2 Marla,450.0,21111,House,False,29,hot29Share on FacebookShare on TwitterShare on WhatsAppSend via GMailSend via E-Mail,84,Houses_Faisalabad,for_sale,2026-07-24,https://www.zameen.com/Property/faisalabad_lasani_garden_new_house_for_sale-53030810-4984-1.html
9 MARLA LUXURY HOUSE FOR SALE IN DIVINE ENCLAVE EAST CANAL ROAD FAISALABAD,PKR 5.75 Crore,57500000,5,6,9 Marla,2025.0,28395,House,False,8,hot8Share on FacebookShare on TwitterShare on WhatsAppSend via GMailSend via E-Mail,83,Houses_Faisalabad,for_sale,2026-07-24,https://www.zameen.com/Property/canal_road_east_canal_road_9_marla_luxury_house_for_sale_in_divine_enclave_east_canal_road_faisalabad-53961624-9506-1.html
10 MARLA BRAND ULTRA MODERN HOUSE FOR SALE,PKR 4 Crore,40000000,4,5,10 Marla,2250.0,17777,House,False,38,hot38Share on FacebookShare on TwitterShare on WhatsAppSend via GMailSend via E-Mail,84,Houses_Faisalabad,for_sale,2026-07-24,https://www.zameen.com/Property/faisalabad_wapda_city_10_marla_brand_ultra_modern_house_for_sale-54125220-501-1.html
Luxury 7 Marla Brand New House For Sale,PKR 4.25 Crore,42500000,5,5,7 Marla,1575.0,26984,House,True,30,30Share on FacebookShare on TwitterShare on WhatsAppSend via GMailSend via E-Mail,81,Houses_Faisalabad,for_sale,2026-07-24,https://www.zameen.com/Property/faisalabad_eden_valley_luxury_7_marla_brand_new_house_for_sale-53960088-8917-1.html
10 Marla Brand New House For Sale,PKR 4.1 Crore,41000000,4,5,10 Marla,2250.0,18222,House,True,17,17Share on FacebookShare on TwitterShare on WhatsAppSend via GMailSend via E-Mail,81,Houses_Faisalabad,for_sale,2026-07-24,https://www.zameen.com/Property/faisalabad_wapda_city_10_marla_brand_new_house_for_sale-53960285-501-1.html
10 Marla Brand New House For Sale Wapda City,PKR 4.15 Crore,41500000,5,6,10 Marla,2250.0,18444,House,False,29,29VerifiedShare on FacebookShare on TwitterShare on WhatsAppSend via GMailSend via E-Mail,89,Houses_Faisalabad,for_sale,2026-07-24,https://www.zameen.com/Property/wapda_city_wapda_city_-_block_m_10_marla_brand_new_house_for_sale_wapda_city-54101484-5077-1.html
Prime Location FDA City - Block A2 House Sized 10 Marla,PKR 1.9 Crore,19000000,9,,10 Marla,2250.0,8444,House,False,6,6VerifiedShare on FacebookShare on TwitterShare on WhatsAppSend via GMailSend via E-Mail,88,Houses_Faisalabad,for_sale,2026-07-24,https://www.zameen.com/Property/fda_city_fda_city_-_block_a2_prime_location_fda_city_-_block_a2_house_sized_10_marla-54427547-14147-1.html
Prime Location FDA City - Block A2 House Sized 10 Marla,PKR 1.9 Crore,19000000,9,,10 Marla,2250.0,8444,House,False,6,6VerifiedShare on FacebookShare on TwitterShare on WhatsAppSend via GMailSend via E-Mail,88,Houses_Faisalabad,for_sale,2026-07-24,https://www.zameen.com/Property/fda_city_fda_city_-_block_a2_prime_location_fda_city_-_block_a2_house_sized_10_marla-54427550-14147-1.html
5 Marla House In Central FDA City - Block F1 For Sale,PKR 70 Lakh,7000000,,,5 Marla,1125.0,6222,House,False,5,5VerifiedShare on FacebookShare on TwitterShare on WhatsAppSend via GMailSend via E-Mail,88,Houses_Faisalabad,for_sale,2026-07-24,https://www.zameen.com/Property/fda_city_fda_city_-_block_f1_5_marla_house_in_central_fda_city_-_block_f1_for_sale-54427582-14171-1.html
Prime Location FDA City - Block A2 House Sized 10 Marla,PKR 1.9 Crore,19000000,9,,10 Marla,2250.0,8444,House,False,6,6VerifiedShare on FacebookShare on TwitterShare on WhatsAppSend via GMailSend via E-Mail,88,Houses_Faisalabad,for_sale,2026-07-24,https://www.zameen.com/Property/fda_city_fda_city_-_block_a2_prime_location_fda_city_-_block_a2_house_sized_10_marla-54485183-14147-1.html
House Of 20 Marla Available In FDA City - Block A3,PKR 4.5 Crore,45000000,,,1 Kanal,4500.0,10000,House,False,7,7VerifiedShare on FacebookShare on TwitterShare on WhatsAppSend via GMailSend via E-Mail,88,Houses_Faisalabad,for_sale,2026-07-24,https://www.zameen.com/Property/fda_city_fda_city_-_block_a3_house_of_20_marla_available_in_fda_city_-_block_a3-54485182-14148-1.html
Luxury 4 Marla Brand New House For Sale,PKR 1.58 Crore,15800000,3,3,4 Marla,900.0,17555,House,True,16,hot16Share on FacebookShare on TwitterShare on WhatsAppSend via GMailSend via E-Mail,84,Houses_Faisalabad,for_sale,2026-07-24,https://www.zameen.com/Property/lower_canal_road_green_orchard_luxury_4_marla_brand_new_house_for_sale-54333361-15298-1.html
Corner 3 Kanal Gray House For Sale Wapda City,PKR 25 Crore,250000000,10,6,3 Kanal,13500.0,18518,House,True,11,hot11Share on FacebookShare on TwitterShare on WhatsAppSend via GMailSend via E-Mail,84,Houses_Faisalabad,for_sale,2026-07-24,https://www.zameen.com/Property/faisalabad_wapda_city_corner_3_kanal_gray_house_for_sale_wapda_city-54064273-501-1.html
"10 Marla Beautiful Used House Available For Sale In Abdullah Gardens , Price Is Almost Final Please Don'T Bargain",PKR 4.95 Crore,49500000,4,6,10 Marla,2250.0,22000,House,True,9,hot9Share on FacebookShare on TwitterShare on WhatsAppSend via GMailSend via E-Mail,83,Houses_Faisalabad,for_sale,2026-07-24,https://www.zameen.com/Property/east_canal_road_abdullah_gardens_10_marla_beautiful_used_house_available_for_sale_in_abdullah_gardens_price_is_almost_final_please_don_t_bargain-54393663-4890-1.html
Luxurious 4 Kanal Modern State Of The Art Bungalow For Sale In Abdullah Garden Faisalabad,PKR 45 Crore,450000000,6,7,4 Kanal,18000.0,25000,House,True,10,hot101Share on FacebookShare on TwitterShare on WhatsAppSend via GMailSend via E-Mail,85,Houses_Faisalabad,for_sale,2026-07-24,https://www.zameen.com/Property/east_canal_road_abdullah_gardens_luxurious_4_kanal_modern_state_of_the_art_bungalow_for_sale_in_abdullah_garden_faisalabad-52047039-4890-1.html
1 Kanal Luxury House For Sale In Judicial Housing Society Faisalabad,PKR 5.5 Crore,55000000,4,5,1 Kanal,4500.0,12222,House,True,9,hot9Share on FacebookShare on TwitterShare on WhatsAppSend via GMailSend via E-Mail,83,Houses_Faisalabad,for_sale,2026-07-24,https://www.zameen.com/Property/faisalabad_judicial_employees_coop_housing_society_1_kanal_luxury_house_for_sale_in_judicial_housing_society_faisalabad-53886789-4969-1.html
Luxury 10 Marla Magnificent House For Sale In Wapda City Canal Expressway Faisalabad,PKR 3.5 Crore,35000000,4,4,10 Marla,2250.0,15555,House,True,19,hot19Share on FacebookShare on TwitterShare on WhatsAppSend via GMailSend via E-Mail,84,Houses_Faisalabad,for_sale,2026-07-24,https://www.zameen.com/Property/faisalabad_wapda_city_luxury_10_marla_magnificent_house_for_sale_in_wapda_city_canal_expressway_faisalabad-53885901-501-1.html
Brand New Corner Furnished 13.5 Marla House For Sale in Wadie Sitara Faisalabad,PKR 8 Crore,80000000,4,5,13 Marla,2925.0,27350,House,True,32,hot321Share on FacebookShare on TwitterShare on WhatsAppSend via GMailSend via E-Mail,85,Houses_Faisalabad,for_sale,2026-07-24,https://www.zameen.com/Property/faisalabad_canal_road_brand_new_corner_furnished_13_5_marla_house_for_sale_in_wadie_sitara_faisalabad-53874404-1140-1.html
4 Bed House 5 Marla Luxury House,PKR 2.7 Crore,27000000,2,5,5 Marla,1125.0,24000,House,True,40,hot40Share on FacebookShare on TwitterShare on WhatsAppSend via GMailSend via E-Mail,84,Houses_Faisalabad,for_sale,2026-07-24,https://www.zameen.com/Property/faisalabad_eden_valley_4_bed_house_5_marla_luxury_house-53689373-8917-1.html
7 Marla Brand New House Eden Valley,PKR 4 Crore,40000000,4,5,7 Marla,1575.0,25396,House,True,18,hot18Share on FacebookShare on TwitterShare on WhatsAppSend via GMailSend via E-Mail,84,Houses_Faisalabad,for_sale,2026-07-24,https://www.zameen.com/Property/faisalabad_eden_valley_7_marla_brand_new_house_eden_valley-53934858-8917-1.html
7 Marla Brand New House,PKR 4.1 Crore,41000000,5,6,7 Marla,1575.0,26031,House,True,40,hot40Share on FacebookShare on TwitterShare on WhatsAppSend via GMailSend via E-Mail,84,Houses_Faisalabad,for_sale,2026-07-24,https://www.zameen.com/Property/faisalabad_eden_valley_7_marla_brand_new_house-53938787-8917-1.html
5 Marla Eden Valley Brand New House,PKR 2.65 Crore,26500000,3,4,5 Marla,1125.0,23555,House,True,19,hot19Share on FacebookShare on TwitterShare on WhatsAppSend via GMailSend via E-Mail,84,Houses_Faisalabad,for_sale,2026-07-24,https://www.zameen.com/Property/faisalabad_eden_valley_5_marla_eden_valley_brand_new_house-53938992-8917-1.html
7 Marla Brand New House Divine Enclave,PKR 4 Crore,40000000,4,5,7 Marla,1575.0,25396,House,True,11,hot11Share on FacebookShare on TwitterShare on WhatsAppSend via GMailSend via E-Mail,84,Houses_Faisalabad,for_sale,2026-07-24,https://www.zameen.com/Property/faisalabad_canal_road_7_marla_brand_new_house_divine_enclave-53993481-1140-1.html
1.5-Kanal House With Beautiful Garden Near Lassani Pulli,PKR 7.5 Crore,75000000,4,5,1.5 Kanal,6750.0,11111,House,False,17,hot17Share on FacebookShare on TwitterShare on WhatsAppSend via GMailSend via E-Mail,84,Houses_Faisalabad,for_sale,2026-07-24,https://www.zameen.com/Property/faisalabad_muslim_town_1_5-kanal_house_with_beautiful_garden_near_lassani_pulli-54509451-1156-1.html
Park Facing House,PKR 3 Crore,30000000,4,5,10 Marla,2250.0,13333,House,False,5,hot5VerifiedShare on FacebookShare on TwitterShare on WhatsAppSend via GMailSend via E-Mail,91,Houses_Faisalabad,for_sale,2026-07-24,https://www.zameen.com/Property/faisalabad_wapda_city_park_facing_house-54428114-501-1.html
3 Marla House In TECH Town (TNT Colony) For sale At Good Location,PKR 85 Lakh,8500000,3,3,3 Marla,675.0,12592,House,False,17,hot17Share on FacebookShare on TwitterShare on WhatsAppSend via GMailSend via E-Mail,84,Houses_Faisalabad,for_sale,2026-07-24,https://www.zameen.com/Property/satiana_road_tech_town_tnt_colony_3_marla_house_in_tech_town_tnt_colony_for_sale_at_good_location-54238801-419-1.html
Double Storey House Is Available For Sale,PKR 1.8 Crore,18000000,3,3,5 Marla,1125.0,16000,House,False,,hotVerifiedShare on FacebookShare on TwitterShare on WhatsAppSend via GMailSend via E-Mail,90,Houses_Faisalabad,for_sale,2026-07-24,https://www.zameen.com/Property/faisalabad_al_najaf_colony_double_storey_house_is_available_for_sale-54323392-4902-1.html
Single Storey House For Sale,PKR 95 Lakh,9500000,2,2,3 Marla,675.0,14074,House,False,,hotVerifiedShare on FacebookShare on TwitterShare on WhatsAppSend via GMailSend via E-Mail,90,Houses_Faisalabad,for_sale,2026-07-24,https://www.zameen.com/Property/faisalabad_al_najaf_colony_single_storey_house_for_sale-54352843-4902-1.html
House Of 20 Marla Available In FDA City - Block A3,PKR 4.5 Crore,45000000,,,1 Kanal,4500.0,10000,House,False,7,7VerifiedShare on FacebookShare on TwitterShare on WhatsAppSend via GMailSend via E-Mail,88,Houses_Faisalabad,for_sale,2026-07-24,https://www.zameen.com/Property/fda_city_fda_city_-_block_a3_house_of_20_marla_available_in_fda_city_-_block_a3-54427597-14148-1.html
Stunning House Is Available For sale In FDA City - Block A4,PKR 3 Crore,30000000,,,10 Marla,2250.0,13333,House,False,6,6VerifiedShare on FacebookShare on TwitterShare on WhatsAppSend via GMailSend via E-Mail,88,Houses_Faisalabad,for_sale,2026-07-24,https://www.zameen.com/Property/fda_city_fda_city_-_block_a4_stunning_house_is_available_for_sale_in_fda_city_-_block_a4-54485185-14149-1.html
House Of 20 Marla Available In FDA City - Block A3,PKR 4.5 Crore,45000000,,,1 Kanal,4500.0,10000,House,False,7,7VerifiedShare on FacebookShare on TwitterShare on WhatsAppSend via GMailSend via E-Mail,88,Houses_Faisalabad,for_sale,2026-07-24,https://www.zameen.com/Property/fda_city_fda_city_-_block_a3_house_of_20_marla_available_in_fda_city_-_block_a3-54485184-14148-1.html
10 Marla Luxury House For Sale In Block E WAPDA City Faisalabad,PKR 4.35 Crore,43500000,5,5,10 Marla,2250.0,19333,House,True,5,5VerifiedShare on FacebookShare on TwitterShare on WhatsAppSend via GMailSend via E-Mail,88,Houses_Faisalabad,for_sale,2026-07-24,https://www.zameen.com/Property/wapda_city_wapda_city_-_block_e_10_marla_luxury_house_for_sale_in_block_e_wapda_city_faisalabad-54498658-5070-1.html
To Sale You Can Find Spacious House In Wapda City,PKR 3.5 Crore,35000000,,,10 Marla,2250.0,15555,House,False,5,5VerifiedShare on FacebookShare on TwitterShare on WhatsAppSend via GMailSend via E-Mail,88,Houses_Faisalabad,for_sale,2026-07-24,https://www.zameen.com/Property/faisalabad_wapda_city_to_sale_you_can_find_spacious_house_in_wapda_city-54485308-501-1.html
Perfect 10 Marla House In Wapda City For Sale,PKR 3 Crore,30000000,,,10 Marla,2250.0,13333,House,False,5,5VerifiedShare on FacebookShare on TwitterShare on WhatsAppSend via GMailSend via E-Mail,88,Houses_Faisalabad,for_sale,2026-07-24,https://www.zameen.com/Property/faisalabad_wapda_city_perfect_10_marla_house_in_wapda_city_for_sale-54485309-501-1.html
10 Marla Luxury Brand New House For Sale,PKR 3.6 Crore,36000000,5,6,10 Marla,2250.0,16000,House,False,20,20VerifiedShare on FacebookShare on TwitterShare on WhatsAppSend via GMailSend via E-Mail,89,Houses_Faisalabad,for_sale,2026-07-24,https://www.zameen.com/Property/faisalabad_wapda_city_10_marla_luxury_brand_new_house_for_sale-54485311-501-1.html
To Sale You Can Find Spacious House In Wapda City,PKR 3.5 Crore,35000000,,,10 Marla,2250.0,15555,House,False,5,5VerifiedShare on FacebookShare on TwitterShare on WhatsAppSend via GMailSend via E-Mail,88,Houses_Faisalabad,for_sale,2026-07-24,https://www.zameen.com/Property/faisalabad_wapda_city_to_sale_you_can_find_spacious_house_in_wapda_city-54485312-501-1.html
7. MARLA HOUSE Double Storey Registry,PKR 3.5 Crore,35000000,4,5,7 Marla,1575.0,22222,House,True,30,hot30Share on FacebookShare on TwitterShare on WhatsAppSend via GMailSend via E-Mail,84,Houses_Faisalabad,for_sale,2026-07-24,https://www.zameen.com/Property/canal_road_model_city_1_7_marla_house_double_storey_registry-54150958-8590-1.html
7 Marla Brand new House Model city 1 For Sale,PKR 3.5 Crore,35000000,4,5,7 Marla,1575.0,22222,House,True,17,hot17Share on FacebookShare on TwitterShare on WhatsAppSend via GMailSend via E-Mail,84,Houses_Faisalabad,for_sale,2026-07-24,https://www.zameen.com/Property/canal_road_model_city_1_7_marla_brand_new_house_model_city_1_for_sale-54306077-8590-1.html
6 Marla 5 Bed House For Sale In Eden Valley,PKR 3.6 Crore,36000000,3,6,6 Marla,1350.0,26666,House,True,39,hot39Share on FacebookShare on TwitterShare on WhatsAppSend via GMailSend via E-Mail,84,Houses_Faisalabad,for_sale,2026-07-24,https://www.zameen.com/Property/faisalabad_eden_valley_6_marla_5_bed_house_for_sale_in_eden_valley-54318366-8917-1.html
Eden Valley 6 Marla House,PKR 3.6 Crore,36000000,5,6,6 Marla,1350.0,26666,House,True,6,hot6Share on FacebookShare on TwitterShare on WhatsAppSend via GMailSend via E-Mail,83,Houses_Faisalabad,for_sale,2026-07-24,https://www.zameen.com/Property/faisalabad_eden_valley_eden_valley_6_marla_house-54369558-8917-1.html
Eden Valley 7 Marla Brand New House For Sale,PKR 3.8 Crore,38000000,4,6,7 Marla,1575.0,24126,House,True,39,hot39Share on FacebookShare on TwitterShare on WhatsAppSend via GMailSend via E-Mail,84,Houses_Faisalabad,for_sale,2026-07-24,https://www.zameen.com/Property/faisalabad_eden_valley_eden_valley_7_marla_brand_new_house_for_sale-53198898-8917-1.html
Model City 10 Marla House,PKR 5.5 Crore,55000000,5,6,10 Marla,2250.0,24444,House,True,1,hot1Share on FacebookShare on TwitterShare on WhatsAppSend via GMailSend via E-Mail,83,Houses_Faisalabad,for_sale,2026-07-24,https://www.zameen.com/Property/faisalabad_eden_valley_model_city_10_marla_house-53012405-8917-1.html
5.25 Marla House 4 Bed New Garden Block,PKR 2.7 Crore,27000000,2,5,5.2 Marla,1170.0,23076,House,True,1,hot1Share on FacebookShare on TwitterShare on WhatsAppSend via GMailSend via E-Mail,83,Houses_Faisalabad,for_sale,2026-07-24,https://www.zameen.com/Property/saeed_colony_saeed_colony_-_new_garden_block_5_25_marla_house_4_bed_new_garden_block-54145599-11202-1.html
20 Marla House 5 Bedrooms,PKR 6.5 Crore,65000000,6,6,1 Kanal,4500.0,14444,House,True,,hotShare on FacebookShare on TwitterShare on WhatsAppSend via GMailSend via E-Mail,82,Houses_Faisalabad,for_sale,2026-07-24,https://www.zameen.com/Property/faisalabad_canal_road_20_marla_house_5_bedrooms-54161223-1140-1.html
20 Marla Fully Furnished Modern House For Sale In Abdullah Garden Main Canal Road,PKR 14 Crore,140000000,5,6,1 Kanal,4500.0,31111,House,True,18,hot18VerifiedShare on FacebookShare on TwitterShare on WhatsAppSend via GMailSend via E-Mail,92,Houses_Faisalabad,for_sale,2026-07-24,https://www.zameen.com/Property/faisalabad_abdullah_garden_20_marla_fully_furnished_modern_house_for_sale_in_abdullah_garden_main_canal_road-53482264-15268-1.html
10 Marla Modern Brand New House For Sale In Canal Garden Main Canal Road Faisalabad,PKR 5.15 Crore,51500000,4,5,10 Marla,2250.0,22888,House,True,14,hot14VerifiedShare on FacebookShare on TwitterShare on WhatsAppSend via GMailSend via E-Mail,92,Houses_Faisalabad,for_sale,2026-07-24,https://www.zameen.com/Property/faisalabad_canal_road_10_marla_modern_brand_new_house_for_sale_in_canal_garden_main_canal_road_faisalabad-53482339-1140-1.html
7 Marla Facing Park Eden Executive,PKR 3.6 Crore,36000000,4,5,7 Marla,1575.0,22857,House,True,37,hot37Share on FacebookShare on TwitterShare on WhatsAppSend via GMailSend via E-Mail,84,Houses_Faisalabad,for_sale,2026-07-24,https://www.zameen.com/Property/eden_gardens_eden_executive_7_marla_facing_park_eden_executive-53766148-10765-1.html
14 Marla House For Sale In Saed Colony 2,PKR 5 Crore,50000000,6,6,14 Marla,3150.0,15873,House,True,3,hot3Share on FacebookShare on TwitterShare on WhatsAppSend via GMailSend via E-Mail,83,Houses_Faisalabad,for_sale,2026-07-24,https://www.zameen.com/Property/faisalabad_saeed_colony_14_marla_house_for_sale_in_saed_colony_2-54415432-582-1.html
1 kanal House Available For Sale officer colony no 2,PKR 5 Crore,50000000,5,6,1 Kanal,4500.0,11111,House,False,,hotShare on FacebookShare on TwitterShare on WhatsAppSend via GMailSend via E-Mail,82,Houses_Faisalabad,for_sale,2026-07-24,https://www.zameen.com/Property/faisalabad_officers_colony_2_1_kanal_house_available_for_sale_officer_colony_no_2-54502353-15304-1.html
Full Furnished House in Eden Valley Available For Sale 208 chak Road FSD,PKR 6.1 Crore,61000000,5,6,8 Marla,1800.0,33888,House,False,22,hot22Share on FacebookShare on TwitterShare on WhatsAppSend via GMailSend via E-Mail,84,Houses_Faisalabad,for_sale,2026-07-24,https://www.zameen.com/Property/faisalabad_eden_valley_full_furnished_house_in_eden_valley_available_for_sale_208_chak_road_fsd-54365019-8917-1.html
Brand New House C Block For Sale,PKR 3.2 Crore,32000000,5,6,10 Marla,2250.0,14222,House,False,9,hot9Share on FacebookShare on TwitterShare on WhatsAppSend via GMailSend via E-Mail,83,Houses_Faisalabad,for_sale,2026-07-24,https://www.zameen.com/Property/citi_housing_sargodha_road_citi_housing_sargodha_road_-_block_c_brand_new_house_c_block_for_sale-54232380-14611-1.html
Centrally Located House In Citi Housing Sargodha Road - Block C Is Available For sale,PKR 1.95 Crore,19500000,,,5 Marla,1125.0,17333,House,False,17,hot17VerifiedShare on FacebookShare on TwitterShare on WhatsAppSend via GMailSend via E-Mail,92,Houses_Faisalabad,for_sale,2026-07-24,https://www.zameen.com/Property/citi_housing_sargodha_road_citi_housing_sargodha_road_-_block_c_centrally_located_house_in_citi_housing_sargodha_road_-_block_c_is_available_for_sale-54500333-14611-1.html
Marla beautiful house in Eden executive,PKR 1.25 Crore,12500000,3,3,2.5 Marla,562.5,22222,House,False,14,hot14Share on FacebookShare on TwitterShare on WhatsAppSend via GMailSend via E-Mail,84,Houses_Faisalabad,for_sale,2026-07-24,https://www.zameen.com/Property/eden_gardens_eden_executive_marla_beautiful_house_in_eden_executive-54495639-10765-1.html
B Block. 1 Kanal House Is For Sale,PKR 8.5 Crore,85000000,6,6,1 Kanal,4500.0,18888,House,False,21,21VerifiedShare on FacebookShare on TwitterShare on WhatsAppSend via GMailSend via E-Mail,89,Houses_Faisalabad,for_sale,2026-07-24,https://www.zameen.com/Property/citi_housing_sargodha_road_citi_housing_sargodha_road_-_block_b_b_block_1_kanal_house_is_for_sale-54494489-14610-1.html
House Available For Sale,PKR 8 Crore,80000000,5,6,12 Marla,2700.0,29629,House,False,10,10Share on FacebookShare on TwitterShare on WhatsAppSend via GMailSend via E-Mail,81,Houses_Faisalabad,for_sale,2026-07-24,https://www.zameen.com/Property/faisalabad_canal_road_house_available_for_sale-54436035-1140-1.html
A Near to Park 15 Marla House Has Landed On Market In Wapda City - Block D Of Faisalabad,PKR 5 Crore,50000000,,,15 Marla,3375.0,14814,House,False,41,41VerifiedShare on FacebookShare on TwitterShare on WhatsAppSend via GMailSend via E-Mail,89,Houses_Faisalabad,for_sale,2026-07-24,https://www.zameen.com/Property/wapda_city_wapda_city_-_block_d_a_near_to_park_15_marla_house_has_landed_on_market_in_wapda_city_-_block_d_of_faisalabad-54471201-5069-1.html
"10 Marla House For Sale Near 50 Feet Wide Road WAPDA City, Block A Faisalabad",PKR 3.15 Crore,31500000,5,5,10 Marla,2250.0,14000,House,False,5,5VerifiedShare on FacebookShare on TwitterShare on WhatsAppSend via GMailSend via E-Mail,88,Houses_Faisalabad,for_sale,2026-07-24,https://www.zameen.com/Property/faisalabad_wapda_city_10_marla_house_for_sale_near_50_feet_wide_road_wapda_city_block_a_faisalabad-54471202-501-1.html
2 Kanal Luxurious House For Sale In Wapda City,PKR 12 Crore,120000000,7,6,2 Kanal,9000.0,13333,House,True,22,22VerifiedShare on FacebookShare on TwitterShare on WhatsAppSend via GMailSend via E-Mail,89,Houses_Faisalabad,for_sale,2026-07-24,https://www.zameen.com/Property/wapda_city_wapda_city_-_block_b_2_kanal_luxurious_house_for_sale_in_wapda_city-54503294-5067-1.html
A Spacious 5 Marla House In Model City 1,PKR 2.2 Crore,22000000,,,5 Marla,1125.0,19555,House,False,19,19VerifiedShare on FacebookShare on TwitterShare on WhatsAppSend via GMailSend via E-Mail,89,Houses_Faisalabad,for_sale,2026-07-24,https://www.zameen.com/Property/canal_road_model_city_1_a_spacious_5_marla_house_in_model_city_1-54442144-8590-1.html
Model City 1 House Sized 5 Marla Is Available,PKR 1.8 Crore,18000000,,,5 Marla,1125.0,16000,House,False,5,5VerifiedShare on FacebookShare on TwitterShare on WhatsAppSend via GMailSend via E-Mail,88,Houses_Faisalabad,for_sale,2026-07-24,https://www.zameen.com/Property/canal_road_model_city_1_model_city_1_house_sized_5_marla_is_available-54442145-8590-1.html
A 5 Marla House Is Up For Grabs In Eden Gardens,PKR 1.7 Crore,17000000,,,5 Marla,1125.0,15111,House,False,6,6VerifiedShare on FacebookShare on TwitterShare on WhatsAppSend via GMailSend via E-Mail,88,Houses_Faisalabad,for_sale,2026-07-24,https://www.zameen.com/Property/eden_gardens_eden_executive_a_5_marla_house_is_up_for_grabs_in_eden_gardens-54442147-10765-1.html
5 Marla House 208 Chak Societies,PKR 2.1 Crore,21000000,3,4,5 Marla,1125.0,18666,House,True,1,hot1Share on FacebookShare on TwitterShare on WhatsAppSend via GMailSend via E-Mail,83,Houses_Faisalabad,for_sale,2026-07-24,https://www.zameen.com/Property/faisalabad_canal_road_5_marla_house_208_chak_societies-53938897-1140-1.html
7 Marla Brand New Stylish & Solid House,PKR 4.1 Crore,41000000,5,6,7 Marla,1575.0,26031,House,True,40,hot40Share on FacebookShare on TwitterShare on WhatsAppSend via GMailSend via E-Mail,84,Houses_Faisalabad,for_sale,2026-07-24,https://www.zameen.com/Property/faisalabad_canal_road_7_marla_brand_new_stylish_solid_house-53938934-1140-1.html
Canal Road Brand New House Sized 6 Marla Is Available For Sale,PKR 3.6 Crore,36000000,5,6,6 Marla,1350.0,26666,House,True,39,hot39Share on FacebookShare on TwitterShare on WhatsAppSend via GMailSend via E-Mail,84,Houses_Faisalabad,for_sale,2026-07-24,https://www.zameen.com/Property/faisalabad_canal_road_canal_road_brand_new_house_sized_6_marla_is_available_for_sale-54233339-1140-1.html
Get A 15 Marla House For Sale In Wapda City - Block D,PKR 4.5 Crore,45000000,,,15 Marla,3375.0,13333,House,True,30,hot30VerifiedShare on FacebookShare on TwitterShare on WhatsAppSend via GMailSend via E-Mail,92,Houses_Faisalabad,for_sale,2026-07-24,https://www.zameen.com/Property/wapda_city_wapda_city_-_block_d_get_a_15_marla_house_for_sale_in_wapda_city_-_block_d-54413120-5069-1.html
19 Marla Used Beautiful House Available For Sale In Z Block Madina Town,PKR 6.25 Crore,62500000,8,6,19 Marla,4275.0,14619,House,True,7,hot7Share on FacebookShare on TwitterShare on WhatsAppSend via GMailSend via E-Mail,83,Houses_Faisalabad,for_sale,2026-07-24,https://www.zameen.com/Property/faisalabad_madina_town_19_marla_used_beautiful_house_available_for_sale_in_z_block_madina_town-54452457-533-1.html
"3 Marla Brand New House Eden Executive, Price Is Almost Final Please Don't Negotiate Maybe Slightly Negotiable On Tokan But It'S Not Confirmed",PKR 1.2 Crore,12000000,3,4,3 Marla,675.0,17777,House,True,11,hot11Share on FacebookShare on TwitterShare on WhatsAppSend via GMailSend via E-Mail,84,Houses_Faisalabad,for_sale,2026-07-24,https://www.zameen.com/Property/faisalabad_canal_road_3_marla_brand_new_house_eden_executive_price_is_almost_final_please_don_t_negotiate_maybe_slightly_negotiable_on_tokan_but_it_s_not_confirmed-54393657-1140-1.html
15 Marla House Hot location Main Double Road Wapda City,PKR 4.5 Crore,45000000,,,15 Marla,3375.0,13333,House,True,17,hot17VerifiedShare on FacebookShare on TwitterShare on WhatsAppSend via GMailSend via E-Mail,92,Houses_Faisalabad,for_sale,2026-07-24,https://www.zameen.com/Property/faisalabad_wapda_city_15_marla_house_hot_location_main_double_road_wapda_city-54397601-501-1.html
7 Marla Double Storey House For Sale,PKR 2.82 Crore,28200000,6,6,7 Marla,1575.0,17904,House,False,18,hot18Share on FacebookShare on TwitterShare on WhatsAppSend via GMailSend via E-Mail,84,Houses_Faisalabad,for_sale,2026-07-24,https://www.zameen.com/Property/faisalabad_sargodha_road_7_marla_double_storey_house_for_sale-54495010-768-1.html
House Available For Sale,PKR 2.3 Crore,23000000,5,4,5 Marla,1125.0,20444,House,False,3,hot3Share on FacebookShare on TwitterShare on WhatsAppSend via GMailSend via E-Mail,83,Houses_Faisalabad,for_sale,2026-07-24,https://www.zameen.com/Property/faisalabad_gulistan_colony_no_1_house_available_for_sale-54451624-1073-1.html
A Stunning House Is Up For Grabs In Wapda City Wapda City,PKR 2 Crore,20000000,,,5 Marla,1125.0,17777,House,False,9,hot9VerifiedShare on FacebookShare on TwitterShare on WhatsAppSend via GMailSend via E-Mail,91,Houses_Faisalabad,for_sale,2026-07-24,https://www.zameen.com/Property/faisalabad_wapda_city_a_stunning_house_is_up_for_grabs_in_wapda_city_wapda_city-54477551-501-1.html
Stunning 10 Marla House In Wapda City Available,PKR 3.5 Crore,35000000,,,10 Marla,2250.0,15555,House,False,5,hot5VerifiedShare on FacebookShare on TwitterShare on WhatsAppSend via GMailSend via E-Mail,91,Houses_Faisalabad,for_sale,2026-07-24,https://www.zameen.com/Property/faisalabad_wapda_city_stunning_10_marla_house_in_wapda_city_available-54492611-501-1.html
"Ideal 5 Marla House Available In Eden Valley - Block C, Faisalabad For Sale",PKR 2.35 Crore,23500000,3,4,5 Marla,1125.0,20888,House,False,26,hot26VerifiedShare on FacebookShare on TwitterShare on WhatsAppSend via GMailSend via E-Mail,92,Houses_Faisalabad,for_sale,2026-07-24,https://www.zameen.com/Property/eden_valley_eden_valley_-_block_c_ideal_5_marla_house_available_in_eden_valley_-_block_c_faisalabad_for_sale-54498504-19078-1.html
Prime Location In Four Season Housing 5 Marla House For sale,PKR 2.77 Crore,27700000,,,5 Marla,1125.0,24622,House,False,9,hot9VerifiedShare on FacebookShare on TwitterShare on WhatsAppSend via GMailSend via E-Mail,91,Houses_Faisalabad,for_sale,2026-07-24,https://www.zameen.com/Property/faisalabad_four_season_housing_prime_location_in_four_season_housing_5_marla_house_for_sale-54206652-4945-1.html
House For Sale In Wapda City,PKR 2 Crore,20000000,,,5 Marla,1125.0,17777,House,False,6,hot6VerifiedShare on FacebookShare on TwitterShare on WhatsAppSend via GMailSend via E-Mail,91,Houses_Faisalabad,for_sale,2026-07-24,https://www.zameen.com/Property/faisalabad_wapda_city_house_for_sale_in_wapda_city-54492610-501-1.html
Buy A House Of 20 Marla In Wapda City,PKR 11 Crore,110000000,,,1 Kanal,4500.0,24444,House,False,6,hot6VerifiedShare on FacebookShare on TwitterShare on WhatsAppSend via GMailSend via E-Mail,91,Houses_Faisalabad,for_sale,2026-07-24,https://www.zameen.com/Property/faisalabad_wapda_city_buy_a_house_of_20_marla_in_wapda_city-54477558-501-1.html
Good Location House For Sale In City Villas,PKR 1.72 Crore,17200000,4,5,5 Marla,1125.0,15288,House,False,,hotVerifiedShare on FacebookShare on TwitterShare on WhatsAppSend via GMailSend via E-Mail,90,Houses_Faisalabad,for_sale,2026-07-24,https://www.zameen.com/Property/samundari_road_city_villas_housing_scheme_good_location_house_for_sale_in_city_villas-54352786-11567-1.html
4 Marla House For Sale In Model City Faisalabad,PKR 1.85 Crore,18500000,,,4 Marla,900.0,20555,House,False,12,hot12Share on FacebookShare on TwitterShare on WhatsAppSend via GMailSend via E-Mail,84,Houses_Faisalabad,for_sale,2026-07-24,https://www.zameen.com/Property/eden_gardens_eden_executive_4_marla_house_for_sale_in_model_city_faisalabad-54342287-10765-1.html
Looking For A House In Ghalib City,PKR 4.5 Crore,45000000,,,10 Marla,2250.0,20000,House,False,15,15VerifiedShare on FacebookShare on TwitterShare on WhatsAppSend via GMailSend via E-Mail,89,Houses_Faisalabad,for_sale,2026-07-24,https://www.zameen.com/Property/faisalabad_ghalib_city_looking_for_a_house_in_ghalib_city-54442148-10165-1.html
Near To Park Model City 1 House Sized 5 Marla For Sale,PKR 1.8 Crore,18000000,,,5 Marla,1125.0,16000,House,False,5,5VerifiedShare on FacebookShare on TwitterShare on WhatsAppSend via GMailSend via E-Mail,88,Houses_Faisalabad,for_sale,2026-07-24,https://www.zameen.com/Property/canal_road_model_city_1_near_to_park_model_city_1_house_sized_5_marla_for_sale-54442150-8590-1.html
Prominently-Located 5 Marla House Available In Model City 1,PKR 1.75 Crore,17500000,,,5 Marla,1125.0,15555,House,False,5,5VerifiedShare on FacebookShare on TwitterShare on WhatsAppSend via GMailSend via E-Mail,88,Houses_Faisalabad,for_sale,2026-07-24,https://www.zameen.com/Property/canal_road_model_city_1_prominently-located_5_marla_house_available_in_model_city_1-54442151-8590-1.html
House In Eden Valley For Sale,PKR 2 Crore,20000000,,,5 Marla,1125.0,17777,House,False,7,7VerifiedShare on FacebookShare on TwitterShare on WhatsAppSend via GMailSend via E-Mail,88,Houses_Faisalabad,for_sale,2026-07-24,https://www.zameen.com/Property/faisalabad_eden_valley_house_in_eden_valley_for_sale-54442152-8917-1.html
4 Marla House For Sale In Model City 1 Faisalabad,PKR 1.5 Crore,15000000,3,4,4 Marla,900.0,16666,House,False,21,21VerifiedShare on FacebookShare on TwitterShare on WhatsAppSend via GMailSend via E-Mail,89,Houses_Faisalabad,for_sale,2026-07-24,https://www.zameen.com/Property/canal_road_model_city_1_4_marla_house_for_sale_in_model_city_1_faisalabad-54471690-8590-1.html
"Ideal 5 Marla House Has Landed On Market In Eden Executive, Faisalabad",PKR 2.25 Crore,22500000,,,5 Marla,1125.0,20000,House,False,31,31VerifiedShare on FacebookShare on TwitterShare on WhatsAppSend via GMailSend via E-Mail,89,Houses_Faisalabad,for_sale,2026-07-24,https://www.zameen.com/Property/eden_gardens_eden_executive_ideal_5_marla_house_has_landed_on_market_in_eden_executive_faisalabad-54471691-10765-1.html
"House Of 3 Marla Is Available For Sale In Eden Gardens, Eden Gardens",PKR 1.2 Crore,12000000,,,3 Marla,675.0,17777,House,False,5,5VerifiedShare on FacebookShare on TwitterShare on WhatsAppSend via GMailSend via E-Mail,88,Houses_Faisalabad,for_sale,2026-07-24,https://www.zameen.com/Property/faisalabad_eden_gardens_house_of_3_marla_is_available_for_sale_in_eden_gardens_eden_gardens-54503220-8296-1.html
3 Marla 3 Bed Attached Bathroom Tv Lunch Kitchen Near Park Market Masjid,PKR 1.15 Crore,11500000,1,1,3.1 Marla,697.5,16487,House,False,15,15VerifiedShare on FacebookShare on TwitterShare on WhatsAppSend via GMailSend via E-Mail,89,Houses_Faisalabad,for_sale,2026-07-24,https://www.zameen.com/Property/faisalabad_madina_green_valley_3_marla_3_bed_attached_bathroom_tv_lunch_kitchen_near_park_market_masjid-54503218-13205-1.html
5 Marla Beautiful House In Canal Villas,PKR 2.5 Crore,25000000,3,4,5 Marla,1125.0,22222,House,False,9,hot9Share on FacebookShare on TwitterShare on WhatsAppSend via GMailSend via E-Mail,83,Houses_Faisalabad,for_sale,2026-07-24,https://www.zameen.com/Property/faisalabad_canal_road_5_marla_beautiful_house_in_canal_villas-54357817-1140-1.html
5 Marla Corner House In Khyaban 2 For Sale,PKR 2 Crore,20000000,4,5,5 Marla,1125.0,17777,House,False,8,hot8Share on FacebookShare on TwitterShare on WhatsAppSend via GMailSend via E-Mail,83,Houses_Faisalabad,for_sale,2026-07-24,https://www.zameen.com/Property/faisalabad_madina_town_5_marla_corner_house_in_khyaban_2_for_sale-54419019-533-1.html
16 Marla Beautiful House In New Garden Block,PKR 7 Crore,70000000,5,6,16 Marla,3600.0,19444,House,False,14,hot14Share on FacebookShare on TwitterShare on WhatsAppSend via GMailSend via E-Mail,84,Houses_Faisalabad,for_sale,2026-07-24,https://www.zameen.com/Property/saeed_colony_saeed_colony_-_new_garden_block_16_marla_beautiful_house_in_new_garden_block-54419069-11202-1.html
20 Marla House for sale in People's colony,PKR 11 Crore,110000000,6,6,1 Kanal,4500.0,24444,House,False,11,hot11Share on FacebookShare on TwitterShare on WhatsAppSend via GMailSend via E-Mail,84,Houses_Faisalabad,for_sale,2026-07-24,https://www.zameen.com/Property/peoples_colony_no_1_peoples_colony_-_block_d_20_marla_house_for_sale_in_people_s_colony-54419177-11505-1.html
4 Marla brand new house in Eden executive,PKR 1.95 Crore,19500000,3,4,4 Marla,900.0,21666,House,False,9,hot9Share on FacebookShare on TwitterShare on WhatsAppSend via GMailSend via E-Mail,83,Houses_Faisalabad,for_sale,2026-07-24,https://www.zameen.com/Property/eden_gardens_eden_executive_4_marla_brand_new_house_in_eden_executive-54419155-10765-1.html
3.5 Marla Beautiful House In Galib City,PKR 1.35 Crore,13500000,3,4,3 Marla,675.0,20000,House,False,18,hot18Share on FacebookShare on TwitterShare on WhatsAppSend via GMailSend via E-Mail,84,Houses_Faisalabad,for_sale,2026-07-24,https://www.zameen.com/Property/faisalabad_ghalib_city_3_5_marla_beautiful_house_in_galib_city-54488423-10165-1.html
For Sale 7 Marla House Conner Brand New Double Hight Eden Orchard Sargodha,PKR 3.35 Crore,33500000,4,5,7 Marla,1575.0,21269,House,False,10,hot10Share on FacebookShare on TwitterShare on WhatsAppSend via GMailSend via E-Mail,84,Houses_Faisalabad,for_sale,2026-07-24,https://www.zameen.com/Property/faisalabad_eden_orchard_for_sale_7_marla_house_conner_brand_new_double_hight_eden_orchard_sargodha-54444127-11162-1.html
1 Kanal Beautiful And Maintained House For Sale In University Town,PKR 6.6 Crore,66000000,6,6,1 Kanal,4500.0,14666,House,False,6,hot6Share on FacebookShare on TwitterShare on WhatsAppSend via GMailSend via E-Mail,83,Houses_Faisalabad,for_sale,2026-07-24,https://www.zameen.com/Property/faisalabad_university_town_1_kanal_beautiful_and_maintained_house_for_sale_in_university_town-54488770-5063-1.html
20 Marla House In Raza Garden,PKR 6 Crore,60000000,5,4,1 Kanal,4500.0,13333,House,False,20,hot20Share on FacebookShare on TwitterShare on WhatsAppSend via GMailSend via E-Mail,84,Houses_Faisalabad,for_sale,2026-07-24,https://www.zameen.com/Property/faisalabad_canal_road_20_marla_house_in_raza_garden-54271700-1140-1.html
5 Marla Brand New Luxurious House Available For Sale In Eden Orchard,PKR 2.4 Crore,24000000,3,4,5 Marla,1125.0,21333,House,False,27,hot27Share on FacebookShare on TwitterShare on WhatsAppSend via GMailSend via E-Mail,84,Houses_Faisalabad,for_sale,2026-07-24,https://www.zameen.com/Property/faisalabad_eden_orchard_5_marla_brand_new_luxurious_house_available_for_sale_in_eden_orchard-54391163-11162-1.html
House For Sale In Ismail Valley,PKR 3.1 Crore,31000000,,,8 Marla,1800.0,17222,House,False,24,hot24VerifiedShare on FacebookShare on TwitterShare on WhatsAppSend via GMailSend via E-Mail,92,Houses_Faisalabad,for_sale,2026-07-24,https://www.zameen.com/Property/faisalabad_ismail_valley_house_for_sale_in_ismail_valley-53970555-10709-1.html
5 MARLA ULTRA MODERN NEW HOUSE AVAILABLE FOR SALE,PKR 2.45 Crore,24500000,3,4,5 Marla,1125.0,21777,House,False,23,hot23Share on FacebookShare on TwitterShare on WhatsAppSend via GMailSend via E-Mail,84,Houses_Faisalabad,for_sale,2026-07-24,https://www.zameen.com/Property/wapda_city_wapda_city_-_block_l_5_marla_ultra_modern_new_house_available_for_sale-54290807-5076-1.html
"10 MARLA BRAND NEW ULTRA MODERN, LUXURY HOUSE FOR SALE",PKR 4.5 Crore,45000000,4,5,10 Marla,2250.0,20000,House,False,15,hot15Share on FacebookShare on TwitterShare on WhatsAppSend via GMailSend via E-Mail,84,Houses_Faisalabad,for_sale,2026-07-24,https://www.zameen.com/Property/faisalabad_wapda_city_10_marla_brand_new_ultra_modern_luxury_house_for_sale-54297349-501-1.html
5 Marla House In Beautiful Location Of Citi Housing Sargodha Road In Faisalabad,PKR 1.55 Crore,15500000,,,5 Marla,1125.0,13777,House,False,10,hot10VerifiedShare on FacebookShare on TwitterShare on WhatsAppSend via GMailSend via E-Mail,92,Houses_Faisalabad,for_sale,2026-07-24,https://www.zameen.com/Property/citi_housing_citi_housing_sargodha_road_5_marla_house_in_beautiful_location_of_citi_housing_sargodha_road_in_faisalabad-54207315-11229-1.html
House For Sale In Citi Housing Sargodha Road,PKR 10 Crore,100000000,,,1 Kanal,4500.0,22222,House,False,6,hot6VerifiedShare on FacebookShare on TwitterShare on WhatsAppSend via GMailSend via E-Mail,91,Houses_Faisalabad,for_sale,2026-07-24,https://www.zameen.com/Property/citi_housing_citi_housing_sargodha_road_house_for_sale_in_citi_housing_sargodha_road-54275008-11229-1.html
10 Marla House For Sale,PKR 2.5 Crore,25000000,5,6,10 Marla,2250.0,11111,House,False,11,hot11Share on FacebookShare on TwitterShare on WhatsAppSend via GMailSend via E-Mail,84,Houses_Faisalabad,for_sale,2026-07-24,https://www.zameen.com/Property/citi_housing_citi_housing_sargodha_road_10_marla_house_for_sale-53754067-11229-1.html
1.5-Kanal House with Beautiful Garden Near Lassani pulli,PKR 7.5 Crore,75000000,4,5,1.5 Kanal,6750.0,11111,House,False,17,hot17Share on FacebookShare on TwitterShare on WhatsAppSend via GMailSend via E-Mail,84,Houses_Faisalabad,for_sale,2026-07-24,https://www.zameen.com/Property/faisalabad_sargodha_road_1_5-kanal_house_with_beautiful_garden_near_lassani_pulli-54476649-768-1.html
Your Dream 3 Marla House Is Available In Model City 1,PKR 90 Lakh,9000000,,,3 Marla,675.0,13333,House,False,9,9VerifiedShare on FacebookShare on TwitterShare on WhatsAppSend via GMailSend via E-Mail,88,Houses_Faisalabad,for_sale,2026-07-24,https://www.zameen.com/Property/canal_road_model_city_1_your_dream_3_marla_house_is_available_in_model_city_1-54503217-8590-1.html
In Gulberg Valley House For sale Sized 3 Marla,PKR 1.2 Crore,12000000,,,3 Marla,675.0,17777,House,False,6,6VerifiedShare on FacebookShare on TwitterShare on WhatsAppSend via GMailSend via E-Mail,88,Houses_Faisalabad,for_sale,2026-07-24,https://www.zameen.com/Property/faisalabad_gulberg_valley_in_gulberg_valley_house_for_sale_sized_3_marla-54479360-10823-1.html
Buy A Centrally Located Prime Location 4 Marla House In Oasis One,PKR 1.3 Crore,13000000,,,4 Marla,900.0,14444,House,False,9,9VerifiedShare on FacebookShare on TwitterShare on WhatsAppSend via GMailSend via E-Mail,88,Houses_Faisalabad,for_sale,2026-07-24,https://www.zameen.com/Property/lower_canal_road_oasis_one_buy_a_centrally_located_prime_location_4_marla_house_in_oasis_one-54479364-19684-1.html
Affordable Prime Location House For sale In Gulberg Valley,PKR 85 Lakh,8500000,,,2 Marla,450.0,18888,House,False,10,10VerifiedShare on FacebookShare on TwitterShare on WhatsAppSend via GMailSend via E-Mail,89,Houses_Faisalabad,for_sale,2026-07-24,https://www.zameen.com/Property/faisalabad_gulberg_valley_affordable_prime_location_house_for_sale_in_gulberg_valley-54487831-10823-1.html
Reserve A House Of 2 Marla Now In Gulberg Valley,PKR 80 Lakh,8000000,,,2 Marla,450.0,17777,House,False,14,14VerifiedShare on FacebookShare on TwitterShare on WhatsAppSend via GMailSend via E-Mail,89,Houses_Faisalabad,for_sale,2026-07-24,https://www.zameen.com/Property/faisalabad_gulberg_valley_reserve_a_house_of_2_marla_now_in_gulberg_valley-54487832-10823-1.html
In Gulberg Valley House For Sale Sized 3 Marla,PKR 1.2 Crore,12000000,,,3 Marla,675.0,17777,House,False,6,6VerifiedShare on FacebookShare on TwitterShare on WhatsAppSend via GMailSend via E-Mail,88,Houses_Faisalabad,for_sale,2026-07-24,https://www.zameen.com/Property/faisalabad_gulberg_valley_in_gulberg_valley_house_for_sale_sized_3_marla-54487834-10823-1.html
Prime Location House For sale In TECH Town (TNT Colony),PKR 1.1 Crore,11000000,3,3,5 Marla,1125.0,9777,House,False,11,11Share on FacebookShare on TwitterShare on WhatsAppSend via GMailSend via E-Mail,81,Houses_Faisalabad,for_sale,2026-07-24,https://www.zameen.com/Property/satiana_road_tech_town_tnt_colony_prime_location_house_for_sale_in_tech_town_tnt_colony-54478402-419-1.html
5.3 Marla 2 Storey House For Sale In Sitara Gold City Satyana Road Faisalabad,PKR 2.38 Crore,23800000,4,4,5 Marla,1125.0,21155,House,False,18,18Share on FacebookShare on TwitterShare on WhatsAppSend via GMailSend via E-Mail,81,Houses_Faisalabad,for_sale,2026-07-24,https://www.zameen.com/Property/satiana_road_sitara_gold_city_5_3_marla_2_storey_house_for_sale_in_sitara_gold_city_satyana_road_faisalabad-53410867-10822-1.html
2.7 Marla 2 Story Brand New Corner House For Sale In Khyban E Green Satyana Road Faisalabad,PKR 1.1 Crore,11000000,3,3,2.7 Marla,607.5,18106,House,False,10,hot10Share on FacebookShare on TwitterShare on WhatsAppSend via GMailSend via E-Mail,84,Houses_Faisalabad,for_sale,2026-07-24,https://www.zameen.com/Property/faisalabad_satiana_road_2_7_marla_2_story_brand_new_corner_house_for_sale_in_khyban_e_green_satyana_road_faisalabad-54288915-534-1.html
8 Marla House For Sale In Beautiful Green Valley,PKR 3.95 Crore,39500000,,,8 Marla,1800.0,21944,House,False,5,hot5VerifiedShare on FacebookShare on TwitterShare on WhatsAppSend via GMailSend via E-Mail,91,Houses_Faisalabad,for_sale,2026-07-24,https://www.zameen.com/Property/samundari_road_green_valley_8_marla_house_for_sale_in_beautiful_green_valley-54391263-11199-1.html
1 Kanal Lavish House For Sale,PKR 7.5 Crore,75000000,6,6,1 Kanal,4500.0,16666,House,False,12,hot12Share on FacebookShare on TwitterShare on WhatsAppSend via GMailSend via E-Mail,84,Houses_Faisalabad,for_sale,2026-07-24,https://www.zameen.com/Property/citi_housing_citi_housing_sargodha_road_1_kanal_lavish_house_for_sale-53754072-11229-1.html
"10 MARLA ULTRA MODERN, NEW HOUSE AVAILABLE FOR SALE",PKR 4.75 Crore,47500000,4,5,10 Marla,2250.0,21111,House,False,32,hot32Share on FacebookShare on TwitterShare on WhatsAppSend via GMailSend via E-Mail,84,Houses_Faisalabad,for_sale,2026-07-24,https://www.zameen.com/Property/faisalabad_wapda_city_10_marla_ultra_modern_new_house_available_for_sale-54470253-501-1.html
5 Marla Victorian Style House Available For Sale In CITI HOUSING Sargodha Road Faisalabad,PKR 1.7 Crore,17000000,3,4,5 Marla,1125.0,15111,House,False,30,hot30VerifiedShare on FacebookShare on TwitterShare on WhatsAppSend via GMailSend via E-Mail,92,Houses_Faisalabad,for_sale,2026-07-24,https://www.zameen.com/Property/citi_housing_citi_housing_sargodha_road_5_marla_victorian_style_house_available_for_sale_in_citi_housing_sargodha_road_faisalabad-53918986-11229-1.html
3.5 Marla Residential House,PKR 1.2 Crore,12000000,,,3 Marla,675.0,17777,House,False,21,hot21Share on FacebookShare on TwitterShare on WhatsAppSend via GMailSend via E-Mail,84,Houses_Faisalabad,for_sale,2026-07-24,https://www.zameen.com/Property/satiana_road_sitara_diamond_city_3_5_marla_residential_house-54126924-10729-1.html
Eden Executive 2.5marly Brand New House Available For Sale,PKR 1.25 Crore,12500000,3,3,2.9 Marla,652.5,19157,House,False,6,hot6Share on FacebookShare on TwitterShare on WhatsAppSend via GMailSend via E-Mail,83,Houses_Faisalabad,for_sale,2026-07-24,https://www.zameen.com/Property/eden_gardens_eden_executive_eden_executive_2_5marly_brand_new_house_available_for_sale-54450548-10765-1.html
Gullberg Velly Lower Canal 3 Marla Brand New House Available For Sale,PKR 1.1 Crore,11000000,3,4,3 Marla,675.0,16296,House,False,7,hot7Share on FacebookShare on TwitterShare on WhatsAppSend via GMailSend via E-Mail,83,Houses_Faisalabad,for_sale,2026-07-24,https://www.zameen.com/Property/faisalabad_gulberg_valley_gullberg_velly_lower_canal_3_marla_brand_new_house_available_for_sale-54450565-10823-1.html
5 Marla Brand New Luxury House For Sale In Eden Orchard Lasani Pulli Sarghodha Road Faisalabad,PKR 2.5 Crore,25000000,3,4,5 Marla,1125.0,22222,House,False,25,hot25VerifiedShare on FacebookShare on TwitterShare on WhatsAppSend via GMailSend via E-Mail,92,Houses_Faisalabad,for_sale,2026-07-24,https://www.zameen.com/Property/faisalabad_eden_orchard_5_marla_brand_new_luxury_house_for_sale_in_eden_orchard_lasani_pulli_sarghodha_road_faisalabad-54427950-11162-1.html
House Available For Sale,PKR 1.65 Crore,16500000,3,4,4 Marla,900.0,18333,House,False,6,hot6VerifiedShare on FacebookShare on TwitterShare on WhatsAppSend via GMailSend via E-Mail,91,Houses_Faisalabad,for_sale,2026-07-24,https://www.zameen.com/Property/faisalabad_lower_canal_road_house_available_for_sale-54436034-12189-1.html
Luxury Brand New House Available For Sale,PKR 1.75 Crore,17500000,3,4,3 Marla,675.0,25925,House,False,9,hot9VerifiedShare on FacebookShare on TwitterShare on WhatsAppSend via GMailSend via E-Mail,91,Houses_Faisalabad,for_sale,2026-07-24,https://www.zameen.com/Property/faisalabad_gulistan_colony_no_1_luxury_brand_new_house_available_for_sale-54313919-1073-1.html
Al Najaf Colony House Sized 11 Marla Is Available Single Storey Lanter,PKR 3.5 Crore,35000000,3,3,11 Marla,2475.0,14141,House,False,15,hot15Share on FacebookShare on TwitterShare on WhatsAppSend via GMailSend via E-Mail,84,Houses_Faisalabad,for_sale,2026-07-24,https://www.zameen.com/Property/faisalabad_al_najaf_colony_al_najaf_colony_house_sized_11_marla_is_available_single_storey_lanter-54274299-4902-1.html
5 Marla Double Hight Facing Park,PKR 1.95 Crore,19500000,3,4,5 Marla,1125.0,17333,House,False,2,hot2Share on FacebookShare on TwitterShare on WhatsAppSend via GMailSend via E-Mail,83,Houses_Faisalabad,for_sale,2026-07-24,https://www.zameen.com/Property/citi_housing_citi_housing_samundri_road_5_marla_double_hight_facing_park-54456264-11230-1.html
5 Marla Beautiful Brand New House For Sale In Eden Velley,PKR 2.75 Crore,27500000,3,4,5 Marla,1125.0,24444,House,False,21,hot21Share on FacebookShare on TwitterShare on WhatsAppSend via GMailSend via E-Mail,84,Houses_Faisalabad,for_sale,2026-07-24,https://www.zameen.com/Property/faisalabad_eden_valley_5_marla_beautiful_brand_new_house_for_sale_in_eden_velley-54394674-8917-1.html
Brand New 6 Marla Double Storey House For Sale Khayaban Garden Near Main Gate,PKR 3 Crore,30000000,5,6,6 Marla,1350.0,22222,House,False,25,hot25Share on FacebookShare on TwitterShare on WhatsAppSend via GMailSend via E-Mail,84,Houses_Faisalabad,for_sale,2026-07-24,https://www.zameen.com/Property/faisalabad_khayaban_gardens_brand_new_6_marla_double_storey_house_for_sale_khayaban_garden_near_main_gate-54438518-4981-1.html
12 Marla Good Condition Hoses For Sale In Faisal Town,PKR 3.75 Crore,37500000,5,6,12 Marla,2700.0,13888,House,False,22,hot22Share on FacebookShare on TwitterShare on WhatsAppSend via GMailSend via E-Mail,84,Houses_Faisalabad,for_sale,2026-07-24,https://www.zameen.com/Property/faisalabad_faisal_town_12_marla_good_condition_hoses_for_sale_in_faisal_town-54436099-1361-1.html
5 Marla House Available For Sale In Citi Housing Sargodha Road,PKR 1.7 Crore,17000000,3,4,5 Marla,1125.0,15111,House,False,38,hot38Share on FacebookShare on TwitterShare on WhatsAppSend via GMailSend via E-Mail,84,Houses_Faisalabad,for_sale,2026-07-24,https://www.zameen.com/Property/citi_housing_citi_housing_sargodha_road_5_marla_house_available_for_sale_in_citi_housing_sargodha_road-53958683-11229-1.html
7 Marla 2 Storey Brand New House For Sale In Punjab Housing Society Satyana Road Faisalabad,PKR 2.28 Crore,22799999,5,4,7 Marla,1575.0,14476,House,False,34,34Share on FacebookShare on TwitterShare on WhatsAppSend via GMailSend via E-Mail,81,Houses_Faisalabad,for_sale,2026-07-24,https://www.zameen.com/Property/faisalabad_satiana_road_7_marla_2_storey_brand_new_house_for_sale_in_punjab_housing_society_satyana_road_faisalabad-53545052-534-1.html
7 Marla 2 Storey Brand New House For Sale In Sitara Gold City Satyana Road Faisalabad,PKR 3.45 Crore,34500000,5,5,7 Marla,1575.0,21904,House,False,10,10Share on FacebookShare on TwitterShare on WhatsAppSend via GMailSend via E-Mail,81,Houses_Faisalabad,for_sale,2026-07-24,https://www.zameen.com/Property/satiana_road_sitara_gold_city_7_marla_2_storey_brand_new_house_for_sale_in_sitara_gold_city_satyana_road_faisalabad-53549520-10822-1.html
7 Marla 2 Storey Brand New Corner House For Sale In TNT Colony Satyana Road Faisalabad,PKR 1.85 Crore,18500000,4,5,7 Marla,1575.0,11746,House,False,14,14Share on FacebookShare on TwitterShare on WhatsAppSend via GMailSend via E-Mail,81,Houses_Faisalabad,for_sale,2026-07-24,https://www.zameen.com/Property/faisalabad_satiana_road_7_marla_2_storey_brand_new_corner_house_for_sale_in_tnt_colony_satyana_road_faisalabad-53865350-534-1.html
5 Marla House For Sale In Image Villas Satiana Road Faisalabad,PKR 1.25 Crore,12500000,3,3,5 Marla,1125.0,11111,House,False,9,9Share on FacebookShare on TwitterShare on WhatsAppSend via GMailSend via E-Mail,80,Houses_Faisalabad,for_sale,2026-07-24,https://www.zameen.com/Property/faisalabad_satiana_road_5_marla_house_for_sale_in_image_villas_satiana_road_faisalabad-53865358-534-1.html
3.5 Marla 2 Storey House For Sale In Khyban E Green Satyana Road Faisalabad,PKR 1.4 Crore,14000000,4,4,3 Marla,675.0,20740,House,False,12,12Share on FacebookShare on TwitterShare on WhatsAppSend via GMailSend via E-Mail,81,Houses_Faisalabad,for_sale,2026-07-24,https://www.zameen.com/Property/faisalabad_satiana_road_3_5_marla_2_storey_house_for_sale_in_khyban_e_green_satyana_road_faisalabad-53869243-534-1.html
5 Marla 2 Storey House For Sale In Sitara Gold City Satyana Road Faisalabad,PKR 2.4 Crore,24000000,4,4,5 Marla,1125.0,21333,House,False,11,11Share on FacebookShare on TwitterShare on WhatsAppSend via GMailSend via E-Mail,81,Houses_Faisalabad,for_sale,2026-07-24,https://www.zameen.com/Property/faisalabad_satiana_road_5_marla_2_storey_house_for_sale_in_sitara_gold_city_satyana_road_faisalabad-53869536-534-1.html
5 Marla 2 Story New House For Sale In Khayaban E Green Satiana Road Faisalabad,PKR 1.58 Crore,15800000,4,4,5 Marla,1125.0,14044,House,False,13,13Share on FacebookShare on TwitterShare on WhatsAppSend via GMailSend via E-Mail,81,Houses_Faisalabad,for_sale,2026-07-24,https://www.zameen.com/Property/faisalabad_satiana_road_5_marla_2_story_new_house_for_sale_in_khayaban_e_green_satiana_road_faisalabad-53881543-534-1.html
7 Marla 2nd storey house for sale in Alraheem valley Satyana Road Faisalabad,PKR 3.15 Crore,31500000,4,4,7 Marla,1575.0,20000,House,False,14,14Share on FacebookShare on TwitterShare on WhatsAppSend via GMailSend via E-Mail,81,Houses_Faisalabad,for_sale,2026-07-24,https://www.zameen.com/Property/faisalabad_satiana_road_7_marla_2nd_storey_house_for_sale_in_alraheem_valley_satyana_road_faisalabad-54075024-534-1.html
Designer House for Sale In Green Fort Housing Society Multan,PKR 1.6 Crore,16000000,4,3,10 Marla,2250.0,7111,House,True,14,"PKR1.6 CroreGreen Fort Housing Scheme, Multan4310 MarlaAdded: 3 days ago(Updated: 18 hours ago)SMSCall",102,Houses_Multan,for_sale,2026-07-24,https://www.zameen.com/Property/multan_green_fort_housing_scheme_designer_house_for_sale_in_green_fort_housing_society_multan-54476715-5739-1.html
Double Storey 10 Marla House For Sale In Bahadurpur Bahadurpur,PKR 1.9 Crore,19000000,4,4,10 Marla,2250.0,8444,House,False,30,"PKR1.9 CroreBahadurpur, Multan4410 MarlaAdded: 2 days ago(Updated: 2 days ago)SMSCall",85,Houses_Multan,for_sale,2026-07-24,https://www.zameen.com/Property/multan_bahadurpur_double_storey_10_marla_house_for_sale_in_bahadurpur_bahadurpur-54314457-8620-1.html
Desi Style 10 Marla House For Sale,PKR 95 Lakh,9500000,4,2,10 Marla,2250.0,4222,House,False,14,"PKR95 LakhNehar Naubahar Road, Multan4210 MarlaAdded: 4 days ago(Updated: 2 days ago)SMSCallEmail",97,Houses_Multan,for_sale,2026-07-24,https://www.zameen.com/Property/multan_nehar_naubahar_road_desi_style_10_marla_house_for_sale-54488399-8729-1.html
Grey Structure 10 Marla House Available In DHA Phase 1 - Sector U For Sale,PKR 1.9 Crore,19000000,4,5,10 Marla,2250.0,8444,House,False,13,"PKR1.9 CroreDHA Phase 1 - Sector U, DHA Phase 14510 MarlaAdded: 2 weeks ago(Updated: 2 days ago)SMSCall",103,Houses_Multan,for_sale,2026-07-24,https://www.zameen.com/Property/dha_phase_1_dha_phase_1_-_sector_u_grey_structure_10_marla_house_available_in_dha_phase_1_-_sector_u_for_sale-54146186-14320-1.html
GREY STRUCTURE IN B1 & U SECTOR 10 MARLA DHA MULTAN,PKR 1.8 Crore,18000000,4,6,10 Marla,2250.0,8000,House,False,6,"PKR1.8 CroreDHA Phase 1, DHA Defence4610 MarlaAdded: 2 weeks ago(Updated: 2 days ago)SMSCall",92,Houses_Multan,for_sale,2026-07-24,https://www.zameen.com/Property/dha_defence_dha_phase_1_grey_structure_in_b1_u_sector_10_marla_dha_multan-54140593-15631-1.html
Grey Structure 10 Marla House For Sale In DHA Phase 1 - Sector U Multan,PKR 1.9 Crore,19000000,4,5,10 Marla,2250.0,8444,House,False,6,"PKR1.9 CroreDHA Phase 1 - Sector U, DHA Phase 14510 MarlaAdded: 3 weeks ago(Updated: 4 days ago)SMSCall",103,Houses_Multan,for_sale,2026-07-24,https://www.zameen.com/Property/dha_phase_1_dha_phase_1_-_sector_u_grey_structure_10_marla_house_for_sale_in_dha_phase_1_-_sector_u_multan-54337135-14320-1.html
B1 Dha Multan Sector Gray Structure Available For Sale,PKR 2 Crore,20000000,5,5,10 Marla,2250.0,8888,House,True,,"TitaniumPKR2 CroreDHA Phase 1 - Sector B1, DHA Phase 15510 MarlaAdded: 1 day agoSMSCall",87,Houses_Multan,for_sale,2026-07-24,https://www.zameen.com/Property/dha_phase_1_dha_phase_1_-_sector_b1_b1_dha_multan_sector_gray_structure_available_for_sale-53978154-14300-1.html
"10 Marla Grey Structure for Sale in Sector B1, DHA Multan | Prime Location on 65-Foot Road",PKR 1.9 Crore,19000000,5,6,10 Marla,2250.0,8444,House,False,4,"PKR1.9 CroreDHA Phase 1 - Sector B1, DHA Phase 15610 MarlaAdded: 4 days ago(Updated: 2 days ago)SMSCall",103,Houses_Multan,for_sale,2026-07-24,https://www.zameen.com/Property/dha_phase_1_dha_phase_1_-_sector_b1_10_marla_grey_structure_for_sale_in_sector_b1_dha_multan_prime_location_on_65-foot_road-54358981-14300-1.html
10 Marla Single Storey House For Sale In Bhadarpur Near Bilawal House,PKR 1.6 Crore,16000000,2,3,10 Marla,2250.0,7111,House,False,24,"PKR1.6 CroreBahadurpur, Multan2310 MarlaAdded: 6 days ago(Updated: 2 days ago)SMSCall",85,Houses_Multan,for_sale,2026-07-24,https://www.zameen.com/Property/multan_bahadurpur_10_marla_single_storey_house_for_sale_in_bhadarpur_near_bilawal_house-53998016-8620-1.html
10 Marla Double Story Grey Structure House Is Available For Sale At Sector U DHA Multan.,PKR 1.8 Crore,18000000,4,6,10 Marla,2250.0,8000,House,False,11,"PKR1.8 CroreDHA Phase 1 - Sector U, DHA Phase 14610 MarlaAdded: 1 week ago(Updated: 2 days ago)SMSCallEmail",107,Houses_Multan,for_sale,2026-07-24,https://www.zameen.com/Property/dha_phase_1_dha_phase_1_-_sector_u_10_marla_double_story_grey_structure_house_is_available_for_sale_at_sector_u_dha_multan-54067013-14320-1.html
Well-Constructed Grey Structure House Available For Sale In DHA Phase 1 - Sector B1,PKR 2 Crore,20000000,4,5,10 Marla,2250.0,8888,House,True,5,"TitaniumPKR2 CroreDHA Phase 1 - Sector B1, DHA Phase 14510 MarlaAdded: 1 week ago(Updated: 18 hours ago)SMSCall",111,Houses_Multan,for_sale,2026-07-24,https://www.zameen.com/Property/dha_phase_1_dha_phase_1_-_sector_b1_well-constructed_grey_structure_house_available_for_sale_in_dha_phase_1_-_sector_b1-54401773-14300-1.html
"10 Marla Brand New Park View Grey Structure For Sale In Sector U, DHA Multan | Solid Construction | Prime Location",PKR 1.75 Crore,17500000,4,5,10 Marla,2250.0,7777,House,False,8,"PKR1.75 CroreDHA Phase 1 - Sector U, DHA Phase 14510 MarlaAdded: 1 week ago(Updated: 18 hours ago)SMSCall",105,Houses_Multan,for_sale,2026-07-24,https://www.zameen.com/Property/dha_phase_1_dha_phase_1_-_sector_u_10_marla_brand_new_park_view_grey_structure_for_sale_in_sector_u_dha_multan_solid_construction_prime_location-54359018-14320-1.html
10 Marla House For Sale Near Chowk Kumara Mueen Abad,PKR 1.3 Crore,13000000,5,6,10 Marla,2250.0,5777,House,False,10,"PKR1.3 CroreChowk Kumharanwala, Multan5610 MarlaAdded: 1 week ago(Updated: 2 days ago)SMSCallEmail",98,Houses_Multan,for_sale,2026-07-24,https://www.zameen.com/Property/multan_chowk_kumharanwala_10_marla_house_for_sale_near_chowk_kumara_mueen_abad-54406155-1004-1.html
"10 Marla , Fatima avenue (MPS road )",PKR 1.55 Crore,15500000,3,4,10 Marla,2250.0,6888,House,False,25,"PKR1.55 CroreMultan Public School Road, Multan3410 MarlaAdded: 1 week ago(Updated: 2 days ago)SMSCall",101,Houses_Multan,for_sale,2026-07-24,https://www.zameen.com/Property/multan_multan_public_school_road_10_marla_fatima_avenue_mps_road-54230843-8902-1.html
10 Marla Single Storey House Gray Structure For Sale Green Fort,PKR 75 Lakh,7500000,3,3,10 Marla,2250.0,3333,House,False,1,"PKR75 LakhGreen Fort Plus, Multan3310 MarlaAdded: 1 week ago(Updated: 1 day ago)SMSCallEmail",92,Houses_Multan,for_sale,2026-07-24,https://www.zameen.com/Property/multan_green_fort_plus_10_marla_single_storey_house_gray_structure_for_sale_green_fort-54478465-5740-1.html
10 Marla Modern Elevation Grey Structure For Sale In Sector B1 DHA Multan | Prime Location,PKR 1.9 Crore,19000000,5,6,10 Marla,2250.0,8444,House,False,7,"PKR1.9 CroreDHA Phase 1 - Sector B1, DHA Phase 15610 MarlaAdded: 2 weeks ago(Updated: 18 hours ago)SMSCall",106,Houses_Multan,for_sale,2026-07-24,https://www.zameen.com/Property/dha_phase_1_dha_phase_1_-_sector_b1_10_marla_modern_elevation_grey_structure_for_sale_in_sector_b1_dha_multan_prime_location-54353404-14300-1.html
Brand New 10 Marla House For Sale In PIA Employees Housing Society PIA Employees Housing Society,PKR 2 Crore,20000000,5,5,10 Marla,2250.0,8888,House,False,7,"PKR2 CrorePIA Employees Housing Society, Multan5510 MarlaAdded: 2 weeks ago(Updated: 18 hours ago)SMSCallEmail",110,Houses_Multan,for_sale,2026-07-24,https://www.zameen.com/Property/multan_pia_employees_housing_society_brand_new_10_marla_house_for_sale_in_pia_employees_housing_society_pia_employees_housing_society-54454657-1502-1.html
Double Storey 10 Marla House Available In Nasheman Colony For sale,PKR 1.8 Crore,18000000,3,4,10 Marla,2250.0,8000,House,False,29,"PKR1.8 CroreNasheman Colony, Multan3410 MarlaAdded: 3 weeks ago(Updated: 1 week ago)SMSCall",91,Houses_Multan,for_sale,2026-07-24,https://www.zameen.com/Property/multan_nasheman_colony_double_storey_10_marla_house_available_in_nasheman_colony_for_sale-54259889-1075-1.html
Double Storey 10 Marla House For sale In Shalimar Colony Shalimar Colony,PKR 1.75 Crore,17500000,5,5,10 Marla,2250.0,7777,House,True,22,"TitaniumPKR1.75 CroreShalimar Colony, Multan5510 MarlaAdded: 1 month ago(Updated: 22 hours ago)SMSCall",102,Houses_Multan,for_sale,2026-07-24,https://www.zameen.com/Property/multan_shalimar_colony_double_storey_10_marla_house_for_sale_in_shalimar_colony_shalimar_colony-54211871-346-1.html
10 Marla House For Sale In Sameeja Abad Sameeja Abad,PKR 1.75 Crore,17500000,3,4,10 Marla,2250.0,7777,House,False,7,"PKR1.75 CroreSameeja Abad, Multan3410 MarlaAdded: 1 month ago(Updated: 1 week ago)SMSCall",89,Houses_Multan,for_sale,2026-07-24,https://www.zameen.com/Property/multan_sameeja_abad_10_marla_house_for_sale_in_sameeja_abad_sameeja_abad-54334886-1008-1.html
Prime Location 10 Marla House For Sale In Beautiful Mumtazabad,PKR 1.1 Crore,11000000,3,4,10 Marla,2250.0,4888,House,False,14,"PKR1.1 CroreMumtazabad, Multan3410 MarlaAdded: 4 weeks ago(Updated: 2 weeks ago)SMSCall",87,Houses_Multan,for_sale,2026-07-24,https://www.zameen.com/Property/multan_mumtazabad_prime_location_10_marla_house_for_sale_in_beautiful_mumtazabad-54397723-661-1.html
Your Dream Brand New 5 Marla House Is Available In Platinum Homes DHAM,PKR 1.65 Crore,16500000,3,4,5 Marla,1125.0,14666,House,True,14,super hot14VerifiedShare on FacebookShare on TwitterShare on WhatsAppSend via GMailSend via E-Mail,98,Houses_Multan,for_sale,2026-07-24,https://www.zameen.com/Property/dha_defence_platinum_homes_dham_your_dream_brand_new_5_marla_house_is_available_in_platinum_homes_dham-54337353-19061-1.html
10 Marla Ultra-Modern & Most Elegant House For Sale In Royal Orchard Multan,PKR 5.5 Crore,55000000,6,6,1 Kanal,4500.0,12222,House,True,29,super hot29Share on FacebookShare on TwitterShare on WhatsAppSend via GMailSend via E-Mail,90,Houses_Multan,for_sale,2026-07-24,https://www.zameen.com/Property/multan_dha_defence_10_marla_ultra-modern_most_elegant_house_for_sale_in_royal_orchard_multan-54215489-8581-1.html
5 Marla Brand New Triple Story Luxury House For Sale in Buch Villas,PKR 1.75 Crore,17500000,4,5,5 Marla,1125.0,15555,House,True,14,super hot14Share on FacebookShare on TwitterShare on WhatsAppSend via GMailSend via E-Mail,90,Houses_Multan,for_sale,2026-07-24,https://www.zameen.com/Property/multan_buch_executive_villas_5_marla_brand_new_triple_story_luxury_house_for_sale_in_buch_villas-54429444-8627-1.html
Best Options For House Is Available For Sale In Askari 3,PKR 5.5 Crore,55000000,5,5,1 Kanal,4500.0,12222,House,True,13,super hot13Share on FacebookShare on TwitterShare on WhatsAppSend via GMailSend via E-Mail,90,Houses_Multan,for_sale,2026-07-24,https://www.zameen.com/Property/dha_defence_askari_3_best_options_for_house_is_available_for_sale_in_askari_3-52626223-17156-1.html
Property For sale In Askari 3 Multan Is Available Under Rs. 31000000,PKR 3.1 Crore,31000000,4,4,10 Marla,2250.0,13777,House,True,11,super hot11Share on FacebookShare on TwitterShare on WhatsAppSend via GMailSend via E-Mail,90,Houses_Multan,for_sale,2026-07-24,https://www.zameen.com/Property/dha_defence_askari_3_property_for_sale_in_askari_3_multan_is_available_under_rs_31000000-53718216-17156-1.html
Brand New House* *Royal Orchard Multan* ki behtareen location par *10 Marla brand new luxury house* for sale hai.,PKR 3.8 Crore,38000000,5,6,10 Marla,2250.0,16888,House,True,40,super hot40Share on FacebookShare on TwitterShare on WhatsAppSend via GMailSend via E-Mail,90,Houses_Multan,for_sale,2026-07-24,https://www.zameen.com/Property/multan_multan_public_school_road_brand_new_house_royal_orchard_multan_ki_behtareen_location_par_10_marla_brand_new_luxury_house_for_sale_hai-54508262-8902-1.html
Brand New 5.23 Marla house Manik Block Buch villas,PKR 1.98 Crore,19800000,4,5,5.2 Marla,1170.0,16923,House,True,17,super hot171Share on FacebookShare on TwitterShare on WhatsAppSend via GMailSend via E-Mail,91,Houses_Multan,for_sale,2026-07-24,https://www.zameen.com/Property/multan_buch_executive_villas_brand_new_5_23_marla_house_manik_block_buch_villas-54501765-8627-1.html
1 kanal luxury House Available For Sale,PKR 5.75 Crore,57500000,6,5,1 Kanal,4500.0,12777,House,True,31,super hot31Share on FacebookShare on TwitterShare on WhatsAppSend via GMailSend via E-Mail,90,Houses_Multan,for_sale,2026-07-24,https://www.zameen.com/Property/dha_phase_1_dha_phase_1_-_sector_h_1_kanal_luxury_house_available_for_sale-54506939-14307-1.html
Semi Furnished 20 Marla House Available In Royal Orchard - Block E For Sale,PKR 7.15 Crore,71500000,5,6,1 Kanal,4500.0,15888,House,True,21,super hot21VerifiedShare on FacebookShare on TwitterShare on WhatsAppSend via GMailSend via E-Mail,98,Houses_Multan,for_sale,2026-07-24,https://www.zameen.com/Property/royal_orchard_royal_orchard_-_block_e_semi_furnished_20_marla_house_available_in_royal_orchard_-_block_e_for_sale-54438129-9497-1.html
Your Dream Brand New 3 Marla House Is Available In Multan Public School Road,PKR 1.1 Crore,11000000,3,4,3 Marla,675.0,16296,House,True,15,super hot15Share on FacebookShare on TwitterShare on WhatsAppSend via GMailSend via E-Mail,90,Houses_Multan,for_sale,2026-07-24,https://www.zameen.com/Property/multan_multan_public_school_road_your_dream_brand_new_3_marla_house_is_available_in_multan_public_school_road-54471273-8902-1.html
5 Marla Good Location Beautiful Modern Elevation House For Sale Buch Executive Villas,PKR 1.77 Crore,17700000,4,5,5 Marla,1125.0,15733,House,True,26,hot26Share on FacebookShare on TwitterShare on WhatsAppSend via GMailSend via E-Mail,84,Houses_Multan,for_sale,2026-07-24,https://www.zameen.com/Property/buch_executive_villas_buch_executive_villas_-_phase_1_5_marla_good_location_beautiful_modern_elevation_house_for_sale_buch_executive_villas-52866289-19719-1.html
Teacher colony phase 2,PKR 4.15 Crore,41500000,5,5,17 Marla,3825.0,10849,House,True,20,hot20Share on FacebookShare on TwitterShare on WhatsAppSend via GMailSend via E-Mail,84,Houses_Multan,for_sale,2026-07-24,https://www.zameen.com/Property/multan_public_school_road_teachers_colony_teacher_colony_phase_2-54375797-12478-1.html
Prime Location 10 marla House,PKR 3.2 Crore,32000000,5,6,10 Marla,2250.0,14222,House,False,18,hot18Share on FacebookShare on TwitterShare on WhatsAppSend via GMailSend via E-Mail,84,Houses_Multan,for_sale,2026-07-24,https://www.zameen.com/Property/multan_buch_executive_villas_prime_location_10_marla_house-54407047-8627-1.html
House Is Available For Sale,PKR 3.25 Crore,32500000,5,5,10 Marla,2250.0,14444,House,False,50,hot50VerifiedShare on FacebookShare on TwitterShare on WhatsAppSend via GMailSend via E-Mail,92,Houses_Multan,for_sale,2026-07-24,https://www.zameen.com/Property/wapda_town_wapda_town_phase_1_house_is_available_for_sale-52636270-5821-1.html
Double Storey 10 Marla House For Sale In Nasheman Colony Nasheman Colony,PKR 2.5 Crore,25000000,4,5,10 Marla,2250.0,11111,House,False,42,hot42Share on FacebookShare on TwitterShare on WhatsAppSend via GMailSend via E-Mail,84,Houses_Multan,for_sale,2026-07-24,https://www.zameen.com/Property/multan_nasheman_colony_double_storey_10_marla_house_for_sale_in_nasheman_colony_nasheman_colony-54102668-1075-1.html
Double Storey 7 Marla House Available In Fatima Avenue For sale,PKR 2.35 Crore,23500000,4,4,7 Marla,1575.0,14920,House,False,7,hot7VerifiedShare on FacebookShare on TwitterShare on WhatsAppSend via GMailSend via E-Mail,91,Houses_Multan,for_sale,2026-07-24,https://www.zameen.com/Property/multan_public_school_road_fatima_avenue_double_storey_7_marla_house_available_in_fatima_avenue_for_sale-54149436-21808-1.html
A Spacious 10 Marla House In ATC Villas,PKR 3.65 Crore,36500000,5,5,10 Marla,2250.0,16222,House,False,6,hot6Share on FacebookShare on TwitterShare on WhatsAppSend via GMailSend via E-Mail,83,Houses_Multan,for_sale,2026-07-24,https://www.zameen.com/Property/dha_phase_1_atc_villas_a_spacious_10_marla_house_in_atc_villas-53931695-22408-1.html
Double Storey 6 Marla House Available In Rehmat Colony For Sale,PKR 1.9 Crore,19000000,4,4,6 Marla,1350.0,14074,House,False,14,14Share on FacebookShare on TwitterShare on WhatsAppSend via GMailSend via E-Mail,81,Houses_Multan,for_sale,2026-07-24,https://www.zameen.com/Property/lodhi_colony_road_rehmat_colony_double_storey_6_marla_house_available_in_rehmat_colony_for_sale-54514064-14410-1.html
Your Dream Brand New 8 Marla House Is Available In DHA Phase 1 - Sector V,PKR 2.45 Crore,24500000,4,5,8 Marla,1800.0,13611,House,False,13,13VerifiedShare on FacebookShare on TwitterShare on WhatsAppSend via GMailSend via E-Mail,89,Houses_Multan,for_sale,2026-07-24,https://www.zameen.com/Property/dha_phase_1_dha_phase_1_-_sector_v_your_dream_brand_new_8_marla_house_is_available_in_dha_phase_1_-_sector_v-54348981-14321-1.html
Your Dream Brand New 20 Marla House Is Available In DHA Phase 1 - Sector M,PKR 5 Crore,50000000,5,6,1 Kanal,4500.0,11111,House,False,35,35VerifiedShare on FacebookShare on TwitterShare on WhatsAppSend via GMailSend via E-Mail,89,Houses_Multan,for_sale,2026-07-24,https://www.zameen.com/Property/dha_phase_1_dha_phase_1_-_sector_m_your_dream_brand_new_20_marla_house_is_available_in_dha_phase_1_-_sector_m-54317820-14312-1.html
Well-Constructed Grey Structure House Available For Sale In DHA Phase 1 - Sector V,PKR 1.05 Crore,10500000,3,4,5 Marla,1125.0,9333,House,False,10,10Share on FacebookShare on TwitterShare on WhatsAppSend via GMailSend via E-Mail,81,Houses_Multan,for_sale,2026-07-24,https://www.zameen.com/Property/dha_phase_1_dha_phase_1_-_sector_v_well-constructed_grey_structure_house_available_for_sale_in_dha_phase_1_-_sector_v-54111766-14321-1.html
Brand New 20 Marla House Available In DHA Phase 1 - Sector H For sale,PKR 5.75 Crore,57500000,5,6,1 Kanal,4500.0,12777,House,False,20,20VerifiedShare on FacebookShare on TwitterShare on WhatsAppSend via GMailSend via E-Mail,89,Houses_Multan,for_sale,2026-07-24,https://www.zameen.com/Property/dha_phase_1_dha_phase_1_-_sector_h_brand_new_20_marla_house_available_in_dha_phase_1_-_sector_h_for_sale-54513632-14307-1.html
10 Marla Double Storey Corner Full House For Sale,PKR 3.75 Crore,37500000,5,5,10 Marla,2250.0,16666,House,False,49,49Share on FacebookShare on TwitterShare on WhatsAppSend via GMailSend via E-Mail,81,Houses_Multan,for_sale,2026-07-24,https://www.zameen.com/Property/multan_public_school_road_royal_orchard_10_marla_double_storey_corner_full_house_for_sale-53454452-9492-1.html
Centrally Located Facing Park House For Sale In Wapda Town Phase 2 - Block R Available,PKR 6.25 Crore,62500000,6,6,1 Kanal,4500.0,13888,House,False,34,341VerifiedShare on FacebookShare on TwitterShare on WhatsAppSend via GMailSend via E-Mail,90,Houses_Multan,for_sale,2026-07-24,https://www.zameen.com/Property/wapda_town_phase_2_wapda_town_phase_2_-_block_r_centrally_located_facing_park_house_for_sale_in_wapda_town_phase_2_-_block_r_available-53118884-14209-1.html
Your Dream Brand New 5 Marla House Is Available In Fatima Avenue,PKR 1.75 Crore,17500000,3,4,5 Marla,1125.0,15555,House,False,19,19VerifiedShare on FacebookShare on TwitterShare on WhatsAppSend via GMailSend via E-Mail,89,Houses_Multan,for_sale,2026-07-24,https://www.zameen.com/Property/multan_public_school_road_fatima_avenue_your_dream_brand_new_5_marla_house_is_available_in_fatima_avenue-54503407-21808-1.html
Your Dream Brand New 20 Marla House Is Available In DHA Phase 1 - Sector M,PKR 6.25 Crore,62500000,5,6,1 Kanal,4500.0,13888,House,True,17,super hot17VerifiedShare on FacebookShare on TwitterShare on WhatsAppSend via GMailSend via E-Mail,98,Houses_Multan,for_sale,2026-07-24,https://www.zameen.com/Property/dha_phase_1_dha_phase_1_-_sector_m_your_dream_brand_new_20_marla_house_is_available_in_dha_phase_1_-_sector_m-54499922-14312-1.html
17 Marla executive House available,PKR 6.25 Crore,62500000,5,6,17 Marla,3825.0,16339,House,True,28,super hot28Share on FacebookShare on TwitterShare on WhatsAppSend via GMailSend via E-Mail,90,Houses_Multan,for_sale,2026-07-24,https://www.zameen.com/Property/multan_buch_executive_villas_17_marla_executive_house_available-54468413-8627-1.html
1 Kanal 80 Feet Road Sector M Most Beautiful Modern Elevation House For Sale DHA Multan On Good Location,PKR 6.4 Crore,64000000,6,6,1 Kanal,4500.0,14222,House,True,32,super hot32Share on FacebookShare on TwitterShare on WhatsAppSend via GMailSend via E-Mail,90,Houses_Multan,for_sale,2026-07-24,https://www.zameen.com/Property/multan_dha_defence_1_kanal_80_feet_road_sector_m_most_beautiful_modern_elevation_house_for_sale_dha_multan_on_good_location-54260779-8581-1.html
Brand New Luxury House Available For Sale,PKR 3.1 Crore,31000000,6,6,8 Marla,1800.0,17222,House,True,45,super hot45Share on FacebookShare on TwitterShare on WhatsAppSend via GMailSend via E-Mail,90,Houses_Multan,for_sale,2026-07-24,https://www.zameen.com/Property/multan_buch_executive_villas_brand_new_luxury_house_available_for_sale-52306382-8627-1.html
Step Inside This Beautiful 1 Kanal Designer House,PKR 4.3 Crore,43000000,5,6,1 Kanal,4500.0,9555,House,True,7,super hot7Share on FacebookShare on TwitterShare on WhatsAppSend via GMailSend via E-Mail,89,Houses_Multan,for_sale,2026-07-24,https://www.zameen.com/Property/multan_dha_defence_step_inside_this_beautiful_1_kanal_designer_house-54479813-8581-1.html
Your Dream Brand New 5 Marla House Is Available In Royal Orchard,PKR 1.95 Crore,19500000,4,4,5 Marla,1125.0,17333,House,True,5,super hot5VerifiedShare on FacebookShare on TwitterShare on WhatsAppSend via GMailSend via E-Mail,97,Houses_Multan,for_sale,2026-07-24,https://www.zameen.com/Property/multan_public_school_road_royal_orchard_your_dream_brand_new_5_marla_house_is_available_in_royal_orchard-54508344-9492-1.html
Prime Location 8 Marla House For Sale In Rs. 37000000 Only,PKR 3.6 Crore,36000000,6,6,8 Marla,1800.0,20000,House,True,20,super hot20Share on FacebookShare on TwitterShare on WhatsAppSend via GMailSend via E-Mail,90,Houses_Multan,for_sale,2026-07-24,https://www.zameen.com/Property/buch_executive_villas_phase_2_buch_villas_phase_2_-_manik_block_prime_location_8_marla_house_for_sale_in_rs_37000000_only-54195439-22186-1.html
A 20 Marla House For Sale At Bosan Road Multan,PKR 3.85 Crore,38500000,5,5,1 Kanal,4500.0,8555,House,True,17,super hot171VerifiedShare on FacebookShare on TwitterShare on WhatsAppSend via GMailSend via E-Mail,99,Houses_Multan,for_sale,2026-07-24,https://www.zameen.com/Property/multan_bosan_road_a_20_marla_house_for_sale_at_bosan_road_multan-53927818-5705-1.html
5 MARLA HOUSES AVAILABLE FOR SALE,PKR 1.85 Crore,18500000,4,5,5 Marla,1125.0,16444,House,True,12,super hot12Share on FacebookShare on TwitterShare on WhatsAppSend via GMailSend via E-Mail,90,Houses_Multan,for_sale,2026-07-24,https://www.zameen.com/Property/multan_buch_executive_villas_5_marla_houses_available_for_sale-54494504-8627-1.html
Prime Location 5 Marla House In Royal Orchard For Sale At Good Location,PKR 1.85 Crore,18500000,3,3,5 Marla,1125.0,16444,House,True,13,super hot13Share on FacebookShare on TwitterShare on WhatsAppSend via GMailSend via E-Mail,90,Houses_Multan,for_sale,2026-07-24,https://www.zameen.com/Property/multan_public_school_road_royal_orchard_prime_location_5_marla_house_in_royal_orchard_for_sale_at_good_location-54492735-9492-1.html
5 Marla House Is Available For Sale In Citi Housing,PKR 1.15 Crore,11500000,4,5,5 Marla,1125.0,10222,House,True,16,hot16Share on FacebookShare on TwitterShare on WhatsAppSend via GMailSend via E-Mail,84,Houses_Multan,for_sale,2026-07-24,https://www.zameen.com/Property/multan_citi_housing_5_marla_house_is_available_for_sale_in_citi_housing-54384339-12544-1.html
Royal Orchid Multan 10 Marla Fully Ultra Modern And Luxurious House,PKR 3.5 Crore,35000000,6,5,10 Marla,2250.0,15555,House,True,32,hot32Share on FacebookShare on TwitterShare on WhatsAppSend via GMailSend via E-Mail,84,Houses_Multan,for_sale,2026-07-24,https://www.zameen.com/Property/multan_public_school_road_royal_orchard_royal_orchid_multan_10_marla_fully_ultra_modern_and_luxurious_house-53525052-9492-1.html
House Is Available For Sale In ATC Villas,PKR 2 Crore,20000000,3,4,5 Marla,1125.0,17777,House,False,6,hot6Share on FacebookShare on TwitterShare on WhatsAppSend via GMailSend via E-Mail,83,Houses_Multan,for_sale,2026-07-24,https://www.zameen.com/Property/dha_phase_1_atc_villas_house_is_available_for_sale_in_atc_villas-53931693-22408-1.html
House Of 8 Marla Available In ATC Villas,PKR 3 Crore,30000000,4,4,8 Marla,1800.0,16666,House,False,6,hot6Share on FacebookShare on TwitterShare on WhatsAppSend via GMailSend via E-Mail,83,Houses_Multan,for_sale,2026-07-24,https://www.zameen.com/Property/dha_phase_1_atc_villas_house_of_8_marla_available_in_atc_villas-53931694-22408-1.html
Brand New 5 Marla House Available In Royal Orchard For sale,PKR 2 Crore,20000000,3,4,5 Marla,1125.0,17777,House,False,26,hot26Share on FacebookShare on TwitterShare on WhatsAppSend via GMailSend via E-Mail,84,Houses_Multan,for_sale,2026-07-24,https://www.zameen.com/Property/multan_public_school_road_royal_orchard_brand_new_5_marla_house_available_in_royal_orchard_for_sale-54151296-9492-1.html
10 Marla Brand New House For Sale in Royal Orchard Multan | Demand 3.80 Crore*,PKR 3.8 Crore,38000000,5,6,10 Marla,2250.0,16888,House,False,39,hot39Share on FacebookShare on TwitterShare on WhatsAppSend via GMailSend via E-Mail,84,Houses_Multan,for_sale,2026-07-24,https://www.zameen.com/Property/multan_public_school_road_royal_orchard_10_marla_brand_new_house_for_sale_in_royal_orchard_multan_demand_3_80_crore-54504984-9492-1.html
Fully Furnished 7 Marla House For Sale In Serene Villas Multan,PKR 2.9 Crore,29000000,3,4,7 Marla,1575.0,18412,House,False,43,hot43Share on FacebookShare on TwitterShare on WhatsAppSend via GMailSend via E-Mail,84,Houses_Multan,for_sale,2026-07-24,https://www.zameen.com/Property/jinnah_avenue_serene_villas_fully_furnished_7_marla_house_for_sale_in_serene_villas_multan-53950269-22097-1.html
Fully Furnished 9 Marla House For sale In Serene Villas Multan,PKR 4 Crore,40000000,4,5,9 Marla,2025.0,19753,House,False,15,15VerifiedShare on FacebookShare on TwitterShare on WhatsAppSend via GMailSend via E-Mail,89,Houses_Multan,for_sale,2026-07-24,https://www.zameen.com/Property/jinnah_avenue_serene_villas_fully_furnished_9_marla_house_for_sale_in_serene_villas_multan-54362764-22097-1.html
Well-Constructed Grey Structure House Available For Sale In DHA Phase 1 - Sector B1,PKR 2.2 Crore,22000000,4,5,10 Marla,2250.0,9777,House,False,6,6Share on FacebookShare on TwitterShare on WhatsAppSend via GMailSend via E-Mail,80,Houses_Multan,for_sale,2026-07-24,https://www.zameen.com/Property/dha_phase_1_dha_phase_1_-_sector_b1_well-constructed_grey_structure_house_available_for_sale_in_dha_phase_1_-_sector_b1-53826271-14300-1.html
House Of 5 Marla In DHA Phase 1 - Sector T Is Available,PKR 1.35 Crore,13500000,4,4,5 Marla,1125.0,12000,House,False,12,12Share on FacebookShare on TwitterShare on WhatsAppSend via GMailSend via E-Mail,81,Houses_Multan,for_sale,2026-07-24,https://www.zameen.com/Property/dha_phase_1_dha_phase_1_-_sector_t_house_of_5_marla_in_dha_phase_1_-_sector_t_is_available-52871916-14319-1.html
House Is Available For Sale,PKR 1.8 Crore,18000000,3,5,5 Marla,1125.0,16000,House,False,28,28Share on FacebookShare on TwitterShare on WhatsAppSend via GMailSend via E-Mail,81,Houses_Multan,for_sale,2026-07-24,https://www.zameen.com/Property/royal_orchard_royal_orchard_-_block_f_house_is_available_for_sale-53120645-9499-1.html
5 Marla Triple Storey House For Sale In Multan,PKR 2.15 Crore,21500000,5,5,5 Marla,1125.0,19111,House,False,44,44Share on FacebookShare on TwitterShare on WhatsAppSend via GMailSend via E-Mail,81,Houses_Multan,for_sale,2026-07-24,https://www.zameen.com/Property/multan_buch_executive_villas_5_marla_triple_storey_house_for_sale_in_multan-53517948-8627-1.html
Double Storey 10 Marla House For sale In Dream Garden Multan,PKR 4.25 Crore,42500000,5,6,10 Marla,2250.0,18888,House,False,28,28Share on FacebookShare on TwitterShare on WhatsAppSend via GMailSend via E-Mail,81,Houses_Multan,for_sale,2026-07-24,https://www.zameen.com/Property/purana_shujabad_road_dream_garden_double_storey_10_marla_house_for_sale_in_dream_garden_multan-53860384-8903-1.html
Unoccupied House Of 22 Marla Is Available For Sale In Bosan Road,PKR 5 Crore,50000000,6,6,1.1 Kanal,4950.0,10101,House,False,6,6VerifiedShare on FacebookShare on TwitterShare on WhatsAppSend via GMailSend via E-Mail,88,Houses_Multan,for_sale,2026-07-24,https://www.zameen.com/Property/multan_bosan_road_unoccupied_house_of_22_marla_is_available_for_sale_in_bosan_road-54332014-5705-1.html
37 Marla Corner House For sale,PKR 3.5 Crore,35000000,5,5,1.8 Kanal,8100.0,4320,House,False,9,9Share on FacebookShare on TwitterShare on WhatsAppSend via GMailSend via E-Mail,80,Houses_Multan,for_sale,2026-07-24,https://www.zameen.com/Property/multan_gulgasht_colony_37_marla_corner_house_for_sale-54139333-664-1.html
5 Marla Luxury House for Sale in Buch Executive Villas Multan | 4 Bed Beautiful Home,PKR 1.7 Crore,17000000,1,5,5 Marla,1125.0,15111,House,True,50,super hot50Share on FacebookShare on TwitterShare on WhatsAppSend via GMailSend via E-Mail,90,Houses_Multan,for_sale,2026-07-24,https://www.zameen.com/Property/multan_buch_executive_villas_5_marla_luxury_house_for_sale_in_buch_executive_villas_multan_4_bed_beautiful_home-54460093-8627-1.html
8 Marla Brand New Modern Design House Available For Sale,PKR 2.45 Crore,24500000,6,6,8 Marla,1800.0,13611,House,True,13,super hot13Share on FacebookShare on TwitterShare on WhatsAppSend via GMailSend via E-Mail,90,Houses_Multan,for_sale,2026-07-24,https://www.zameen.com/Property/multan_dha_defence_8_marla_brand_new_modern_design_house_available_for_sale-54075059-8581-1.html
20 Marla Brand New Luxury House For Sale | DHA Multan (Prime Location),PKR 5.5 Crore,55000000,5,6,1 Kanal,4500.0,12222,House,True,28,super hot28Share on FacebookShare on TwitterShare on WhatsAppSend via GMailSend via E-Mail,90,Houses_Multan,for_sale,2026-07-24,https://www.zameen.com/Property/dha_phase_1_dha_phase_1_-_sector_h_20_marla_brand_new_luxury_house_for_sale_dha_multan_prime_location-54473567-14307-1.html
20 Marla Brand New Luxury House For Sale | DHA Multan (Prime Location),PKR 5.3 Crore,53000000,5,6,1 Kanal,4500.0,11777,House,True,27,super hot27Share on FacebookShare on TwitterShare on WhatsAppSend via GMailSend via E-Mail,90,Houses_Multan,for_sale,2026-07-24,https://www.zameen.com/Property/dha_phase_1_dha_phase_1_-_sector_h_20_marla_brand_new_luxury_house_for_sale_dha_multan_prime_location-54473426-14307-1.html
Royal Orchid Multan 20 Marla Fully luxurious house for sale,PKR 6.9 Crore,69000000,8,6,1 Kanal,4500.0,15333,House,True,28,super hot28Share on FacebookShare on TwitterShare on WhatsAppSend via GMailSend via E-Mail,90,Houses_Multan,for_sale,2026-07-24,https://www.zameen.com/Property/multan_public_school_road_royal_orchard_royal_orchid_multan_20_marla_fully_luxurious_house_for_sale-53525017-9492-1.html
17 Marla Brand New Villa Available For Sale On Main Boulevard Buch Executive Villas Multan,PKR 6.4 Crore,64000000,6,7,17 Marla,3825.0,16732,House,True,39,super hot39Share on FacebookShare on TwitterShare on WhatsAppSend via GMailSend via E-Mail,90,Houses_Multan,for_sale,2026-07-24,https://www.zameen.com/Property/buch_executive_villas_buch_executive_villas_-_phase_1_17_marla_brand_new_villa_available_for_sale_on_main_boulevard_buch_executive_villas_multan-54491894-19719-1.html
10 Marla Newly Built Stylish Modern House Park Facing Royal Orchard Multan,PKR 3.5 Crore,35000000,5,6,10 Marla,2250.0,15555,House,True,21,super hot21Share on FacebookShare on TwitterShare on WhatsAppSend via GMailSend via E-Mail,90,Houses_Multan,for_sale,2026-07-24,https://www.zameen.com/Property/multan_public_school_road_royal_orchard_10_marla_newly_built_stylish_modern_house_park_facing_royal_orchard_multan-54494296-9492-1.html
10 Marla Brand New Double Story House Available For Sale,PKR 3 Crore,30000000,5,6,10 Marla,2250.0,13333,House,True,41,super hot41Share on FacebookShare on TwitterShare on WhatsAppSend via GMailSend via E-Mail,90,Houses_Multan,for_sale,2026-07-24,https://www.zameen.com/Property/multan_model_town_10_marla_brand_new_double_story_house_available_for_sale-54441731-1147-1.html
Corner 10 Marla House For Grabs In DHA Defence Askari 3,PKR 3.15 Crore,31500000,4,5,10 Marla,2250.0,14000,House,True,6,super hot6Share on FacebookShare on TwitterShare on WhatsAppSend via GMailSend via E-Mail,89,Houses_Multan,for_sale,2026-07-24,https://www.zameen.com/Property/dha_defence_askari_3_corner_10_marla_house_for_grabs_in_dha_defence_askari_3-54497748-17156-1.html
5 Marla Ultra Modern Luxurious House for Sale on MPS Road,PKR 1.55 Crore,15500000,4,5,5 Marla,1125.0,13777,House,True,24,hot24Share on FacebookShare on TwitterShare on WhatsAppSend via GMailSend via E-Mail,84,Houses_Multan,for_sale,2026-07-24,https://www.zameen.com/Property/multan_multan_public_school_road_5_marla_ultra_modern_luxurious_house_for_sale_on_mps_road-53619821-8902-1.html
Shalimar Colony Multan 5 Marla Pair Double Story House For Sale Fully Ultra Modern And Luxurious House,PKR 1.5 Crore,15000000,4,5,5 Marla,1125.0,13333,House,True,25,hot25Share on FacebookShare on TwitterShare on WhatsAppSend via GMailSend via E-Mail,84,Houses_Multan,for_sale,2026-07-24,https://www.zameen.com/Property/multan_shalimar_colony_shalimar_colony_multan_5_marla_pair_double_story_house_for_sale_fully_ultra_modern_and_luxurious_house-53605968-346-1.html
Double Storey 20 Marla House For Sale In DHA Phase 1 - Sector H Multan,PKR 3.25 Crore,32500000,5,6,1 Kanal,4500.0,7222,House,False,8,hot8Share on FacebookShare on TwitterShare on WhatsAppSend via GMailSend via E-Mail,83,Houses_Multan,for_sale,2026-07-24,https://www.zameen.com/Property/dha_phase_1_dha_phase_1_-_sector_h_double_storey_20_marla_house_for_sale_in_dha_phase_1_-_sector_h_multan-54194407-14307-1.html
Well-Constructed Brand New House Available For Sale In Nawabpur Road,PKR 95 Lakh,9500000,3,3,3 Marla,675.0,14074,House,False,6,hot6VerifiedShare on FacebookShare on TwitterShare on WhatsAppSend via GMailSend via E-Mail,91,Houses_Multan,for_sale,2026-07-24,https://www.zameen.com/Property/multan_nawabpur_road_well-constructed_brand_new_house_available_for_sale_in_nawabpur_road-54454167-8728-1.html
A Palatial Residence For Sale In Royal Orchard - Block G Multan,PKR 1.45 Crore,14500000,3,4,5 Marla,1125.0,12888,House,False,14,hot14VerifiedShare on FacebookShare on TwitterShare on WhatsAppSend via GMailSend via E-Mail,92,Houses_Multan,for_sale,2026-07-24,https://www.zameen.com/Property/royal_orchard_royal_orchard_-_block_g_a_palatial_residence_for_sale_in_royal_orchard_-_block_g_multan-54454944-9500-1.html
Well-Constructed Brand New House Available For Sale In DHA Phase 1 - Sector B1,PKR 3.2 Crore,32000000,4,5,10 Marla,2250.0,14222,House,False,25,hot25VerifiedShare on FacebookShare on TwitterShare on WhatsAppSend via GMailSend via E-Mail,92,Houses_Multan,for_sale,2026-07-24,https://www.zameen.com/Property/dha_phase_1_dha_phase_1_-_sector_b1_well-constructed_brand_new_house_available_for_sale_in_dha_phase_1_-_sector_b1-54476550-14300-1.html
7.5 Marla Brand New Duble Story House Available For Sale Buch Villas Multan. . .  Main Boulevards Aproch,PKR 3.25 Crore,32500000,5,6,7.5 Marla,1687.5,19259,House,False,17,hot17Share on FacebookShare on TwitterShare on WhatsAppSend via GMailSend via E-Mail,84,Houses_Multan,for_sale,2026-07-24,https://www.zameen.com/Property/buch_executive_villas_buch_executive_villas_-_phase_2_7_5_marla_brand_new_duble_story_house_available_for_sale_buch_villas_multan_main_boulevards_aproch-54496512-19720-1.html
3 Year Installment - House For Sale,PKR 1.5 Crore,15000000,3,4,5 Marla,1125.0,13333,House,False,13,13Share on FacebookShare on TwitterShare on WhatsAppSend via GMailSend via E-Mail,81,Houses_Multan,for_sale,2026-07-24,https://www.zameen.com/Property/dha_phase_1_dha_phase_1_-_sector_t_3_year_installment_-_house_for_sale-52707055-14319-1.html
8 Marla Brand New Modern Elevation House Available For Sale In DHA Multan,PKR 2.5 Crore,25000000,4,5,8 Marla,1800.0,13888,House,True,23,23Share on FacebookShare on TwitterShare on WhatsAppSend via GMailSend via E-Mail,81,Houses_Multan,for_sale,2026-07-24,https://www.zameen.com/Property/dha_phase_1_dha_phase_1_-_sector_v_8_marla_brand_new_modern_elevation_house_available_for_sale_in_dha_multan-54053824-14321-1.html
Get In Touch Now To Buy A Prime Location 21 Marla House In Gulgasht Colony,PKR 2.7 Crore,27000000,5,6,1 Kanal,4500.0,6000,House,False,30,30VerifiedShare on FacebookShare on TwitterShare on WhatsAppSend via GMailSend via E-Mail,89,Houses_Multan,for_sale,2026-07-24,https://www.zameen.com/Property/multan_gulgasht_colony_get_in_touch_now_to_buy_a_prime_location_21_marla_house_in_gulgasht_colony-54412069-664-1.html
In Multan You Can Find The Perfect House For Sale,PKR 6 Crore,60000000,5,6,1 Kanal,4500.0,13333,House,False,16,16Share on FacebookShare on TwitterShare on WhatsAppSend via GMailSend via E-Mail,81,Houses_Multan,for_sale,2026-07-24,https://www.zameen.com/Property/royal_orchard_royal_orchard_-_block_e_in_multan_you_can_find_the_perfect_house_for_sale-54454970-9497-1.html
Double Storey 23 Marla House For Sale In Mehmoodabad Multan,PKR 4.5 Crore,45000000,4,4,1.2 Kanal,5400.0,8333,House,False,20,20VerifiedShare on FacebookShare on TwitterShare on WhatsAppSend via GMailSend via E-Mail,89,Houses_Multan,for_sale,2026-07-24,https://www.zameen.com/Property/khanewal_road_mehmoodabad_double_storey_23_marla_house_for_sale_in_mehmoodabad_multan-54495176-13816-1.html
10 Marla House In Stunning Gulshan-e-Wahid Is Available For sale,PKR 2.3 Crore,23000000,6,6,10 Marla,2250.0,10222,House,False,18,18Share on FacebookShare on TwitterShare on WhatsAppSend via GMailSend via E-Mail,81,Houses_Multan,for_sale,2026-07-24,https://www.zameen.com/Property/multan_gulshan-e-wahid_10_marla_house_in_stunning_gulshan-e-wahid_is_available_for_sale-54476426-5747-1.html
Brand New 8 Marla House For sale In Royal Orchard - Block E Multan,PKR 2.6 Crore,26000000,4,6,8 Marla,1800.0,14444,House,False,18,18Share on FacebookShare on TwitterShare on WhatsAppSend via GMailSend via E-Mail,81,Houses_Multan,for_sale,2026-07-24,https://www.zameen.com/Property/royal_orchard_royal_orchard_-_block_e_brand_new_8_marla_house_for_sale_in_royal_orchard_-_block_e_multan-54405845-9497-1.html
Double Storey 5 Marla House For sale In New Shalimar Colony New Shalimar Colony,PKR 1.25 Crore,12500000,3,4,5 Marla,1125.0,11111,House,False,6,6VerifiedShare on FacebookShare on TwitterShare on WhatsAppSend via GMailSend via E-Mail,88,Houses_Multan,for_sale,2026-07-24,https://www.zameen.com/Property/multan_new_shalimar_colony_double_storey_5_marla_house_for_sale_in_new_shalimar_colony_new_shalimar_colony-54403259-12124-1.html
Royal Orchard Multan 21 Marla Double Storey House For Sale Fully Ultra Modern And Luxurious House,PKR 7.5 Crore,75000000,6,6,1 Kanal,4500.0,16666,House,True,45,super hot45Share on FacebookShare on TwitterShare on WhatsAppSend via GMailSend via E-Mail,90,Houses_Multan,for_sale,2026-07-24,https://www.zameen.com/Property/multan_public_school_road_royal_orchard_royal_orchard_multan_21_marla_double_storey_house_for_sale_fully_ultra_modern_and_luxurious_house-53277604-9492-1.html
1 Kanal Fully Luxury Modern House For Sale Royal Orchard Multan  An Outstanding 1 Kanal Fully Luxury Modern House Is Available For Sale In The Prime Location Of Royal Orchard Multan Designed,PKR 7.5 Crore,75000000,5,6,1 Kanal,4500.0,16666,House,True,30,super hot30Share on FacebookShare on TwitterShare on WhatsAppSend via GMailSend via E-Mail,90,Houses_Multan,for_sale,2026-07-24,https://www.zameen.com/Property/multan_public_school_road_royal_orchard_1_kanal_fully_luxury_modern_house_for_sale_royal_orchard_multan_an_outstanding_1_kanal_fully_luxury_modern_house_is_available_for_sale_in_the_prime_location_of_royal_orchard_multan_designed-54367585-9492-1.html
DHA Multan  20 Marla Double Story House for sale,PKR 5.25 Crore,52500000,6,6,1 Kanal,4500.0,11666,House,True,49,super hot49Share on FacebookShare on TwitterShare on WhatsAppSend via GMailSend via E-Mail,90,Houses_Multan,for_sale,2026-07-24,https://www.zameen.com/Property/dha_phase_1_dha_phase_1_-_sector_m_dha_multan_20_marla_double_story_house_for_sale-53455098-14312-1.html
DHA Multan _M Sector   3 Kanal Fully Furnished House For Sale  Double-Height TV Lounge Grand & airy ground floor lounge,PKR 20 Crore,200000000,5,6,3 Kanal,13500.0,14814,House,True,12,super hot12Share on FacebookShare on TwitterShare on WhatsAppSend via GMailSend via E-Mail,90,Houses_Multan,for_sale,2026-07-24,https://www.zameen.com/Property/dha_phase_1_dha_phase_1_-_sector_m_dha_multan_m_sector_3_kanal_fully_furnished_house_for_sale_double-height_tv_lounge_grand_airy_ground_floor_lounge-53890844-14312-1.html
20 Marla Brand New Luxury House For Sale,PKR 6.25 Crore,62500000,5,6,1 Kanal,4500.0,13888,House,True,36,super hot36Share on FacebookShare on TwitterShare on WhatsAppSend via GMailSend via E-Mail,90,Houses_Multan,for_sale,2026-07-24,https://www.zameen.com/Property/dha_phase_1_dha_phase_1_-_sector_m_20_marla_brand_new_luxury_house_for_sale-54483415-14312-1.html
10 Marla House Available For Sale,PKR 3.49 Crore,34900000,5,6,10 Marla,2250.0,15511,House,True,29,super hot29Share on FacebookShare on TwitterShare on WhatsAppSend via GMailSend via E-Mail,90,Houses_Multan,for_sale,2026-07-24,https://www.zameen.com/Property/dha_phase_1_dha_phase_1_-_sector_b1_10_marla_house_available_for_sale-54487634-14300-1.html
"Reasonably-Priced Prime Location 80'ft Road Facing 20 Marla House In DHA Phase 1 - Sector M, Multan Is Available As Of Now",PKR 5 Crore,50000000,5,5,1 Kanal,4500.0,11111,House,True,26,super hot26Share on FacebookShare on TwitterShare on WhatsAppSend via GMailSend via E-Mail,90,Houses_Multan,for_sale,2026-07-24,https://www.zameen.com/Property/dha_phase_1_dha_phase_1_-_sector_m_reasonably-priced_prime_location_80_ft_road_facing_20_marla_house_in_dha_phase_1_-_sector_m_multan_is_available_as_of_now-54126229-14312-1.html
Well-Constructed Brand New House Available For Sale In DHA Phase 1 - Sector H,PKR 5.5 Crore,55000000,5,6,1 Kanal,4500.0,12222,House,True,28,super hot28Share on FacebookShare on TwitterShare on WhatsAppSend via GMailSend via E-Mail,90,Houses_Multan,for_sale,2026-07-24,https://www.zameen.com/Property/dha_phase_1_dha_phase_1_-_sector_h_well-constructed_brand_new_house_available_for_sale_in_dha_phase_1_-_sector_h-54476668-14307-1.html
One Kanal Luxury House For Sale In Dha Multan,PKR 5.2 Crore,52000000,5,6,1 Kanal,4500.0,11555,House,True,27,super hot27Share on FacebookShare on TwitterShare on WhatsAppSend via GMailSend via E-Mail,90,Houses_Multan,for_sale,2026-07-24,https://www.zameen.com/Property/dha_phase_1_dha_phase_1_-_sector_h_one_kanal_luxury_house_for_sale_in_dha_multan-54384073-14307-1.html
9 Marla House for Sale in Gulgash Colony,PKR 3.1 Crore,31000000,5,6,9 Marla,2025.0,15308,House,True,15,super hot15Share on FacebookShare on TwitterShare on WhatsAppSend via GMailSend via E-Mail,90,Houses_Multan,for_sale,2026-07-24,https://www.zameen.com/Property/multan_gulgasht_colony_9_marla_house_for_sale_in_gulgash_colony-54474713-664-1.html
6 Marla Brand New Double Storey House For Sale In Outstanding Location of Gulgasht Colony,PKR 1.9 Crore,19000000,5,6,6 Marla,1350.0,14074,House,True,16,hot16Share on FacebookShare on TwitterShare on WhatsAppSend via GMailSend via E-Mail,84,Houses_Multan,for_sale,2026-07-24,https://www.zameen.com/Property/multan_gulgasht_colony_6_marla_brand_new_double_storey_house_for_sale_in_outstanding_location_of_gulgasht_colony-53869645-664-1.html
6 Marla Corner Triple Storey Manik Block  Buch Villas,PKR 2.2 Crore,22000000,5,6,6 Marla,1350.0,16296,House,True,30,hot30Share on FacebookShare on TwitterShare on WhatsAppSend via GMailSend via E-Mail,84,Houses_Multan,for_sale,2026-07-24,https://www.zameen.com/Property/multan_buch_executive_villas_6_marla_corner_triple_storey_manik_block_buch_villas-54137814-8627-1.html
10 Marla Modern Elevation House Available For Sale Mujahid Green Valley Multan,PKR 2.7 Crore,27000000,5,6,10 Marla,2250.0,12000,House,False,23,hot23Share on FacebookShare on TwitterShare on WhatsAppSend via GMailSend via E-Mail,84,Houses_Multan,for_sale,2026-07-24,https://www.zameen.com/Property/multan_bypass_mujahid_green_valley_10_marla_modern_elevation_house_available_for_sale_mujahid_green_valley_multan-54473919-17264-1.html
DHA Multan 1Kanal Hot Location,PKR 4 Crore,40000000,6,6,1 Kanal,4500.0,8888,House,False,16,hot16Share on FacebookShare on TwitterShare on WhatsAppSend via GMailSend via E-Mail,84,Houses_Multan,for_sale,2026-07-24,https://www.zameen.com/Property/dha_phase_1_dha_phase_1_-_sector_q_dha_multan_1kanal_hot_location-54429921-14316-1.html
Prime Location House For sale In Beautiful Buch Villas Phase 2 - Manik Block,PKR 2.25 Crore,22500000,4,4,5 Marla,1125.0,20000,House,False,23,hot23Share on FacebookShare on TwitterShare on WhatsAppSend via GMailSend via E-Mail,84,Houses_Multan,for_sale,2026-07-24,https://www.zameen.com/Property/buch_executive_villas_phase_2_buch_villas_phase_2_-_manik_block_prime_location_house_for_sale_in_beautiful_buch_villas_phase_2_-_manik_block-54486542-22186-1.html
"10 Marla Brand New Triple Storey Luxury House for Sale in Buch Villas, Multan",PKR 3.85 Crore,38500000,6,6,10 Marla,2250.0,17111,House,False,28,hot28Share on FacebookShare on TwitterShare on WhatsAppSend via GMailSend via E-Mail,84,Houses_Multan,for_sale,2026-07-24,https://www.zameen.com/Property/buch_executive_villas_buch_executive_villas_-_phase_2_10_marla_brand_new_triple_storey_luxury_house_for_sale_in_buch_villas_multan-54503702-19720-1.html
Aesthetic Prime Location House Of 7 Marla For Sale Is Available,PKR 3.25 Crore,32500000,5,5,7 Marla,1575.0,20634,House,False,23,hot23Share on FacebookShare on TwitterShare on WhatsAppSend via GMailSend via E-Mail,84,Houses_Multan,for_sale,2026-07-24,https://www.zameen.com/Property/multan_buch_executive_villas_aesthetic_prime_location_house_of_7_marla_for_sale_is_available-54492362-8627-1.html
Tripple Storey 10 Marla House For Sale In Ghagra Villas Multan,PKR 3.5 Crore,35000000,5,6,10 Marla,2250.0,15555,House,False,12,12VerifiedShare on FacebookShare on TwitterShare on WhatsAppSend via GMailSend via E-Mail,89,Houses_Multan,for_sale,2026-07-24,https://www.zameen.com/Property/multan_public_school_road_ghagra_villas_tripple_storey_10_marla_house_for_sale_in_ghagra_villas_multan-54401041-14255-1.html
Double Storey 24 Marla House For Sale In Bahadurpur Bahadurpur,PKR 2.7 Crore,27000000,4,5,1.2 Kanal,5400.0,5000,House,False,17,17VerifiedShare on FacebookShare on TwitterShare on WhatsAppSend via GMailSend via E-Mail,89,Houses_Multan,for_sale,2026-07-24,https://www.zameen.com/Property/multan_bahadurpur_double_storey_24_marla_house_for_sale_in_bahadurpur_bahadurpur-54315411-8620-1.html
Your Dream Fully Furnished 9 Marla House Is Available In DHA Defence,PKR 4 Crore,40000000,4,5,9 Marla,2025.0,19753,House,False,17,17VerifiedShare on FacebookShare on TwitterShare on WhatsAppSend via GMailSend via E-Mail,89,Houses_Multan,for_sale,2026-07-24,https://www.zameen.com/Property/multan_dha_defence_your_dream_fully_furnished_9_marla_house_is_available_in_dha_defence-54302970-8581-1.html
Brand New 10 Marla House Available In New Shalimar Colony For sale,PKR 2.15 Crore,21500000,5,6,10 Marla,2250.0,9555,House,False,10,10VerifiedShare on FacebookShare on TwitterShare on WhatsAppSend via GMailSend via E-Mail,89,Houses_Multan,for_sale,2026-07-24,https://www.zameen.com/Property/multan_new_shalimar_colony_brand_new_10_marla_house_available_in_new_shalimar_colony_for_sale-54237085-12124-1.html
Best Options For Corner House Is Available For Sale In Katchehry Road,PKR 3.15 Crore,31500000,3,4,14 Marla,3150.0,10000,House,False,15,15VerifiedShare on FacebookShare on TwitterShare on WhatsAppSend via GMailSend via E-Mail,89,Houses_Multan,for_sale,2026-07-24,https://www.zameen.com/Property/multan_katchehry_road_best_options_for_corner_house_is_available_for_sale_in_katchehry_road-54426176-8662-1.html
5 Marla Beautiful Luxury House For Sale In Buch Vilas Multan,PKR 3.2 Crore,32000000,5,6,7.5 Marla,1687.5,18962,House,False,15,15Share on FacebookShare on TwitterShare on WhatsAppSend via GMailSend via E-Mail,81,Houses_Multan,for_sale,2026-07-24,https://www.zameen.com/Property/multan_buch_executive_villas_5_marla_beautiful_luxury_house_for_sale_in_buch_vilas_multan-50765955-8627-1.html
7.5 Marla Beautiful Luxury House For Sale In Buch Vilas Multan,PKR 2.95 Crore,29500000,7,6,7 Marla,1575.0,18730,House,False,28,28Share on FacebookShare on TwitterShare on WhatsAppSend via GMailSend via E-Mail,81,Houses_Multan,for_sale,2026-07-24,https://www.zameen.com/Property/buch_executive_villas_phase_2_buch_villas_phase_2_-_manik_block_7_5_marla_beautiful_luxury_house_for_sale_in_buch_vilas_multan-54352601-22186-1.html
6 Marla Ultra Modern Double Storey Most Elegant House For Sale In Buch Villas Multan,PKR 2.5 Crore,25000000,4,5,6 Marla,1350.0,18518,House,False,35,35Share on FacebookShare on TwitterShare on WhatsAppSend via GMailSend via E-Mail,81,Houses_Multan,for_sale,2026-07-24,https://www.zameen.com/Property/buch_executive_villas_phase_2_buch_villas_phase_2_-_ali_block_6_marla_ultra_modern_double_storey_most_elegant_house_for_sale_in_buch_villas_multan-54363715-22187-1.html
"*Wapda Town Phase 1, Multan* 1 Kanal Beautiful House For Sale*",PKR 7.2 Crore,72000000,5,6,1 Kanal,4500.0,16000,House,True,26,super hot26Share on FacebookShare on TwitterShare on WhatsAppSend via GMailSend via E-Mail,90,Houses_Multan,for_sale,2026-07-24,https://www.zameen.com/Property/wapda_town_wapda_town_phase_1_wapda_town_phase_1_multan_1_kanal_beautiful_house_for_sale-54396547-5821-1.html
10 MARLA MODERN HOUSE FOR SALE Nearest To Zoo Developed Area Location Buch Villas Phase 1 Demand 350 Size 10 Marla ( Type Double),PKR 3.3 Crore,33000000,7,6,10 Marla,2250.0,14666,House,True,37,super hot37Share on FacebookShare on TwitterShare on WhatsAppSend via GMailSend via E-Mail,90,Houses_Multan,for_sale,2026-07-24,https://www.zameen.com/Property/multan_buch_executive_villas_10_marla_modern_house_for_sale_nearest_to_zoo_developed_area_location_buch_villas_phase_1_demand_350_size_10_marla_type_double-53303441-8627-1.html
20 Marla Duble Storey Beautiful Luxury House For Sale In Royal Orchard Multan,PKR 7.15 Crore,71500000,5,6,1 Kanal,4500.0,15888,House,True,50,super hot50Share on FacebookShare on TwitterShare on WhatsAppSend via GMailSend via E-Mail,90,Houses_Multan,for_sale,2026-07-24,https://www.zameen.com/Property/royal_orchard_royal_orchard_-_block_e_20_marla_duble_storey_beautiful_luxury_house_for_sale_in_royal_orchard_multan-54389058-9497-1.html
One Kanal Luxurious House For Sale In DHA Multan Sector H,PKR 5.7 Crore,57000000,6,6,1 Kanal,4500.0,12666,House,True,28,super hot28Share on FacebookShare on TwitterShare on WhatsAppSend via GMailSend via E-Mail,90,Houses_Multan,for_sale,2026-07-24,https://www.zameen.com/Property/dha_phase_1_dha_phase_1_-_sector_h_one_kanal_luxurious_house_for_sale_in_dha_multan_sector_h-54386592-14307-1.html
20 Marla Brand New Luxury House For Sale | Royal Orchard Multan (Prime Location),PKR 7.15 Crore,71500000,5,6,1 Kanal,4500.0,15888,House,True,33,super hot33Share on FacebookShare on TwitterShare on WhatsAppSend via GMailSend via E-Mail,90,Houses_Multan,for_sale,2026-07-24,https://www.zameen.com/Property/multan_public_school_road_royal_orchard_20_marla_brand_new_luxury_house_for_sale_royal_orchard_multan_prime_location-54473598-9492-1.html
DHA Multan Sector M 1 Kanal House Available For Sale,PKR 5.5 Crore,55000000,5,6,1 Kanal,4500.0,12222,House,True,7,super hot7Share on FacebookShare on TwitterShare on WhatsAppSend via GMailSend via E-Mail,89,Houses_Multan,for_sale,2026-07-24,https://www.zameen.com/Property/dha_phase_1_dha_phase_1_-_sector_m_dha_multan_sector_m_1_kanal_house_available_for_sale-54417502-14312-1.html
DHA Multan 1 Kanal House Available For Sale In Sector H 'M,PKR 5.25 Crore,52500000,5,6,1 Kanal,4500.0,11666,House,True,11,super hot11Share on FacebookShare on TwitterShare on WhatsAppSend via GMailSend via E-Mail,90,Houses_Multan,for_sale,2026-07-24,https://www.zameen.com/Property/multan_dha_defence_dha_multan_1_kanal_house_available_for_sale_in_sector_h_m-54417488-8581-1.html
21 Marla Newly Construction Modern Stylish House Royal Orchard Multan!,PKR 6.5 Crore,65000000,5,7,1 Kanal,4500.0,14444,House,True,50,super hot50Share on FacebookShare on TwitterShare on WhatsAppSend via GMailSend via E-Mail,90,Houses_Multan,for_sale,2026-07-24,https://www.zameen.com/Property/multan_public_school_road_royal_orchard_21_marla_newly_construction_modern_stylish_house_royal_orchard_multan-54473236-9492-1.html
7 Marla Double Storey House- Bosan Road - Near Metro station & Metro Mart,PKR 1.69 Crore,16900000,4,5,8.4 Marla,1890.0,8941,House,True,11,super hot11VerifiedShare on FacebookShare on TwitterShare on WhatsAppSend via GMailSend via E-Mail,98,Houses_Multan,for_sale,2026-07-24,https://www.zameen.com/Property/multan_bosan_road_7_marla_double_storey_house-_bosan_road_-_near_metro_station_metro_mart-54287289-5705-1.html
22 Marla Corner Extra land sports complex facing near to masjid & commercial shops house for sale demand,PKR 6 Crore,60000000,6,6,1.1 Kanal,4950.0,12121,House,True,33,super hot33Share on FacebookShare on TwitterShare on WhatsAppSend via GMailSend via E-Mail,90,Houses_Multan,for_sale,2026-07-24,https://www.zameen.com/Property/dha_phase_1_dha_phase_1_-_sector_h_22_marla_corner_extra_land_sports_complex_facing_near_to_masjid_commercial_shops_house_for_sale_demand-54409431-14307-1.html
20 Marla Brand New Luxury House For Sale | Royal Orchard Multan (Prime Location),PKR 7.15 Crore,71500000,5,6,1 Kanal,4500.0,15888,House,True,33,hot33Share on FacebookShare on TwitterShare on WhatsAppSend via GMailSend via E-Mail,84,Houses_Multan,for_sale,2026-07-24,https://www.zameen.com/Property/multan_public_school_road_royal_orchard_20_marla_brand_new_luxury_house_for_sale_royal_orchard_multan_prime_location-54392526-9492-1.html
*3 Marla Beautiful House for Sale*,PKR 1.1 Crore,11000000,3,4,3 Marla,675.0,16296,House,True,16,hot16Share on FacebookShare on TwitterShare on WhatsAppSend via GMailSend via E-Mail,84,Houses_Multan,for_sale,2026-07-24,https://www.zameen.com/Property/multan_multan_public_school_road_3_marla_beautiful_house_for_sale-54479637-8902-1.html
Double Storey 5 Marla House Available In Multan Public School Road For Sale,PKR 1.4 Crore,14000000,4,5,5 Marla,1125.0,12444,House,False,11,hot11VerifiedShare on FacebookShare on TwitterShare on WhatsAppSend via GMailSend via E-Mail,92,Houses_Multan,for_sale,2026-07-24,https://www.zameen.com/Property/multan_multan_public_school_road_double_storey_5_marla_house_available_in_multan_public_school_road_for_sale-54208461-8902-1.html
Brand New 4 Marla House For Sale In Fatima Avenue Multan,PKR 1.4 Crore,14000000,3,5,4 Marla,900.0,15555,House,False,17,hot17VerifiedShare on FacebookShare on TwitterShare on WhatsAppSend via GMailSend via E-Mail,92,Houses_Multan,for_sale,2026-07-24,https://www.zameen.com/Property/multan_public_school_road_fatima_avenue_brand_new_4_marla_house_for_sale_in_fatima_avenue_multan-54454881-21808-1.html
10 Marla Luxury Modern House For Sale In Royal Orchard Multan,PKR 3.5 Crore,35000000,5,6,10 Marla,2250.0,15555,House,False,24,hot24Share on FacebookShare on TwitterShare on WhatsAppSend via GMailSend via E-Mail,84,Houses_Multan,for_sale,2026-07-24,https://www.zameen.com/Property/multan_public_school_road_royal_orchard_10_marla_luxury_modern_house_for_sale_in_royal_orchard_multan-54395615-9492-1.html
Double Storey 5 Marla House For Sale In Buch Executive Villas Buch Executive Villas,PKR 1.85 Crore,18500000,4,5,5 Marla,1125.0,16444,House,False,10,hot10VerifiedShare on FacebookShare on TwitterShare on WhatsAppSend via GMailSend via E-Mail,92,Houses_Multan,for_sale,2026-07-24,https://www.zameen.com/Property/multan_buch_executive_villas_double_storey_5_marla_house_for_sale_in_buch_executive_villas_buch_executive_villas-54383404-8627-1.html
5 Modern House In Royal Orchard Multan,PKR 2 Crore,20000000,3,4,5 Marla,1125.0,17777,House,False,15,hot15Share on FacebookShare on TwitterShare on WhatsAppSend via GMailSend via E-Mail,84,Houses_Multan,for_sale,2026-07-24,https://www.zameen.com/Property/multan_public_school_road_royal_orchard_5_modern_house_in_royal_orchard_multan-54395641-9492-1.html
5.5 Marla Beautiful Luxury House For Sale In Buch Vilas Multan,PKR 2.2 Crore,22000000,5,6,5.5 Marla,1237.5,17777,House,False,21,21Share on FacebookShare on TwitterShare on WhatsAppSend via GMailSend via E-Mail,81,Houses_Multan,for_sale,2026-07-24,https://www.zameen.com/Property/buch_executive_villas_phase_2_buch_villas_phase_2_-_manik_block_5_5_marla_beautiful_luxury_house_for_sale_in_buch_vilas_multan-54364467-22186-1.html
5 Marla Brand New Double Story House For Sale MA Jinnah Road,PKR 1.4 Crore,14000000,5,7,5 Marla,1125.0,12444,House,False,21,21Share on FacebookShare on TwitterShare on WhatsAppSend via GMailSend via E-Mail,81,Houses_Multan,for_sale,2026-07-24,https://www.zameen.com/Property/multan_ma_jinnah_road_5_marla_brand_new_double_story_house_for_sale_ma_jinnah_road-54511695-10426-1.html
Prime Location House Of 10 Marla In Shah Rukn-E-Alam Colony Is Available,PKR 2.35 Crore,23500000,5,6,10 Marla,2250.0,10444,House,False,24,24Share on FacebookShare on TwitterShare on WhatsAppSend via GMailSend via E-Mail,81,Houses_Multan,for_sale,2026-07-24,https://www.zameen.com/Property/multan_shah_rukn-e-alam_colony_prime_location_house_of_10_marla_in_shah_rukn-e-alam_colony_is_available-54282741-658-1.html
Find Your Ideal Prime Location House In Shah Rukn-e-Alam Colony Under Rs. 8500000,PKR 85 Lakh,8500000,3,3,3 Marla,675.0,12592,House,False,14,14Share on FacebookShare on TwitterShare on WhatsAppSend via GMailSend via E-Mail,81,Houses_Multan,for_sale,2026-07-24,https://www.zameen.com/Property/multan_shah_rukn-e-alam_colony_find_your_ideal_prime_location_house_in_shah_rukn-e-alam_colony_under_rs_8500000-54470789-658-1.html
Get This Amazing Prime Location 35 Marla House Available In DHA Phase 1 - Sector R,PKR 6 Crore,60000000,6,6,1.7 Kanal,7650.0,7843,House,False,23,23Share on FacebookShare on TwitterShare on WhatsAppSend via GMailSend via E-Mail,81,Houses_Multan,for_sale,2026-07-24,https://www.zameen.com/Property/dha_phase_1_dha_phase_1_-_sector_r_get_this_amazing_prime_location_35_marla_house_available_in_dha_phase_1_-_sector_r-53950029-14317-1.html
Prime Location House Available For Sale In Shah Rukn-E-Alam Colony,PKR 1.5 Crore,15000000,4,4,7 Marla,1575.0,9523,House,False,8,8Share on FacebookShare on TwitterShare on WhatsAppSend via GMailSend via E-Mail,80,Houses_Multan,for_sale,2026-07-24,https://www.zameen.com/Property/multan_shah_rukn-e-alam_colony_prime_location_house_available_for_sale_in_shah_rukn-e-alam_colony-54201678-658-1.html
A Spacious Prime Location 20 Marla House In Shah Rukn-E-Alam Colony - Block H,PKR 5 Crore,50000000,5,5,1 Kanal,4500.0,11111,House,False,26,26Share on FacebookShare on TwitterShare on WhatsAppSend via GMailSend via E-Mail,81,Houses_Multan,for_sale,2026-07-24,https://www.zameen.com/Property/shah_rukn_e_alam_colony_shah_rukn-e-alam_colony_-_block_h_a_spacious_prime_location_20_marla_house_in_shah_rukn-e-alam_colony_-_block_h-54217811-5809-1.html
Single Storey 5 Marla House Available In Shah Rukn-E-Alam Colony For Sale,PKR 1.3 Crore,13000000,2,2,5 Marla,1125.0,11555,House,False,14,14VerifiedShare on FacebookShare on TwitterShare on WhatsAppSend via GMailSend via E-Mail,89,Houses_Multan,for_sale,2026-07-24,https://www.zameen.com/Property/multan_shah_rukn-e-alam_colony_single_storey_5_marla_house_available_in_shah_rukn-e-alam_colony_for_sale-54282740-658-1.html
20 Marla Brand New Luxury House For Sale Royal Orchard Multan C Block (Prime Location),PKR 7 Crore,70000000,5,6,1 Kanal,4500.0,15555,House,True,39,super hot39Share on FacebookShare on TwitterShare on WhatsAppSend via GMailSend via E-Mail,90,Houses_Multan,for_sale,2026-07-24,https://www.zameen.com/Property/royal_orchard_royal_orchard_-_block_c_20_marla_brand_new_luxury_house_for_sale_royal_orchard_multan_c_block_prime_location-53559131-9496-1.html
"Royal Orchard, Multan.   20 Marla house for sale",PKR 7.5 Crore,75000000,6,6,1 Kanal,4500.0,16666,House,True,21,super hot21Share on FacebookShare on TwitterShare on WhatsAppSend via GMailSend via E-Mail,90,Houses_Multan,for_sale,2026-07-24,https://www.zameen.com/Property/royal_orchard_royal_orchard_-_executive_block_royal_orchard_multan_20_marla_house_for_sale-54040855-22439-1.html
House For Sale In Mda Coporative Phase 2,PKR 5.3 Crore,53000000,5,6,1 Kanal,4500.0,11777,House,True,37,super hot37Share on FacebookShare on TwitterShare on WhatsAppSend via GMailSend via E-Mail,90,Houses_Multan,for_sale,2026-07-24,https://www.zameen.com/Property/multan_mda_co-operative_housing_scheme_house_for_sale_in_mda_coporative_phase_2-54472050-1400-1.html
9 Marla Villa For Sale In DHA Multan Villas For Sale Slightly Used,PKR 3 Crore,30000000,4,5,9 Marla,2025.0,14814,House,True,19,super hot19Share on FacebookShare on TwitterShare on WhatsAppSend via GMailSend via E-Mail,90,Houses_Multan,for_sale,2026-07-24,https://www.zameen.com/Property/dha_defence_dha_villas_9_marla_villa_for_sale_in_dha_multan_villas_for_sale_slightly_used-52634859-14018-1.html
5 Marla Beautiful Luxury Triple Storey House Available For Sale In Buch Villas Multan,PKR 1.75 Crore,17500000,4,6,5 Marla,1125.0,15555,House,True,50,super hot50Share on FacebookShare on TwitterShare on WhatsAppSend via GMailSend via E-Mail,90,Houses_Multan,for_sale,2026-07-24,https://www.zameen.com/Property/multan_buch_executive_villas_5_marla_beautiful_luxury_triple_storey_house_available_for_sale_in_buch_villas_multan-52475914-8627-1.html
Your Dream Facing Park 20 Marla House Is Available In DHA Phase 1 - Sector M,PKR 4.5 Crore,45000000,5,6,1 Kanal,4500.0,10000,House,True,17,super hot17Share on FacebookShare on TwitterShare on WhatsAppSend via GMailSend via E-Mail,90,Houses_Multan,for_sale,2026-07-24,https://www.zameen.com/Property/dha_phase_1_dha_phase_1_-_sector_m_your_dream_facing_park_20_marla_house_is_available_in_dha_phase_1_-_sector_m-54366132-14312-1.html
Buy A Prime Location 5 Marla House For Sale In Royal Orchard,PKR 1.87 Crore,18700000,3,4,5 Marla,1125.0,16622,House,True,19,super hot19Share on FacebookShare on TwitterShare on WhatsAppSend via GMailSend via E-Mail,90,Houses_Multan,for_sale,2026-07-24,https://www.zameen.com/Property/multan_public_school_road_royal_orchard_buy_a_prime_location_5_marla_house_for_sale_in_royal_orchard-54443021-9492-1.html
10 Marla Beautiful Villa For Sale In Buch Villas,PKR 3.65 Crore,36500000,4,4,10 Marla,2250.0,16222,House,True,12,super hot12Share on FacebookShare on TwitterShare on WhatsAppSend via GMailSend via E-Mail,90,Houses_Multan,for_sale,2026-07-24,https://www.zameen.com/Property/multan_buch_executive_villas_10_marla_beautiful_villa_for_sale_in_buch_villas-54426770-8627-1.html
A Stunning Prime Location House Is Up For Grabs In Royal Orchard Multan,PKR 7.6 Crore,76000000,5,5,1 Kanal,4500.0,16888,House,True,34,super hot34Share on FacebookShare on TwitterShare on WhatsAppSend via GMailSend via E-Mail,90,Houses_Multan,for_sale,2026-07-24,https://www.zameen.com/Property/multan_public_school_road_royal_orchard_a_stunning_prime_location_house_is_up_for_grabs_in_royal_orchard_multan-54428289-9492-1.html
10 Marla Luxury House For Sale In Royal Orchard Multan,PKR 3.5 Crore,35000000,5,6,10 Marla,2250.0,15555,House,True,34,super hot34Share on FacebookShare on TwitterShare on WhatsAppSend via GMailSend via E-Mail,90,Houses_Multan,for_sale,2026-07-24,https://www.zameen.com/Property/multan_public_school_road_royal_orchard_10_marla_luxury_house_for_sale_in_royal_orchard_multan-54387743-9492-1.html
Prime Location House Of 7 Marla Available For Sale In Buch Villas Phase 2 - Manik Block,PKR 2.95 Crore,29500000,5,6,7 Marla,1575.0,18730,House,True,49,hot49Share on FacebookShare on TwitterShare on WhatsAppSend via GMailSend via E-Mail,84,Houses_Multan,for_sale,2026-07-24,https://www.zameen.com/Property/buch_executive_villas_phase_2_buch_villas_phase_2_-_manik_block_prime_location_house_of_7_marla_available_for_sale_in_buch_villas_phase_2_-_manik_block-52948197-22186-1.html
20 Marla Luxury House DHA House For Sale,PKR 4.25 Crore,42500000,6,6,1 Kanal,4500.0,9444,House,True,12,hot12Share on FacebookShare on TwitterShare on WhatsAppSend via GMailSend via E-Mail,84,Houses_Multan,for_sale,2026-07-24,https://www.zameen.com/Property/dha_phase_1_dha_phase_1_-_sector_m_20_marla_luxury_house_dha_house_for_sale-53463793-14312-1.html
5 Marla Modern House Available In Buch Villas Multan,PKR 2.15 Crore,21500000,4,4,5 Marla,1125.0,19111,House,False,17,hot17Share on FacebookShare on TwitterShare on WhatsAppSend via GMailSend via E-Mail,84,Houses_Multan,for_sale,2026-07-24,https://www.zameen.com/Property/buch_executive_villas_phase_2_buch_villas_phase_2_-_manik_block_5_marla_modern_house_available_in_buch_villas_multan-54409078-22186-1.html
5 Marla Brand New Double Story House For Sale In Mps Road Multan,PKR 1.5 Crore,15000000,4,5,5 Marla,1125.0,13333,House,False,15,hot15Share on FacebookShare on TwitterShare on WhatsAppSend via GMailSend via E-Mail,84,Houses_Multan,for_sale,2026-07-24,https://www.zameen.com/Property/multan_multan_public_school_road_5_marla_brand_new_double_story_house_for_sale_in_mps_road_multan-54382690-8902-1.html
3.4 Marla Brand New Double Storey House For Sale In Bahadurpur Near Bosan Road Multan,PKR 1.15 Crore,11500000,3,4,3.4 Marla,765.0,15032,House,False,17,hot17Share on FacebookShare on TwitterShare on WhatsAppSend via GMailSend via E-Mail,84,Houses_Multan,for_sale,2026-07-24,https://www.zameen.com/Property/multan_bahadurpur_3_4_marla_brand_new_double_storey_house_for_sale_in_bahadurpur_near_bosan_road_multan-54423159-8620-1.html
3.5 MARLA HOUSE AVAILABLE FOR SALE,PKR 1.59 Crore,15900000,4,5,3.5 Marla,787.5,20190,House,False,17,hot17Share on FacebookShare on TwitterShare on WhatsAppSend via GMailSend via E-Mail,84,Houses_Multan,for_sale,2026-07-24,https://www.zameen.com/Property/multan_buch_executive_villas_3_5_marla_house_available_for_sale-54506929-8627-1.html
5 Marla Brand New Triple Storey Luxury House for Sale in Prime Location,PKR 2.17 Crore,21700000,4,5,5 Marla,1125.0,19288,House,False,21,21Share on FacebookShare on TwitterShare on WhatsAppSend via GMailSend via E-Mail,81,Houses_Multan,for_sale,2026-07-24,https://www.zameen.com/Property/buch_executive_villas_buch_executive_villas_-_phase_2_5_marla_brand_new_triple_storey_luxury_house_for_sale_in_prime_location-54510734-19720-1.html
Prominently-Located 20 Marla House Available In Askari 3,PKR 5.15 Crore,51500000,5,6,1 Kanal,4500.0,11444,House,False,20,20VerifiedShare on FacebookShare on TwitterShare on WhatsAppSend via GMailSend via E-Mail,89,Houses_Multan,for_sale,2026-07-24,https://www.zameen.com/Property/dha_defence_askari_3_prominently-located_20_marla_house_available_in_askari_3-54476315-17156-1.html
6 Marla Slightly Used Double Storey House For Sale,PKR 1.65 Crore,16500000,5,6,6 Marla,1350.0,12222,House,False,14,14VerifiedShare on FacebookShare on TwitterShare on WhatsAppSend via GMailSend via E-Mail,89,Houses_Multan,for_sale,2026-07-24,https://www.zameen.com/Property/multan_shalimar_colony_6_marla_slightly_used_double_storey_house_for_sale-54281825-346-1.html
Brand New 4 Marla House Available In Chowk Kumharanwala For Sale,PKR 1.05 Crore,10500000,4,4,4 Marla,900.0,11666,House,False,27,27VerifiedShare on FacebookShare on TwitterShare on WhatsAppSend via GMailSend via E-Mail,89,Houses_Multan,for_sale,2026-07-24,https://www.zameen.com/Property/multan_chowk_kumharanwala_brand_new_4_marla_house_available_in_chowk_kumharanwala_for_sale-54147438-1004-1.html
10 Marla House At Prime Location Of 60 Feet Road Wapda Town Phase 2 Multan,PKR 2.75 Crore,27500000,5,6,10 Marla,2250.0,12222,House,False,7,7Share on FacebookShare on TwitterShare on WhatsAppSend via GMailSend via E-Mail,80,Houses_Multan,for_sale,2026-07-24,https://www.zameen.com/Property/wapda_town_phase_2_wapda_town_phase_2_-_block_s_10_marla_house_at_prime_location_of_60_feet_road_wapda_town_phase_2_multan-54404558-14213-1.html
Double Storey 10 Marla House For Sale In Wapda Town Phase 1 - Block D Multan,PKR 2.85 Crore,28500000,5,5,10 Marla,2250.0,12666,House,False,18,18VerifiedShare on FacebookShare on TwitterShare on WhatsAppSend via GMailSend via E-Mail,89,Houses_Multan,for_sale,2026-07-24,https://www.zameen.com/Property/wapda_town_phase_1_wapda_town_phase_1_-_block_d_double_storey_10_marla_house_for_sale_in_wapda_town_phase_1_-_block_d_multan-54285116-14203-1.html
Fully Furnished 5 Marla House With 8 Kw Hybrid Solar Net Metering For Sale In Royal Orchard - Block F Multan,PKR 2.1 Crore,21000000,3,3,5 Marla,1125.0,18666,House,False,25,251VerifiedShare on FacebookShare on TwitterShare on WhatsAppSend via GMailSend via E-Mail,90,Houses_Multan,for_sale,2026-07-24,https://www.zameen.com/Property/royal_orchard_royal_orchard_-_block_f_fully_furnished_5_marla_house_with_8_kw_hybrid_solar_net_metering_for_sale_in_royal_orchard_-_block_f_multan-54101385-9499-1.html
10 Marla Designer House For Sale,PKR 2.65 Crore,26500000,6,7,10 Marla,2250.0,11777,House,False,4,4Share on FacebookShare on TwitterShare on WhatsAppSend via GMailSend via E-Mail,80,Houses_Multan,for_sale,2026-07-24,https://www.zameen.com/Property/dha_phase_1_dha_phase_1_-_sector_b1_10_marla_designer_house_for_sale-53590902-14300-1.html
Semi Furnished 20 Marla House Available In Royal Orchard For sale,PKR 7.15 Crore,71500000,5,6,1 Kanal,4500.0,15888,House,True,38,super hot38VerifiedShare on FacebookShare on TwitterShare on WhatsAppSend via GMailSend via E-Mail,98,Houses_Multan,for_sale,2026-07-24,https://www.zameen.com/Property/multan_public_school_road_royal_orchard_semi_furnished_20_marla_house_available_in_royal_orchard_for_sale-54392198-9492-1.html
5.5 Marla Brand New Luxury House For Sale in Wapda Town Phase 1,PKR 2.5 Crore,25000000,4,5,5.5 Marla,1237.5,20202,House,True,38,super hot38Share on FacebookShare on TwitterShare on WhatsAppSend via GMailSend via E-Mail,90,Houses_Multan,for_sale,2026-07-24,https://www.zameen.com/Property/wapda_town_wapda_town_phase_1_5_5_marla_brand_new_luxury_house_for_sale_in_wapda_town_phase_1-54425196-5821-1.html
1 Kanal Brand New house available for sale,PKR 7.25 Crore,72500000,6,6,1 Kanal,4500.0,16111,House,True,40,super hot40Share on FacebookShare on TwitterShare on WhatsAppSend via GMailSend via E-Mail,90,Houses_Multan,for_sale,2026-07-24,https://www.zameen.com/Property/wapda_town_wapda_town_phase_1_1_kanal_brand_new_house_available_for_sale-54401745-5821-1.html
5 Marle House Available For Sale,PKR 1.35 Crore,13500000,4,5,5 Marla,1125.0,12000,House,True,12,super hot12Share on FacebookShare on TwitterShare on WhatsAppSend via GMailSend via E-Mail,90,Houses_Multan,for_sale,2026-07-24,https://www.zameen.com/Property/citi_housing_phase_1_citi_housing_-_block_c_5_marle_house_available_for_sale-53959337-17369-1.html
20 Marla Stylish Spanish House Royal Orchard Multan Excellent Location,PKR 6.5 Crore,65000000,6,7,1 Kanal,4500.0,14444,House,True,48,super hot48Share on FacebookShare on TwitterShare on WhatsAppSend via GMailSend via E-Mail,90,Houses_Multan,for_sale,2026-07-24,https://www.zameen.com/Property/multan_public_school_road_royal_orchard_20_marla_stylish_spanish_house_royal_orchard_multan_excellent_location-54438888-9492-1.html
Well-constructed Semi Furnished House Available For sale In Royal Orchard - Block E,PKR 7.15 Crore,71500000,5,6,1 Kanal,4500.0,15888,House,True,28,super hot28VerifiedShare on FacebookShare on TwitterShare on WhatsAppSend via GMailSend via E-Mail,98,Houses_Multan,for_sale,2026-07-24,https://www.zameen.com/Property/royal_orchard_royal_orchard_-_block_e_well-constructed_semi_furnished_house_available_for_sale_in_royal_orchard_-_block_e-54437702-9497-1.html
Brand New 20 Marla House Available In Royal Orchard - Block A For Sale,PKR 7.5 Crore,75000000,5,6,1 Kanal,4500.0,16666,House,True,23,super hot23VerifiedShare on FacebookShare on TwitterShare on WhatsAppSend via GMailSend via E-Mail,98,Houses_Multan,for_sale,2026-07-24,https://www.zameen.com/Property/royal_orchard_royal_orchard_-_block_a_brand_new_20_marla_house_available_in_royal_orchard_-_block_a_for_sale-54437701-9494-1.html
5 Marla Most Luxurious Ultra Modern Corner House Available For Sale At Prime Location,PKR 1.99 Crore,19900000,4,5,5 Marla,1125.0,17688,House,True,28,super hot28Share on FacebookShare on TwitterShare on WhatsAppSend via GMailSend via E-Mail,90,Houses_Multan,for_sale,2026-07-24,https://www.zameen.com/Property/multan_buch_executive_villas_5_marla_most_luxurious_ultra_modern_corner_house_available_for_sale_at_prime_location-53784018-8627-1.html
1 Kanal House For Sale,PKR 4.2 Crore,42000000,5,6,1 Kanal,4500.0,9333,House,True,14,super hot14Share on FacebookShare on TwitterShare on WhatsAppSend via GMailSend via E-Mail,90,Houses_Multan,for_sale,2026-07-24,https://www.zameen.com/Property/dha_phase_1_dha_phase_1_-_sector_i_1_kanal_house_for_sale-54384075-14308-1.html
To sale You Can Find Spacious Prime Location House In Wapda Town Phase 1 - Block D,PKR 2.5 Crore,25000000,4,4,5 Marla,1125.0,22222,House,True,26,super hot261VerifiedShare on FacebookShare on TwitterShare on WhatsAppSend via GMailSend via E-Mail,99,Houses_Multan,for_sale,2026-07-24,https://www.zameen.com/Property/wapda_town_phase_1_wapda_town_phase_1_-_block_d_to_sale_you_can_find_spacious_prime_location_house_in_wapda_town_phase_1_-_block_d-54402617-14203-1.html
A Prime Location 7.5 Marla House In Buch Executive Villas Is On The Market For Sale,PKR 2.5 Crore,25000000,5,6,7.5 Marla,1687.5,14814,House,True,9,hot9Share on FacebookShare on TwitterShare on WhatsAppSend via GMailSend via E-Mail,83,Houses_Multan,for_sale,2026-07-24,https://www.zameen.com/Property/multan_buch_executive_villas_a_prime_location_7_5_marla_house_in_buch_executive_villas_is_on_the_market_for_sale-53716642-8627-1.html
5 Marla Brand New Spanish House Available For Sale in Gated Community In shalimar,PKR 1.25 Crore,12500000,4,5,5 Marla,1125.0,11111,House,True,30,hot30Share on FacebookShare on TwitterShare on WhatsAppSend via GMailSend via E-Mail,84,Houses_Multan,for_sale,2026-07-24,https://www.zameen.com/Property/model_town_model_town_-_block_b_5_marla_brand_new_spanish_house_available_for_sale_in_gated_community_in_shalimar-53400091-5773-1.html
Spacious Prime Location House Is Available In Buch Villas Phase 2 - Manik Block For Sale,PKR 2.3 Crore,23000000,4,4,5 Marla,1125.0,20444,House,False,24,hot24Share on FacebookShare on TwitterShare on WhatsAppSend via GMailSend via E-Mail,84,Houses_Multan,for_sale,2026-07-24,https://www.zameen.com/Property/buch_executive_villas_phase_2_buch_villas_phase_2_-_manik_block_spacious_prime_location_house_is_available_in_buch_villas_phase_2_-_manik_block_for_sale-54427412-22186-1.html
5 Marla Designer House At Prime Location,PKR 2.25 Crore,22500000,4,5,5 Marla,1125.0,20000,House,False,16,hot16Share on FacebookShare on TwitterShare on WhatsAppSend via GMailSend via E-Mail,84,Houses_Multan,for_sale,2026-07-24,https://www.zameen.com/Property/multan_buch_executive_villas_5_marla_designer_house_at_prime_location-54504915-8627-1.html
"13 Marla Luxury House For Sale In Buch Villas, Multan",PKR 4.5 Crore,45000000,6,6,13 Marla,2925.0,15384,House,False,9,hot9Share on FacebookShare on TwitterShare on WhatsAppSend via GMailSend via E-Mail,83,Houses_Multan,for_sale,2026-07-24,https://www.zameen.com/Property/multan_buch_executive_villas_13_marla_luxury_house_for_sale_in_buch_villas_multan-54495919-8627-1.html
1 KANAL HOUSE AVAILABLE FOR SALE,PKR 4.2 Crore,42000000,5,6,1 Kanal,4500.0,9333,House,False,14,hot14Share on FacebookShare on TwitterShare on WhatsAppSend via GMailSend via E-Mail,84,Houses_Multan,for_sale,2026-07-24,https://www.zameen.com/Property/dha_phase_1_dha_phase_1_-_sector_q_1_kanal_house_available_for_sale-54511404-14316-1.html
Double Storey 10 Marla House Available In Shalimar Colony For Sale,PKR 3.2 Crore,32000000,5,6,10 Marla,2250.0,14222,House,False,28,hot28Share on FacebookShare on TwitterShare on WhatsAppSend via GMailSend via E-Mail,84,Houses_Multan,for_sale,2026-07-24,https://www.zameen.com/Property/multan_shalimar_colony_double_storey_10_marla_house_available_in_shalimar_colony_for_sale-54481591-346-1.html
7.5 Marla Brand New Double Storey VVIP Luxury House for Sale in Prime Location,PKR 3.1 Crore,31000000,6,6,8 Marla,1800.0,17222,House,False,16,16Share on FacebookShare on TwitterShare on WhatsAppSend via GMailSend via E-Mail,81,Houses_Multan,for_sale,2026-07-24,https://www.zameen.com/Property/buch_executive_villas_buch_executive_villas_-_phase_2_7_5_marla_brand_new_double_storey_vvip_luxury_house_for_sale_in_prime_location-54510153-19720-1.html
Well-Constructed Brand New House Available For Sale In Zakariya Town,PKR 1.5 Crore,15000000,3,4,5 Marla,1125.0,13333,House,False,18,18VerifiedShare on FacebookShare on TwitterShare on WhatsAppSend via GMailSend via E-Mail,89,Houses_Multan,for_sale,2026-07-24,https://www.zameen.com/Property/multan_zakariya_town_well-constructed_brand_new_house_available_for_sale_in_zakariya_town-54212450-1518-1.html
Double Storey 787 Square Feet House For Sale In New Shalimar Colony New Shalimar Colony,PKR 1.3 Crore,13000000,3,4,3.5 Marla,787.5,16507,House,False,18,18Share on FacebookShare on TwitterShare on WhatsAppSend via GMailSend via E-Mail,81,Houses_Multan,for_sale,2026-07-24,https://www.zameen.com/Property/multan_new_shalimar_colony_double_storey_787_square_feet_house_for_sale_in_new_shalimar_colony_new_shalimar_colony-54308565-12124-1.html
Brand New 5 Marla House Available In Adams Housing Scheme - Block A For sale,PKR 1.65 Crore,16500000,3,4,5 Marla,1125.0,14666,House,False,15,15VerifiedShare on FacebookShare on TwitterShare on WhatsAppSend via GMailSend via E-Mail,89,Houses_Multan,for_sale,2026-07-24,https://www.zameen.com/Property/adams_housing_scheme_adams_housing_scheme_-_block_a_brand_new_5_marla_house_available_in_adams_housing_scheme_-_block_a_for_sale-54299410-19728-1.html
Brand New 7 Marla House For Sale In New Shalimar Colony New Shalimar Colony,PKR 1.9 Crore,19000000,4,6,7 Marla,1575.0,12063,House,False,22,22Share on FacebookShare on TwitterShare on WhatsAppSend via GMailSend via E-Mail,81,Houses_Multan,for_sale,2026-07-24,https://www.zameen.com/Property/multan_new_shalimar_colony_brand_new_7_marla_house_for_sale_in_new_shalimar_colony_new_shalimar_colony-54308564-12124-1.html
Double Storey 10 Marla House For Sale In Wapda Town Phase 2 Multan,PKR 3.25 Crore,32500000,5,5,10 Marla,2250.0,14444,House,False,18,18Share on FacebookShare on TwitterShare on WhatsAppSend via GMailSend via E-Mail,81,Houses_Multan,for_sale,2026-07-24,https://www.zameen.com/Property/wapda_town_wapda_town_phase_2_double_storey_10_marla_house_for_sale_in_wapda_town_phase_2_multan-54508515-5825-1.html
Prime Location 4 Marla House Is Available In Affordable Price In Buch Executive Villas,PKR 1.4 Crore,14000000,3,4,4 Marla,900.0,15555,House,False,5,5Share on FacebookShare on TwitterShare on WhatsAppSend via GMailSend via E-Mail,80,Houses_Multan,for_sale,2026-07-24,https://www.zameen.com/Property/multan_buch_executive_villas_prime_location_4_marla_house_is_available_in_affordable_price_in_buch_executive_villas-54347308-8627-1.html
Prime Location 4 Marla House In Bahadurpur Is Available For Sale,PKR 1.1 Crore,11000000,3,4,4 Marla,900.0,12222,House,False,16,16Share on FacebookShare on TwitterShare on WhatsAppSend via GMailSend via E-Mail,81,Houses_Multan,for_sale,2026-07-24,https://www.zameen.com/Property/multan_bahadurpur_prime_location_4_marla_house_in_bahadurpur_is_available_for_sale-54195562-8620-1.html
10 Marla House Available For Sale In Buch Executive Villas,PKR 3.15 Crore,31500000,4,5,10 Marla,2250.0,14000,House,True,13,super hot13Share on FacebookShare on TwitterShare on WhatsAppSend via GMailSend via E-Mail,90,Houses_Multan,for_sale,2026-07-24,https://www.zameen.com/Property/multan_buch_executive_villas_10_marla_house_available_for_sale_in_buch_executive_villas-54400471-8627-1.html
Brand New 20 Marla House For Sale In DHA Phase 1 - Sector M Multan,PKR 4.75 Crore,47500000,5,6,1 Kanal,4500.0,10555,House,True,14,super hot14VerifiedShare on FacebookShare on TwitterShare on WhatsAppSend via GMailSend via E-Mail,98,Houses_Multan,for_sale,2026-07-24,https://www.zameen.com/Property/dha_phase_1_dha_phase_1_-_sector_m_brand_new_20_marla_house_for_sale_in_dha_phase_1_-_sector_m_multan-54255574-14312-1.html
Well-Constructed Brand New House Available For Sale In Zakariya Town,PKR 1.4 Crore,14000000,4,5,5 Marla,1125.0,12444,House,True,10,super hot10Share on FacebookShare on TwitterShare on WhatsAppSend via GMailSend via E-Mail,90,Houses_Multan,for_sale,2026-07-24,https://www.zameen.com/Property/multan_zakariya_town_well-constructed_brand_new_house_available_for_sale_in_zakariya_town-54302731-1518-1.html
One Kanal Awesome Villa For Sale In Royal Orchard Multan,PKR 7 Crore,70000000,6,6,1 Kanal,4500.0,15555,House,True,26,super hot26Share on FacebookShare on TwitterShare on WhatsAppSend via GMailSend via E-Mail,90,Houses_Multan,for_sale,2026-07-24,https://www.zameen.com/Property/multan_public_school_road_royal_orchard_one_kanal_awesome_villa_for_sale_in_royal_orchard_multan-54389050-9492-1.html
1 Kanal Brand New Luxurious Double Story Spanish Park Facing House Available For Sell In Wapda Town Phase 2,PKR 6.9 Crore,69000000,5,5,1 Kanal,4500.0,15333,House,True,24,super hot24Share on FacebookShare on TwitterShare on WhatsAppSend via GMailSend via E-Mail,90,Houses_Multan,for_sale,2026-07-24,https://www.zameen.com/Property/wapda_town_wapda_town_phase_2_1_kanal_brand_new_luxurious_double_story_spanish_park_facing_house_available_for_sell_in_wapda_town_phase_2-54424119-5825-1.html
Citi Housing Multan 5 Marla Triple Storey Double Storey Luxurious Citi Housing Block D,PKR 1.1 Crore,11000000,4,5,5 Marla,1125.0,9777,House,True,1,super hot1Share on FacebookShare on TwitterShare on WhatsAppSend via GMailSend via E-Mail,89,Houses_Multan,for_sale,2026-07-24,https://www.zameen.com/Property/citi_housing_citi_housing_phase_1_citi_housing_multan_5_marla_triple_storey_double_storey_luxurious_citi_housing_block_d-54387384-21449-1.html
7.5 Marla Brand New Double Storey House Available For Sale Near To Model Town & Northern Bypass,PKR 2.2 Crore,22000000,5,6,7.5 Marla,1687.5,13037,House,True,33,hot33Share on FacebookShare on TwitterShare on WhatsAppSend via GMailSend via E-Mail,84,Houses_Multan,for_sale,2026-07-24,https://www.zameen.com/Property/model_town_model_town_-_block_b_7_5_marla_brand_new_double_storey_house_available_for_sale_near_to_model_town_northern_bypass-54184755-5773-1.html
6 Marla Brand New A Class Construction House Available For Sale At Bosan Road Near Punjab College,PKR 1.75 Crore,17500000,5,6,6 Marla,1350.0,12962,House,True,36,hot36Share on FacebookShare on TwitterShare on WhatsAppSend via GMailSend via E-Mail,84,Houses_Multan,for_sale,2026-07-24,https://www.zameen.com/Property/multan_bosan_road_6_marla_brand_new_a_class_construction_house_available_for_sale_at_bosan_road_near_punjab_college-54127862-5705-1.html
6 Marla Brand New Corner Double Storey House Available For Sale In Gated Society At Mps Road & Multan Avenue,PKR 2.15 Crore,21500000,4,5,6 Marla,1350.0,15925,House,True,46,hot46Share on FacebookShare on TwitterShare on WhatsAppSend via GMailSend via E-Mail,84,Houses_Multan,for_sale,2026-07-24,https://www.zameen.com/Property/multan_multan_public_school_road_6_marla_brand_new_corner_double_storey_house_available_for_sale_in_gated_society_at_mps_road_multan_avenue-54423008-8902-1.html
5 Marla Brand New A+ Construction House Available For Sale At Mps Road Gated Society,PKR 1.5 Crore,15000000,4,5,5 Marla,1125.0,13333,House,True,32,hot32Share on FacebookShare on TwitterShare on WhatsAppSend via GMailSend via E-Mail,84,Houses_Multan,for_sale,2026-07-24,https://www.zameen.com/Property/multan_multan_public_school_road_5_marla_brand_new_a_construction_house_available_for_sale_at_mps_road_gated_society-54499301-8902-1.html
7 Marla Brand New Modern Elevation House Available For Sale At Gated Society Mps Road,PKR 2.2 Crore,22000000,5,6,7 Marla,1575.0,13968,House,True,43,hot43Share on FacebookShare on TwitterShare on WhatsAppSend via GMailSend via E-Mail,84,Houses_Multan,for_sale,2026-07-24,https://www.zameen.com/Property/multan_multan_public_school_road_7_marla_brand_new_modern_elevation_house_available_for_sale_at_gated_society_mps_road-54499489-8902-1.html
Stunning House Is Available For sale In Premium Homes,PKR 3.6 Crore,36000000,4,5,10 Marla,2250.0,16000,House,True,8,hot8VerifiedShare on FacebookShare on TwitterShare on WhatsAppSend via GMailSend via E-Mail,91,Houses_Multan,for_sale,2026-07-24,https://www.zameen.com/Property/dha_defence_premium_homes_stunning_house_is_available_for_sale_in_premium_homes-54318176-22232-1.html
Ready To Buy A Prime Location House 3 Marla In Multan,PKR 1.7 Crore,17000000,4,4,3 Marla,675.0,25185,House,False,13,hot13Share on FacebookShare on TwitterShare on WhatsAppSend via GMailSend via E-Mail,84,Houses_Multan,for_sale,2026-07-24,https://www.zameen.com/Property/buch_executive_villas_phase_2_buch_villas_phase_2_-_manik_block_ready_to_buy_a_prime_location_house_3_marla_in_multan-54475910-22186-1.html
Well-Constructed Brand New House Available For Sale In Garden Town,PKR 55 Lakh,5500000,3,3,2.2 Marla,495.00000000000006,11111,House,False,1,hot1VerifiedShare on FacebookShare on TwitterShare on WhatsAppSend via GMailSend via E-Mail,91,Houses_Multan,for_sale,2026-07-24,https://www.zameen.com/Property/multan_garden_town_well-constructed_brand_new_house_available_for_sale_in_garden_town-54399804-924-1.html
Brand New 5 Marla House For sale In Al-Falah Model City Multan,PKR 1.55 Crore,15500000,4,5,5 Marla,1125.0,13777,House,False,1,hot1Share on FacebookShare on TwitterShare on WhatsAppSend via GMailSend via E-Mail,83,Houses_Multan,for_sale,2026-07-24,https://www.zameen.com/Property/mattital_road_al-falah_model_city_brand_new_5_marla_house_for_sale_in_al-falah_model_city_multan-54508870-20469-1.html
Prime Location A Centrally Located House Is Available For sale In Multan,PKR 2.7 Crore,27000000,5,5,10 Marla,2250.0,12000,House,False,5,hot5Share on FacebookShare on TwitterShare on WhatsAppSend via GMailSend via E-Mail,83,Houses_Multan,for_sale,2026-07-24,https://www.zameen.com/Property/dha_defence_askari_3_prime_location_a_centrally_located_house_is_available_for_sale_in_multan-54509242-17156-1.html
Perfect Prime Location 10 Marla House In Askari 3 For sale,PKR 2.8 Crore,28000000,5,5,10 Marla,2250.0,12444,House,False,5,hot5Share on FacebookShare on TwitterShare on WhatsAppSend via GMailSend via E-Mail,83,Houses_Multan,for_sale,2026-07-24,https://www.zameen.com/Property/dha_defence_askari_3_perfect_prime_location_10_marla_house_in_askari_3_for_sale-54509243-17156-1.html
Get This Amazing Prime Location 5 Marla House Available In Model Town,PKR 1.6 Crore,16000000,4,5,5 Marla,1125.0,14222,House,False,23,23Share on FacebookShare on TwitterShare on WhatsAppSend via GMailSend via E-Mail,81,Houses_Multan,for_sale,2026-07-24,https://www.zameen.com/Property/multan_model_town_get_this_amazing_prime_location_5_marla_house_available_in_model_town-54195560-1147-1.html
Spacious Prime Location House Is Available In Shalimar Colony For sale,PKR 75 Lakh,7500000,3,3,3 Marla,675.0,11111,House,False,12,12Share on FacebookShare on TwitterShare on WhatsAppSend via GMailSend via E-Mail,81,Houses_Multan,for_sale,2026-07-24,https://www.zameen.com/Property/multan_shalimar_colony_spacious_prime_location_house_is_available_in_shalimar_colony_for_sale-53834867-346-1.html
Your Dream Brand New 2306 Square Feet House Is Available In Royal Orchard,PKR 3.4 Crore,34000000,5,6,10.2 Marla,2295.0,14814,House,False,22,22Share on FacebookShare on TwitterShare on WhatsAppSend via GMailSend via E-Mail,81,Houses_Multan,for_sale,2026-07-24,https://www.zameen.com/Property/multan_public_school_road_royal_orchard_your_dream_brand_new_2306_square_feet_house_is_available_in_royal_orchard-54462600-9492-1.html
Well-Constructed Brand New House Available For Sale In Buch Executive Villas,PKR 4.1 Crore,41000000,5,6,10 Marla,2250.0,18222,House,False,19,19VerifiedShare on FacebookShare on TwitterShare on WhatsAppSend via GMailSend via E-Mail,89,Houses_Multan,for_sale,2026-07-24,https://www.zameen.com/Property/multan_buch_executive_villas_well-constructed_brand_new_house_available_for_sale_in_buch_executive_villas-54401109-8627-1.html
Your Dream Brand New 20 Marla House Is Available In Royal Orchard,PKR 7.45 Crore,74500000,5,6,1 Kanal,4500.0,16555,House,False,40,40VerifiedShare on FacebookShare on TwitterShare on WhatsAppSend via GMailSend via E-Mail,89,Houses_Multan,for_sale,2026-07-24,https://www.zameen.com/Property/multan_public_school_road_royal_orchard_your_dream_brand_new_20_marla_house_is_available_in_royal_orchard-54401292-9492-1.html
5 Marla Luxury House In Buch Villas Maink Block,PKR 2.25 Crore,22500000,4,4,5 Marla,1125.0,20000,House,False,17,17Share on FacebookShare on TwitterShare on WhatsAppSend via GMailSend via E-Mail,81,Houses_Multan,for_sale,2026-07-24,https://www.zameen.com/Property/multan_buch_executive_villas_5_marla_luxury_house_in_buch_villas_maink_block-54409050-8627-1.html
5 Marla Modern Luxury House In Buch Villas Multan,PKR 2.2 Crore,22000000,4,4,5 Marla,1125.0,19555,House,False,17,17Share on FacebookShare on TwitterShare on WhatsAppSend via GMailSend via E-Mail,81,Houses_Multan,for_sale,2026-07-24,https://www.zameen.com/Property/buch_executive_villas_phase_2_buch_villas_phase_2_-_manik_block_5_marla_modern_luxury_house_in_buch_villas_multan-54409118-22186-1.html
Brand New 5 Marla House For Sale In Buch Villas Phase 2 - Manik Block Multan,PKR 2.1 Crore,21000000,4,4,5 Marla,1125.0,18666,House,False,12,12VerifiedShare on FacebookShare on TwitterShare on WhatsAppSend via GMailSend via E-Mail,89,Houses_Multan,for_sale,2026-07-24,https://www.zameen.com/Property/buch_executive_villas_phase_2_buch_villas_phase_2_-_manik_block_brand_new_5_marla_house_for_sale_in_buch_villas_phase_2_-_manik_block_multan-54413489-22186-1.html
9 Marla Villa for Sale Near Masjid & Park with,PKR 3 Crore,30000000,4,5,9 Marla,2025.0,14814,House,True,25,hot25Share on FacebookShare on TwitterShare on WhatsAppSend via GMailSend via E-Mail,84,Houses_Multan,for_sale,2026-07-24,https://www.zameen.com/Property/dha_defence_dha_villas_9_marla_villa_for_sale_near_masjid_park_with-53686424-14018-1.html
12 Marla Premium House For Sale In DHA Multan Sector C,PKR 4.3 Crore,43000000,4,5,12 Marla,2700.0,15925,House,True,23,hot23Share on FacebookShare on TwitterShare on WhatsAppSend via GMailSend via E-Mail,84,Houses_Multan,for_sale,2026-07-24,https://www.zameen.com/Property/dha_defence_premium_homes_12_marla_premium_house_for_sale_in_dha_multan_sector_c-54102101-22232-1.html
Your Dream Brand New 5 Marla House Is Available In Royal Orchard,PKR 2 Crore,20000000,3,4,5 Marla,1125.0,17777,House,True,13,hot13VerifiedShare on FacebookShare on TwitterShare on WhatsAppSend via GMailSend via E-Mail,92,Houses_Multan,for_sale,2026-07-24,https://www.zameen.com/Property/multan_public_school_road_royal_orchard_your_dream_brand_new_5_marla_house_is_available_in_royal_orchard-54411100-9492-1.html
Want To Buy A House In Multan,PKR 3.6 Crore,36000000,4,4,12 Marla,2700.0,13333,House,True,9,hot9Share on FacebookShare on TwitterShare on WhatsAppSend via GMailSend via E-Mail,83,Houses_Multan,for_sale,2026-07-24,https://www.zameen.com/Property/dha_defence_askari_3_want_to_buy_a_house_in_multan-52626356-17156-1.html
Gray Structure House In Dha Multan Sector V,PKR 1 Crore,10000000,3,4,5 Marla,1125.0,8888,House,True,1,hot1Share on FacebookShare on TwitterShare on WhatsAppSend via GMailSend via E-Mail,83,Houses_Multan,for_sale,2026-07-24,https://www.zameen.com/Property/dha_phase_1_dha_phase_1_-_sector_v_gray_structure_house_in_dha_multan_sector_v-53988444-14321-1.html
SECTOR- N 1 KANAL NEO-CLASSICAL DESIGN GREY STRUCTURE AVAILABLE FOR SALE,PKR 3 Crore,30000000,6,6,1 Kanal,4500.0,6666,House,True,3,hot3Share on FacebookShare on TwitterShare on WhatsAppSend via GMailSend via E-Mail,83,Houses_Multan,for_sale,2026-07-24,https://www.zameen.com/Property/multan_dha_defence_sector-_n_1_kanal_neo-classical_design_grey_structure_available_for_sale-54432188-8581-1.html
DHA 12 MARLA VILLA 4 BED AVAILABLE,PKR 3.45 Crore,34500000,3,5,12 Marla,2700.0,12777,House,True,13,hot13Share on FacebookShare on TwitterShare on WhatsAppSend via GMailSend via E-Mail,84,Houses_Multan,for_sale,2026-07-24,https://www.zameen.com/Property/dha_defence_dha_villas_dha_12_marla_villa_4_bed_available-54409225-14018-1.html
7 MARLA OUTSTANDING HOUSE FOR SALE IN DHA MULTAN,PKR 2.8 Crore,28000000,4,5,7 Marla,1575.0,17777,House,True,28,hot28Share on FacebookShare on TwitterShare on WhatsAppSend via GMailSend via E-Mail,84,Houses_Multan,for_sale,2026-07-24,https://www.zameen.com/Property/multan_dha_defence_7_marla_outstanding_house_for_sale_in_dha_multan-53681748-8581-1.html
10 Marla Ultra-Modern & Most Elegant House For Sale In Royal Orchard Multan,PKR 3.8 Crore,38000000,5,6,10 Marla,2250.0,16888,House,True,11,hot11Share on FacebookShare on TwitterShare on WhatsAppSend via GMailSend via E-Mail,84,Houses_Multan,for_sale,2026-07-24,https://www.zameen.com/Property/multan_public_school_road_royal_orchard_10_marla_ultra-modern_most_elegant_house_for_sale_in_royal_orchard_multan-54473663-9492-1.html
10 Marla Ultra-Modern House For Sale Prime Location | Luxury Redefined,PKR 3.6 Crore,36000000,5,6,10 Marla,2250.0,16000,House,True,9,hot9Share on FacebookShare on TwitterShare on WhatsAppSend via GMailSend via E-Mail,83,Houses_Multan,for_sale,2026-07-24,https://www.zameen.com/Property/multan_public_school_road_royal_orchard_10_marla_ultra-modern_house_for_sale_prime_location_luxury_redefined-54473839-9492-1.html
5 Marla Beautiful Double Storey House Available For Sale In Shalimar Colony,PKR 1.25 Crore,12500000,4,5,5 Marla,1125.0,11111,House,True,30,hot30Share on FacebookShare on TwitterShare on WhatsAppSend via GMailSend via E-Mail,84,Houses_Multan,for_sale,2026-07-24,https://www.zameen.com/Property/multan_shalimar_colony_5_marla_beautiful_double_storey_house_available_for_sale_in_shalimar_colony-54450434-346-1.html
6 MARLA VILLA AVAILABLE ON RESALE BEST LOCATION NEAR TO POSSESSION,PKR 1 Crore,10000000,3,4,6 Marla,1350.0,7407,House,True,1,hot1Share on FacebookShare on TwitterShare on WhatsAppSend via GMailSend via E-Mail,83,Houses_Multan,for_sale,2026-07-24,https://www.zameen.com/Property/dha_defence_premium_homes_6_marla_villa_available_on_resale_best_location_near_to_possession-54502186-22232-1.html
Affordable Prime Location House For sale In Askari 3,PKR 3.1 Crore,31000000,6,6,12 Marla,2700.0,11481,House,False,5,hot5Share on FacebookShare on TwitterShare on WhatsAppSend via GMailSend via E-Mail,83,Houses_Multan,for_sale,2026-07-24,https://www.zameen.com/Property/dha_defence_askari_3_affordable_prime_location_house_for_sale_in_askari_3-54509245-17156-1.html
A Prime Location 10 Marla House Is Up For Grabs In DHA Defence,PKR 2.9 Crore,29000000,5,5,10 Marla,2250.0,12888,House,False,5,hot5Share on FacebookShare on TwitterShare on WhatsAppSend via GMailSend via E-Mail,83,Houses_Multan,for_sale,2026-07-24,https://www.zameen.com/Property/dha_defence_askari_3_a_prime_location_10_marla_house_is_up_for_grabs_in_dha_defence-54509244-17156-1.html
Get In Touch Now To Buy A Prime Location House In Askari 3 Multan,PKR 3.2 Crore,32000000,6,6,12 Marla,2700.0,11851,House,False,6,hot6Share on FacebookShare on TwitterShare on WhatsAppSend via GMailSend via E-Mail,83,Houses_Multan,for_sale,2026-07-24,https://www.zameen.com/Property/dha_defence_askari_3_get_in_touch_now_to_buy_a_prime_location_house_in_askari_3_multan-54509246-17156-1.html
Highly-Desirable Prime Location 5 Marla House Available In Buch Villas Phase 2 - Manik Block,PKR 2.2 Crore,22000000,4,4,5 Marla,1125.0,19555,House,False,15,hot15Share on FacebookShare on TwitterShare on WhatsAppSend via GMailSend via E-Mail,84,Houses_Multan,for_sale,2026-07-24,https://www.zameen.com/Property/buch_executive_villas_phase_2_buch_villas_phase_2_-_manik_block_highly-desirable_prime_location_5_marla_house_available_in_buch_villas_phase_2_-_manik_block-54475911-22186-1.html
Prominently-Located Prime Location House Available In Buch Villas Phase 2 - Manik Block For Sale,PKR 3.85 Crore,38500000,4,4,5 Marla,1125.0,34222,House,False,14,hot14Share on FacebookShare on TwitterShare on WhatsAppSend via GMailSend via E-Mail,84,Houses_Multan,for_sale,2026-07-24,https://www.zameen.com/Property/buch_executive_villas_phase_2_buch_villas_phase_2_-_manik_block_prominently-located_prime_location_house_available_in_buch_villas_phase_2_-_manik_block_for_sale-54475912-22186-1.html
Brand New 1203 Square Feet House For sale In Buch Villas Phase 2 - Manik Block Multan,PKR 2.25 Crore,22500000,4,5,5.3 Marla,1192.5,18867,House,False,14,14VerifiedShare on FacebookShare on TwitterShare on WhatsAppSend via GMailSend via E-Mail,89,Houses_Multan,for_sale,2026-07-24,https://www.zameen.com/Property/buch_executive_villas_phase_2_buch_villas_phase_2_-_manik_block_brand_new_1203_square_feet_house_for_sale_in_buch_villas_phase_2_-_manik_block_multan-54413563-22186-1.html
Well-constructed Brand New House Available For sale In Royal Orchard,PKR 1.9 Crore,19000000,3,4,5 Marla,1125.0,16888,House,False,16,16VerifiedShare on FacebookShare on TwitterShare on WhatsAppSend via GMailSend via E-Mail,89,Houses_Multan,for_sale,2026-07-24,https://www.zameen.com/Property/multan_public_school_road_royal_orchard_well-constructed_brand_new_house_available_for_sale_in_royal_orchard-54508319-9492-1.html
Brand New 5 Marla House For sale In Royal Orchard Multan,PKR 1.9 Crore,19000000,3,4,5 Marla,1125.0,16888,House,False,15,15VerifiedShare on FacebookShare on TwitterShare on WhatsAppSend via GMailSend via E-Mail,89,Houses_Multan,for_sale,2026-07-24,https://www.zameen.com/Property/multan_public_school_road_royal_orchard_brand_new_5_marla_house_for_sale_in_royal_orchard_multan-54508317-9492-1.html
Triple Storey 5 Marla House Available In Buch Villas Phase 2 - Manik Block For Sale,PKR 2.35 Crore,23500000,4,5,5 Marla,1125.0,20888,House,False,29,29Share on FacebookShare on TwitterShare on WhatsAppSend via GMailSend via E-Mail,81,Houses_Multan,for_sale,2026-07-24,https://www.zameen.com/Property/buch_executive_villas_phase_2_buch_villas_phase_2_-_manik_block_triple_storey_5_marla_house_available_in_buch_villas_phase_2_-_manik_block_for_sale-54508278-22186-1.html
1 Kanal Ultra Modern & Main Boulevard House for Sale in Sector M | DHA Multan,PKR 6.75 Crore,67500000,5,6,1 Kanal,4500.0,15000,House,True,17,17Share on FacebookShare on TwitterShare on WhatsAppSend via GMailSend via E-Mail,81,Houses_Multan,for_sale,2026-07-24,https://www.zameen.com/Property/dha_phase_1_dha_phase_1_-_sector_m_1_kanal_ultra_modern_main_boulevard_house_for_sale_in_sector_m_dha_multan-54144642-14312-1.html
4 Marla House Near Main Khanewal Road in Peaceful Closed Street | Solar Installed | Chowk Kumhara,PKR 90 Lakh,9000000,3,3,4 Marla,900.0,10000,House,False,18,18Share on FacebookShare on TwitterShare on WhatsAppSend via GMailSend via E-Mail,81,Houses_Multan,for_sale,2026-07-24,https://www.zameen.com/Property/multan_chowk_kumharanwala_4_marla_house_near_main_khanewal_road_in_peaceful_closed_street_solar_installed_chowk_kumhara-54500691-1004-1.html
10 Marla Luxury House For Sale In Royal Orchard Multan,PKR 3.8 Crore,38000000,5,6,10 Marla,2250.0,16888,House,False,21,21Share on FacebookShare on TwitterShare on WhatsAppSend via GMailSend via E-Mail,81,Houses_Multan,for_sale,2026-07-24,https://www.zameen.com/Property/multan_public_school_road_royal_orchard_10_marla_luxury_house_for_sale_in_royal_orchard_multan-54383319-9492-1.html
One Kanal Modern Designer House For Sale In Royal Orchard Multan,PKR 7.5 Crore,75000000,5,6,1 Kanal,4500.0,16666,House,False,50,50Share on FacebookShare on TwitterShare on WhatsAppSend via GMailSend via E-Mail,81,Houses_Multan,for_sale,2026-07-24,https://www.zameen.com/Property/multan_public_school_road_royal_orchard_one_kanal_modern_designer_house_for_sale_in_royal_orchard_multan-54383339-9492-1.html
05 Marla House For Sale in Zone 03 Regi Model Town Peshawar,PKR 3.3 Crore,33000000,8,6,5 Marla,1125.0,29333,House,True,17,super hot17Share on FacebookShare on TwitterShare on WhatsAppSend via GMailSend via E-Mail,90,Houses_Peshawar,for_sale,2026-07-24,https://www.zameen.com/Property/regi_model_town_regi_model_town_phase_3_05_marla_house_for_sale_in_zone_03_regi_model_town_peshawar-54502184-17013-1.html
05 Marla House For Sale in Zone 03 Regi Model Town Peshawar,PKR 3.4 Crore,34000000,8,6,5 Marla,1125.0,30222,House,True,24,super hot24Share on FacebookShare on TwitterShare on WhatsAppSend via GMailSend via E-Mail,90,Houses_Peshawar,for_sale,2026-07-24,https://www.zameen.com/Property/regi_model_town_regi_model_town_phase_3_05_marla_house_for_sale_in_zone_03_regi_model_town_peshawar-54502146-17013-1.html
Kanal Designer House For Sale in DHA Peshawar,PKR 11 Crore,110000000,9,6,1 Kanal,4500.0,24444,House,True,24,super hot24Share on FacebookShare on TwitterShare on WhatsAppSend via GMailSend via E-Mail,90,Houses_Peshawar,for_sale,2026-07-24,https://www.zameen.com/Property/dha_phase_1_dha_phase_1_-_sector_c_kanal_designer_house_for_sale_in_dha_peshawar-54447863-12294-1.html
05 Marla Furnished House For Sale in Zone 04 Regi Model Town Peshawar,PKR 3.7 Crore,37000000,7,6,5 Marla,1125.0,32888,House,True,17,super hot17Share on FacebookShare on TwitterShare on WhatsAppSend via GMailSend via E-Mail,90,Houses_Peshawar,for_sale,2026-07-24,https://www.zameen.com/Property/regi_model_town_regi_model_town_phase_4_05_marla_furnished_house_for_sale_in_zone_04_regi_model_town_peshawar-54447682-17014-1.html
1 Kanal. New House For Sell,PKR 13 Crore,130000000,10,6,1 Kanal,4500.0,28888,House,True,10,super hot10Share on FacebookShare on TwitterShare on WhatsAppSend via GMailSend via E-Mail,90,Houses_Peshawar,for_sale,2026-07-24,https://www.zameen.com/Property/hayatabad_hayatabad_phase_7_1_kanal_new_house_for_sell-54455021-8534-1.html
Fresh Kanal Home For Sale At F2,PKR 11.5 Crore,115000000,10,6,1 Kanal,4500.0,25555,House,True,7,super hot7Share on FacebookShare on TwitterShare on WhatsAppSend via GMailSend via E-Mail,89,Houses_Peshawar,for_sale,2026-07-24,https://www.zameen.com/Property/hayatabad_hayatabad_phase_6_fresh_kanal_home_for_sale_at_f2-54469364-7627-1.html
1 Kanal Luxury House For Sale,PKR 13 Crore,130000000,8,6,1 Kanal,4500.0,28888,House,True,9,super hot9Share on FacebookShare on TwitterShare on WhatsAppSend via GMailSend via E-Mail,89,Houses_Peshawar,for_sale,2026-07-24,https://www.zameen.com/Property/hayatabad_hayatabad_phase_2_1_kanal_luxury_house_for_sale-54451064-7602-1.html
1 Kanal House For Sale On Investors Rate,PKR 7.1 Crore,71000000,10,6,1 Kanal,4500.0,15777,House,True,9,super hot9Share on FacebookShare on TwitterShare on WhatsAppSend via GMailSend via E-Mail,89,Houses_Peshawar,for_sale,2026-07-24,https://www.zameen.com/Property/hayatabad_hayatabad_phase_4_1_kanal_house_for_sale_on_investors_rate-53886795-7625-1.html
Prime Location House For Sale In Sudais Villas,PKR 67 Lakh,6700000,3,3,2 Marla,450.0,14888,House,True,7,super hot71VerifiedShare on FacebookShare on TwitterShare on WhatsAppSend via GMailSend via E-Mail,98,Houses_Peshawar,for_sale,2026-07-24,https://www.zameen.com/Property/warsak_road_sudais_villas_prime_location_house_for_sale_in_sudais_villas-54513286-18406-1.html
10 Marla Triple Storey House For Sale,PKR 3.85 Crore,38500000,7,7,10 Marla,2250.0,17111,House,True,49,super hot49Share on FacebookShare on TwitterShare on WhatsAppSend via GMailSend via E-Mail,90,Houses_Peshawar,for_sale,2026-07-24,https://www.zameen.com/Property/peshawar_warsak_road_10_marla_triple_storey_house_for_sale-52951343-1000-1.html
05 Marla House For Sale in Zone 04 Regi Model Town Peshawar,PKR 2.95 Crore,29500000,8,6,5 Marla,1125.0,26222,House,True,27,hot27Share on FacebookShare on TwitterShare on WhatsAppSend via GMailSend via E-Mail,84,Houses_Peshawar,for_sale,2026-07-24,https://www.zameen.com/Property/regi_model_town_regi_model_town_phase_4_05_marla_house_for_sale_in_zone_04_regi_model_town_peshawar-54502195-17014-1.html
"05 Marla House For Sale in Sector G, DHA Peshawar",PKR 3.6 Crore,36000000,4,4,5 Marla,1125.0,32000,House,True,15,hot15Share on FacebookShare on TwitterShare on WhatsAppSend via GMailSend via E-Mail,84,Houses_Peshawar,for_sale,2026-07-24,https://www.zameen.com/Property/dha_phase_1_dha_phase_1_-_sector_g_05_marla_house_for_sale_in_sector_g_dha_peshawar-54447883-12299-1.html
5 Marla Prime Location House For Sale,PKR 3.5 Crore,35000000,4,4,5 Marla,1125.0,31111,House,False,9,hot9Share on FacebookShare on TwitterShare on WhatsAppSend via GMailSend via E-Mail,83,Houses_Peshawar,for_sale,2026-07-24,https://www.zameen.com/Property/peshawar_dha_defence_5_marla_prime_location_house_for_sale-54271712-9050-1.html
1kanal Double Story Prime Location House For Sale,PKR 7.5 Crore,75000000,5,5,1 Kanal,4500.0,16666,House,False,10,hot10Share on FacebookShare on TwitterShare on WhatsAppSend via GMailSend via E-Mail,84,Houses_Peshawar,for_sale,2026-07-24,https://www.zameen.com/Property/peshawar_hayatabad_1kanal_double_story_prime_location_house_for_sale-54394757-394-1.html
10 Marla Corner House For Sale,PKR 4.5 Crore,45000000,7,6,10 Marla,2250.0,20000,House,False,7,hot7Share on FacebookShare on TwitterShare on WhatsAppSend via GMailSend via E-Mail,83,Houses_Peshawar,for_sale,2026-07-24,https://www.zameen.com/Property/peshawar_police_colony_10_marla_corner_house_for_sale-54482669-12359-1.html
3 Marla TMA Approved Structure Available For Sale,PKR 95 Lakh,9500000,4,4,3 Marla,675.0,14074,House,False,15,hot151Share on FacebookShare on TwitterShare on WhatsAppSend via GMailSend via E-Mail,85,Houses_Peshawar,for_sale,2026-07-24,https://www.zameen.com/Property/islamabad_peshawar_motorway_garden_villas_3_marla_tma_approved_structure_available_for_sale-53487629-21070-1.html
1 Kanal Luxurious House for Sale,PKR 10 Crore,100000000,10,6,1 Kanal,4500.0,22222,House,False,10,hot10Share on FacebookShare on TwitterShare on WhatsAppSend via GMailSend via E-Mail,84,Houses_Peshawar,for_sale,2026-07-24,https://www.zameen.com/Property/peshawar_regi_model_town_1_kanal_luxurious_house_for_sale-54472466-7660-1.html
10 Marla Finishing Stage Prime Location House For Sale,PKR 7.4 Crore,74000000,9,6,10 Marla,2250.0,32888,House,False,15,15Share on FacebookShare on TwitterShare on WhatsAppSend via GMailSend via E-Mail,81,Houses_Peshawar,for_sale,2026-07-24,https://www.zameen.com/Property/hayatabad_hayatabad_phase_6_10_marla_finishing_stage_prime_location_house_for_sale-54210914-7627-1.html
NEW SHAMI ROAD NEW HOUSE FOR SALE,PKR 26 Crore,260000000,8,6,1.6 Kanal,7200.0,36111,House,False,10,10Share on FacebookShare on TwitterShare on WhatsAppSend via GMailSend via E-Mail,81,Houses_Peshawar,for_sale,2026-07-24,https://www.zameen.com/Property/peshawar_shami_road_new_shami_road_new_house_for_sale-53270547-998-1.html
It Is A Very Beautiful And Good Environment With Good Security It Is On New Shami Road,PKR 11.05 Crore,110500000,6,6,1 Kanal,4500.0,24555,House,False,6,6Share on FacebookShare on TwitterShare on WhatsAppSend via GMailSend via E-Mail,80,Houses_Peshawar,for_sale,2026-07-24,https://www.zameen.com/Property/peshawar_shami_road_it_is_a_very_beautiful_and_good_environment_with_good_security_it_is_on_new_shami_road-54357351-998-1.html
Hayatabad Phase 3 Sector K6 Corner House Available For Sale,PKR 5.3 Crore,53000000,6,6,10 Marla,2250.0,23555,House,False,12,12Share on FacebookShare on TwitterShare on WhatsAppSend via GMailSend via E-Mail,81,Houses_Peshawar,for_sale,2026-07-24,https://www.zameen.com/Property/hayatabad_phase_3_hayatabad_phase_3_-_k6_hayatabad_phase_3_sector_k6_corner_house_available_for_sale-54361690-7623-1.html
Prime Location 7 Marla Spacious House Available In Wapda Town For sale,PKR 2.4 Crore,24000000,7,6,7 Marla,1575.0,15238,House,False,5,51VerifiedShare on FacebookShare on TwitterShare on WhatsAppSend via GMailSend via E-Mail,89,Houses_Peshawar,for_sale,2026-07-24,https://www.zameen.com/Property/peshawar_wapda_town_prime_location_7_marla_spacious_house_available_in_wapda_town_for_sale-54106446-398-1.html
Your Search For House In Peshawar Ends Here,PKR 2.75 Crore,27500000,8,6,5 Marla,1125.0,24444,House,False,9,9Share on FacebookShare on TwitterShare on WhatsAppSend via GMailSend via E-Mail,80,Houses_Peshawar,for_sale,2026-07-24,https://www.zameen.com/Property/regi_model_town_regi_model_town_phase_4_your_search_for_house_in_peshawar_ends_here-53585684-17014-1.html
"Back Street Market Masjid & Park, Luxurious 01 Kanal House For Sale",PKR 10.99 Crore,109900000,9,6,1 Kanal,4500.0,24422,House,False,15,15Share on FacebookShare on TwitterShare on WhatsAppSend via GMailSend via E-Mail,81,Houses_Peshawar,for_sale,2026-07-24,https://www.zameen.com/Property/dha_phase_1_dha_phase_1_-_sector_c_back_street_market_masjid_park_luxurious_01_kanal_house_for_sale-54417361-12294-1.html
5 Marla Residential House for Sale in Regi Model Town,PKR 2.9 Crore,29000000,8,7,5 Marla,1125.0,25777,House,True,26,26Share on FacebookShare on TwitterShare on WhatsAppSend via GMailSend via E-Mail,81,Houses_Peshawar,for_sale,2026-07-24,https://www.zameen.com/Property/regi_model_town_regi_model_town_phase_4_5_marla_residential_house_for_sale_in_regi_model_town-54503735-17014-1.html
1 Kanal New House South Open House For Sale In Hayatabad Phase 3,PKR 13.5 Crore,135000000,10,6,1 Kanal,4500.0,30000,House,True,7,super hot7Share on FacebookShare on TwitterShare on WhatsAppSend via GMailSend via E-Mail,89,Houses_Peshawar,for_sale,2026-07-24,https://www.zameen.com/Property/hayatabad_hayatabad_phase_3_1_kanal_new_house_south_open_house_for_sale_in_hayatabad_phase_3-53064488-7617-1.html
5 Marla House For Sale In F8 On Investor Rate Here Only Plot Is 230 Lac Plus,PKR 2.8 Crore,28000000,7,6,5 Marla,1125.0,24888,House,True,1,super hot1Share on FacebookShare on TwitterShare on WhatsAppSend via GMailSend via E-Mail,89,Houses_Peshawar,for_sale,2026-07-24,https://www.zameen.com/Property/hayatabad_phase_6_hayatabad_phase_6_-_f8_5_marla_house_for_sale_in_f8_on_investor_rate_here_only_plot_is_230_lac_plus-54058080-7634-1.html
1 Kanal House For Sell In Hayatabad,PKR 8 Crore,80000000,7,6,1 Kanal,4500.0,17777,House,True,,super hotShare on FacebookShare on TwitterShare on WhatsAppSend via GMailSend via E-Mail,88,Houses_Peshawar,for_sale,2026-07-24,https://www.zameen.com/Property/hayatabad_hayatabad_phase_3_1_kanal_house_for_sell_in_hayatabad-54383258-7617-1.html
Your Dream 3 Marla House Is Up For Sale,PKR 1.45 Crore,14500000,4,4,3 Marla,675.0,21481,House,True,48,super hot48Share on FacebookShare on TwitterShare on WhatsAppSend via GMailSend via E-Mail,90,Houses_Peshawar,for_sale,2026-07-24,https://www.zameen.com/Property/peshawar_warsak_road_your_dream_3_marla_house_is_up_for_sale-53451585-1000-1.html
Prime Location House Sized 5 Marla Is Available For sale In Sufiyan Garden,PKR 2.1 Crore,21000000,5,5,5 Marla,1125.0,18666,House,True,33,super hot33VerifiedShare on FacebookShare on TwitterShare on WhatsAppSend via GMailSend via E-Mail,98,Houses_Peshawar,for_sale,2026-07-24,https://www.zameen.com/Property/warsak_road_sufiyan_garden_prime_location_house_sized_5_marla_is_available_for_sale_in_sufiyan_garden-53575526-19313-1.html
1 Kanal Luxury Prime Location House For Sale In DHA PESHAWAR,PKR 11.5 Crore,115000000,8,6,1 Kanal,4500.0,25555,House,True,50,super hot50Share on FacebookShare on TwitterShare on WhatsAppSend via GMailSend via E-Mail,90,Houses_Peshawar,for_sale,2026-07-24,https://www.zameen.com/Property/dha_phase_1_dha_phase_1_-_sector_b_1_kanal_luxury_prime_location_house_for_sale_in_dha_peshawar-54456110-12293-1.html
Prime Location 20 Marla House For Sale In Warsak Road Near Babu Ghari Stop,PKR 3.8 Crore,38000000,6,6,1 Kanal,4500.0,8444,House,True,29,super hot29VerifiedShare on FacebookShare on TwitterShare on WhatsAppSend via GMailSend via E-Mail,98,Houses_Peshawar,for_sale,2026-07-24,https://www.zameen.com/Property/peshawar_warsak_road_prime_location_20_marla_house_for_sale_in_warsak_road_near_babu_ghari_stop-53949611-1000-1.html
Elegantly Designed Luxury 10 Marla Wide Street-House For Sale At Zone 3 Regi Model Town,PKR 4.9 Crore,49000000,10,6,10 Marla,2250.0,21777,House,True,22,super hot22Share on FacebookShare on TwitterShare on WhatsAppSend via GMailSend via E-Mail,90,Houses_Peshawar,for_sale,2026-07-24,https://www.zameen.com/Property/peshawar_regi_model_town_elegantly_designed_luxury_10_marla_wide_street-house_for_sale_at_zone_3_regi_model_town-54315884-7660-1.html
Prime Location 4 Marla House For Sale In The Perfect Location Of Green Cottages,PKR 2.15 Crore,21500000,5,5,4 Marla,900.0,23888,House,True,34,super hot34VerifiedShare on FacebookShare on TwitterShare on WhatsAppSend via GMailSend via E-Mail,98,Houses_Peshawar,for_sale,2026-07-24,https://www.zameen.com/Property/warsak_road_green_cottages_prime_location_4_marla_house_for_sale_in_the_perfect_location_of_green_cottages-54324121-11933-1.html
01 Kanal Grey Structure House For Sale,PKR 5.99 Crore,59900000,10,6,1 Kanal,4500.0,13311,House,True,12,super hot12Share on FacebookShare on TwitterShare on WhatsAppSend via GMailSend via E-Mail,90,Houses_Peshawar,for_sale,2026-07-24,https://www.zameen.com/Property/dha_phase_1_dha_phase_1_-_sector_a_01_kanal_grey_structure_house_for_sale-54340233-12292-1.html
Premium 5 Marla Luxury House Available For Sale,PKR 3.3 Crore,33000000,8,7,5 Marla,1125.0,29333,House,True,21,hot21Share on FacebookShare on TwitterShare on WhatsAppSend via GMailSend via E-Mail,84,Houses_Peshawar,for_sale,2026-07-24,https://www.zameen.com/Property/regi_model_town_regi_model_town_phase_3_premium_5_marla_luxury_house_available_for_sale-54461926-17013-1.html
1 Kanal Luxury House For Sale In DHA,PKR 11 Crore,110000000,9,7,1 Kanal,4500.0,24444,House,True,28,hot28Share on FacebookShare on TwitterShare on WhatsAppSend via GMailSend via E-Mail,84,Houses_Peshawar,for_sale,2026-07-24,https://www.zameen.com/Property/dha_phase_1_dha_phase_1_-_sector_b_1_kanal_luxury_house_for_sale_in_dha-54461972-12293-1.html
8 Marla House For Sale,PKR 4.5 Crore,45000000,7,6,8 Marla,1800.0,25000,House,False,17,hot17Share on FacebookShare on TwitterShare on WhatsAppSend via GMailSend via E-Mail,84,Houses_Peshawar,for_sale,2026-07-24,https://www.zameen.com/Property/warsak_road_officers_garden_colony_8_marla_house_for_sale-54094398-7655-1.html
3.5 Marla House Available For Sale In Wazir Colony Ring Road Near Abasyn University And MMC Hospital Street No-8,PKR 1.1 Crore,11000000,4,4,4 Marla,900.0,12222,House,False,6,hot6Share on FacebookShare on TwitterShare on WhatsAppSend via GMailSend via E-Mail,83,Houses_Peshawar,for_sale,2026-07-24,https://www.zameen.com/Property/peshawar_wazir_colony_3_5_marla_house_available_for_sale_in_wazir_colony_ring_road_near_abasyn_university_and_mmc_hospital_street_no-8-54490128-7675-1.html
4.5 Marla House For Sale,PKR 2.3 Crore,23000000,4,4,4.5 Marla,1012.5,22716,House,False,12,hot12Share on FacebookShare on TwitterShare on WhatsAppSend via GMailSend via E-Mail,84,Houses_Peshawar,for_sale,2026-07-24,https://www.zameen.com/Property/warsak_road_green_cottages_4_5_marla_house_for_sale-54334357-11933-1.html
House For Sale,PKR 2.35 Crore,23500000,6,6,5 Marla,1125.0,20888,House,False,13,hot13Share on FacebookShare on TwitterShare on WhatsAppSend via GMailSend via E-Mail,84,Houses_Peshawar,for_sale,2026-07-24,https://www.zameen.com/Property/warsak_road_officers_home_society_house_for_sale-54395461-21072-1.html
Book A House Of 6 Marla In Warsak Road Warsak Road,PKR 2.3 Crore,23000000,6,6,6 Marla,1350.0,17037,House,False,24,hot24Share on FacebookShare on TwitterShare on WhatsAppSend via GMailSend via E-Mail,84,Houses_Peshawar,for_sale,2026-07-24,https://www.zameen.com/Property/peshawar_warsak_road_book_a_house_of_6_marla_in_warsak_road_warsak_road-54450507-1000-1.html
05 Marla House For Sale In Zone 04 Regi Model Town Peshawar,PKR 3.1 Crore,31000000,8,6,5 Marla,1125.0,27555,House,True,26,26Share on FacebookShare on TwitterShare on WhatsAppSend via GMailSend via E-Mail,81,Houses_Peshawar,for_sale,2026-07-24,https://www.zameen.com/Property/regi_model_town_regi_model_town_phase_4_05_marla_house_for_sale_in_zone_04_regi_model_town_peshawar-54502140-17014-1.html
12 Marla Residential Property Featuring Two Separate House Units With Separate Entrances.,PKR 5.35 Crore,53500000,8,7,12 Marla,2700.0,19814,House,False,50,50Share on FacebookShare on TwitterShare on WhatsAppSend via GMailSend via E-Mail,81,Houses_Peshawar,for_sale,2026-07-24,https://www.zameen.com/Property/peshawar_peshawar_garden_12_marla_residential_property_featuring_two_separate_house_units_with_separate_entrances-53960835-12319-1.html
A Prime Location House At Affordable Price Awaits You,PKR 1.9 Crore,19000000,6,6,5 Marla,1125.0,16888,House,False,40,40VerifiedShare on FacebookShare on TwitterShare on WhatsAppSend via GMailSend via E-Mail,89,Houses_Peshawar,for_sale,2026-07-24,https://www.zameen.com/Property/warsak_road_sudais_villas_a_prime_location_house_at_affordable_price_awaits_you-54513256-18406-1.html
Prominently-Located Prime Location 5 Marla House Available In Arbab Sabz Ali Khan Town Executive Lodges,PKR 2.2 Crore,22000000,6,6,5 Marla,1125.0,19555,House,False,39,39VerifiedShare on FacebookShare on TwitterShare on WhatsAppSend via GMailSend via E-Mail,89,Houses_Peshawar,for_sale,2026-07-24,https://www.zameen.com/Property/arbab_sabz_ali_khan_town_arbab_sabz_ali_khan_town_executive_lodges_prominently-located_prime_location_5_marla_house_available_in_arbab_sabz_ali_khan_town_executive_lodges-54513255-10382-1.html
This Is Your Chance To Buy House In Warsak Road,PKR 3.6 Crore,36000000,6,6,7 Marla,1575.0,22857,House,False,15,15Share on FacebookShare on TwitterShare on WhatsAppSend via GMailSend via E-Mail,81,Houses_Peshawar,for_sale,2026-07-24,https://www.zameen.com/Property/peshawar_warsak_road_this_is_your_chance_to_buy_house_in_warsak_road-54511432-1000-1.html
A Prime Location 5 Marla House Located In Sufiyan Garden Is Available For sale,PKR 2.1 Crore,21000000,5,5,5 Marla,1125.0,18666,House,False,29,29VerifiedShare on FacebookShare on TwitterShare on WhatsAppSend via GMailSend via E-Mail,89,Houses_Peshawar,for_sale,2026-07-24,https://www.zameen.com/Property/warsak_road_sufiyan_garden_a_prime_location_5_marla_house_located_in_sufiyan_garden_is_available_for_sale-54507836-19313-1.html
Dha Psh Sector A Kanal Owner Build House,PKR 7.9 Crore,79000000,9,6,1 Kanal,4500.0,17555,House,False,28,28Share on FacebookShare on TwitterShare on WhatsAppSend via GMailSend via E-Mail,81,Houses_Peshawar,for_sale,2026-07-24,https://www.zameen.com/Property/dha_phase_1_dha_phase_1_-_sector_a_dha_psh_sector_a_kanal_owner_build_house-54431868-12292-1.html
"5 Marla House for Sale in Regi Model Town, Phase 3",PKR 3.3 Crore,33000000,8,7,5 Marla,1125.0,29333,House,True,19,19Share on FacebookShare on TwitterShare on WhatsAppSend via GMailSend via E-Mail,81,Houses_Peshawar,for_sale,2026-07-24,https://www.zameen.com/Property/regi_model_town_regi_model_town_phase_3_5_marla_house_for_sale_in_regi_model_town_phase_3-54503643-17013-1.html
Brand New House In Sector-A  Up For Sale Investor Rate,PKR 9.3 Crore,93000000,,,1 Kanal,4500.0,20666,House,True,2,super hot2Share on FacebookShare on TwitterShare on WhatsAppSend via GMailSend via E-Mail,89,Houses_Peshawar,for_sale,2026-07-24,https://www.zameen.com/Property/dha_phase_1_dha_phase_1_-_sector_a_brand_new_house_in_sector-a_up_for_sale_investor_rate-54421544-12292-1.html
1 Kanal House For Sale In DHA Peshawer Sector A,PKR 8 Crore,80000000,9,6,1 Kanal,4500.0,17777,House,True,21,super hot21Share on FacebookShare on TwitterShare on WhatsAppSend via GMailSend via E-Mail,90,Houses_Peshawar,for_sale,2026-07-24,https://www.zameen.com/Property/dha_phase_1_dha_phase_1_-_sector_a_1_kanal_house_for_sale_in_dha_peshawer_sector_a-54433698-12292-1.html
23 Marla House For Sale Brand New House At University Town Peshawar,PKR 16.5 Crore,165000000,6,6,1.2 Kanal,5400.0,30555,House,True,28,super hot28Share on FacebookShare on TwitterShare on WhatsAppSend via GMailSend via E-Mail,90,Houses_Peshawar,for_sale,2026-07-24,https://www.zameen.com/Property/peshawar_university_town_23_marla_house_for_sale_brand_new_house_at_university_town_peshawar-50426510-1437-1.html
10 House For Sale At Rahatbad,PKR 4 Crore,40000000,7,6,10 Marla,2250.0,17777,House,True,18,super hot18Share on FacebookShare on TwitterShare on WhatsAppSend via GMailSend via E-Mail,90,Houses_Peshawar,for_sale,2026-07-24,https://www.zameen.com/Property/peshawar_rahatabad_10_house_for_sale_at_rahatbad-54229626-7659-1.html
1 Kanal Owner-Constructed House For Sale Luxurious Design And Top-Quality Build At A Prime Location. 11 Kv Solar System Installed+ Green Meter,PKR 8.75 Crore,87500000,10,6,1 Kanal,4500.0,19444,House,True,37,super hot37Share on FacebookShare on TwitterShare on WhatsAppSend via GMailSend via E-Mail,90,Houses_Peshawar,for_sale,2026-07-24,https://www.zameen.com/Property/dha_phase_1_dha_phase_1_-_sector_a_1_kanal_owner-constructed_house_for_sale_luxurious_design_and_top-quality_build_at_a_prime_location_11_kv_solar_system_installed_green_meter-53362467-12292-1.html
10 Marla Luxury Basement House For Sale Located At Warsak Road Executive Lodges,PKR 4.9 Crore,49000000,8,6,10 Marla,2250.0,21777,House,True,39,super hot391Share on FacebookShare on TwitterShare on WhatsAppSend via GMailSend via E-Mail,91,Houses_Peshawar,for_sale,2026-07-24,https://www.zameen.com/Property/arbab_sabz_ali_khan_town_arbab_sabz_ali_khan_town_executive_lodges_10_marla_luxury_basement_house_for_sale_located_at_warsak_road_executive_lodges-53699998-10382-1.html
Beautiful House Available For Sale,PKR 7 Crore,70000000,7,6,14 Marla,3150.0,22222,House,True,,super hotShare on FacebookShare on TwitterShare on WhatsAppSend via GMailSend via E-Mail,88,Houses_Peshawar,for_sale,2026-07-24,https://www.zameen.com/Property/peshawar_university_town_beautiful_house_available_for_sale-54426819-1437-1.html
10 Marla Luxury House For Sale,PKR 5.3 Crore,53000000,8,7,10 Marla,2250.0,23555,House,True,29,hot29Share on FacebookShare on TwitterShare on WhatsAppSend via GMailSend via E-Mail,84,Houses_Peshawar,for_sale,2026-07-24,https://www.zameen.com/Property/regi_model_town_regi_model_town_phase_3_10_marla_luxury_house_for_sale-54462029-17013-1.html
"5 Marla House For Sale In Regi Model Town, Peshawar",PKR 3.2 Crore,32000000,8,7,5 Marla,1125.0,28444,House,True,3,hot3Share on FacebookShare on TwitterShare on WhatsAppSend via GMailSend via E-Mail,83,Houses_Peshawar,for_sale,2026-07-24,https://www.zameen.com/Property/regi_model_town_regi_model_town_phase_3_5_marla_house_for_sale_in_regi_model_town_peshawar-54462083-17013-1.html
"Marla House With Extra Land For Sale Regi Model Town, Peshawar",PKR 3.3 Crore,33000000,7,7,6 Marla,1350.0,24444,House,True,17,hot17Share on FacebookShare on TwitterShare on WhatsAppSend via GMailSend via E-Mail,84,Houses_Peshawar,for_sale,2026-07-24,https://www.zameen.com/Property/regi_model_town_regi_model_town_phase_4_marla_house_with_extra_land_for_sale_regi_model_town_peshawar-54453693-17014-1.html
"05 Marla House For Sale In Zone 03, Regi Model Town Peshawar",PKR 3.2 Crore,32000000,8,6,5 Marla,1125.0,28444,House,True,1,hot1Share on FacebookShare on TwitterShare on WhatsAppSend via GMailSend via E-Mail,83,Houses_Peshawar,for_sale,2026-07-24,https://www.zameen.com/Property/regi_model_town_regi_model_town_phase_3_05_marla_house_for_sale_in_zone_03_regi_model_town_peshawar-54447961-17013-1.html
Brand New Beautiful House Available For Sale,PKR 8.25 Crore,82500000,9,6,10 Marla,2250.0,36666,House,True,12,hot12Share on FacebookShare on TwitterShare on WhatsAppSend via GMailSend via E-Mail,84,Houses_Peshawar,for_sale,2026-07-24,https://www.zameen.com/Property/peshawar_hayatabad_brand_new_beautiful_house_available_for_sale-54218401-394-1.html
Beautiful House Available For Sale,PKR 1.65 Crore,16500000,7,5,5 Marla,1125.0,14666,House,False,9,hot9Share on FacebookShare on TwitterShare on WhatsAppSend via GMailSend via E-Mail,83,Houses_Peshawar,for_sale,2026-07-24,https://www.zameen.com/Property/peshawar_canal_road_beautiful_house_available_for_sale-54050285-11940-1.html
2 Kanal Luxurious Villa For Sale,PKR 17.5 Crore,175000000,8,6,2 Kanal,9000.0,19444,House,False,11,hot11Share on FacebookShare on TwitterShare on WhatsAppSend via GMailSend via E-Mail,84,Houses_Peshawar,for_sale,2026-07-24,https://www.zameen.com/Property/hayatabad_phase_2_hayatabad_phase_2_-_g2_2_kanal_luxurious_villa_for_sale-53261519-7604-1.html
12 Marla Luxury House For Sale,PKR 3.5 Crore,35000000,5,5,12 Marla,2700.0,12962,House,False,39,hot39Share on FacebookShare on TwitterShare on WhatsAppSend via GMailSend via E-Mail,84,Houses_Peshawar,for_sale,2026-07-24,https://www.zameen.com/Property/peshawar_warsak_road_12_marla_luxury_house_for_sale-52945519-1000-1.html
3 Marla House For Sale,PKR 1.3 Crore,13000000,4,4,3 Marla,675.0,19259,House,False,32,hot32Share on FacebookShare on TwitterShare on WhatsAppSend via GMailSend via E-Mail,84,Houses_Peshawar,for_sale,2026-07-24,https://www.zameen.com/Property/warsak_road_darmangi_3_marla_house_for_sale-53136805-12422-1.html
Prime Location 5 Marla House In Arbab Sabz Ali Khan Town Executive Lodges For sale At Good Location,PKR 2.7 Crore,27000000,8,,5 Marla,1125.0,24000,House,False,16,hot16VerifiedShare on FacebookShare on TwitterShare on WhatsAppSend via GMailSend via E-Mail,92,Houses_Peshawar,for_sale,2026-07-24,https://www.zameen.com/Property/arbab_sabz_ali_khan_town_arbab_sabz_ali_khan_town_executive_lodges_prime_location_5_marla_house_in_arbab_sabz_ali_khan_town_executive_lodges_for_sale_at_good_location-54242688-10382-1.html
10 House For Sale,PKR 3.2 Crore,32000000,6,6,10 Marla,2250.0,14222,House,False,11,11Share on FacebookShare on TwitterShare on WhatsAppSend via GMailSend via E-Mail,81,Houses_Peshawar,for_sale,2026-07-24,https://www.zameen.com/Property/warsak_road_khushal_bagh_10_house_for_sale-54377709-22003-1.html
5 Marla Gray Structure Available For Sale,PKR 60 Lakh,6000000,3,3,5 Marla,1125.0,5333,House,False,4,4Share on FacebookShare on TwitterShare on WhatsAppSend via GMailSend via E-Mail,80,Houses_Peshawar,for_sale,2026-07-24,https://www.zameen.com/Property/rahatabad_green_oaks_residencia_5_marla_gray_structure_available_for_sale-53069813-17967-1.html
Hayatabad Phase 7 Sector E-5 3malra South Facing Solid House,PKR 2.2 Crore,22000000,6,6,3 Marla,675.0,32592,House,False,4,4Share on FacebookShare on TwitterShare on WhatsAppSend via GMailSend via E-Mail,80,Houses_Peshawar,for_sale,2026-07-24,https://www.zameen.com/Property/hayatabad_hayatabad_phase_7_hayatabad_phase_7_sector_e-5_3malra_south_facing_solid_house-54411192-8534-1.html
Ideal House For Sale In Askari 5,PKR 6.8 Crore,68000000,4,4,10 Marla,2250.0,30222,House,False,5,5Share on FacebookShare on TwitterShare on WhatsAppSend via GMailSend via E-Mail,80,Houses_Peshawar,for_sale,2026-07-24,https://www.zameen.com/Property/peshawar_askari_5_ideal_house_for_sale_in_askari_5-52531671-8564-1.html
01 Kanal Owner Made House | Walking distance Central Park Masjid & Market | 15 Kv Solar system,PKR 7.5 Crore,75000000,10,6,1 Kanal,4500.0,16666,House,False,9,9Share on FacebookShare on TwitterShare on WhatsAppSend via GMailSend via E-Mail,80,Houses_Peshawar,for_sale,2026-07-24,https://www.zameen.com/Property/regi_model_town_phase_3_regi_model_town_phase_3_-_block_b2_01_kanal_owner_made_house_walking_distance_central_park_masjid_market_15_kv_solar_system-53780191-17019-1.html
5vmarla brand new House,PKR 4.3 Crore,43000000,8,6,5 Marla,1125.0,38222,House,True,1,1Share on FacebookShare on TwitterShare on WhatsAppSend via GMailSend via E-Mail,80,Houses_Peshawar,for_sale,2026-07-24,https://www.zameen.com/Property/hayatabad_phase_7_hayatabad_phase_7_-_e5_5vmarla_brand_new_house-54512440-13218-1.html
"1 Kanal Luxury House for Sale Phase 2, Sector J1, Hayatabad, Peshawar",PKR 12 Crore,120000000,10,,1 Kanal,4500.0,26666,House,False,1,1Share on FacebookShare on TwitterShare on WhatsAppSend via GMailSend via E-Mail,80,Houses_Peshawar,for_sale,2026-07-24,https://www.zameen.com/Property/hayatabad_hayatabad_phase_2_1_kanal_luxury_house_for_sale_phase_2_sector_j1_hayatabad_peshawar-54506599-7602-1.html
10 Kv Solar System Installed | Waking Distance Market Masjid Park House For Sale,PKR 4.4 Crore,44000000,9,6,10 Marla,2250.0,19555,House,False,4,4Share on FacebookShare on TwitterShare on WhatsAppSend via GMailSend via E-Mail,80,Houses_Peshawar,for_sale,2026-07-24,https://www.zameen.com/Property/regi_model_town_regi_model_town_phase_3_10_kv_solar_system_installed_waking_distance_market_masjid_park_house_for_sale-54294336-17013-1.html
SECTOR PRISM | PRIME LOCATION 1 KANAL FRESH HOUSE FOR SALE,PKR 7 Crore,70000000,11,7,1 Kanal,4500.0,15555,House,True,5,hot5Share on FacebookShare on TwitterShare on WhatsAppSend via GMailSend via E-Mail,83,Houses_Peshawar,for_sale,2026-07-24,https://www.zameen.com/Property/dha_defence_dha_defence_-_sector_prism_sector_prism_prime_location_1_kanal_fresh_house_for_sale-54440139-19286-1.html
House For Sale Officers Garden Colony,PKR 1.9 Crore,19000000,6,6,4 Marla,900.0,21111,House,False,27,hot27Share on FacebookShare on TwitterShare on WhatsAppSend via GMailSend via E-Mail,84,Houses_Peshawar,for_sale,2026-07-24,https://www.zameen.com/Property/warsak_road_officers_garden_colony_house_for_sale_officers_garden_colony-51030425-7655-1.html
Prime Location House For sale Situated In Green Cottages,PKR 2.15 Crore,21500000,4,4,4 Marla,900.0,23888,House,False,42,hot42VerifiedShare on FacebookShare on TwitterShare on WhatsAppSend via GMailSend via E-Mail,92,Houses_Peshawar,for_sale,2026-07-24,https://www.zameen.com/Property/warsak_road_green_cottages_prime_location_house_for_sale_situated_in_green_cottages-54242689-11933-1.html
Buy your ideal Prime Location 4 Marla House in a prime location of Warsak Road,PKR 1.75 Crore,17500000,6,6,4 Marla,900.0,19444,House,False,20,hot20VerifiedShare on FacebookShare on TwitterShare on WhatsAppSend via GMailSend via E-Mail,92,Houses_Peshawar,for_sale,2026-07-24,https://www.zameen.com/Property/peshawar_warsak_road_buy_your_ideal_prime_location_4_marla_house_in_a_prime_location_of_warsak_road-54242690-1000-1.html
Buy A Prime Location 2 Marla House For Sale In Warsak Road,PKR 80 Lakh,8000000,3,3,2 Marla,450.0,17777,House,False,20,hot20VerifiedShare on FacebookShare on TwitterShare on WhatsAppSend via GMailSend via E-Mail,92,Houses_Peshawar,for_sale,2026-07-24,https://www.zameen.com/Property/peshawar_warsak_road_buy_a_prime_location_2_marla_house_for_sale_in_warsak_road-54242692-1000-1.html
Brand New 4.5 Marla Designer House,PKR 2.6 Crore,26000000,5,5,4 Marla,900.0,28888,House,False,20,hot20Share on FacebookShare on TwitterShare on WhatsAppSend via GMailSend via E-Mail,84,Houses_Peshawar,for_sale,2026-07-24,https://www.zameen.com/Property/arbab_sabz_ali_khan_town_arbab_sabz_ali_khan_town_executive_lodges_brand_new_4_5_marla_designer_house-54450261-10382-1.html
Beautiful House Available For Sale,PKR 1.5 Crore,15000000,5,5,6 Marla,1350.0,11111,House,False,4,hot4Share on FacebookShare on TwitterShare on WhatsAppSend via GMailSend via E-Mail,83,Houses_Peshawar,for_sale,2026-07-24,https://www.zameen.com/Property/peshawar_canal_road_beautiful_house_available_for_sale-54372677-11940-1.html
3 Marla New Corner House Available For Sale In Sudais Villa Warsk Road,PKR 1.15 Crore,11500000,4,5,3 Marla,675.0,17037,House,False,30,hot30Share on FacebookShare on TwitterShare on WhatsAppSend via GMailSend via E-Mail,84,Houses_Peshawar,for_sale,2026-07-24,https://www.zameen.com/Property/warsak_road_sudais_villas_3_marla_new_corner_house_available_for_sale_in_sudais_villa_warsk_road-54154178-18406-1.html
Furnished Kanal House for Sale Phase 6 Hayatabad,PKR 9.5 Crore,95000000,9,6,1 Kanal,4500.0,21111,House,False,1,hot1Share on FacebookShare on TwitterShare on WhatsAppSend via GMailSend via E-Mail,83,Houses_Peshawar,for_sale,2026-07-24,https://www.zameen.com/Property/hayatabad_hayatabad_phase_6_furnished_kanal_house_for_sale_phase_6_hayatabad-54495461-7627-1.html
5 Marla Designer House - AAA Rating,PKR 3.5 Crore,35000000,5,5,5 Marla,1125.0,31111,House,False,7,hot7Share on FacebookShare on TwitterShare on WhatsAppSend via GMailSend via E-Mail,83,Houses_Peshawar,for_sale,2026-07-24,https://www.zameen.com/Property/peshawar_dha_defence_5_marla_designer_house_-_aaa_rating-54455336-9050-1.html
Gorgeous Prime Location 5 Marla House For Sale Available In Sufiyan Garden,PKR 2.1 Crore,21000000,5,5,5 Marla,1125.0,18666,House,False,23,hot23VerifiedShare on FacebookShare on TwitterShare on WhatsAppSend via GMailSend via E-Mail,92,Houses_Peshawar,for_sale,2026-07-24,https://www.zameen.com/Property/warsak_road_sufiyan_garden_gorgeous_prime_location_5_marla_house_for_sale_available_in_sufiyan_garden-54272634-19313-1.html
South Face 50 Ft Road Luxury House | Sector 3C2 | Ideal Location House,PKR 5.29 Crore,52900000,10,6,10 Marla,2250.0,23511,House,False,27,hot27Share on FacebookShare on TwitterShare on WhatsAppSend via GMailSend via E-Mail,84,Houses_Peshawar,for_sale,2026-07-24,https://www.zameen.com/Property/regi_model_town_regi_model_town_phase_3_south_face_50_ft_road_luxury_house_sector_3c2_ideal_location_house-54487070-17013-1.html
Prime Location 5 Marla House Is Available For Sale,PKR 2.55 Crore,25500000,6,6,5 Marla,1125.0,22666,House,False,33,hot33VerifiedShare on FacebookShare on TwitterShare on WhatsAppSend via GMailSend via E-Mail,92,Houses_Peshawar,for_sale,2026-07-24,https://www.zameen.com/Property/warsak_road_arbab_sabz_ali_khan_town_prime_location_5_marla_house_is_available_for_sale-54426749-10222-1.html
Premium 10 Marla House For Sale,PKR 2.65 Crore,26500000,6,6,10 Marla,2250.0,11777,House,True,23,hot23Share on FacebookShare on TwitterShare on WhatsAppSend via GMailSend via E-Mail,84,Houses_Peshawar,for_sale,2026-07-24,https://www.zameen.com/Property/peshawar_warsak_road_premium_10_marla_house_for_sale-54456486-1000-1.html
1 Kanal South Open Fresh Un Touch House For Sale In Dha Peshawar Sector C,PKR 10.9 Crore,109000000,7,6,1 Kanal,4500.0,24222,House,False,25,hot25Share on FacebookShare on TwitterShare on WhatsAppSend via GMailSend via E-Mail,84,Houses_Peshawar,for_sale,2026-07-24,https://www.zameen.com/Property/dha_phase_1_dha_phase_1_-_sector_c_1_kanal_south_open_fresh_un_touch_house_for_sale_in_dha_peshawar_sector_c-54406742-12294-1.html
Ready To sale A Prime Location House 10 Marla In Green Cottages Peshawar,PKR 4.9 Crore,49000000,6,,10 Marla,2250.0,21777,House,False,12,hot12VerifiedShare on FacebookShare on TwitterShare on WhatsAppSend via GMailSend via E-Mail,92,Houses_Peshawar,for_sale,2026-07-24,https://www.zameen.com/Property/warsak_road_green_cottages_ready_to_sale_a_prime_location_house_10_marla_in_green_cottages_peshawar-54407373-11933-1.html
Prime Location 5 Marla House For sale In Arbab Sabz Ali Khan Town Executive Lodges Peshawar,PKR 2.2 Crore,22000000,6,6,5 Marla,1125.0,19555,House,False,17,hot17VerifiedShare on FacebookShare on TwitterShare on WhatsAppSend via GMailSend via E-Mail,92,Houses_Peshawar,for_sale,2026-07-24,https://www.zameen.com/Property/arbab_sabz_ali_khan_town_arbab_sabz_ali_khan_town_executive_lodges_prime_location_5_marla_house_for_sale_in_arbab_sabz_ali_khan_town_executive_lodges_peshawar-54433917-10382-1.html
New trendy 5 Marla house available for sale in phase 1,PKR 3.35 Crore,33500000,8,6,5 Marla,1125.0,29777,House,False,,Share on FacebookShare on TwitterShare on WhatsAppSend via GMailSend via E-Mail,79,Houses_Peshawar,for_sale,2026-07-24,https://www.zameen.com/Property/hayatabad_hayatabad_phase_1_new_trendy_5_marla_house_available_for_sale_in_phase_1-54506942-7597-1.html
4 Marle Fresh House For Sale,PKR 2.25 Crore,22500000,4,5,4 Marla,900.0,25000,House,False,13,13Share on FacebookShare on TwitterShare on WhatsAppSend via GMailSend via E-Mail,81,Houses_Peshawar,for_sale,2026-07-24,https://www.zameen.com/Property/peshawar_warsak_road_4_marle_fresh_house_for_sale-54235978-1000-1.html
15 MARLA HOUSE FOR SALE IN WARSAK ROAD SABZ ALI TOWN PESHAWAR,PKR 4.5 Crore,45000000,8,7,15 Marla,3375.0,13333,House,False,22,22Share on FacebookShare on TwitterShare on WhatsAppSend via GMailSend via E-Mail,81,Houses_Peshawar,for_sale,2026-07-24,https://www.zameen.com/Property/peshawar_warsak_road_15_marla_house_for_sale_in_warsak_road_sabz_ali_town_peshawar-53600601-1000-1.html
3.5 Marla New House Beautiful House Available For In Sudais Villa,PKR 1.5 Crore,15000000,5,5,3.5 Marla,787.5,19047,House,False,20,20Share on FacebookShare on TwitterShare on WhatsAppSend via GMailSend via E-Mail,81,Houses_Peshawar,for_sale,2026-07-24,https://www.zameen.com/Property/warsak_road_sudais_villas_3_5_marla_new_house_beautiful_house_available_for_in_sudais_villa-54191683-18406-1.html
5 Marla New Beautiful House Is Available For Sale In Sudais Villa Warsk Road,PKR 1.9 Crore,19000000,6,6,5 Marla,1125.0,16888,House,False,6,6Share on FacebookShare on TwitterShare on WhatsAppSend via GMailSend via E-Mail,80,Houses_Peshawar,for_sale,2026-07-24,https://www.zameen.com/Property/warsak_road_sudais_villas_5_marla_new_beautiful_house_is_available_for_sale_in_sudais_villa_warsk_road-54032219-18406-1.html
3 Marla New Beautiful House For Sale In Sudais Villa,PKR 1.15 Crore,11500000,4,5,3 Marla,675.0,17037,House,False,11,11Share on FacebookShare on TwitterShare on WhatsAppSend via GMailSend via E-Mail,81,Houses_Peshawar,for_sale,2026-07-24,https://www.zameen.com/Property/warsak_road_sudais_villas_3_marla_new_beautiful_house_for_sale_in_sudais_villa-54116841-18406-1.html
4.15 marle house for sale,PKR 2.3 Crore,23000000,5,5,4.1 Marla,922.4999999999999,24932,House,False,8,8Share on FacebookShare on TwitterShare on WhatsAppSend via GMailSend via E-Mail,80,Houses_Peshawar,for_sale,2026-07-24,https://www.zameen.com/Property/peshawar_warsak_road_4_15_marle_house_for_sale-54501470-1000-1.html
4.75 marle house for sale  Fresh house  Basement full tile  Total 6bed rooms  Double story  Location warsak road Sufyan gardan,PKR 2.4 Crore,24000000,2,6,4.7 Marla,1057.5,22695,House,False,11,11Share on FacebookShare on TwitterShare on WhatsAppSend via GMailSend via E-Mail,81,Houses_Peshawar,for_sale,2026-07-24,https://www.zameen.com/Property/peshawar_warsak_road_4_75_marle_house_for_sale_fresh_house_basement_full_tile_total_6bed_rooms_double_story_location_warsak_road_sufyan_gardan-54501454-1000-1.html
A Spacious Prime Location 5 Marla House In Arbab Sabz Ali Khan Town Executive Lodges,PKR 2.2 Crore,22000000,6,6,5 Marla,1125.0,19555,House,False,18,hot18VerifiedShare on FacebookShare on TwitterShare on WhatsAppSend via GMailSend via E-Mail,92,Houses_Peshawar,for_sale,2026-07-24,https://www.zameen.com/Property/arbab_sabz_ali_khan_town_arbab_sabz_ali_khan_town_executive_lodges_a_spacious_prime_location_5_marla_house_in_arbab_sabz_ali_khan_town_executive_lodges-54433918-10382-1.html
Prime Location 10 Marla House In Arbab Sabz Ali Khan Town Executive Lodges Best Option,PKR 4.7 Crore,47000000,,,10 Marla,2250.0,20888,House,False,19,hot19VerifiedShare on FacebookShare on TwitterShare on WhatsAppSend via GMailSend via E-Mail,92,Houses_Peshawar,for_sale,2026-07-24,https://www.zameen.com/Property/arbab_sabz_ali_khan_town_arbab_sabz_ali_khan_town_executive_lodges_prime_location_10_marla_house_in_arbab_sabz_ali_khan_town_executive_lodges_best_option-54433919-10382-1.html
Prime Location Officers Garden Colony House Sized 11 Marla Is Available,PKR 7 Crore,70000000,7,,11 Marla,2475.0,28282,House,False,13,hot13VerifiedShare on FacebookShare on TwitterShare on WhatsAppSend via GMailSend via E-Mail,92,Houses_Peshawar,for_sale,2026-07-24,https://www.zameen.com/Property/warsak_road_officers_garden_colony_prime_location_officers_garden_colony_house_sized_11_marla_is_available-54272701-7655-1.html
Sector B3 | 12 Kv Solar System+ Green Meter House For Sale,PKR 4.44 Crore,44400000,10,6,10 Marla,2250.0,19733,House,False,3,hot3Share on FacebookShare on TwitterShare on WhatsAppSend via GMailSend via E-Mail,83,Houses_Peshawar,for_sale,2026-07-24,https://www.zameen.com/Property/regi_model_town_regi_model_town_phase_3_sector_b3_12_kv_solar_system_green_meter_house_for_sale-53076467-17013-1.html
Prime Location A Centrally Located House Is Available For Sale In Peshawar,PKR 4.8 Crore,48000000,7,,10 Marla,2250.0,21333,House,False,29,hot29VerifiedShare on FacebookShare on TwitterShare on WhatsAppSend via GMailSend via E-Mail,92,Houses_Peshawar,for_sale,2026-07-24,https://www.zameen.com/Property/warsak_road_sufiyan_garden_prime_location_a_centrally_located_house_is_available_for_sale_in_peshawar-54460263-19313-1.html
Buy Prime Location 3 Marla House At Highly Affordable Price,PKR 1.15 Crore,11500000,4,4,3 Marla,675.0,17037,House,False,23,hot23VerifiedShare on FacebookShare on TwitterShare on WhatsAppSend via GMailSend via E-Mail,92,Houses_Peshawar,for_sale,2026-07-24,https://www.zameen.com/Property/warsak_road_sudais_villas_buy_prime_location_3_marla_house_at_highly_affordable_price-54005097-18406-1.html
Get In Touch Now To Buy A Prime Location 7 Marla House In Ali Homes,PKR 4 Crore,40000000,6,6,7 Marla,1575.0,25396,House,False,33,hot33VerifiedShare on FacebookShare on TwitterShare on WhatsAppSend via GMailSend via E-Mail,92,Houses_Peshawar,for_sale,2026-07-24,https://www.zameen.com/Property/warsak_road_ali_homes_get_in_touch_now_to_buy_a_prime_location_7_marla_house_in_ali_homes-54005096-21999-1.html
Prime Location 10 Marla Spacious House Is Available In Ali Homes For sale,PKR 6 Crore,60000000,8,,10 Marla,2250.0,26666,House,False,45,hot45VerifiedShare on FacebookShare on TwitterShare on WhatsAppSend via GMailSend via E-Mail,92,Houses_Peshawar,for_sale,2026-07-24,https://www.zameen.com/Property/warsak_road_ali_homes_prime_location_10_marla_spacious_house_is_available_in_ali_homes_for_sale-54005095-21999-1.html
Get In Touch Now To Buy A Prime Location House In Arbab Sabz Ali Khan Town Executive Lodges,PKR 3.1 Crore,31000000,7,,5 Marla,1125.0,27555,House,False,50,hot50VerifiedShare on FacebookShare on TwitterShare on WhatsAppSend via GMailSend via E-Mail,92,Houses_Peshawar,for_sale,2026-07-24,https://www.zameen.com/Property/arbab_sabz_ali_khan_town_arbab_sabz_ali_khan_town_executive_lodges_get_in_touch_now_to_buy_a_prime_location_house_in_arbab_sabz_ali_khan_town_executive_lodges-53917923-10382-1.html
Stunning Corner 5 Marla House In Green Cottages Available,PKR 2.3 Crore,23000000,5,5,5 Marla,1125.0,20444,House,False,11,hot11VerifiedShare on FacebookShare on TwitterShare on WhatsAppSend via GMailSend via E-Mail,92,Houses_Peshawar,for_sale,2026-07-24,https://www.zameen.com/Property/warsak_road_green_cottages_stunning_corner_5_marla_house_in_green_cottages_available-54466895-11933-1.html
A Prime Location 3 Marla House Located In Sudais Villas Is Available For sale,PKR 1.3 Crore,13000000,4,4,3 Marla,675.0,19259,House,False,28,hot28VerifiedShare on FacebookShare on TwitterShare on WhatsAppSend via GMailSend via E-Mail,92,Houses_Peshawar,for_sale,2026-07-24,https://www.zameen.com/Property/warsak_road_sudais_villas_a_prime_location_3_marla_house_located_in_sudais_villas_is_available_for_sale-54466896-18406-1.html
Buying A Prime Location House In Green Cottages?,PKR 2.2 Crore,22000000,5,5,4 Marla,900.0,24444,House,False,39,hot39VerifiedShare on FacebookShare on TwitterShare on WhatsAppSend via GMailSend via E-Mail,92,Houses_Peshawar,for_sale,2026-07-24,https://www.zameen.com/Property/warsak_road_green_cottages_buying_a_prime_location_house_in_green_cottages-54466892-11933-1.html
Ideally Located Prime Location House Of 3 Marla Is Available For Sale In Peshawar,PKR 1.2 Crore,12000000,4,4,3 Marla,675.0,17777,House,False,26,hot26VerifiedShare on FacebookShare on TwitterShare on WhatsAppSend via GMailSend via E-Mail,92,Houses_Peshawar,for_sale,2026-07-24,https://www.zameen.com/Property/warsak_road_sudais_villas_ideally_located_prime_location_house_of_3_marla_is_available_for_sale_in_peshawar-54465659-18406-1.html
Prime Location 4.5 Marla House For Sale Available In Warsak Road,PKR 2.2 Crore,22000000,5,5,4.5 Marla,1012.5,21728,House,False,40,hot40VerifiedShare on FacebookShare on TwitterShare on WhatsAppSend via GMailSend via E-Mail,92,Houses_Peshawar,for_sale,2026-07-24,https://www.zameen.com/Property/warsak_road_green_cottages_prime_location_4_5_marla_house_for_sale_available_in_warsak_road-54466893-11933-1.html
1 Kanal Luxury House Available For Sale,PKR 7.5 Crore,75000000,10,,1 Kanal,4500.0,16666,House,False,15,hot15Share on FacebookShare on TwitterShare on WhatsAppSend via GMailSend via E-Mail,84,Houses_Peshawar,for_sale,2026-07-24,https://www.zameen.com/Property/regi_model_town_regi_model_town_phase_4_1_kanal_luxury_house_available_for_sale-53450679-17014-1.html
1 Kanal Luxury House For Sale In DHA Peshawar Sector B,PKR 11 Crore,110000000,8,6,1 Kanal,4500.0,24444,House,False,25,hot25Share on FacebookShare on TwitterShare on WhatsAppSend via GMailSend via E-Mail,84,Houses_Peshawar,for_sale,2026-07-24,https://www.zameen.com/Property/peshawar_dha_defence_1_kanal_luxury_house_for_sale_in_dha_peshawar_sector_b-54478784-9050-1.html
10 Marla New House For Sale,PKR 5.25 Crore,52500000,4,5,10 Marla,2250.0,23333,House,False,13,hot13Share on FacebookShare on TwitterShare on WhatsAppSend via GMailSend via E-Mail,84,Houses_Peshawar,for_sale,2026-07-24,https://www.zameen.com/Property/peshawar_askari_6_10_marla_new_house_for_sale-45753136-9275-1.html
Ideal Prime Location House Is Available For sale In Peshawar,PKR 2 Crore,20000000,6,6,5 Marla,1125.0,17777,House,False,15,15VerifiedShare on FacebookShare on TwitterShare on WhatsAppSend via GMailSend via E-Mail,89,Houses_Peshawar,for_sale,2026-07-24,https://www.zameen.com/Property/warsak_road_sudais_villas_ideal_prime_location_house_is_available_for_sale_in_peshawar-54500374-18406-1.html
Prime Location House Is Available For sale In Sufiyan Garden,PKR 4.8 Crore,48000000,7,,10 Marla,2250.0,21333,House,False,22,22VerifiedShare on FacebookShare on TwitterShare on WhatsAppSend via GMailSend via E-Mail,89,Houses_Peshawar,for_sale,2026-07-24,https://www.zameen.com/Property/warsak_road_sufiyan_garden_prime_location_house_is_available_for_sale_in_sufiyan_garden-54500373-19313-1.html
5 Marla Fresh House For Sale In Zone 3 At C1 Sector,PKR 3.3 Crore,33000000,8,6,5 Marla,1125.0,29333,House,False,33,33Share on FacebookShare on TwitterShare on WhatsAppSend via GMailSend via E-Mail,81,Houses_Peshawar,for_sale,2026-07-24,https://www.zameen.com/Property/regi_model_town_phase_3_regi_model_town_phase_3_-_block_c1_5_marla_fresh_house_for_sale_in_zone_3_at_c1_sector-54494074-17025-1.html
affordable house house for sale,PKR 1.95 Crore,19500000,5,4,5 Marla,1125.0,17333,House,False,,Share on FacebookShare on TwitterShare on WhatsAppSend via GMailSend via E-Mail,79,Houses_Peshawar,for_sale,2026-07-24,https://www.zameen.com/Property/hayatabad_hayatabad_phase_1_affordable_house_house_for_sale-54501504-7597-1.html
10 marla new untouched house,PKR 8.25 Crore,82500000,9,,10 Marla,2250.0,36666,House,True,,Share on FacebookShare on TwitterShare on WhatsAppSend via GMailSend via E-Mail,79,Houses_Peshawar,for_sale,2026-07-24,https://www.zameen.com/Property/hayatabad_phase_3_hayatabad_phase_3_-_k4_10_marla_new_untouched_house-54501149-7621-1.html
Prime Location 5 Marla House In Warsak Road For Sale At Good Location,PKR 3.1 Crore,31000000,6,,5 Marla,1125.0,27555,House,False,18,18VerifiedShare on FacebookShare on TwitterShare on WhatsAppSend via GMailSend via E-Mail,89,Houses_Peshawar,for_sale,2026-07-24,https://www.zameen.com/Property/arbab_sabz_ali_khan_town_arbab_sabz_ali_khan_town_executive_lodges_prime_location_5_marla_house_in_warsak_road_for_sale_at_good_location-54272556-10382-1.html
Buying A Prime Location House In Al-Moeez Housing Society?,PKR 4.5 Crore,45000000,7,,11 Marla,2475.0,18181,House,False,39,39VerifiedShare on FacebookShare on TwitterShare on WhatsAppSend via GMailSend via E-Mail,89,Houses_Peshawar,for_sale,2026-07-24,https://www.zameen.com/Property/peshawar_al-moeez_housing_society_buying_a_prime_location_house_in_al-moeez_housing_society-54272633-21067-1.html
Prime Location 9 Marla House Up For sale In Darmangi,PKR 3.7 Crore,37000000,6,6,9 Marla,2025.0,18271,House,False,16,16VerifiedShare on FacebookShare on TwitterShare on WhatsAppSend via GMailSend via E-Mail,89,Houses_Peshawar,for_sale,2026-07-24,https://www.zameen.com/Property/warsak_road_darmangi_prime_location_9_marla_house_up_for_sale_in_darmangi-54291213-12422-1.html
12 Marla Beautiful House For Sale,PKR 5.7 Crore,57000000,5,6,12 Marla,2700.0,21111,House,False,50,hot50Share on FacebookShare on TwitterShare on WhatsAppSend via GMailSend via E-Mail,84,Houses_Peshawar,for_sale,2026-07-24,https://www.zameen.com/Property/peshawar_askari_6_12_marla_beautiful_house_for_sale-49750104-9275-1.html
Kanal Corner House For Sale,PKR 8 Crore,80000000,5,6,1 Kanal,4500.0,17777,House,False,39,hot39Share on FacebookShare on TwitterShare on WhatsAppSend via GMailSend via E-Mail,84,Houses_Peshawar,for_sale,2026-07-24,https://www.zameen.com/Property/peshawar_askari_6_kanal_corner_house_for_sale-51902647-9275-1.html
This Is Your Chance To Buy Prime Location House In Sufiyan Garden Peshawar,PKR 4.1 Crore,41000000,6,6,10 Marla,2250.0,18222,House,False,49,hot49VerifiedShare on FacebookShare on TwitterShare on WhatsAppSend via GMailSend via E-Mail,92,Houses_Peshawar,for_sale,2026-07-24,https://www.zameen.com/Property/warsak_road_sufiyan_garden_this_is_your_chance_to_buy_prime_location_house_in_sufiyan_garden_peshawar-54426747-19313-1.html
Prime Location House In Green Cottages Sized 4 Marla Is Available,PKR 2.2 Crore,22000000,4,4,4 Marla,900.0,24444,House,False,40,hot40VerifiedShare on FacebookShare on TwitterShare on WhatsAppSend via GMailSend via E-Mail,92,Houses_Peshawar,for_sale,2026-07-24,https://www.zameen.com/Property/warsak_road_green_cottages_prime_location_house_in_green_cottages_sized_4_marla_is_available-54426748-11933-1.html
Brand New Luxury House For Sale,PKR 2.1 Crore,21000000,5,5,5 Marla,1125.0,18666,House,False,17,hot17Share on FacebookShare on TwitterShare on WhatsAppSend via GMailSend via E-Mail,84,Houses_Peshawar,for_sale,2026-07-24,https://www.zameen.com/Property/warsak_road_sufiyan_garden_brand_new_luxury_house_for_sale-54482139-19313-1.html
Get This Amazing Prime Location 4 Marla House Available In Warsak Road,PKR 2.3 Crore,23000000,5,5,4 Marla,900.0,25555,House,False,23,hot23VerifiedShare on FacebookShare on TwitterShare on WhatsAppSend via GMailSend via E-Mail,92,Houses_Peshawar,for_sale,2026-07-24,https://www.zameen.com/Property/peshawar_warsak_road_get_this_amazing_prime_location_4_marla_house_available_in_warsak_road-54427361-1000-1.html
5 Marla New Corner House For Sale In Sheikh Yaseen Town Peshawar,PKR 1.9 Crore,19000000,8,,5 Marla,1125.0,16888,House,False,15,hot15Share on FacebookShare on TwitterShare on WhatsAppSend via GMailSend via E-Mail,84,Houses_Peshawar,for_sale,2026-07-24,https://www.zameen.com/Property/nasir_bagh_road_sheikh_yaseen_town_5_marla_new_corner_house_for_sale_in_sheikh_yaseen_town_peshawar-54210995-13024-1.html
5 Marla South Open Grey Structure House For Sale In Zone 3 Regi Model Town Peshawar,PKR 2.25 Crore,22500000,8,,5 Marla,1125.0,20000,House,False,,hotShare on FacebookShare on TwitterShare on WhatsAppSend via GMailSend via E-Mail,82,Houses_Peshawar,for_sale,2026-07-24,https://www.zameen.com/Property/regi_model_town_regi_model_town_phase_3_5_marla_south_open_grey_structure_house_for_sale_in_zone_3_regi_model_town_peshawar-54479596-17013-1.html
House In Sector A For Sale (Prime Location),PKR 6.6 Crore,66000000,7,6,1 Kanal,4500.0,14666,House,False,1,hot1Share on FacebookShare on TwitterShare on WhatsAppSend via GMailSend via E-Mail,83,Houses_Peshawar,for_sale,2026-07-24,https://www.zameen.com/Property/dha_phase_1_dha_phase_1_-_sector_a_house_in_sector_a_for_sale_prime_location-54340944-12292-1.html
Prime Location House Of 10 Marla In Hayatabad Phase 7 Is Available,PKR 5.8 Crore,58000000,8,6,10 Marla,2250.0,25777,House,False,17,hot17VerifiedShare on FacebookShare on TwitterShare on WhatsAppSend via GMailSend via E-Mail,92,Houses_Peshawar,for_sale,2026-07-24,https://www.zameen.com/Property/hayatabad_hayatabad_phase_7_prime_location_house_of_10_marla_in_hayatabad_phase_7_is_available-54403893-8534-1.html
Ideal Prime Location House For Sale In Hayatabad Phase 7,PKR 2.8 Crore,28000000,6,6,5 Marla,1125.0,24888,House,False,10,hot10VerifiedShare on FacebookShare on TwitterShare on WhatsAppSend via GMailSend via E-Mail,92,Houses_Peshawar,for_sale,2026-07-24,https://www.zameen.com/Property/hayatabad_hayatabad_phase_7_ideal_prime_location_house_for_sale_in_hayatabad_phase_7-54403890-8534-1.html
Aesthetic Prime Location House Of 5 Marla For Sale Is Available,PKR 3.8 Crore,38000000,8,6,5 Marla,1125.0,33777,House,False,11,hot11VerifiedShare on FacebookShare on TwitterShare on WhatsAppSend via GMailSend via E-Mail,92,Houses_Peshawar,for_sale,2026-07-24,https://www.zameen.com/Property/hayatabad_hayatabad_phase_7_aesthetic_prime_location_house_of_5_marla_for_sale_is_available-54362812-8534-1.html
5 Marla House For Sale Zone 3 Sector C1 Regi Model Town Peshawar,PKR 3.3 Crore,33000000,8,6,5 Marla,1125.0,29333,House,False,22,hot22Share on FacebookShare on TwitterShare on WhatsAppSend via GMailSend via E-Mail,84,Houses_Peshawar,for_sale,2026-07-24,https://www.zameen.com/Property/regi_model_town_phase_3_regi_model_town_phase_3_-_block_c1_5_marla_house_for_sale_zone_3_sector_c1_regi_model_town_peshawar-54334561-17025-1.html
Prime Location 10 Marla House In Stunning Hayatabad Phase 1 Is Available For sale,PKR 4.5 Crore,45000000,6,6,10 Marla,2250.0,20000,House,False,10,hot10VerifiedShare on FacebookShare on TwitterShare on WhatsAppSend via GMailSend via E-Mail,92,Houses_Peshawar,for_sale,2026-07-24,https://www.zameen.com/Property/hayatabad_hayatabad_phase_1_prime_location_10_marla_house_in_stunning_hayatabad_phase_1_is_available_for_sale-54338934-7597-1.html
Prime Location 10 Marla House In Hayatabad Phase 7 For sale,PKR 6.9 Crore,69000000,8,6,10 Marla,2250.0,30666,House,False,34,hot34VerifiedShare on FacebookShare on TwitterShare on WhatsAppSend via GMailSend via E-Mail,92,Houses_Peshawar,for_sale,2026-07-24,https://www.zameen.com/Property/hayatabad_hayatabad_phase_7_prime_location_10_marla_house_in_hayatabad_phase_7_for_sale-54338933-8534-1.html
Prime Location House For Sale In Hayatabad Phase 6 Peshawar,PKR 4.1 Crore,41000000,9,6,7 Marla,1575.0,26031,House,False,17,hot17VerifiedShare on FacebookShare on TwitterShare on WhatsAppSend via GMailSend via E-Mail,92,Houses_Peshawar,for_sale,2026-07-24,https://www.zameen.com/Property/hayatabad_hayatabad_phase_6_prime_location_house_for_sale_in_hayatabad_phase_6_peshawar-54338932-7627-1.html
10 Marla Double Garage House For Sale,PKR 6 Crore,60000000,9,6,10 Marla,2250.0,26666,House,True,7,hot7Share on FacebookShare on TwitterShare on WhatsAppSend via GMailSend via E-Mail,83,Houses_Peshawar,for_sale,2026-07-24,https://www.zameen.com/Property/hayatabad_phase_6_hayatabad_phase_6_-_f7_10_marla_double_garage_house_for_sale-54450840-7633-1.html
South Open Corner Solid House with Basement,PKR 9.5 Crore,95000000,9,7,1 Kanal,4500.0,21111,House,False,7,7Share on FacebookShare on TwitterShare on WhatsAppSend via GMailSend via E-Mail,80,Houses_Peshawar,for_sale,2026-07-24,https://www.zameen.com/Property/peshawar_hayatabad_south_open_corner_solid_house_with_basement-53055714-394-1.html
22 Marla South Corner House FOR SALE  10 Kv Solar System Installed,PKR 7.1 Crore,71000000,10,6,1.1 Kanal,4950.0,14343,House,False,14,14Share on FacebookShare on TwitterShare on WhatsAppSend via GMailSend via E-Mail,81,Houses_Peshawar,for_sale,2026-07-24,https://www.zameen.com/Property/peshawar_regi_model_town_22_marla_south_corner_house_for_sale_10_kv_solar_system_installed-52983002-7660-1.html
South Facing | 2 Minutes Walking Distance Market Masjid Park| Prime Location,PKR 9.1 Crore,91000000,9,6,1 Kanal,4500.0,20222,House,False,13,13Share on FacebookShare on TwitterShare on WhatsAppSend via GMailSend via E-Mail,81,Houses_Peshawar,for_sale,2026-07-24,https://www.zameen.com/Property/dha_phase_1_dha_phase_1_-_sector_a_south_facing_2_minutes_walking_distance_market_masjid_park_prime_location-54207457-12292-1.html
Brand New Beautiful House For Sell In Dha Peshawar On Double Road Near To park Masjid Market,PKR 7 Crore,70000000,7,6,1 Kanal,4500.0,15555,House,True,11,11Share on FacebookShare on TwitterShare on WhatsAppSend via GMailSend via E-Mail,81,Houses_Peshawar,for_sale,2026-07-24,https://www.zameen.com/Property/dha_phase_1_dha_phase_1_-_sector_a_brand_new_beautiful_house_for_sell_in_dha_peshawar_on_double_road_near_to_park_masjid_market-52734187-12292-1.html
Prime Location Sufiyan Garden House Sized 5 Marla,PKR 2.2 Crore,22000000,7,,5 Marla,1125.0,19555,House,False,23,23VerifiedShare on FacebookShare on TwitterShare on WhatsAppSend via GMailSend via E-Mail,89,Houses_Peshawar,for_sale,2026-07-24,https://www.zameen.com/Property/warsak_road_sufiyan_garden_prime_location_sufiyan_garden_house_sized_5_marla-53909825-19313-1.html
A Prime Location 12 Marla House Has Landed On Market In Darmangi Of Peshawar,PKR 3.5 Crore,35000000,6,6,12 Marla,2700.0,12962,House,False,28,28VerifiedShare on FacebookShare on TwitterShare on WhatsAppSend via GMailSend via E-Mail,89,Houses_Peshawar,for_sale,2026-07-24,https://www.zameen.com/Property/warsak_road_darmangi_a_prime_location_12_marla_house_has_landed_on_market_in_darmangi_of_peshawar-53866238-12422-1.html
Well-constructed Fully Furnished House Available For sale In Sufiyan Garden,PKR 1.5 Crore,15000000,3,3,5 Marla,1125.0,13333,House,False,24,24VerifiedShare on FacebookShare on TwitterShare on WhatsAppSend via GMailSend via E-Mail,89,Houses_Peshawar,for_sale,2026-07-24,https://www.zameen.com/Property/warsak_road_sufiyan_garden_well-constructed_fully_furnished_house_available_for_sale_in_sufiyan_garden-53676986-19313-1.html
Find Your Ideal Prime Location House In Peshawar Under Rs. 20000000,PKR 2 Crore,20000000,5,5,5 Marla,1125.0,17777,House,False,30,30VerifiedShare on FacebookShare on TwitterShare on WhatsAppSend via GMailSend via E-Mail,89,Houses_Peshawar,for_sale,2026-07-24,https://www.zameen.com/Property/warsak_road_darmangi_find_your_ideal_prime_location_house_in_peshawar_under_rs_20000000-53665211-12422-1.html
Prime 7 Marla House For Sale In Hayatabad Perfectly Located Near CECOS University,PKR 6.2 Crore,62000000,8,7,7 Marla,1575.0,39365,House,False,21,hot21Share on FacebookShare on TwitterShare on WhatsAppSend via GMailSend via E-Mail,84,Houses_Peshawar,for_sale,2026-07-24,https://www.zameen.com/Property/hayatabad_phase_6_hayatabad_phase_6_-_f6_prime_7_marla_house_for_sale_in_hayatabad_perfectly_located_near_cecos_university-54209248-7632-1.html
10 Marla Park Facing Single Story House In Police Colony Of Police Colony Is Available For Sale,PKR 3.5 Crore,35000000,3,3,10 Marla,2250.0,15555,House,False,,hotShare on FacebookShare on TwitterShare on WhatsAppSend via GMailSend via E-Mail,82,Houses_Peshawar,for_sale,2026-07-24,https://www.zameen.com/Property/peshawar_police_colony_10_marla_park_facing_single_story_house_in_police_colony_of_police_colony_is_available_for_sale-54309629-12359-1.html
10 Marla Vip House For Sale,PKR 6.8 Crore,68000000,9,6,10 Marla,2250.0,30222,House,False,13,hot13Share on FacebookShare on TwitterShare on WhatsAppSend via GMailSend via E-Mail,84,Houses_Peshawar,for_sale,2026-07-24,https://www.zameen.com/Property/hayatabad_phase_7_hayatabad_phase_7_-_e5_10_marla_vip_house_for_sale-54445977-13218-1.html
Brand New House Available For Sale,PKR 14.5 Crore,145000000,5,5,15 Marla,3375.0,42962,House,False,32,hot32Share on FacebookShare on TwitterShare on WhatsAppSend via GMailSend via E-Mail,84,Houses_Peshawar,for_sale,2026-07-24,https://www.zameen.com/Property/peshawar_university_town_brand_new_house_available_for_sale-46758267-1437-1.html
"Luxury 1 Kanal House For Sale Hayatabad Phase 7, Sector E6",PKR 10.8 Crore,108000000,,,1 Kanal,4500.0,24000,House,False,24,hot24Share on FacebookShare on TwitterShare on WhatsAppSend via GMailSend via E-Mail,84,Houses_Peshawar,for_sale,2026-07-24,https://www.zameen.com/Property/hayatabad_phase_7_hayatabad_phase_7_-_e6_luxury_1_kanal_house_for_sale_hayatabad_phase_7_sector_e6-54086685-13219-1.html
Luxury House for Sale | Defence Officer Colony | Peshawar,PKR 22 Crore,220000000,11,7,1.5 Kanal,6750.0,32592,House,False,15,hot15Share on FacebookShare on TwitterShare on WhatsAppSend via GMailSend via E-Mail,84,Houses_Peshawar,for_sale,2026-07-24,https://www.zameen.com/Property/peshawar_defence_officer_colony_luxury_house_for_sale_defence_officer_colony_peshawar-53290729-392-1.html
Exclusive 6 Marla Luxury Corner House | Triple Storey | Zone 4 Regi Model Town,PKR 3.3 Crore,33000000,8,7,6 Marla,1350.0,24444,House,True,16,hot16Share on FacebookShare on TwitterShare on WhatsAppSend via GMailSend via E-Mail,84,Houses_Peshawar,for_sale,2026-07-24,https://www.zameen.com/Property/regi_model_town_regi_model_town_phase_4_exclusive_6_marla_luxury_corner_house_triple_storey_zone_4_regi_model_town-54418906-17014-1.html
6 Marla 9 Rooms Attach Bath Double Car Porch Gas Electricity Water Available Malik Tariq Road Street 1 Ring Road RMC Hospital House For Sale,PKR 2.8 Crore,28000000,9,2,6 Marla,1350.0,20740,House,False,16,hot16Share on FacebookShare on TwitterShare on WhatsAppSend via GMailSend via E-Mail,84,Houses_Peshawar,for_sale,2026-07-24,https://www.zameen.com/Property/peshawar_ring_road_6_marla_9_rooms_attach_bath_double_car_porch_gas_electricity_water_available_malik_tariq_road_street_1_ring_road_rmc_hospital_house_for_sale-54418546-997-1.html
You Can Find A Gorgeous House For Sale In Dalazak Road,PKR 7 Crore,70000000,10,,13 Marla,2925.0,23931,House,False,15,hot15Share on FacebookShare on TwitterShare on WhatsAppSend via GMailSend via E-Mail,84,Houses_Peshawar,for_sale,2026-07-24,https://www.zameen.com/Property/peshawar_dalazak_road_you_can_find_a_gorgeous_house_for_sale_in_dalazak_road-54417117-7587-1.html
10 Marla Brand New House For Sale In RMT Zone 4 Prime Location,PKR 4.8 Crore,48000000,10,,10 Marla,2250.0,21333,House,False,30,hot30Share on FacebookShare on TwitterShare on WhatsAppSend via GMailSend via E-Mail,84,Houses_Peshawar,for_sale,2026-07-24,https://www.zameen.com/Property/peshawar_regi_model_town_10_marla_brand_new_house_for_sale_in_rmt_zone_4_prime_location-53591251-7660-1.html
3.25 Marla House,PKR 96 Lakh,9600000,4,4,3.2 Marla,720.0,13333,House,False,20,hot20Share on FacebookShare on TwitterShare on WhatsAppSend via GMailSend via E-Mail,84,Houses_Peshawar,for_sale,2026-07-24,https://www.zameen.com/Property/warsak_road_uzair_town_3_25_marla_house-54289779-22002-1.html
Own Your Dream House At RMT Zone 3 For Sale,PKR 3.2 Crore,32000000,7,6,5 Marla,1125.0,28444,House,False,11,hot11Share on FacebookShare on TwitterShare on WhatsAppSend via GMailSend via E-Mail,84,Houses_Peshawar,for_sale,2026-07-24,https://www.zameen.com/Property/peshawar_regi_model_town_own_your_dream_house_at_rmt_zone_3_for_sale-54390406-7660-1.html
Buy A 5 Marla House For sale In Hayatabad Phase 6,PKR 2.75 Crore,27500000,7,5,5 Marla,1125.0,24444,House,False,10,hot10Share on FacebookShare on TwitterShare on WhatsAppSend via GMailSend via E-Mail,84,Houses_Peshawar,for_sale,2026-07-24,https://www.zameen.com/Property/hayatabad_hayatabad_phase_6_buy_a_5_marla_house_for_sale_in_hayatabad_phase_6-54423943-7627-1.html
Beautiful House Available For Sale Hayatabad,PKR 6.5 Crore,65000000,6,6,1 Kanal,4500.0,14444,House,False,10,hot10Share on FacebookShare on TwitterShare on WhatsAppSend via GMailSend via E-Mail,84,Houses_Peshawar,for_sale,2026-07-24,https://www.zameen.com/Property/hayatabad_hayatabad_phase_1_beautiful_house_available_for_sale_hayatabad-54434698-7597-1.html
The Friends Properties Offers A 10 Marla Low Budget House For Sale Hayatabad Phase 2 Prime Location,PKR 4.8 Crore,48000000,7,,10 Marla,2250.0,21333,House,False,2,hot2Share on FacebookShare on TwitterShare on WhatsAppSend via GMailSend via E-Mail,83,Houses_Peshawar,for_sale,2026-07-24,https://www.zameen.com/Property/hayatabad_hayatabad_phase_2_the_friends_properties_offers_a_10_marla_low_budget_house_for_sale_hayatabad_phase_2_prime_location-54423955-7602-1.html
House Of 4 Marla In Darmangi Is Available,PKR 1.38 Crore,13799999,4,4,4 Marla,900.0,15333,House,False,17,hot17Share on FacebookShare on TwitterShare on WhatsAppSend via GMailSend via E-Mail,84,Houses_Peshawar,for_sale,2026-07-24,https://www.zameen.com/Property/warsak_road_darmangi_house_of_4_marla_in_darmangi_is_available-54401103-12422-1.html
Prime Location 2 Marla House In Sudais Villas Is Available For sale,PKR 1.1 Crore,11000000,4,5,2 Marla,450.0,24444,House,False,10,hot10VerifiedShare on FacebookShare on TwitterShare on WhatsAppSend via GMailSend via E-Mail,92,Houses_Peshawar,for_sale,2026-07-24,https://www.zameen.com/Property/warsak_road_sudais_villas_prime_location_2_marla_house_in_sudais_villas_is_available_for_sale-54355571-18406-1.html
Prime Location 3 Marla House For Sale In Warsak Road,PKR 1.45 Crore,14500000,4,4,3 Marla,675.0,21481,House,False,19,19VerifiedShare on FacebookShare on TwitterShare on WhatsAppSend via GMailSend via E-Mail,89,Houses_Peshawar,for_sale,2026-07-24,https://www.zameen.com/Property/peshawar_warsak_road_prime_location_3_marla_house_for_sale_in_warsak_road-53450709-1000-1.html
Your Ideal Prime Location 5 Marla House Has Just Become Available In Arbab Sabz Ali Khan Town Executive Lodges,PKR 2.5 Crore,25000000,7,,5 Marla,1125.0,22222,House,False,25,25VerifiedShare on FacebookShare on TwitterShare on WhatsAppSend via GMailSend via E-Mail,89,Houses_Peshawar,for_sale,2026-07-24,https://www.zameen.com/Property/arbab_sabz_ali_khan_town_arbab_sabz_ali_khan_town_executive_lodges_your_ideal_prime_location_5_marla_house_has_just_become_available_in_arbab_sabz_ali_khan_town_executive_lodges-53422731-10382-1.html
Prime Location House Of 10 Marla Is Available For sale,PKR 5.5 Crore,55000000,6,6,10 Marla,2250.0,24444,House,False,13,13VerifiedShare on FacebookShare on TwitterShare on WhatsAppSend via GMailSend via E-Mail,89,Houses_Peshawar,for_sale,2026-07-24,https://www.zameen.com/Property/peshawar_irshadabad_prime_location_house_of_10_marla_is_available_for_sale-54236018-10380-1.html
Prime Location 10 Marla House For Sale In Darmangi,PKR 4 Crore,40000000,6,6,10 Marla,2250.0,17777,House,False,44,44VerifiedShare on FacebookShare on TwitterShare on WhatsAppSend via GMailSend via E-Mail,89,Houses_Peshawar,for_sale,2026-07-24,https://www.zameen.com/Property/warsak_road_darmangi_prime_location_10_marla_house_for_sale_in_darmangi-54228120-12422-1.html
Gorgeous Prime Location 4 Marla House For sale Available In Arbab Sabz Ali Khan Town,PKR 1.8 Crore,18000000,4,4,4 Marla,900.0,20000,House,False,25,25VerifiedShare on FacebookShare on TwitterShare on WhatsAppSend via GMailSend via E-Mail,89,Houses_Peshawar,for_sale,2026-07-24,https://www.zameen.com/Property/warsak_road_arbab_sabz_ali_khan_town_gorgeous_prime_location_4_marla_house_for_sale_available_in_arbab_sabz_ali_khan_town-54166188-10222-1.html
1 Kanal House For Sell In Hayatabad Phase 6,PKR 7.5 Crore,75000000,8,6,1 Kanal,4500.0,16666,House,True,8,8Share on FacebookShare on TwitterShare on WhatsAppSend via GMailSend via E-Mail,80,Houses_Peshawar,for_sale,2026-07-24,https://www.zameen.com/Property/hayatabad_hayatabad_phase_6_1_kanal_house_for_sell_in_hayatabad_phase_6-53420493-7627-1.html
5 Marla Untouch House For Sale Regi Zone 4,PKR 3.1 Crore,31000000,8,6,5 Marla,1125.0,27555,House,False,6,6Share on FacebookShare on TwitterShare on WhatsAppSend via GMailSend via E-Mail,80,Houses_Peshawar,for_sale,2026-07-24,https://www.zameen.com/Property/peshawar_regi_model_town_5_marla_untouch_house_for_sale_regi_zone_4-54484838-7660-1.html
Buying A Prime Location House In Peshawar?,PKR 1.2 Crore,12000000,3,3,3 Marla,675.0,17777,House,False,26,26VerifiedShare on FacebookShare on TwitterShare on WhatsAppSend via GMailSend via E-Mail,89,Houses_Peshawar,for_sale,2026-07-24,https://www.zameen.com/Property/warsak_road_ali_villas_buying_a_prime_location_house_in_peshawar-53891889-22001-1.html
"Premium 10 Marla Luxury Living House Available For Sale In The Highly Desirable Zone 3, Sector C3.",PKR 4.9 Crore,49000000,10,6,10 Marla,2250.0,21777,House,True,32,hot32Share on FacebookShare on TwitterShare on WhatsAppSend via GMailSend via E-Mail,84,Houses_Peshawar,for_sale,2026-07-24,https://www.zameen.com/Property/regi_model_town_phase_3_regi_model_town_phase_3_-_block_c3_premium_10_marla_luxury_living_house_available_for_sale_in_the_highly_desirable_zone_3_sector_c3-54325663-17026-1.html
5 Marla Low Budget House For Sale In HAYATABAD Phase 3,PKR 2.4 Crore,24000000,4,4,5 Marla,1125.0,21333,House,False,1,hot1Share on FacebookShare on TwitterShare on WhatsAppSend via GMailSend via E-Mail,83,Houses_Peshawar,for_sale,2026-07-24,https://www.zameen.com/Property/hayatabad_hayatabad_phase_3_5_marla_low_budget_house_for_sale_in_hayatabad_phase_3-54383012-7617-1.html
Beautiful House Available For Sale,PKR 4.4 Crore,44000000,9,6,10 Marla,2250.0,19555,House,False,1,hot1Share on FacebookShare on TwitterShare on WhatsAppSend via GMailSend via E-Mail,83,Houses_Peshawar,for_sale,2026-07-24,https://www.zameen.com/Property/peshawar_ring_road_beautiful_house_available_for_sale-54424980-997-1.html
Prime Location House Of 15 Marla For Sale In Arbab Sabz Ali Khan Town,PKR 4.5 Crore,45000000,6,6,15 Marla,3375.0,13333,House,False,17,17VerifiedShare on FacebookShare on TwitterShare on WhatsAppSend via GMailSend via E-Mail,89,Houses_Peshawar,for_sale,2026-07-24,https://www.zameen.com/Property/warsak_road_arbab_sabz_ali_khan_town_prime_location_house_of_15_marla_for_sale_in_arbab_sabz_ali_khan_town-54267458-10222-1.html
Prime Location 5 Marla House Is Available In Warsak Road,PKR 2.2 Crore,22000000,5,5,5 Marla,1125.0,19555,House,False,26,26VerifiedShare on FacebookShare on TwitterShare on WhatsAppSend via GMailSend via E-Mail,89,Houses_Peshawar,for_sale,2026-07-24,https://www.zameen.com/Property/peshawar_warsak_road_prime_location_5_marla_house_is_available_in_warsak_road-54309979-1000-1.html
Prime Location Green Cottages House Sized 4 Marla Is Available,PKR 2.25 Crore,22500000,5,5,4 Marla,900.0,25000,House,False,19,19VerifiedShare on FacebookShare on TwitterShare on WhatsAppSend via GMailSend via E-Mail,89,Houses_Peshawar,for_sale,2026-07-24,https://www.zameen.com/Property/warsak_road_green_cottages_prime_location_green_cottages_house_sized_4_marla_is_available-54309993-11933-1.html
A Prime Location House Of 8 Marla In Rs. 34000000,PKR 3.4 Crore,34000000,6,6,8 Marla,1800.0,18888,House,False,24,24VerifiedShare on FacebookShare on TwitterShare on WhatsAppSend via GMailSend via E-Mail,89,Houses_Peshawar,for_sale,2026-07-24,https://www.zameen.com/Property/warsak_road_sufiyan_garden_a_prime_location_house_of_8_marla_in_rs_34000000-54353328-19313-1.html
Prime Location 3 Marla Spacious House Is Available In Warsak Road For Sale,PKR 95 Lakh,9500000,6,6,3 Marla,675.0,14074,House,False,21,21VerifiedShare on FacebookShare on TwitterShare on WhatsAppSend via GMailSend via E-Mail,89,Houses_Peshawar,for_sale,2026-07-24,https://www.zameen.com/Property/peshawar_warsak_road_prime_location_3_marla_spacious_house_is_available_in_warsak_road_for_sale-53326851-1000-1.html
Idyllic Prime Location House Available In Arbab Sabz Ali Khan Town Executive Lodges For sale,PKR 3.6 Crore,36000000,7,,7 Marla,1575.0,22857,House,False,33,33VerifiedShare on FacebookShare on TwitterShare on WhatsAppSend via GMailSend via E-Mail,89,Houses_Peshawar,for_sale,2026-07-24,https://www.zameen.com/Property/arbab_sabz_ali_khan_town_arbab_sabz_ali_khan_town_executive_lodges_idyllic_prime_location_house_available_in_arbab_sabz_ali_khan_town_executive_lodges_for_sale-54334769-10382-1.html
Prime Location 4 Marla House For Sale In Green Cottages Peshawar,PKR 2.35 Crore,23500000,4,5,4 Marla,900.0,26111,House,False,25,25VerifiedShare on FacebookShare on TwitterShare on WhatsAppSend via GMailSend via E-Mail,89,Houses_Peshawar,for_sale,2026-07-24,https://www.zameen.com/Property/warsak_road_green_cottages_prime_location_4_marla_house_for_sale_in_green_cottages_peshawar-54324120-11933-1.html
Prime Location House Of 5 Marla For Sale In Arbab Sabz Ali Khan Town Executive Lodges,PKR 2.2 Crore,22000000,5,5,5 Marla,1125.0,19555,House,False,19,19VerifiedShare on FacebookShare on TwitterShare on WhatsAppSend via GMailSend via E-Mail,89,Houses_Peshawar,for_sale,2026-07-24,https://www.zameen.com/Property/arbab_sabz_ali_khan_town_arbab_sabz_ali_khan_town_executive_lodges_prime_location_house_of_5_marla_for_sale_in_arbab_sabz_ali_khan_town_executive_lodges-54267440-10382-1.html
"Ideal Prime Location 5 Marla House has landed on market in Arbab Sabz Ali Khan Town Executive Lodges, Peshawar",PKR 2.3 Crore,23000000,5,5,5 Marla,1125.0,20444,House,False,35,35VerifiedShare on FacebookShare on TwitterShare on WhatsAppSend via GMailSend via E-Mail,89,Houses_Peshawar,for_sale,2026-07-24,https://www.zameen.com/Property/arbab_sabz_ali_khan_town_arbab_sabz_ali_khan_town_executive_lodges_ideal_prime_location_5_marla_house_has_landed_on_market_in_arbab_sabz_ali_khan_town_executive_lodges_peshawar-54247887-10382-1.html
This Is Your Chance To Buy Prime Location House In Sufiyan Garden Peshawar,PKR 4 Crore,40000000,6,6,10 Marla,2250.0,17777,House,False,39,39VerifiedShare on FacebookShare on TwitterShare on WhatsAppSend via GMailSend via E-Mail,89,Houses_Peshawar,for_sale,2026-07-24,https://www.zameen.com/Property/warsak_road_sufiyan_garden_this_is_your_chance_to_buy_prime_location_house_in_sufiyan_garden_peshawar-54166187-19313-1.html
A Prime Location House Of 5 Marla In Arbab Sabz Ali Khan Town Executive Lodges,PKR 2.7 Crore,27000000,8,,5 Marla,1125.0,24000,House,False,34,34VerifiedShare on FacebookShare on TwitterShare on WhatsAppSend via GMailSend via E-Mail,89,Houses_Peshawar,for_sale,2026-07-24,https://www.zameen.com/Property/arbab_sabz_ali_khan_town_arbab_sabz_ali_khan_town_executive_lodges_a_prime_location_house_of_5_marla_in_arbab_sabz_ali_khan_town_executive_lodges-54353325-10382-1.html
Prime Location 4 Marla House For Sale In Arbab Sabz Ali Khan Town Peshawar In Only Rs. 16000000,PKR 1.6 Crore,16000000,6,6,4 Marla,900.0,17777,House,False,21,21VerifiedShare on FacebookShare on TwitterShare on WhatsAppSend via GMailSend via E-Mail,89,Houses_Peshawar,for_sale,2026-07-24,https://www.zameen.com/Property/warsak_road_arbab_sabz_ali_khan_town_prime_location_4_marla_house_for_sale_in_arbab_sabz_ali_khan_town_peshawar_in_only_rs_16000000-54353326-10222-1.html
Get Your Dream Prime Location House In Arbab Sabz Ali Khan Town Executive Lodges Peshawar,PKR 2.85 Crore,28500000,8,,5 Marla,1125.0,25333,House,False,33,33VerifiedShare on FacebookShare on TwitterShare on WhatsAppSend via GMailSend via E-Mail,89,Houses_Peshawar,for_sale,2026-07-24,https://www.zameen.com/Property/arbab_sabz_ali_khan_town_arbab_sabz_ali_khan_town_executive_lodges_get_your_dream_prime_location_house_in_arbab_sabz_ali_khan_town_executive_lodges_peshawar-54359604-10382-1.html
Well-Constructed Grey Structure House Available For Sale In Arbab Sabz Ali Khan Town Executive Lodges,PKR 1.5 Crore,15000000,6,6,5 Marla,1125.0,13333,House,False,13,13VerifiedShare on FacebookShare on TwitterShare on WhatsAppSend via GMailSend via E-Mail,89,Houses_Peshawar,for_sale,2026-07-24,https://www.zameen.com/Property/arbab_sabz_ali_khan_town_arbab_sabz_ali_khan_town_executive_lodges_well-constructed_grey_structure_house_available_for_sale_in_arbab_sabz_ali_khan_town_executive_lodges-54373188-10382-1.html
Prime Location House For Grabs In 5 Marla Peshawar,PKR 2.4 Crore,24000000,5,6,5 Marla,1125.0,21333,House,False,41,41VerifiedShare on FacebookShare on TwitterShare on WhatsAppSend via GMailSend via E-Mail,89,Houses_Peshawar,for_sale,2026-07-24,https://www.zameen.com/Property/warsak_road_green_cottages_prime_location_house_for_grabs_in_5_marla_peshawar-54379520-11933-1.html
Ready To Buy A Prime Location House 5 Marla In Peshawar,PKR 2.3 Crore,23000000,7,,5 Marla,1125.0,20444,House,False,35,35VerifiedShare on FacebookShare on TwitterShare on WhatsAppSend via GMailSend via E-Mail,89,Houses_Peshawar,for_sale,2026-07-24,https://www.zameen.com/Property/warsak_road_sufiyan_garden_ready_to_buy_a_prime_location_house_5_marla_in_peshawar-54379521-19313-1.html
Book A Prime Location House Of 7 Marla In Arbab Sabz Ali Khan Town Executive Lodges Peshawar,PKR 3.5 Crore,35000000,6,,7 Marla,1575.0,22222,House,False,41,41VerifiedShare on FacebookShare on TwitterShare on WhatsAppSend via GMailSend via E-Mail,89,Houses_Peshawar,for_sale,2026-07-24,https://www.zameen.com/Property/arbab_sabz_ali_khan_town_arbab_sabz_ali_khan_town_executive_lodges_book_a_prime_location_house_of_7_marla_in_arbab_sabz_ali_khan_town_executive_lodges_peshawar-54391888-10382-1.html
Prime Location 5 Marla House Situated In Arbab Sabz Ali Khan Town Executive Lodges For Sale,PKR 2.4 Crore,24000000,6,6,5.2 Marla,1170.0,20512,House,False,33,33VerifiedShare on FacebookShare on TwitterShare on WhatsAppSend via GMailSend via E-Mail,89,Houses_Peshawar,for_sale,2026-07-24,https://www.zameen.com/Property/arbab_sabz_ali_khan_town_arbab_sabz_ali_khan_town_executive_lodges_prime_location_5_marla_house_situated_in_arbab_sabz_ali_khan_town_executive_lodges_for_sale-54406948-10382-1.html
Prime Location House For sale Situated In Sufiyan Garden,PKR 2.4 Crore,24000000,6,6,5 Marla,1125.0,21333,House,False,34,34VerifiedShare on FacebookShare on TwitterShare on WhatsAppSend via GMailSend via E-Mail,89,Houses_Peshawar,for_sale,2026-07-24,https://www.zameen.com/Property/warsak_road_sufiyan_garden_prime_location_house_for_sale_situated_in_sufiyan_garden-54406949-19313-1.html
Looking For A Prime Location House In Peshawar,PKR 5.2 Crore,52000000,7,,1 Kanal,4500.0,11555,House,False,49,49VerifiedShare on FacebookShare on TwitterShare on WhatsAppSend via GMailSend via E-Mail,89,Houses_Peshawar,for_sale,2026-07-24,https://www.zameen.com/Property/warsak_road_shaheen_housing_scheme_looking_for_a_prime_location_house_in_peshawar-54426782-11473-1.html
A Prime Location 5 Marla House Has Landed On Market In Arbab Sabz Ali Khan Town Executive Lodges Of Peshawar,PKR 2.85 Crore,28500000,8,,5 Marla,1125.0,25333,House,False,37,37VerifiedShare on FacebookShare on TwitterShare on WhatsAppSend via GMailSend via E-Mail,89,Houses_Peshawar,for_sale,2026-07-24,https://www.zameen.com/Property/arbab_sabz_ali_khan_town_arbab_sabz_ali_khan_town_executive_lodges_a_prime_location_5_marla_house_has_landed_on_market_in_arbab_sabz_ali_khan_town_executive_lodges_of_peshawar-54445224-10382-1.html
A Prime Location House At Affordable Price Awaits You,PKR 4.8 Crore,48000000,7,,10 Marla,2250.0,21333,House,False,32,32VerifiedShare on FacebookShare on TwitterShare on WhatsAppSend via GMailSend via E-Mail,89,Houses_Peshawar,for_sale,2026-07-24,https://www.zameen.com/Property/warsak_road_sufiyan_garden_a_prime_location_house_at_affordable_price_awaits_you-54445225-19313-1.html
Prime Location House For Sale Is Readily Available In Prime Location Of Sudais Villas,PKR 1.2 Crore,12000000,4,4,3 Marla,675.0,17777,House,False,33,33VerifiedShare on FacebookShare on TwitterShare on WhatsAppSend via GMailSend via E-Mail,89,Houses_Peshawar,for_sale,2026-07-24,https://www.zameen.com/Property/warsak_road_sudais_villas_prime_location_house_for_sale_is_readily_available_in_prime_location_of_sudais_villas-54445226-18406-1.html
Prime Location House Of 4 Marla Is Available For Sale,PKR 2.6 Crore,26000000,5,5,4 Marla,900.0,28888,House,False,32,32VerifiedShare on FacebookShare on TwitterShare on WhatsAppSend via GMailSend via E-Mail,89,Houses_Peshawar,for_sale,2026-07-24,https://www.zameen.com/Property/arbab_sabz_ali_khan_town_arbab_sabz_ali_khan_town_executive_lodges_prime_location_house_of_4_marla_is_available_for_sale-54456472-10382-1.html
"Corner In Green Cottages Of Peshawar, A 5 Marla House Is Available",PKR 2.5 Crore,25000000,5,5,5 Marla,1125.0,22222,House,False,35,35VerifiedShare on FacebookShare on TwitterShare on WhatsAppSend via GMailSend via E-Mail,89,Houses_Peshawar,for_sale,2026-07-24,https://www.zameen.com/Property/warsak_road_green_cottages_corner_in_green_cottages_of_peshawar_a_5_marla_house_is_available-54465274-11933-1.html
Prime Location 5 Marla House Is Available For Sale,PKR 1.6 Crore,16000000,8,,5 Marla,1125.0,14222,House,False,31,31VerifiedShare on FacebookShare on TwitterShare on WhatsAppSend via GMailSend via E-Mail,89,Houses_Peshawar,for_sale,2026-07-24,https://www.zameen.com/Property/warsak_michini_road_al_massa_town_prime_location_5_marla_house_is_available_for_sale-54465275-16506-1.html
"Prime Location In Sudais Villas Of Peshawar, A 3 Marla House Is Available",PKR 1.4 Crore,14000000,4,4,3.5 Marla,787.5,17777,House,False,26,26VerifiedShare on FacebookShare on TwitterShare on WhatsAppSend via GMailSend via E-Mail,89,Houses_Peshawar,for_sale,2026-07-24,https://www.zameen.com/Property/warsak_road_sudais_villas_prime_location_in_sudais_villas_of_peshawar_a_3_marla_house_is_available-54487692-18406-1.html
Perfect Prime Location 5 Marla House In Arbab Sabz Ali Khan Town Executive Lodges For sale,PKR 2.85 Crore,28500000,7,,5 Marla,1125.0,25333,House,False,35,35VerifiedShare on FacebookShare on TwitterShare on WhatsAppSend via GMailSend via E-Mail,89,Houses_Peshawar,for_sale,2026-07-24,https://www.zameen.com/Property/arbab_sabz_ali_khan_town_arbab_sabz_ali_khan_town_executive_lodges_perfect_prime_location_5_marla_house_in_arbab_sabz_ali_khan_town_executive_lodges_for_sale-54487691-10382-1.html
1 Kanal Single Storey Corner House Fir Sell Near Masjid Park,PKR 8 Crore,80000000,5,5,1 Kanal,4500.0,17777,House,True,4,4Share on FacebookShare on TwitterShare on WhatsAppSend via GMailSend via E-Mail,80,Houses_Peshawar,for_sale,2026-07-24,https://www.zameen.com/Property/hayatabad_phase_4_hayatabad_phase_4_-_n4_1_kanal_single_storey_corner_house_fir_sell_near_masjid_park-54486341-13328-1.html
1 Kanal House Is Available For Sale,PKR 12 Crore,120000000,10,,1 Kanal,4500.0,26666,House,False,3,3Share on FacebookShare on TwitterShare on WhatsAppSend via GMailSend via E-Mail,80,Houses_Peshawar,for_sale,2026-07-24,https://www.zameen.com/Property/hayatabad_phase_7_hayatabad_phase_7_-_e4_1_kanal_house_is_available_for_sale-54487011-13217-1.html
5-Bedroom South Open House For Sale Prime Location Near Park,PKR 5.5 Crore,55000000,5,5,13 Marla,2925.0,18803,House,False,1,1Share on FacebookShare on TwitterShare on WhatsAppSend via GMailSend via E-Mail,80,Houses_Peshawar,for_sale,2026-07-24,https://www.zameen.com/Property/peshawar_askari_6_5-bedroom_south_open_house_for_sale_prime_location_near_park-52236022-9275-1.html
1 Kanal House For Sale In Hayatabad Phase 7,PKR 9 Crore,90000000,7,6,1 Kanal,4500.0,20000,House,True,,Share on FacebookShare on TwitterShare on WhatsAppSend via GMailSend via E-Mail,79,Houses_Peshawar,for_sale,2026-07-24,https://www.zameen.com/Property/hayatabad_hayatabad_phase_7_1_kanal_house_for_sale_in_hayatabad_phase_7-53420491-8534-1.html
A Prime Location 3 Marla House Has Landed On Market In Sufiyan Garden Of Peshawar,PKR 1.5 Crore,15000000,4,4,3 Marla,675.0,22222,House,False,29,29VerifiedShare on FacebookShare on TwitterShare on WhatsAppSend via GMailSend via E-Mail,89,Houses_Peshawar,for_sale,2026-07-24,https://www.zameen.com/Property/warsak_road_sufiyan_garden_a_prime_location_3_marla_house_has_landed_on_market_in_sufiyan_garden_of_peshawar-54272615-19313-1.html
1 Kanal House For Sell,PKR 10.5 Crore,105000000,10,6,1 Kanal,4500.0,23333,House,True,,Share on FacebookShare on TwitterShare on WhatsAppSend via GMailSend via E-Mail,79,Houses_Peshawar,for_sale,2026-07-24,https://www.zameen.com/Property/peshawar_hayatabad_1_kanal_house_for_sell-52880772-394-1.html
2 Kanal Corner House For Sell In Hayatabad Phase 4,PKR 13.5 Crore,135000000,11,7,2 Kanal,9000.0,15000,House,True,,Share on FacebookShare on TwitterShare on WhatsAppSend via GMailSend via E-Mail,79,Houses_Peshawar,for_sale,2026-07-24,https://www.zameen.com/Property/hayatabad_hayatabad_phase_4_2_kanal_corner_house_for_sell_in_hayatabad_phase_4-53468373-7625-1.html
2 Kanal House For Sell In Hayatabad Phase 3,PKR 15 Crore,150000000,11,7,2 Kanal,9000.0,16666,House,True,,Share on FacebookShare on TwitterShare on WhatsAppSend via GMailSend via E-Mail,79,Houses_Peshawar,for_sale,2026-07-24,https://www.zameen.com/Property/hayatabad_hayatabad_phase_3_2_kanal_house_for_sell_in_hayatabad_phase_3-53468388-7617-1.html
"144 Marla House For Sell Haweli Type, 24 Rooms",PKR 80 Crore,800000000,10,6,7.2 Kanal,32400.0,24691,House,True,,Share on FacebookShare on TwitterShare on WhatsAppSend via GMailSend via E-Mail,79,Houses_Peshawar,for_sale,2026-07-24,https://www.zameen.com/Property/peshawar_chughal_pura_144_marla_house_for_sell_haweli_type_24_rooms-52867730-15788-1.html
2 Kanal Beautiful Corner House For Sale In Hayatabad Phase 4,PKR 13 Crore,130000000,9,6,2 Kanal,9000.0,14444,House,True,,Share on FacebookShare on TwitterShare on WhatsAppSend via GMailSend via E-Mail,79,Houses_Peshawar,for_sale,2026-07-24,https://www.zameen.com/Property/hayatabad_hayatabad_phase_4_2_kanal_beautiful_corner_house_for_sale_in_hayatabad_phase_4-53097303-7625-1.html
1 Kanal House For Sell In Hayatabad Phase 3,PKR 14 Crore,140000000,10,6,1 Kanal,4500.0,31111,House,True,,Share on FacebookShare on TwitterShare on WhatsAppSend via GMailSend via E-Mail,79,Houses_Peshawar,for_sale,2026-07-24,https://www.zameen.com/Property/hayatabad_hayatabad_phase_3_1_kanal_house_for_sell_in_hayatabad_phase_3-53420496-7617-1.html
1 Kanal House For Sale In Hayatabad Phase 3,PKR 11 Crore,110000000,10,6,1 Kanal,4500.0,24444,House,True,,Share on FacebookShare on TwitterShare on WhatsAppSend via GMailSend via E-Mail,79,Houses_Peshawar,for_sale,2026-07-24,https://www.zameen.com/Property/hayatabad_hayatabad_phase_3_1_kanal_house_for_sale_in_hayatabad_phase_3-53420501-7617-1.html
10 Marla House For Sale In DHA Peshawar,PKR 5.2 Crore,52000000,7,7,10 Marla,2250.0,23111,House,True,,Share on FacebookShare on TwitterShare on WhatsAppSend via GMailSend via E-Mail,79,Houses_Peshawar,for_sale,2026-07-24,https://www.zameen.com/Property/dha_defence_dha_defence_-_sector_prism_10_marla_house_for_sale_in_dha_peshawar-53451704-19286-1.html
5 Marla House ( Old Bara Road ) New Construction,PKR 3.3 Crore,33000000,5,5,5 Marla,1125.0,29333,House,False,,Share on FacebookShare on TwitterShare on WhatsAppSend via GMailSend via E-Mail,79,Houses_Peshawar,for_sale,2026-07-24,https://www.zameen.com/Property/peshawar_university_town_5_marla_house_old_bara_road_new_construction-54490819-1437-1.html
2 Kanal Corner House For Sale,PKR 13.4 Crore,134000000,9,7,2 Kanal,9000.0,14888,House,True,,Share on FacebookShare on TwitterShare on WhatsAppSend via GMailSend via E-Mail,79,Houses_Peshawar,for_sale,2026-07-24,https://www.zameen.com/Property/hayatabad_hayatabad_phase_2_2_kanal_corner_house_for_sale-53468377-7602-1.html
2 Kanal House For Sell In Hayatabad Phase 7,PKR 20 Crore,200000000,11,7,2 Kanal,9000.0,22222,House,True,,Share on FacebookShare on TwitterShare on WhatsAppSend via GMailSend via E-Mail,79,Houses_Peshawar,for_sale,2026-07-24,https://www.zameen.com/Property/hayatabad_hayatabad_phase_7_2_kanal_house_for_sell_in_hayatabad_phase_7-53468381-8534-1.html
4 Kanal House For Sale In Hayatabad Phase 2,PKR 30 Crore,300000000,8,6,4 Kanal,18000.0,16666,House,True,,Share on FacebookShare on TwitterShare on WhatsAppSend via GMailSend via E-Mail,79,Houses_Peshawar,for_sale,2026-07-24,https://www.zameen.com/Property/hayatabad_hayatabad_phase_2_4_kanal_house_for_sale_in_hayatabad_phase_2-54058372-7602-1.html
Your Dream Prime Location 8 Marla House Is Available In Sufiyan Garden,PKR 3.4 Crore,34000000,6,6,8 Marla,1800.0,18888,House,False,12,12VerifiedShare on FacebookShare on TwitterShare on WhatsAppSend via GMailSend via E-Mail,89,Houses_Peshawar,for_sale,2026-07-24,https://www.zameen.com/Property/warsak_road_sufiyan_garden_your_dream_prime_location_8_marla_house_is_available_in_sufiyan_garden-54212164-19313-1.html
Semi Furnished 10 Marla House For Sale In Sudais Villas Peshawar,PKR 3.9 Crore,39000000,6,6,10 Marla,2250.0,17333,House,False,17,17VerifiedShare on FacebookShare on TwitterShare on WhatsAppSend via GMailSend via E-Mail,89,Houses_Peshawar,for_sale,2026-07-24,https://www.zameen.com/Property/warsak_road_sudais_villas_semi_furnished_10_marla_house_for_sale_in_sudais_villas_peshawar-54212165-18406-1.html
Prime Location 5 Marla House For sale In Sufiyan Garden,PKR 1.9 Crore,19000000,5,5,5 Marla,1125.0,16888,House,False,7,7VerifiedShare on FacebookShare on TwitterShare on WhatsAppSend via GMailSend via E-Mail,88,Houses_Peshawar,for_sale,2026-07-24,https://www.zameen.com/Property/warsak_road_sufiyan_garden_prime_location_5_marla_house_for_sale_in_sufiyan_garden-54212166-19313-1.html
Buy A Prime Location 5 Marla House For sale In Officers Home Society,PKR 2.4 Crore,24000000,6,6,5 Marla,1125.0,21333,House,False,20,20VerifiedShare on FacebookShare on TwitterShare on WhatsAppSend via GMailSend via E-Mail,89,Houses_Peshawar,for_sale,2026-07-24,https://www.zameen.com/Property/warsak_road_officers_home_society_buy_a_prime_location_5_marla_house_for_sale_in_officers_home_society-54212167-21072-1.html
Buy A Prime Location House Of 11 Marla In Officers Garden Colony,PKR 7 Crore,70000000,6,6,11 Marla,2475.0,28282,House,False,24,24VerifiedShare on FacebookShare on TwitterShare on WhatsAppSend via GMailSend via E-Mail,89,Houses_Peshawar,for_sale,2026-07-24,https://www.zameen.com/Property/warsak_road_officers_garden_colony_buy_a_prime_location_house_of_11_marla_in_officers_garden_colony-54212192-7655-1.html
5 Marla Basement House For Sale Executive Lodges Warsak Road,PKR 2.55 Crore,25500000,7,6,5 Marla,1125.0,22666,House,False,23,23Share on FacebookShare on TwitterShare on WhatsAppSend via GMailSend via E-Mail,81,Houses_Peshawar,for_sale,2026-07-24,https://www.zameen.com/Property/arbab_sabz_ali_khan_town_arbab_sabz_ali_khan_town_executive_lodges_5_marla_basement_house_for_sale_executive_lodges_warsak_road-54098565-10382-1.html
10 Marla Semi Corner House For Sale,PKR 3.65 Crore,36500000,8,6,10 Marla,2250.0,16222,House,False,21,21Share on FacebookShare on TwitterShare on WhatsAppSend via GMailSend via E-Mail,81,Houses_Peshawar,for_sale,2026-07-24,https://www.zameen.com/Property/regi_model_town_phase_3_regi_model_town_phase_3_-_block_b3_10_marla_semi_corner_house_for_sale-54478293-17020-1.html
1 Kanal Luxury House For Sale,PKR 10 Crore,100000000,8,7,1 Kanal,4500.0,22222,House,False,6,6Share on FacebookShare on TwitterShare on WhatsAppSend via GMailSend via E-Mail,80,Houses_Peshawar,for_sale,2026-07-24,https://www.zameen.com/Property/peshawar_dha_defence_1_kanal_luxury_house_for_sale-53327069-9050-1.html
A Perfect Prime Location House Awaits You In Sufiyan Garden Peshawar,PKR 3.8 Crore,38000000,8,,10 Marla,2250.0,16888,House,False,24,24VerifiedShare on FacebookShare on TwitterShare on WhatsAppSend via GMailSend via E-Mail,89,Houses_Peshawar,for_sale,2026-07-24,https://www.zameen.com/Property/warsak_road_sufiyan_garden_a_perfect_prime_location_house_awaits_you_in_sufiyan_garden_peshawar-53144272-19313-1.html
"A Beautifully Maintained 14 Marla Family Home Is Now Available For Sale. Located In A Highly Desirable Area, This Property Offers Spacious Living, A Practical Layout, And Excellent Accessibilityperfec",PKR 13.5 Crore,135000000,4,4,14 Marla,3150.0,42857,House,False,3,3Share on FacebookShare on TwitterShare on WhatsAppSend via GMailSend via E-Mail,80,Houses_Peshawar,for_sale,2026-07-24,https://www.zameen.com/Property/peshawar_shami_road_a_beautifully_maintained_14_marla_family_home_is_now_available_for_sale_located_in_a_highly_desirable_area_this_property_offers_spacious_living_a_practical_layout_and_excellent_accessibilityperfect_for_families_or_investor-54472923-998-1.html
University Town House Sized 40 Marla,PKR 12 Crore,120000000,6,5,2 Kanal,9000.0,13333,House,True,,Share on FacebookShare on TwitterShare on WhatsAppSend via GMailSend via E-Mail,79,Houses_Peshawar,for_sale,2026-07-24,https://www.zameen.com/Property/peshawar_university_town_university_town_house_sized_40_marla-54476906-1437-1.html
05 MARLA VIP LOCATION HOUSE AVAILABLE ON EASY INSTALLMENTS IN REGI MODEL TOWN PESHAWAR,PKR 3 Crore,30000000,,,5 Marla,1125.0,26666,House,False,,Share on FacebookShare on TwitterShare on WhatsAppSend via GMailSend via E-Mail,79,Houses_Peshawar,for_sale,2026-07-24,https://www.zameen.com/Property/peshawar_regi_model_town_05_marla_vip_location_house_available_on_easy_installments_in_regi_model_town_peshawar-54452944-7660-1.html
10 MARLA GOOD LOCATION HOUSE AVAILABLE ON EASY INSTALLMENTS IN REGI MODEL TOWN PESHAWAR,PKR 4.8 Crore,48000000,,,10 Marla,2250.0,21333,House,False,,Share on FacebookShare on TwitterShare on WhatsAppSend via GMailSend via E-Mail,79,Houses_Peshawar,for_sale,2026-07-24,https://www.zameen.com/Property/peshawar_regi_model_town_10_marla_good_location_house_available_on_easy_installments_in_regi_model_town_peshawar-54452996-7660-1.html
Prime Location 10 Marla House Is Available In Affordable Price In Sudais Villas,PKR 3.6 Crore,36000000,6,6,10 Marla,2250.0,16000,House,False,15,15VerifiedShare on FacebookShare on TwitterShare on WhatsAppSend via GMailSend via E-Mail,89,Houses_Peshawar,for_sale,2026-07-24,https://www.zameen.com/Property/warsak_road_sudais_villas_prime_location_10_marla_house_is_available_in_affordable_price_in_sudais_villas-53415251-18406-1.html
"Modern & Spacious 8 Marla Used House For Sale 4 Bed, 5 Bath In Prime Location",PKR 3 Crore,30000000,3,3,8 Marla,1800.0,16666,House,False,11,11Share on FacebookShare on TwitterShare on WhatsAppSend via GMailSend via E-Mail,81,Houses_Peshawar,for_sale,2026-07-24,https://www.zameen.com/Property/peshawar_rashid_garhi_modern_spacious_8_marla_used_house_for_sale_4_bed_5_bath_in_prime_location-54481601-12208-1.html
1 Kanal House For Sale In Hayatabad Phase 3 K3,PKR 9 Crore,90000000,7,7,1 Kanal,4500.0,20000,House,True,,Share on FacebookShare on TwitterShare on WhatsAppSend via GMailSend via E-Mail,79,Houses_Peshawar,for_sale,2026-07-24,https://www.zameen.com/Property/hayatabad_phase_3_hayatabad_phase_3_-_k3_1_kanal_house_for_sale_in_hayatabad_phase_3_k3-53468611-7620-1.html
1 Kanal House For Sell In DHA Peshawar,PKR 7 Crore,70000000,7,7,1 Kanal,4500.0,15555,House,True,,Share on FacebookShare on TwitterShare on WhatsAppSend via GMailSend via E-Mail,79,Houses_Peshawar,for_sale,2026-07-24,https://www.zameen.com/Property/dha_phase_1_dha_phase_1_-_sector_a_1_kanal_house_for_sell_in_dha_peshawar-53906260-12292-1.html
1 Kanal House For Sell In DHA Peshawar,PKR 7 Crore,70000000,7,7,1 Kanal,4500.0,15555,House,True,,Share on FacebookShare on TwitterShare on WhatsAppSend via GMailSend via E-Mail,79,Houses_Peshawar,for_sale,2026-07-24,https://www.zameen.com/Property/peshawar_dha_defence_1_kanal_house_for_sell_in_dha_peshawar-53917912-9050-1.html
1 Kanal House For Sale In DHA Peshawar,PKR 10.5 Crore,105000000,11,7,1 Kanal,4500.0,23333,House,True,,Share on FacebookShare on TwitterShare on WhatsAppSend via GMailSend via E-Mail,79,Houses_Peshawar,for_sale,2026-07-24,https://www.zameen.com/Property/dha_phase_1_dha_phase_1_-_sector_b_1_kanal_house_for_sale_in_dha_peshawar-53917918-12293-1.html
Sec C Park Face Fresh House Available For Sale  C 1014 Demand 9.50 Crore  D01AB,PKR 9.5 Crore,95000000,10,6,1 Kanal,4500.0,21111,House,True,,Share on FacebookShare on TwitterShare on WhatsAppSend via GMailSend via E-Mail,79,Houses_Peshawar,for_sale,2026-07-24,https://www.zameen.com/Property/dha_phase_1_dha_phase_1_-_sector_c_sec_c_park_face_fresh_house_available_for_sale_c_1014_demand_9_50_crore_d01ab-54141927-12294-1.html
10 Marla Park Open House For Sale,PKR 4.5 Crore,45000000,8,6,10 Marla,2250.0,20000,House,True,,Share on FacebookShare on TwitterShare on WhatsAppSend via GMailSend via E-Mail,79,Houses_Peshawar,for_sale,2026-07-24,https://www.zameen.com/Property/hayatabad_hayatabad_phase_3_10_marla_park_open_house_for_sale-54479413-7617-1.html
Luxurious House For Sale,PKR 3.7 Crore,37000000,4,4,5 Marla,1125.0,32888,House,False,10,10Share on FacebookShare on TwitterShare on WhatsAppSend via GMailSend via E-Mail,81,Houses_Peshawar,for_sale,2026-07-24,https://www.zameen.com/Property/peshawar_dha_defence_luxurious_house_for_sale-54426890-9050-1.html
1 Kanal Solid House For Sale,PKR 7.5 Crore,75000000,6,6,1 Kanal,4500.0,16666,House,False,23,23Share on FacebookShare on TwitterShare on WhatsAppSend via GMailSend via E-Mail,81,Houses_Peshawar,for_sale,2026-07-24,https://www.zameen.com/Property/hayatabad_phase_2_hayatabad_phase_2_-_j1_1_kanal_solid_house_for_sale-52204974-7611-1.html
"Brand New Luxury House For Sale In Zone 3 , Ideal Location",PKR 3 Crore,30000000,8,6,5 Marla,1125.0,26666,House,False,25,25Share on FacebookShare on TwitterShare on WhatsAppSend via GMailSend via E-Mail,81,Houses_Peshawar,for_sale,2026-07-24,https://www.zameen.com/Property/regi_model_town_regi_model_town_phase_3_brand_new_luxury_house_for_sale_in_zone_3_ideal_location-53477955-17013-1.html
"Sector D2 | House For Sale | Walking Distance Market, Masjid & Park",PKR 2.84 Crore,28400000,8,6,5 Marla,1125.0,25244,House,False,7,7Share on FacebookShare on TwitterShare on WhatsAppSend via GMailSend via E-Mail,80,Houses_Peshawar,for_sale,2026-07-24,https://www.zameen.com/Property/regi_model_town_regi_model_town_phase_3_sector_d2_house_for_sale_walking_distance_market_masjid_park-54245304-17013-1.html
Zone 4 Use House Ideal Location House For Sale,PKR 2.6 Crore,26000000,8,6,5 Marla,1125.0,23111,House,False,11,11Share on FacebookShare on TwitterShare on WhatsAppSend via GMailSend via E-Mail,81,Houses_Peshawar,for_sale,2026-07-24,https://www.zameen.com/Property/peshawar_regi_model_town_zone_4_use_house_ideal_location_house_for_sale-53011763-7660-1.html
House Of 5 Marla For sale In Hayatabad Phase 1,PKR 2.35 Crore,23500000,3,3,5 Marla,1125.0,20888,House,True,6,6Share on FacebookShare on TwitterShare on WhatsAppSend via GMailSend via E-Mail,80,Houses_Peshawar,for_sale,2026-07-24,https://www.zameen.com/Property/hayatabad_hayatabad_phase_1_house_of_5_marla_for_sale_in_hayatabad_phase_1-54184316-7597-1.html
House Of 400 Square Yards In Chilten Housing Scheme Is Available,PKR 7.5 Crore,75000000,9,7,16 Marla,3600.0,20833,House,False,,Share on FacebookShare on TwitterShare on WhatsAppSend via GMailSend via E-Mail,79,Houses_Quetta,for_sale,2026-07-24,https://www.zameen.com/Property/quetta_chilten_housing_scheme_house_of_400_square_yards_in_chilten_housing_scheme_is_available-53309344-1247-1.html
600 Yard Bungalow For Sale In Jinnah Town In Green Balt,PKR 14 Crore,140000000,7,7,1.2 Kanal,5400.0,25925,House,False,,Share on FacebookShare on TwitterShare on WhatsAppSend via GMailSend via E-Mail,79,Houses_Quetta,for_sale,2026-07-24,https://www.zameen.com/Property/quetta_jinnah_town_600_yard_bungalow_for_sale_in_jinnah_town_in_green_balt-53098223-620-1.html
Top Luxury Apartments 1 Bed Available Forsale,PKR 1.8 Crore,18000000,1,1,4.3 Marla,967.5,18604,Flat,True,38,super hot38Share on FacebookShare on TwitterShare on WhatsAppSend via GMailSend via E-Mail,90,Flats_Islamabad,for_sale,2026-07-24,https://www.zameen.com/Property/islamabad_top_city_1_top_luxury_apartments_1_bed_available_forsale-52967946-1383-1.html
Swimming Pool Sauna Steam Brand New House Is For SALE,PKR 43.5 Crore,435000000,6,7,17.8 Marla,4005.0,108614,Flat,True,34,super hot34Share on FacebookShare on TwitterShare on WhatsAppSend via GMailSend via E-Mail,90,Flats_Islamabad,for_sale,2026-07-24,https://www.zameen.com/Property/islamabad_f-8_swimming_pool_sauna_steam_brand_new_house_is_for_sale-54503670-166-1.html
1 Kanal (50x90) Ultra Luxury Designer Corner House For sale in Block C Mpchs Multi Garden B-17 Islamabad,PKR 10.5 Crore,105000000,6,6,1 Kanal,4500.0,23333,Flat,True,49,super hot49Share on FacebookShare on TwitterShare on WhatsAppSend via GMailSend via E-Mail,90,Flats_Islamabad,for_sale,2026-07-24,https://www.zameen.com/Property/mpchs_multi_gardens_mpchs_-_block_c_1_kanal_50x90_ultra_luxury_designer_corner_house_for_sale_in_block_c_mpchs_multi_garden_b-17_islamabad-54194131-3118-1.html
Corner 1 Kanal Elegant Design House Near Family Bee Park,PKR 13.25 Crore,132500000,6,7,1 Kanal,4500.0,29444,Flat,True,14,super hot14Share on FacebookShare on TwitterShare on WhatsAppSend via GMailSend via E-Mail,90,Flats_Islamabad,for_sale,2026-07-24,https://www.zameen.com/Property/dha_defence_dha_defence_phase_2_corner_1_kanal_elegant_design_house_near_family_bee_park-54421231-339-1.html
Triple Unit 9 Bedrooms Back Open Margalla View House For Sale,PKR 13.9 Crore,139000000,13,,1 Kanal,4500.0,30888,Flat,True,46,super hot46Share on FacebookShare on TwitterShare on WhatsAppSend via GMailSend via E-Mail,90,Flats_Islamabad,for_sale,2026-07-24,https://www.zameen.com/Property/dha_defence_dha_defence_phase_2_triple_unit_9_bedrooms_back_open_margalla_view_house_for_sale-52673302-339-1.html
A 1000 Square Feet House Located In I-11/2 Is Available For sale,PKR 3.15 Crore,31500000,,,4.4 Marla,990.0000000000001,31818,Flat,True,36,super hot361VerifiedShare on FacebookShare on TwitterShare on WhatsAppSend via GMailSend via E-Mail,99,Flats_Islamabad,for_sale,2026-07-24,https://www.zameen.com/Property/i_11_i-11_2_a_1000_square_feet_house_located_in_i-11_2_is_available_for_sale-54509431-9879-1.html
Corner Property For sale In I-11/2 Islamabad Is Available Under Rs. 52500000,PKR 5.25 Crore,52500000,5,5,6 Marla,1350.0,38888,Flat,True,42,super hot421VerifiedShare on FacebookShare on TwitterShare on WhatsAppSend via GMailSend via E-Mail,99,Flats_Islamabad,for_sale,2026-07-24,https://www.zameen.com/Property/i_11_i-11_2_corner_property_for_sale_in_i-11_2_islamabad_is_available_under_rs_52500000-54513634-9879-1.html
F 6/2 100*225 Corner House Available 2 Houses Build In This Plot.,PKR 1.35 Arab,1350000000,10,6,5 Kanal,22500.0,60000,Flat,True,49,super hot49Share on FacebookShare on TwitterShare on WhatsAppSend via GMailSend via E-Mail,90,Flats_Islamabad,for_sale,2026-07-24,https://www.zameen.com/Property/islamabad_f-6_f_6_2_100_225_corner_house_available_2_houses_build_in_this_plot-52281535-164-1.html
,PKR 2.06 Crore,20600000,3,,5 Marla,1125.0,18311,Flat,True,18,super hot18Share on FacebookShare on TwitterShare on WhatsAppSend via GMailSend via E-Mail,90,Flats_Islamabad,for_sale,2026-07-24,https://www.zameen.com/new-projects/airport_enclave_villas-2434.html
One Kanal Brand New Luxurious Designer House Prime Location Of Dha2,PKR 11.9 Crore,119000000,6,6,1 Kanal,4500.0,26444,Flat,True,45,hot45Share on FacebookShare on TwitterShare on WhatsAppSend via GMailSend via E-Mail,84,Flats_Islamabad,for_sale,2026-07-24,https://www.zameen.com/Property/dha_defence_dha_defence_phase_2_one_kanal_brand_new_luxurious_designer_house_prime_location_of_dha2-52508657-339-1.html
One Kanal Brand New Double Unit Designer House,PKR 10.9 Crore,109000000,6,6,1 Kanal,4500.0,24222,Flat,True,38,hot38Share on FacebookShare on TwitterShare on WhatsAppSend via GMailSend via E-Mail,84,Flats_Islamabad,for_sale,2026-07-24,https://www.zameen.com/Property/dha_defence_dha_defence_phase_2_one_kanal_brand_new_double_unit_designer_house-52506772-339-1.html
Bahria Enclave Sector H One Bedroom 600 Sqft 4th Floor Bahria Transfer Apartment For Sale Lift Instlad Already Rent Out,PKR 50 Lakh,5000000,50,1,2.7 Marla,607.5,8230,Flat,False,14,hot14Share on FacebookShare on TwitterShare on WhatsAppSend via GMailSend via E-Mail,84,Flats_Islamabad,for_sale,2026-07-24,https://www.zameen.com/Property/bahria_enclave_bahria_enclave_-_sector_h_bahria_enclave_sector_h_one_bedroom_600_sqft_4th_floor_bahria_transfer_apartment_for_sale_lift_instlad_already_rent_out-54424238-11983-1.html
Brand New Designer Elevated Bungalow Available For Sale,PKR 12.8 Crore,128000000,5,7,1 Kanal,4500.0,28444,Flat,False,33,hot33Share on FacebookShare on TwitterShare on WhatsAppSend via GMailSend via E-Mail,84,Flats_Islamabad,for_sale,2026-07-24,https://www.zameen.com/Property/dha_defence_dha_defence_phase_2_brand_new_designer_elevated_bungalow_available_for_sale-52751379-339-1.html
F11  2 bedrooms tv loung kitchen drawing dining apartment available for sale,PKR 3.55 Crore,35500000,3,2,9.3 Marla,2092.5,16965,Flat,False,13,hot13Share on FacebookShare on TwitterShare on WhatsAppSend via GMailSend via E-Mail,84,Flats_Islamabad,for_sale,2026-07-24,https://www.zameen.com/Property/f_11_f-11_1_f11_2_bedrooms_tv_loung_kitchen_drawing_dining_apartment_available_for_sale-54515860-3282-1.html
Fresh Double Storey House Available For Sale Telegarden F-17 MPCHs Islamabad,PKR 2.95 Crore,29500000,6,7,8 Marla,1800.0,16388,Flat,False,45,hot45Share on FacebookShare on TwitterShare on WhatsAppSend via GMailSend via E-Mail,84,Flats_Islamabad,for_sale,2026-07-24,https://www.zameen.com/Property/islamabad_f-17_fresh_double_storey_house_available_for_sale_telegarden_f-17_mpchs_islamabad-54378781-335-1.html
4 Kanal Grey Structure Bahria   Garden City Zone 4,PKR 16.5 Crore,165000000,7,7,4 Kanal,18000.0,9166,Flat,False,5,hot5Share on FacebookShare on TwitterShare on WhatsAppSend via GMailSend via E-Mail,83,Flats_Islamabad,for_sale,2026-07-24,https://www.zameen.com/Property/bahria_garden_city_bahria_garden_city_-_zone_4_4_kanal_grey_structure_bahria_garden_city_zone_4-54187594-10608-1.html
Dha2 One Kanal Brand New Designer House,PKR 13.5 Crore,135000000,5,6,1 Kanal,4500.0,30000,Flat,True,50,50Share on FacebookShare on TwitterShare on WhatsAppSend via GMailSend via E-Mail,81,Flats_Islamabad,for_sale,2026-07-24,https://www.zameen.com/Property/dha_defence_dha_defence_phase_2_dha2_one_kanal_brand_new_designer_house-52506804-339-1.html
Dha 2 One Kanal Brand New Designer House,PKR 9.9 Crore,99000000,6,6,1 Kanal,4500.0,22000,Flat,True,29,29Share on FacebookShare on TwitterShare on WhatsAppSend via GMailSend via E-Mail,81,Flats_Islamabad,for_sale,2026-07-24,https://www.zameen.com/Property/dha_defence_dha_defence_phase_2_dha_2_one_kanal_brand_new_designer_house-52508621-339-1.html
Simly Dam Road 17 Kanal Lush Green Botanical Hilly View Farm House For Sale,PKR 12 Crore,120000000,4,4,17 Kanal,76500.0,1568,Flat,False,30,30Share on FacebookShare on TwitterShare on WhatsAppSend via GMailSend via E-Mail,81,Flats_Islamabad,for_sale,2026-07-24,https://www.zameen.com/Property/islamabad_simly_dam_road_simly_dam_road_17_kanal_lush_green_botanical_hilly_view_farm_house_for_sale-54424360-8445-1.html
I Am Selling 5 Marla Residential House Single Storey,PKR 1.25 Crore,12500000,2,3,5 Marla,1125.0,11111,Flat,False,5,5Share on FacebookShare on TwitterShare on WhatsAppSend via GMailSend via E-Mail,80,Flats_Islamabad,for_sale,2026-07-24,https://www.zameen.com/Property/islamabad_koral_town_i_am_selling_5_marla_residential_house_single_storey-54122643-3460-1.html
House Is Available For sale In Bhatti Town,PKR 4.5 Crore,45000000,6,6,10 Marla,2250.0,20000,Flat,False,8,8Share on FacebookShare on TwitterShare on WhatsAppSend via GMailSend via E-Mail,80,Flats_Islamabad,for_sale,2026-07-24,https://www.zameen.com/Property/gulberg_expressway_bhatti_town_house_is_available_for_sale_in_bhatti_town-54151371-22292-1.html
Ideal House In Bani Gala Available For Rs. 21000000,PKR 2 Crore,20000000,5,6,5 Marla,1125.0,17777,Flat,False,33,33Share on FacebookShare on TwitterShare on WhatsAppSend via GMailSend via E-Mail,81,Flats_Islamabad,for_sale,2026-07-24,https://www.zameen.com/Property/islamabad_bani_gala_ideal_house_in_bani_gala_available_for_rs_21000000-53391087-340-1.html
2 bed flat for sale in g 15 markaz,PKR 60 Lakh,6000000,60,,2.7 Marla,607.5,9876,Flat,False,9,9Share on FacebookShare on TwitterShare on WhatsAppSend via GMailSend via E-Mail,80,Flats_Islamabad,for_sale,2026-07-24,https://www.zameen.com/Property/g_15_g-15_markaz_2_bed_flat_for_sale_in_g_15_markaz-54516381-3352-1.html
Brand New,PKR 1.17 Crore,11700000,1,1,2.9 Marla,652.5,17931,Flat,True,9,super hot91VerifiedShare on FacebookShare on TwitterShare on WhatsAppSend via GMailSend via E-Mail,98,Flats_Islamabad,for_sale,2026-07-24,https://www.zameen.com/Property/islamabad_top_city_1_brand_new-54508634-1383-1.html
Good Livable House is for SALE in F-8 Islamabad,PKR 34 Crore,340000000,5,6,1.3 Kanal,5850.0,58119,Flat,True,8,hot8Share on FacebookShare on TwitterShare on WhatsAppSend via GMailSend via E-Mail,83,Flats_Islamabad,for_sale,2026-07-24,https://www.zameen.com/Property/islamabad_f-8_good_livable_house_is_for_sale_in_f-8_islamabad-54503001-166-1.html
Brand New Cube Apartment One Bedroom Children Park Facing All Paid,PKR 1.15 Crore,11500000,1,2,4.7 Marla,1057.5,10874,Flat,True,19,hot19Share on FacebookShare on TwitterShare on WhatsAppSend via GMailSend via E-Mail,84,Flats_Islamabad,for_sale,2026-07-24,https://www.zameen.com/Property/bahria_enclave_cube_apartments_brand_new_cube_apartment_one_bedroom_children_park_facing_all_paid-54495913-21520-1.html
5 Marla brand new house for sale jhangi syedan,PKR 1 Crore,10000000,,,5 Marla,1125.0,8888,Flat,False,24,hot24Share on FacebookShare on TwitterShare on WhatsAppSend via GMailSend via E-Mail,84,Flats_Islamabad,for_sale,2026-07-24,https://www.zameen.com/Property/islamabad_jhangi_syedan_5_marla_brand_new_house_for_sale_jhangi_syedan-54516437-8851-1.html
F-11 Millinium Heights Fully Furnished Fully Renovated 2Bedroom Apartment Available For Sale,PKR 2.95 Crore,29500000,2,2,7.3 Marla,1642.5,17960,Flat,False,11,hot11Share on FacebookShare on TwitterShare on WhatsAppSend via GMailSend via E-Mail,84,Flats_Islamabad,for_sale,2026-07-24,https://www.zameen.com/Property/f_11_f-11_markaz_f-11_millinium_heights_fully_furnished_fully_renovated_2bedroom_apartment_available_for_sale-54515478-3286-1.html
F 8/3 House Available 1777 Near Ismail Zebi Service Road And Near Margla Road.,PKR 65 Crore,650000000,7,6,3.6 Kanal,16200.0,40123,Flat,False,48,hot48Share on FacebookShare on TwitterShare on WhatsAppSend via GMailSend via E-Mail,84,Flats_Islamabad,for_sale,2026-07-24,https://www.zameen.com/Property/f_8_f-8_3_f_8_3_house_available_1777_near_ismail_zebi_service_road_and_near_margla_road-52378030-3316-1.html
"17 Marla Designer Luxury House for Sale in B Block , B-17 Islamabad",PKR 8.5 Crore,85000000,6,6,17 Marla,3825.0,22222,Flat,True,45,45Share on FacebookShare on TwitterShare on WhatsAppSend via GMailSend via E-Mail,81,Flats_Islamabad,for_sale,2026-07-24,https://www.zameen.com/Property/islamabad_b-17_17_marla_designer_luxury_house_for_sale_in_b_block_b-17_islamabad-54372229-616-1.html
1 Kanal Brand New House On Investor Price Ready For Sale In DHA DEFENCE PHASE 5 Islamabad,PKR 9.25 Crore,92500000,5,6,1 Kanal,4500.0,20555,Flat,False,19,19Share on FacebookShare on TwitterShare on WhatsAppSend via GMailSend via E-Mail,81,Flats_Islamabad,for_sale,2026-07-24,https://www.zameen.com/Property/dha_defence_dha_defence_phase_2_1_kanal_brand_new_house_on_investor_price_ready_for_sale_in_dha_defence_phase_5_islamabad-54250835-339-1.html
European Design 1 Kanal Brand New Designer House Ready For Sale In DHA DEFENCE PHASE 2 Islamabad,PKR 10.5 Crore,105000000,5,6,1 Kanal,4500.0,23333,Flat,False,27,27Share on FacebookShare on TwitterShare on WhatsAppSend via GMailSend via E-Mail,81,Flats_Islamabad,for_sale,2026-07-24,https://www.zameen.com/Property/dha_defence_dha_defence_phase_2_european_design_1_kanal_brand_new_designer_house_ready_for_sale_in_dha_defence_phase_2_islamabad-54251340-339-1.html
American Design 1 kanal House Ready For Sale In DHA DEFENCE PHASE 2 Islamabad,PKR 11.8 Crore,118000000,5,6,1 Kanal,4500.0,26222,Flat,False,21,21Share on FacebookShare on TwitterShare on WhatsAppSend via GMailSend via E-Mail,81,Flats_Islamabad,for_sale,2026-07-24,https://www.zameen.com/Property/dha_defence_dha_defence_phase_2_american_design_1_kanal_house_ready_for_sale_in_dha_defence_phase_2_islamabad-54246081-339-1.html
Flat Sized 2531 Square Feet In Bahria Enclave - Sector H galleria,PKR 2.5 Crore,25000000,3,3,11.2 Marla,2520.0,9920,Flat,False,11,11VerifiedShare on FacebookShare on TwitterShare on WhatsAppSend via GMailSend via E-Mail,89,Flats_Islamabad,for_sale,2026-07-24,https://www.zameen.com/Property/bahria_enclave_bahria_enclave_-_sector_h_flat_sized_2531_square_feet_in_bahria_enclave_-_sector_h_galleria-54327717-11983-1.html
2 Bed Corner Apartment Is Available For Sale In Luxus Mall,PKR 2.15 Crore,21500000,2,2,4.9 Marla,1102.5,19501,Flat,False,17,17Share on FacebookShare on TwitterShare on WhatsAppSend via GMailSend via E-Mail,81,Flats_Islamabad,for_sale,2026-07-24,https://www.zameen.com/Property/gulberg_greens_block_b_luxus_mall_and_residency_2_bed_corner_apartment_is_available_for_sale_in_luxus_mall-54445451-10572-1.html
Two Bedroom Apartment Available On Installment Plan In J7 Emporium,PKR 3.17 Crore,31700000,3,2,8.8 Marla,1980.0000000000002,16010,Flat,True,10,super hot10Share on FacebookShare on TwitterShare on WhatsAppSend via GMailSend via E-Mail,90,Flats_Islamabad,for_sale,2026-07-24,https://www.zameen.com/Property/islamabad_b-17_two_bedroom_apartment_available_on_installment_plan_in_j7_emporium-53981969-616-1.html
"3 Bed Duplex ( Double Storey ) Booking Price (9,750,000)",PKR 3.9 Crore,39000000,3,3,11.6 Marla,2610.0,14942,Flat,True,10,super hot10Share on FacebookShare on TwitterShare on WhatsAppSend via GMailSend via E-Mail,90,Flats_Islamabad,for_sale,2026-07-24,https://www.zameen.com/Property/islamabad_b-17_3_bed_duplex_double_storey_booking_price_9_750_000-54092152-616-1.html
"Fully Furnished 3-Bed Luxury Corner Apartment With Double Parking Galleria, Bahria Enclave",PKR 2.8 Crore,28000000,2,3,11.2 Marla,2520.0,11111,Flat,True,11,super hot111Share on FacebookShare on TwitterShare on WhatsAppSend via GMailSend via E-Mail,91,Flats_Islamabad,for_sale,2026-07-24,https://www.zameen.com/Property/bahria_enclave_bahria_enclave_-_sector_h_fully_furnished_3-bed_luxury_corner_apartment_with_double_parking_galleria_bahria_enclave-54246496-11983-1.html
"3 Bed Apartment For Sale Askari Heights 4, DHA Phase 5",PKR 3.35 Crore,33500000,3,4,12 Marla,2700.0,12407,Flat,True,15,super hot15Share on FacebookShare on TwitterShare on WhatsAppSend via GMailSend via E-Mail,90,Flats_Islamabad,for_sale,2026-07-24,https://www.zameen.com/Property/dha_phase_5_sector_h_askari_heights_4_3_bed_apartment_for_sale_askari_heights_4_dha_phase_5-54495486-21450-1.html
8 MARLA NEW SINGLE STORY HOUSE FOR SALE F-17 ISLAMABAD ALL FACILITY AVAILABLE CDA PPROVED SECTOR,PKR 2.2 Crore,22000000,2,3,8 Marla,1800.0,12222,Flat,True,7,hot7Share on FacebookShare on TwitterShare on WhatsAppSend via GMailSend via E-Mail,83,Flats_Islamabad,for_sale,2026-07-24,https://www.zameen.com/Property/islamabad_f-17_8_marla_new_single_story_house_for_sale_f-17_islamabad_all_facility_available_cda_pproved_sector-54404836-335-1.html
2bed Brand New Flat For Sale Reasonable Price TopCity-1 Islamabad,PKR 1.3 Crore,13000000,1,2,4.2 Marla,945.0,13756,Flat,True,22,hot22Share on FacebookShare on TwitterShare on WhatsAppSend via GMailSend via E-Mail,84,Flats_Islamabad,for_sale,2026-07-24,https://www.zameen.com/Property/islamabad_top_city_1_2bed_brand_new_flat_for_sale_reasonable_price_topcity-1_islamabad-53573281-1383-1.html
,PKR 2 Crore,20000000,2,2,5.1 Marla,1147.5,17429,Flat,False,13,hot13Share on FacebookShare on TwitterShare on WhatsAppSend via GMailSend via E-Mail,84,Flats_Islamabad,for_sale,2026-07-24,https://www.zameen.com/new-projects/regent_one-6574.html
2 Bed Apartment With Large View Balcony | Murree Expressway | Country Club Apartments,PKR 1.35 Crore,13500000,1,2,8.8 Marla,1980.0000000000002,6818,Flat,True,5,hot5Share on FacebookShare on TwitterShare on WhatsAppSend via GMailSend via E-Mail,83,Flats_Islamabad,for_sale,2026-07-24,https://www.zameen.com/Property/islamabad_murree_expressway_country_club_apartments_2_bed_apartment_with_large_view_balcony_murree_expressway_country_club_apartments-54022769-9681-1.html
2 Bed Apartments Are Available For Sale In Luxus Mall,PKR 2.05 Crore,20500000,2,2,4.5 Marla,1012.5,20246,Flat,False,8,8Share on FacebookShare on TwitterShare on WhatsAppSend via GMailSend via E-Mail,80,Flats_Islamabad,for_sale,2026-07-24,https://www.zameen.com/Property/gulberg_greens_block_b_luxus_mall_and_residency_2_bed_apartments_are_available_for_sale_in_luxus_mall-54445439-10572-1.html
"3 Bedroom Fully Furnished Apartment for Sale Diplomatic Enclave, Islamabad",PKR 6.49 Crore,64900000,6,3,6.5 Marla,1462.5,44376,Flat,False,9,9Share on FacebookShare on TwitterShare on WhatsAppSend via GMailSend via E-Mail,80,Flats_Islamabad,for_sale,2026-07-24,https://www.zameen.com/Property/islamabad_diplomatic_enclave_3_bedroom_fully_furnished_apartment_for_sale_diplomatic_enclave_islamabad-54455650-429-1.html
"1 Bed Brand New Apartment Available for Sale Zarkon Heights, Islamabad",PKR 1.12 Crore,11200000,1,1,2.8 Marla,630.0,17777,Flat,True,27,super hot27Share on FacebookShare on TwitterShare on WhatsAppSend via GMailSend via E-Mail,90,Flats_Islamabad,for_sale,2026-07-24,https://www.zameen.com/Property/g_15_zarkon_heights_1_bed_brand_new_apartment_available_for_sale_zarkon_heights_islamabad-54505989-10169-1.html
Flat Of 483 Square Feet For Sale In Top City 1 - Kanwar Moiz Block,PKR 80 Lakh,8000000,,1,2.1 Marla,472.5,16931,Flat,True,6,super hot6VerifiedShare on FacebookShare on TwitterShare on WhatsAppSend via GMailSend via E-Mail,97,Flats_Islamabad,for_sale,2026-07-24,https://www.zameen.com/Property/top_city_1_top_city_1_-_kanwar_moiz_block_flat_of_483_square_feet_for_sale_in_top_city_1_-_kanwar_moiz_block-54336928-22390-1.html
"3 Bedroom Ground Floor Flat For Sale Tower 4, Askari Heights 4, DHA Phase 5, Islamabad",PKR 3.8 Crore,38000000,3,4,12 Marla,2700.0,14074,Flat,True,6,super hot61Share on FacebookShare on TwitterShare on WhatsAppSend via GMailSend via E-Mail,90,Flats_Islamabad,for_sale,2026-07-24,https://www.zameen.com/Property/dha_defence_dha_defence_phase_5_3_bedroom_ground_floor_flat_for_sale_tower_4_askari_heights_4_dha_phase_5_islamabad-49911369-10991-1.html
D-12/1 Brand New Luxury House For SALE Reasonable Price,PKR 14 Crore,140000000,6,6,14 Marla,3150.0,44444,Flat,True,15,hot15Share on FacebookShare on TwitterShare on WhatsAppSend via GMailSend via E-Mail,84,Flats_Islamabad,for_sale,2026-07-24,https://www.zameen.com/Property/d_12_d-12_1_d-12_1_brand_new_luxury_house_for_sale_reasonable_price-53650392-3154-1.html
New & Modern Apartment For Sale,PKR 1.25 Crore,12500000,1,1,2.5 Marla,562.5,22222,Flat,False,13,hot13Share on FacebookShare on TwitterShare on WhatsAppSend via GMailSend via E-Mail,84,Flats_Islamabad,for_sale,2026-07-24,https://www.zameen.com/Property/dha_defence_phase_1_dha_phase_1_-_sector_f_new_modern_apartment_for_sale-53302925-8226-1.html
Bahria Enclave Islamabad Sector H Galleria 2 Bedroom Furnished Apartment For Sale,PKR 1.5 Crore,15000000,1,2,6.1 Marla,1372.5,10928,Flat,False,14,hot14Share on FacebookShare on TwitterShare on WhatsAppSend via GMailSend via E-Mail,84,Flats_Islamabad,for_sale,2026-07-24,https://www.zameen.com/Property/bahria_enclave_the_galleria_bahria_enclave_islamabad_sector_h_galleria_2_bedroom_furnished_apartment_for_sale-54510112-10002-1.html
3 Bed Apartment For Sale,PKR 1.5 Crore,15000000,1,3,5.3 Marla,1192.5,12578,Flat,False,11,hot11Share on FacebookShare on TwitterShare on WhatsAppSend via GMailSend via E-Mail,84,Flats_Islamabad,for_sale,2026-07-24,https://www.zameen.com/Property/e_11_e-11_4_3_bed_apartment_for_sale-51850712-3241-1.html
Royal Mall Two Bedrooms Apartment,PKR 1.7 Crore,17000000,1,3,6.4 Marla,1440.0,11805,Flat,True,7,7Share on FacebookShare on TwitterShare on WhatsAppSend via GMailSend via E-Mail,80,Flats_Islamabad,for_sale,2026-07-24,https://www.zameen.com/Property/bahria_enclave_the_royal_mall_and_residency_royal_mall_two_bedrooms_apartment-54494426-10909-1.html
"4 Bedroom Executive Apartment For Sale In Tower 3, DHA 5",PKR 4.5 Crore,45000000,4,5,11.7 Marla,2632.5,17094,Flat,True,7,super hot7Share on FacebookShare on TwitterShare on WhatsAppSend via GMailSend via E-Mail,89,Flats_Islamabad,for_sale,2026-07-24,https://www.zameen.com/Property/dha_defence_phase_5_dha_phase_5_-_sector_f1_4_bedroom_executive_apartment_for_sale_in_tower_3_dha_5-54468934-17402-1.html
(550 Square Feet) 1 Bed Apartment Available For Sale On 4.5 Years Easy Instalment Plan,PKR 59 Lakh,5900000,59,1,2.4 Marla,540.0,10925,Flat,True,35,super hot35Share on FacebookShare on TwitterShare on WhatsAppSend via GMailSend via E-Mail,90,Flats_Islamabad,for_sale,2026-07-24,https://www.zameen.com/Property/islamabad_top_city_1_550_square_feet_1_bed_apartment_available_for_sale_on_4_5_years_easy_instalment_plan-54309935-1383-1.html
(1100 Sq Feet) 2 Bed Apartment Available For Sale On 4.5 Years Easy Instalment Plan In Top City-1,PKR 1.15 Crore,11500000,1,2,4.9 Marla,1102.5,10430,Flat,True,43,super hot43Share on FacebookShare on TwitterShare on WhatsAppSend via GMailSend via E-Mail,90,Flats_Islamabad,for_sale,2026-07-24,https://www.zameen.com/Property/islamabad_top_city_1_1100_sq_feet_2_bed_apartment_available_for_sale_on_4_5_years_easy_instalment_plan_in_top_city-1-54310213-1383-1.html
Luxury Fully Furnished Apartment For Sale Corner-Pine Heights D-17 Islamabad,PKR 1.97 Crore,19700000,3,3,7.6 Marla,1710.0,11520,Flat,False,20,hot20Share on FacebookShare on TwitterShare on WhatsAppSend via GMailSend via E-Mail,84,Flats_Islamabad,for_sale,2026-07-24,https://www.zameen.com/Property/islamabad_d-17_luxury_fully_furnished_apartment_for_sale_corner-pine_heights_d-17_islamabad-54387056-737-1.html
CDA APROVED STUDIO 1 BED APARTMENT AVAILABLE FOR SALE IN BHARIA GOLF CITY VIEW,PKR 2.38 Crore,23800000,2,3,3.8 Marla,855.0,27836,Flat,True,12,super hot121Share on FacebookShare on TwitterShare on WhatsAppSend via GMailSend via E-Mail,91,Flats_Islamabad,for_sale,2026-07-24,https://www.zameen.com/Property/jinnah_gardens_mall_of_imarat_cda_aproved_studio_1_bed_apartment_available_for_sale_in_bharia_golf_city_view-54489293-22031-1.html
Askari Heights 4 3 Bed Flat For Sale,PKR 2.78 Crore,27799999,2,3,10 Marla,2250.0,12355,Flat,True,25,super hot251Share on FacebookShare on TwitterShare on WhatsAppSend via GMailSend via E-Mail,91,Flats_Islamabad,for_sale,2026-07-24,https://www.zameen.com/Property/dha_phase_5_sector_h_askari_heights_4_askari_heights_4_3_bed_flat_for_sale-48203858-21450-1.html
CDA APROVED APARTMENT FOR SALE IN MAIN ISLAMABD EXPRESSWAY,PKR 1.91 Crore,19100000,,1,3 Marla,675.0,28296,Flat,False,5,hot5Share on FacebookShare on TwitterShare on WhatsAppSend via GMailSend via E-Mail,83,Flats_Islamabad,for_sale,2026-07-24,https://www.zameen.com/Property/jinnah_gardens_mall_of_imarat_cda_aproved_apartment_for_sale_in_main_islamabd_expressway-54450905-22031-1.html
"2 Bedroom Apartment 1523 Sqft, 6th floor for sale in Defence Executive Apartment dha 2",PKR 1.7 Crore,17000000,1,2,6.8 Marla,1530.0,11111,Flat,True,24,super hot24Share on FacebookShare on TwitterShare on WhatsAppSend via GMailSend via E-Mail,90,Flats_Islamabad,for_sale,2026-07-24,https://www.zameen.com/Property/dha_defence_phase_2_defence_executive_apartments_2_bedroom_apartment_1523_sqft_6th_floor_for_sale_in_defence_executive_apartment_dha_2-54508386-9615-1.html
Askari Heights 5 Flat For Sale,PKR 2.9 Crore,29000000,4,4,12 Marla,2700.0,10740,Flat,True,7,super hot71Share on FacebookShare on TwitterShare on WhatsAppSend via GMailSend via E-Mail,90,Flats_Islamabad,for_sale,2026-07-24,https://www.zameen.com/Property/dha_defence_phase_5_askari_heights_5_askari_heights_5_flat_for_sale-53801880-22450-1.html
Askari Heights 5 Flat For Sale,PKR 2.85 Crore,28500000,3,3,12 Marla,2700.0,10555,Flat,True,8,super hot81Share on FacebookShare on TwitterShare on WhatsAppSend via GMailSend via E-Mail,90,Flats_Islamabad,for_sale,2026-07-24,https://www.zameen.com/Property/dha_defence_phase_5_askari_heights_5_askari_heights_5_flat_for_sale-53813989-22450-1.html
Askari Heights 5 4 Bed Flat For Sale,PKR 2.88 Crore,28800000,2,4,12 Marla,2700.0,10666,Flat,True,11,super hot111Share on FacebookShare on TwitterShare on WhatsAppSend via GMailSend via E-Mail,91,Flats_Islamabad,for_sale,2026-07-24,https://www.zameen.com/Property/dha_defence_phase_5_askari_heights_5_askari_heights_5_4_bed_flat_for_sale-53839049-22450-1.html
,PKR 1.09 Crore,10900000,,1,2.6 Marla,585.0,18632,Flat,False,19,hot19Share on FacebookShare on TwitterShare on WhatsAppSend via GMailSend via E-Mail,84,Flats_Islamabad,for_sale,2026-07-24,https://www.zameen.com/new-projects/ivory-2090.html
"Modern Apartment For Sale In Elanza Mall, Gulberg D Markaz",PKR 78 Lakh,7800000,1,,3.1 Marla,697.5,11182,Flat,False,6,hot6Share on FacebookShare on TwitterShare on WhatsAppSend via GMailSend via E-Mail,83,Flats_Islamabad,for_sale,2026-07-24,https://www.zameen.com/Property/gulberg_residencia_gulberg_residencia_-_d_markaz_modern_apartment_for_sale_in_elanza_mall_gulberg_d_markaz-54081244-14966-1.html
One Bedroom In Highlife Flat 3 For Sale,PKR 48 Lakh,4800000,48,1,2.8 Marla,630.0,7619,Flat,False,15,15VerifiedShare on FacebookShare on TwitterShare on WhatsAppSend via GMailSend via E-Mail,89,Flats_Islamabad,for_sale,2026-07-24,https://www.zameen.com/Property/dha_defence_phase_2_al-ghurair_giga_one_bedroom_in_highlife_flat_3_for_sale-54320892-15113-1.html
2 Bedroom Flat For Sale In GoldCrest View,PKR 2.8 Crore,28000000,2,2,5.6 Marla,1260.0,22222,Flat,False,10,10VerifiedShare on FacebookShare on TwitterShare on WhatsAppSend via GMailSend via E-Mail,89,Flats_Islamabad,for_sale,2026-07-24,https://www.zameen.com/Property/dha_defence_phase_2_goldcrest_views_2_bedroom_flat_for_sale_in_goldcrest_view-54471854-18358-1.html
2 Bedroom Apartment For Sale In Highlife 3,PKR 3.83 Crore,38300000,3,2,3.9 Marla,877.5,43646,Flat,False,15,15VerifiedShare on FacebookShare on TwitterShare on WhatsAppSend via GMailSend via E-Mail,89,Flats_Islamabad,for_sale,2026-07-24,https://www.zameen.com/Property/dha_defence_phase_2_goldcrest_highlife_2_bedroom_apartment_for_sale_in_highlife_3-54320894-21059-1.html
2 Bedroom Apartment for Sale in Embassy Gardens Islamabad Margalla & Murree View,PKR 1.43 Crore,14300000,1,2,4.7 Marla,1057.5,13522,Flat,True,27,super hot27Share on FacebookShare on TwitterShare on WhatsAppSend via GMailSend via E-Mail,90,Flats_Islamabad,for_sale,2026-07-24,https://www.zameen.com/Property/bahria_enclave_bahria_enclave_-_sector_c1_2_bedroom_apartment_for_sale_in_embassy_gardens_islamabad_margalla_murree_view-54366978-11987-1.html
Five Star Furnished Flat On Instalments,PKR 2.11 Crore,21100000,1,1,4.1 Marla,922.4999999999999,22872,Flat,False,10,hot10Share on FacebookShare on TwitterShare on WhatsAppSend via GMailSend via E-Mail,84,Flats_Islamabad,for_sale,2026-07-24,https://www.zameen.com/Property/islamabad_mumtaz_city_five_star_furnished_flat_on_instalments-54515649-3464-1.html
3 Bedroom Corner Apartment For Sale In G-11/3 Warda Hamna-3,PKR 4.75 Crore,47500000,4,3,8.9 Marla,2002.5,23720,Flat,False,10,10Share on FacebookShare on TwitterShare on WhatsAppSend via GMailSend via E-Mail,81,Flats_Islamabad,for_sale,2026-07-24,https://www.zameen.com/Property/g_11_3_warda_hamna_residencia_3_3_bedroom_corner_apartment_for_sale_in_g-11_3_warda_hamna-3-54516037-11863-1.html
A 460 Square Feet Flat Is Up For Sale In Islamabad,PKR 65 Lakh,6500000,1,1,2 Marla,450.0,14444,Flat,True,9,super hot9VerifiedShare on FacebookShare on TwitterShare on WhatsAppSend via GMailSend via E-Mail,97,Flats_Islamabad,for_sale,2026-07-24,https://www.zameen.com/Property/bahria_enclave_bahria_enclave_-_sector_i_a_460_square_feet_flat_is_up_for_sale_in_islamabad-54475089-11982-1.html
Looking For A 2 Bed Flat In Bahria Enclave - Sector I,PKR 99 Lakh,9900000,99,1,3.6 Marla,810.0,12222,Flat,True,15,super hot15VerifiedShare on FacebookShare on TwitterShare on WhatsAppSend via GMailSend via E-Mail,98,Flats_Islamabad,for_sale,2026-07-24,https://www.zameen.com/Property/bahria_enclave_bahria_enclave_-_sector_i_looking_for_a_2_bed_flat_in_bahria_enclave_-_sector_i-54475115-11982-1.html
2 Bedroom Flat For Sale In Makkah Tower E-11 | High Rental Income | Prime Investment,PKR 1.83 Crore,18300000,1,3,7.1 Marla,1597.5,11455,Flat,True,19,super hot19Share on FacebookShare on TwitterShare on WhatsAppSend via GMailSend via E-Mail,90,Flats_Islamabad,for_sale,2026-07-24,https://www.zameen.com/Property/islamabad_e-11_2_bedroom_flat_for_sale_in_makkah_tower_e-11_high_rental_income_prime_investment-54427133-329-1.html
G11/3 Near Ibne E Sina Road Type D Size 900sq Ground Floor With 1 Kanal Extra Land,PKR 2.85 Crore,28500000,2,2,4 Marla,900.0,31666,Flat,False,10,hot10Share on FacebookShare on TwitterShare on WhatsAppSend via GMailSend via E-Mail,84,Flats_Islamabad,for_sale,2026-07-24,https://www.zameen.com/Property/g_11_g-11_3_g11_3_near_ibne_e_sina_road_type_d_size_900sq_ground_floor_with_1_kanal_extra_land-54498281-3332-1.html
4 Kanal Farm House For Sale Ideal Corner House.,PKR 18 Crore,180000000,6,7,4 Kanal,18000.0,10000,Flat,False,14,hot14Share on FacebookShare on TwitterShare on WhatsAppSend via GMailSend via E-Mail,84,Flats_Islamabad,for_sale,2026-07-24,https://www.zameen.com/Property/islamabad_bani_gala_4_kanal_farm_house_for_sale_ideal_corner_house-53650942-340-1.html
1 Bed Margalla Face Apartment,PKR 1.2 Crore,12000000,1,2,5.1 Marla,1147.5,10457,Flat,False,11,hot11Share on FacebookShare on TwitterShare on WhatsAppSend via GMailSend via E-Mail,84,Flats_Islamabad,for_sale,2026-07-24,https://www.zameen.com/Property/bahria_enclave_cube_apartments_1_bed_margalla_face_apartment-54496046-21520-1.html
This Is Your Chance To Buy Farm House In Islamabad,PKR 30 Crore,300000000,,,4.8 Kanal,21600.0,13888,Flat,False,16,16VerifiedShare on FacebookShare on TwitterShare on WhatsAppSend via GMailSend via E-Mail,89,Flats_Islamabad,for_sale,2026-07-24,https://www.zameen.com/Property/gulberg_greens_gulberg_greens_-_block_c_this_is_your_chance_to_buy_farm_house_in_islamabad-54379550-8315-1.html
2 Bed Luxury Apartment Available For Sale,PKR 1.75 Crore,17500000,1,2,5.1 Marla,1147.5,15250,Flat,False,8,8Share on FacebookShare on TwitterShare on WhatsAppSend via GMailSend via E-Mail,80,Flats_Islamabad,for_sale,2026-07-24,https://www.zameen.com/Property/g_15_zarkon_heights_2_bed_luxury_apartment_available_for_sale-40552163-10169-1.html
1 Bed Apartment On Instalments,PKR 59 Lakh,5900000,59,1,2.7 Marla,607.5,9711,Flat,False,5,5Share on FacebookShare on TwitterShare on WhatsAppSend via GMailSend via E-Mail,80,Flats_Islamabad,for_sale,2026-07-24,https://www.zameen.com/Property/islamabad_top_city_1_1_bed_apartment_on_instalments-49997729-1383-1.html
3 Bed Apartment In Easy Installments,PKR 1.45 Crore,14500000,1,3,6.4 Marla,1440.0,10069,Flat,False,9,9Share on FacebookShare on TwitterShare on WhatsAppSend via GMailSend via E-Mail,80,Flats_Islamabad,for_sale,2026-07-24,https://www.zameen.com/Property/islamabad_top_city_1_3_bed_apartment_in_easy_installments-49976513-1383-1.html
Ready To Buy A Flat In Top City 1 Top City 1,PKR 1.15 Crore,11500000,2,2,4.9 Marla,1102.5,10430,Flat,False,,Share on FacebookShare on TwitterShare on WhatsAppSend via GMailSend via E-Mail,79,Flats_Islamabad,for_sale,2026-07-24,https://www.zameen.com/Property/islamabad_top_city_1_ready_to_buy_a_flat_in_top_city_1_top_city_1-49970272-1383-1.html
1 Bed Apartment In Easy Installments,PKR 85 Lakh,8500000,85,1,3.6 Marla,810.0,10493,Flat,False,4,4Share on FacebookShare on TwitterShare on WhatsAppSend via GMailSend via E-Mail,80,Flats_Islamabad,for_sale,2026-07-24,https://www.zameen.com/Property/islamabad_top_city_1_1_bed_apartment_in_easy_installments-49809106-1383-1.html
2 Bed Ready-To-Move Luxury Apartment | Diamond Mall | Gulberg Greens Islamabad,PKR 1.45 Crore,14500000,1,3,3.9 Marla,877.5,16524,Flat,True,14,super hot14Share on FacebookShare on TwitterShare on WhatsAppSend via GMailSend via E-Mail,90,Flats_Islamabad,for_sale,2026-07-24,https://www.zameen.com/Property/gulberg_greens_diamond_mall_residency_2_bed_ready-to-move_luxury_apartment_diamond_mall_gulberg_greens_islamabad-54482932-10982-1.html
2 Bedroom Luxury Apartment,PKR 3.5 Crore,35000000,3,2,8.9 Marla,2002.5,17478,Flat,True,10,super hot101Share on FacebookShare on TwitterShare on WhatsAppSend via GMailSend via E-Mail,91,Flats_Islamabad,for_sale,2026-07-24,https://www.zameen.com/Property/islamabad_b-17_2_bedroom_luxury_apartment-54218043-616-1.html
Top Luxury 1 Bed All Dues Clear 964 Square Feet Available To Sale,PKR 1.7 Crore,17000000,1,1,4.3 Marla,967.5,17571,Flat,True,21,super hot211Share on FacebookShare on TwitterShare on WhatsAppSend via GMailSend via E-Mail,91,Flats_Islamabad,for_sale,2026-07-24,https://www.zameen.com/Property/top_city_1_top_city_1_-_block_k_top_luxury_1_bed_all_dues_clear_964_square_feet_available_to_sale-54321481-16277-1.html
"Luxus Mall and Residency, Gulberg Greens - Block B, Gulberg Greens, Gulberg, Islamabad, Islamabad Capital",PKR 2.28 Crore,22799999,3,3,6.7 Marla,1507.5,15124,Flat,True,29,super hot29Share on FacebookShare on TwitterShare on WhatsAppSend via GMailSend via E-Mail,90,Flats_Islamabad,for_sale,2026-07-24,https://www.zameen.com/Property/gulberg_greens_block_b_luxus_mall_and_residency_luxus_mall_and_residency_gulberg_greens_-_block_b_gulberg_greens_gulberg_islamabad_islamabad_capital-54421980-10572-1.html
Get A 654 Square Feet Flat For Sale In Faisal Hills - Executive Block,PKR 98.1 Lakh,9810000,1,1,2.9 Marla,652.5,15034,Flat,True,11,super hot111Share on FacebookShare on TwitterShare on WhatsAppSend via GMailSend via E-Mail,91,Flats_Islamabad,for_sale,2026-07-24,https://www.zameen.com/Property/faisal_hills_faisal_hills_-_executive_block_get_a_654_square_feet_flat_for_sale_in_faisal_hills_-_executive_block-53668148-16527-1.html
Skypark One 2 Bed Available For Sale,PKR 3.8 Crore,38000000,3,2,7.6 Marla,1710.0,22222,Flat,True,32,super hot32Share on FacebookShare on TwitterShare on WhatsAppSend via GMailSend via E-Mail,90,Flats_Islamabad,for_sale,2026-07-24,https://www.zameen.com/Property/gulberg_greens_skypark_one_skypark_one_2_bed_available_for_sale-54142386-15266-1.html
2 Bed Luxury Apartment Available For Sale,PKR 1.85 Crore,18500000,1,2,5.5 Marla,1237.5,14949,Flat,False,6,6Share on FacebookShare on TwitterShare on WhatsAppSend via GMailSend via E-Mail,80,Flats_Islamabad,for_sale,2026-07-24,https://www.zameen.com/Property/g_15_zarkon_heights_2_bed_luxury_apartment_available_for_sale-51428230-10169-1.html
3 Bed Apartment Is Available,PKR 2.25 Crore,22500000,2,3,7.6 Marla,1710.0,13157,Flat,False,5,5Share on FacebookShare on TwitterShare on WhatsAppSend via GMailSend via E-Mail,80,Flats_Islamabad,for_sale,2026-07-24,https://www.zameen.com/Property/e_11_e-11_4_3_bed_apartment_is_available-50894450-3241-1.html
2 Bed Apartment Available For Sale,PKR 1.55 Crore,15500000,1,2,4 Marla,900.0,17222,Flat,False,6,6Share on FacebookShare on TwitterShare on WhatsAppSend via GMailSend via E-Mail,80,Flats_Islamabad,for_sale,2026-07-24,https://www.zameen.com/Property/e_11_e-11_4_2_bed_apartment_available_for_sale-50516668-3241-1.html
Two Bed Apartment Available For Sale,PKR 1.3 Crore,13000000,1,2,4 Marla,900.0,14444,Flat,False,5,51Share on FacebookShare on TwitterShare on WhatsAppSend via GMailSend via E-Mail,81,Flats_Islamabad,for_sale,2026-07-24,https://www.zameen.com/Property/e_11_e-11_4_two_bed_apartment_available_for_sale-50488463-3241-1.html
3 Bed Apartment In Easily Instalments,PKR 1.69 Crore,16900000,1,3,7.6 Marla,1710.0,9883,Flat,False,,Share on FacebookShare on TwitterShare on WhatsAppSend via GMailSend via E-Mail,79,Flats_Islamabad,for_sale,2026-07-24,https://www.zameen.com/Property/islamabad_top_city_1_3_bed_apartment_in_easily_instalments-50060503-1383-1.html
2 Bed Apartment In Easy Instalments,PKR 93.13 Lakh,9313000,93,2,3.3 Marla,742.5,12542,Flat,False,7,7Share on FacebookShare on TwitterShare on WhatsAppSend via GMailSend via E-Mail,80,Flats_Islamabad,for_sale,2026-07-24,https://www.zameen.com/Property/mpchs_multi_gardens_mpchs_-_block_e_2_bed_apartment_in_easy_instalments-52493545-3120-1.html
2 Bed Apartment Available For Sale,PKR 1.95 Crore,19500000,1,2,5.5 Marla,1237.5,15757,Flat,False,5,5Share on FacebookShare on TwitterShare on WhatsAppSend via GMailSend via E-Mail,80,Flats_Islamabad,for_sale,2026-07-24,https://www.zameen.com/Property/g_15_zarkon_heights_2_bed_apartment_available_for_sale-54066916-10169-1.html
Fully Designer Bungalow At Prime Location Of Dha Phase 6,PKR 11.75 Crore,117500000,6,7,1 Kanal,4500.0,26111,Flat,True,20,super hot20Share on FacebookShare on TwitterShare on WhatsAppSend via GMailSend via E-Mail,90,Flats_Lahore,for_sale,2026-07-24,https://www.zameen.com/Property/dha_phase_6_dha_phase_6_-_block_k_fully_designer_bungalow_at_prime_location_of_dha_phase_6-54349616-1619-1.html
3 Bed Premium Apartment,PKR 4.3 Crore,43000000,4,3,5.3 Marla,1192.5,36058,Flat,True,10,super hot10Share on FacebookShare on TwitterShare on WhatsAppSend via GMailSend via E-Mail,90,Flats_Lahore,for_sale,2026-07-24,https://www.zameen.com/Property/lahore_gulberg_3_bed_premium_apartment-54472052-7-1.html
Studio 1 Bed Apartment For Sale,PKR 1.65 Crore,16500000,1,1,4.4 Marla,990.0000000000001,16666,Flat,True,6,super hot6Share on FacebookShare on TwitterShare on WhatsAppSend via GMailSend via E-Mail,89,Flats_Lahore,for_sale,2026-07-24,https://www.zameen.com/Property/lahore_gulberg_studio_1_bed_apartment_for_sale-54462026-7-1.html
"Luxury 3 Bed Apartment For Sale In Zameen Quadrangle Gulberg Lahore | 1,266 SQFT | Prime Location",PKR 5.19 Crore,51900000,5,,5.6 Marla,1260.0,41190,Flat,True,22,hot22Share on FacebookShare on TwitterShare on WhatsAppSend via GMailSend via E-Mail,84,Flats_Lahore,for_sale,2026-07-24,https://www.zameen.com/Property/zafar_ali_road_zameen_quadrangle_luxury_3_bed_apartment_for_sale_in_zameen_quadrangle_gulberg_lahore_1_266_sqft_prime_location-54491938-17424-1.html
"10 Marla Residential House For Sale In Tulip Block, Nearby Commercial Market, School, Mosque And Health Care Canter",PKR 3.1 Crore,31000000,5,6,10 Marla,2250.0,13777,Flat,True,24,hot24Share on FacebookShare on TwitterShare on WhatsAppSend via GMailSend via E-Mail,84,Flats_Lahore,for_sale,2026-07-24,https://www.zameen.com/Property/bahria_town_sector_c_bahria_town_-_tulip_block_10_marla_residential_house_for_sale_in_tulip_block_nearby_commercial_market_school_mosque_and_health_care_canter-54383491-1789-1.html
4 Marla House For Sale In Paragon City Lahore,PKR 1.9 Crore,19000000,3,4,4 Marla,900.0,21111,Flat,False,40,hot40Share on FacebookShare on TwitterShare on WhatsAppSend via GMailSend via E-Mail,84,Flats_Lahore,for_sale,2026-07-24,https://www.zameen.com/Property/lahore_paragon_city_4_marla_house_for_sale_in_paragon_city_lahore-50902426-1014-1.html
1 Kanal House For Sale In Paragon City Lahore,PKR 8.5 Crore,85000000,6,6,1 Kanal,4500.0,18888,Flat,False,30,hot30Share on FacebookShare on TwitterShare on WhatsAppSend via GMailSend via E-Mail,84,Flats_Lahore,for_sale,2026-07-24,https://www.zameen.com/Property/lahore_paragon_city_1_kanal_house_for_sale_in_paragon_city_lahore-50864864-1014-1.html
10 Marla House For Sale In Paragon City Lahore,PKR 4.5 Crore,45000000,5,6,10 Marla,2250.0,20000,Flat,False,24,hot24Share on FacebookShare on TwitterShare on WhatsAppSend via GMailSend via E-Mail,84,Flats_Lahore,for_sale,2026-07-24,https://www.zameen.com/Property/lahore_paragon_city_10_marla_house_for_sale_in_paragon_city_lahore-50904469-1014-1.html
8 Marla House For Sale In Paragon City Lahore,PKR 3.95 Crore,39500000,4,5,8 Marla,1800.0,21944,Flat,False,11,hot11Share on FacebookShare on TwitterShare on WhatsAppSend via GMailSend via E-Mail,84,Flats_Lahore,for_sale,2026-07-24,https://www.zameen.com/Property/lahore_paragon_city_8_marla_house_for_sale_in_paragon_city_lahore-50920023-1014-1.html
5 Marla House For Sale In Paragon City Lahore,PKR 2.5 Crore,25000000,3,4,5 Marla,1125.0,22222,Flat,False,14,hot14Share on FacebookShare on TwitterShare on WhatsAppSend via GMailSend via E-Mail,84,Flats_Lahore,for_sale,2026-07-24,https://www.zameen.com/Property/lahore_paragon_city_5_marla_house_for_sale_in_paragon_city_lahore-50940297-1014-1.html
3 Years Installment Plan Luxury 10 Marla Brand New House In Park View City Lahore,PKR 3.25 Crore,32500000,5,6,10 Marla,2250.0,14444,Flat,False,10,10Share on FacebookShare on TwitterShare on WhatsAppSend via GMailSend via E-Mail,81,Flats_Lahore,for_sale,2026-07-24,https://www.zameen.com/Property/lahore_park_view_city_3_years_installment_plan_luxury_10_marla_brand_new_house_in_park_view_city_lahore-54510703-1466-1.html
3 Marla Double Storey House For Sale On Easy Instalment Plan,PKR 95 Lakh,9500000,3,4,3 Marla,675.0,14074,Flat,False,21,21Share on FacebookShare on TwitterShare on WhatsAppSend via GMailSend via E-Mail,81,Flats_Lahore,for_sale,2026-07-24,https://www.zameen.com/Property/lahore_nishtar_colony_3_marla_double_storey_house_for_sale_on_easy_instalment_plan-54075547-4398-1.html
3 Marla House For Sale,PKR 1.3 Crore,13000000,3,4,3 Marla,675.0,19259,Flat,False,24,24Share on FacebookShare on TwitterShare on WhatsAppSend via GMailSend via E-Mail,81,Flats_Lahore,for_sale,2026-07-24,https://www.zameen.com/Property/vital_homes_housing_scheme_vital_homes_aa_3_marla_house_for_sale-54282826-9462-1.html
3 Marla Beautiful Double Storey House For Sale,PKR 1.4 Crore,14000000,3,4,3 Marla,675.0,20740,Flat,False,25,25Share on FacebookShare on TwitterShare on WhatsAppSend via GMailSend via E-Mail,81,Flats_Lahore,for_sale,2026-07-24,https://www.zameen.com/Property/vital_homes_housing_scheme_vital_homes_aa_3_marla_beautiful_double_storey_house_for_sale-54299008-9462-1.html
5 Marla Triple Storey House For Sale Rijistry Intqal,PKR 2.4 Crore,24000000,6,6,5 Marla,1125.0,21333,Flat,False,32,32Share on FacebookShare on TwitterShare on WhatsAppSend via GMailSend via E-Mail,81,Flats_Lahore,for_sale,2026-07-24,https://www.zameen.com/Property/lahore_shadab_garden_5_marla_triple_storey_house_for_sale_rijistry_intqal-54346921-4451-1.html
1 Kanal Top Quality Build Luxurious Beautiful Modern Design Villa With Basement Swimming Pool SEMI FURNISHED,PKR 7.5 Crore,75000000,5,6,1 Kanal,4500.0,16666,Flat,True,34,34Share on FacebookShare on TwitterShare on WhatsAppSend via GMailSend via E-Mail,81,Flats_Lahore,for_sale,2026-07-24,https://www.zameen.com/Property/dha_phase_7_dha_phase_7_-_block_r_1_kanal_top_quality_build_luxurious_beautiful_modern_design_villa_with_basement_swimming_pool_semi_furnished-52716353-1625-1.html
"1 Kanal Fully Furnished Luxury House With Modern Amenities, High Quality Interiors And A Comfortable Lifestyle.",PKR 8.25 Crore,82500000,5,6,1 Kanal,4500.0,18333,Flat,True,30,30Share on FacebookShare on TwitterShare on WhatsAppSend via GMailSend via E-Mail,81,Flats_Lahore,for_sale,2026-07-24,https://www.zameen.com/Property/dha_phase_7_dha_phase_7_-_block_t_1_kanal_fully_furnished_luxury_house_with_modern_amenities_high_quality_interiors_and_a_comfortable_lifestyle-54164556-1627-1.html
One Kanal Modern Bungalow For Sale At Hot Location Phase 7,PKR 7.75 Crore,77500000,5,6,1 Kanal,4500.0,17222,Flat,True,48,48Share on FacebookShare on TwitterShare on WhatsAppSend via GMailSend via E-Mail,81,Flats_Lahore,for_sale,2026-07-24,https://www.zameen.com/Property/dha_phase_7_dha_phase_7_-_block_t_one_kanal_modern_bungalow_for_sale_at_hot_location_phase_7-51662547-1627-1.html
,PKR 1.65 Crore,16500000,1,1,3.1 Marla,697.5,23655,Flat,True,9,super hot9Share on FacebookShare on TwitterShare on WhatsAppSend via GMailSend via E-Mail,89,Flats_Lahore,for_sale,2026-07-24,https://www.zameen.com/new-projects/j_heights-2098.html
1 BHK Fully Furnished Apartment For Sale,PKR 1.55 Crore,15500000,1,1,2 Marla,450.0,34444,Flat,False,7,hot7Share on FacebookShare on TwitterShare on WhatsAppSend via GMailSend via E-Mail,83,Flats_Lahore,for_sale,2026-07-24,https://www.zameen.com/Property/lahore_gulberg_1_bhk_fully_furnished_apartment_for_sale-54272760-7-1.html
5 Marla House For Sale In Paragon City Lahore,PKR 2.65 Crore,26500000,3,4,5 Marla,1125.0,23555,Flat,False,33,33Share on FacebookShare on TwitterShare on WhatsAppSend via GMailSend via E-Mail,81,Flats_Lahore,for_sale,2026-07-24,https://www.zameen.com/Property/lahore_paragon_city_5_marla_house_for_sale_in_paragon_city_lahore-54233178-1014-1.html
Luxury 2 Beds Apartment for Sale in Defence Raya Golf Community,PKR 8.75 Crore,87500000,8,3,7.8 Marla,1755.0,49857,Flat,True,17,17Share on FacebookShare on TwitterShare on WhatsAppSend via GMailSend via E-Mail,81,Flats_Lahore,for_sale,2026-07-24,https://www.zameen.com/Property/dha_defence_defence_raya_luxury_2_beds_apartment_for_sale_in_defence_raya_golf_community-54516493-8172-1.html
3 Years Installment Plan Luxury 5 Marla Brand New House In Park View City Lahore,PKR 2.15 Crore,21500000,4,5,5 Marla,1125.0,19111,Flat,False,13,13Share on FacebookShare on TwitterShare on WhatsAppSend via GMailSend via E-Mail,81,Flats_Lahore,for_sale,2026-07-24,https://www.zameen.com/Property/lahore_park_view_city_3_years_installment_plan_luxury_5_marla_brand_new_house_in_park_view_city_lahore-54489085-1466-1.html
3 Years Installments Plan 10 Marla Brand New House For Sale In Park View City,PKR 3.1 Crore,31000000,5,6,10 Marla,2250.0,13777,Flat,False,19,19Share on FacebookShare on TwitterShare on WhatsAppSend via GMailSend via E-Mail,81,Flats_Lahore,for_sale,2026-07-24,https://www.zameen.com/Property/lahore_park_view_city_3_years_installments_plan_10_marla_brand_new_house_for_sale_in_park_view_city-54460349-1466-1.html
3 Years Installments Plan 5 Marla Brand New House For Sale In Park View City,PKR 1.65 Crore,16500000,4,5,5 Marla,1125.0,14666,Flat,False,16,16VerifiedShare on FacebookShare on TwitterShare on WhatsAppSend via GMailSend via E-Mail,89,Flats_Lahore,for_sale,2026-07-24,https://www.zameen.com/Property/lahore_park_view_city_3_years_installments_plan_5_marla_brand_new_house_for_sale_in_park_view_city-54443304-1466-1.html
9 Marla Luxury House For Sale Bankers Avenue Cooperative Housing Society MAIN BEDIAN ROAD LAHORE,PKR 3.45 Crore,34500000,3,5,9 Marla,2025.0,17037,Flat,True,11,11Share on FacebookShare on TwitterShare on WhatsAppSend via GMailSend via E-Mail,81,Flats_Lahore,for_sale,2026-07-24,https://www.zameen.com/Property/lahore_bankers_avenue_cooperative_housing_society_9_marla_luxury_house_for_sale_bankers_avenue_cooperative_housing_society_main_bedian_road_lahore-53836716-8325-1.html
"Lahore Organic Farms Society Located on Main Barki Road, Lahore.",PKR 90 Lakh,9000000,,,1 Kanal,4500.0,2000,Flat,True,6,super hot6Share on FacebookShare on TwitterShare on WhatsAppSend via GMailSend via E-Mail,89,Flats_Lahore,for_sale,2026-07-24,https://www.zameen.com/Property/barki_road_lahore_organic_farms_lahore_organic_farms_society_located_on_main_barki_road_lahore-54410652-22180-1.html
Beautiful Luxurious Awami Villa Available For Sale At 2nd Floor,PKR 55 Lakh,5500000,2,1,5 Marla,1125.0,4888,Flat,False,22,hot22Share on FacebookShare on TwitterShare on WhatsAppSend via GMailSend via E-Mail,84,Flats_Lahore,for_sale,2026-07-24,https://www.zameen.com/Property/awami_villas_awami_villas_-_block_d_beautiful_luxurious_awami_villa_available_for_sale_at_2nd_floor-54411257-15708-1.html
2 Kanal Modern Design Luxury Bungalow For Sale In DHA Phase 6 Prime Location Near To Park Near To Raya,PKR 26.5 Crore,265000000,6,7,2 Kanal,9000.0,29444,Flat,True,30,30Share on FacebookShare on TwitterShare on WhatsAppSend via GMailSend via E-Mail,81,Flats_Lahore,for_sale,2026-07-24,https://www.zameen.com/Property/dha_phase_6_dha_phase_6_-_block_k_2_kanal_modern_design_luxury_bungalow_for_sale_in_dha_phase_6_prime_location_near_to_park_near_to_raya-54190035-1619-1.html
brand new house for sale,PKR 6.5 Crore,65000000,6,6,1 Kanal,4500.0,14444,Flat,False,26,26Share on FacebookShare on TwitterShare on WhatsAppSend via GMailSend via E-Mail,81,Flats_Lahore,for_sale,2026-07-24,https://www.zameen.com/Property/iep_engineers_town_sector_a_iep_engineers_town_-_block_c3_brand_new_house_for_sale-54516474-3892-1.html
Brand New 1 Kanal Luxury House | 6 Beds | Private Cinema | Double Height Lobby | Modern Elevation | 40 Ft Road,PKR 9 Crore,90000000,9,6,1 Kanal,4500.0,20000,Flat,False,30,30Share on FacebookShare on TwitterShare on WhatsAppSend via GMailSend via E-Mail,81,Flats_Lahore,for_sale,2026-07-24,https://www.zameen.com/Property/wapda_town_wapda_town_phase_1_brand_new_1_kanal_luxury_house_6_beds_private_cinema_double_height_lobby_modern_elevation_40_ft_road-54413956-4307-1.html
Brand New 5 Marla Modern House | 5 Bedrooms | Double Kitchen | 40 Ft Road | Prime Location in Wapda Town,PKR 3.15 Crore,31500000,3,5,5 Marla,1125.0,28000,Flat,False,16,16Share on FacebookShare on TwitterShare on WhatsAppSend via GMailSend via E-Mail,81,Flats_Lahore,for_sale,2026-07-24,https://www.zameen.com/Property/wapda_town_wapda_town_phase_1_brand_new_5_marla_modern_house_5_bedrooms_double_kitchen_40_ft_road_prime_location_in_wapda_town-54107504-4307-1.html
Luxury Apartment For Sale In Gulberg 3,PKR 1.6 Crore,16000000,1,1,1.8 Marla,405.0,39506,Flat,False,10,10Share on FacebookShare on TwitterShare on WhatsAppSend via GMailSend via E-Mail,81,Flats_Lahore,for_sale,2026-07-24,https://www.zameen.com/Property/lahore_gulberg_luxury_apartment_for_sale_in_gulberg_3-53971287-7-1.html
Askari 11 Flat Sized 12 Marla,PKR 3.65 Crore,36500000,4,5,12 Marla,2700.0,13518,Flat,True,45,super hot45VerifiedShare on FacebookShare on TwitterShare on WhatsAppSend via GMailSend via E-Mail,98,Flats_Lahore,for_sale,2026-07-24,https://www.zameen.com/Property/askari_askari_11_askari_11_flat_sized_12_marla-54514091-1503-1.html
Good 10 Marla Flat For sale In Askari 11 - Sector D,PKR 3.6 Crore,36000000,3,3,10 Marla,2250.0,16000,Flat,True,31,super hot31VerifiedShare on FacebookShare on TwitterShare on WhatsAppSend via GMailSend via E-Mail,98,Flats_Lahore,for_sale,2026-07-24,https://www.zameen.com/Property/askari_11_askari_11_-_sector_d_good_10_marla_flat_for_sale_in_askari_11_-_sector_d-54514089-21437-1.html
Flat Of 13 Marla Available In Askari 10 - Sector S,PKR 4.95 Crore,49500000,4,5,13 Marla,2925.0,16923,Flat,True,33,super hot33VerifiedShare on FacebookShare on TwitterShare on WhatsAppSend via GMailSend via E-Mail,98,Flats_Lahore,for_sale,2026-07-24,https://www.zameen.com/Property/askari_10_askari_10_-_sector_s_flat_of_13_marla_available_in_askari_10_-_sector_s-54513751-21434-1.html
13 Marla Flat In Askari 10 - Sector S Is Available,PKR 4.4 Crore,44000000,4,5,13 Marla,2925.0,15042,Flat,True,31,super hot31VerifiedShare on FacebookShare on TwitterShare on WhatsAppSend via GMailSend via E-Mail,98,Flats_Lahore,for_sale,2026-07-24,https://www.zameen.com/Property/askari_10_askari_10_-_sector_s_13_marla_flat_in_askari_10_-_sector_s_is_available-54513749-21434-1.html
Flat For sale In Askari 10 - Sector F,PKR 3.6 Crore,36000000,3,3,10 Marla,2250.0,16000,Flat,True,42,super hot42VerifiedShare on FacebookShare on TwitterShare on WhatsAppSend via GMailSend via E-Mail,98,Flats_Lahore,for_sale,2026-07-24,https://www.zameen.com/Property/askari_10_askari_10_-_sector_f_flat_for_sale_in_askari_10_-_sector_f-54513747-10542-1.html
Luxury Apartments For Sale In Marbella Drive Residency Lahore,PKR 72.5 Lakh,7250000,,1,1.8 Marla,405.0,17901,Flat,True,11,super hot11Share on FacebookShare on TwitterShare on WhatsAppSend via GMailSend via E-Mail,90,Flats_Lahore,for_sale,2026-07-24,https://www.zameen.com/Property/raiwind_road_marbella_drive_residency_luxury_apartments_for_sale_in_marbella_drive_residency_lahore-54348942-22560-1.html
,PKR 1.57 Crore,15700000,,1,1.8 Marla,405.0,38765,Flat,True,7,super hot7Share on FacebookShare on TwitterShare on WhatsAppSend via GMailSend via E-Mail,89,Flats_Lahore,for_sale,2026-07-24,https://www.zameen.com/new-projects/zameen_jade-2388.html
,PKR 1.73 Crore,17300000,1,1,2.7 Marla,607.5,28477,Flat,True,21,super hot21Share on FacebookShare on TwitterShare on WhatsAppSend via GMailSend via E-Mail,90,Flats_Lahore,for_sale,2026-07-24,https://www.zameen.com/new-projects/zameen_opal-1537.html
2 Bed Apartment for Sale,PKR 3.25 Crore,32500000,3,2,4.4 Marla,990.0000000000001,32828,Flat,False,10,hot10Share on FacebookShare on TwitterShare on WhatsAppSend via GMailSend via E-Mail,84,Flats_Lahore,for_sale,2026-07-24,https://www.zameen.com/Property/gulberg_3_block_l_zameen_aurum_2_bed_apartment_for_sale-54462089-16511-1.html
12 Marla 4 Bed Room Apartment Available For Sale In Askari 12,PKR 3.65 Crore,36500000,3,5,13 Marla,2925.0,12478,Flat,False,33,33Share on FacebookShare on TwitterShare on WhatsAppSend via GMailSend via E-Mail,81,Flats_Lahore,for_sale,2026-07-24,https://www.zameen.com/Property/askari_askari_12_12_marla_4_bed_room_apartment_available_for_sale_in_askari_12-54475828-22537-1.html
2 Bedroom Apartment For Sale In Gulberg Lahore,PKR 3.1 Crore,31000000,3,2,4.5 Marla,1012.5,30617,Flat,True,18,super hot181Share on FacebookShare on TwitterShare on WhatsAppSend via GMailSend via E-Mail,91,Flats_Lahore,for_sale,2026-07-24,https://www.zameen.com/Property/lahore_gulberg_2_bedroom_apartment_for_sale_in_gulberg_lahore-51748055-7-1.html
13 Marla 4 Bed Room Apartment In Available For Sale Askari 12,PKR 3.55 Crore,35500000,3,4,13 Marla,2925.0,12136,Flat,False,25,25Share on FacebookShare on TwitterShare on WhatsAppSend via GMailSend via E-Mail,81,Flats_Lahore,for_sale,2026-07-24,https://www.zameen.com/Property/askari_askari_12_13_marla_4_bed_room_apartment_in_available_for_sale_askari_12-54475780-22537-1.html
2 Floor 3 Bed Apartment Available For Sale In Askari 12,PKR 3.6 Crore,36000000,3,4,12 Marla,2700.0,13333,Flat,False,29,29Share on FacebookShare on TwitterShare on WhatsAppSend via GMailSend via E-Mail,81,Flats_Lahore,for_sale,2026-07-24,https://www.zameen.com/Property/askari_askari_12_2_floor_3_bed_apartment_available_for_sale_in_askari_12-54475753-22537-1.html
3 Floor 3 Bed Apartment Available For Sale In Askari 11 Sec B,PKR 3.1 Crore,31000000,3,4,10 Marla,2250.0,13777,Flat,False,12,12Share on FacebookShare on TwitterShare on WhatsAppSend via GMailSend via E-Mail,81,Flats_Lahore,for_sale,2026-07-24,https://www.zameen.com/Property/askari_askari_11_3_floor_3_bed_apartment_available_for_sale_in_askari_11_sec_b-54467899-1503-1.html
"Spacious 10 Marla 3 Bed Flat On 7th Floor With Beautiful View For Sale In Askari 11, Lahore",PKR 3.2 Crore,32000000,3,4,10 Marla,2250.0,14222,Flat,False,19,hot19Share on FacebookShare on TwitterShare on WhatsAppSend via GMailSend via E-Mail,84,Flats_Lahore,for_sale,2026-07-24,https://www.zameen.com/Property/askari_askari_11_spacious_10_marla_3_bed_flat_on_7th_floor_with_beautiful_view_for_sale_in_askari_11_lahore-52302369-1503-1.html
Special Building 11 Marla 3 Bed Flat Beside McDonald For Sale In Askari 11 Lahore,PKR 4.25 Crore,42500000,4,4,11 Marla,2475.0,17171,Flat,True,29,super hot291VerifiedShare on FacebookShare on TwitterShare on WhatsAppSend via GMailSend via E-Mail,99,Flats_Lahore,for_sale,2026-07-24,https://www.zameen.com/Property/askari_11_askari_11_-_sector_b_apartments_special_building_11_marla_3_bed_flat_beside_mcdonald_for_sale_in_askari_11_lahore-54483086-15703-1.html
"Luxury 2-Bed Apartment For Sale In Residence 15 , Gulberg 3, Lahore",PKR 6.58 Crore,65800000,6,2,8.5 Marla,1912.5,34405,Flat,True,15,super hot15Share on FacebookShare on TwitterShare on WhatsAppSend via GMailSend via E-Mail,90,Flats_Lahore,for_sale,2026-07-24,https://www.zameen.com/Property/gulberg_3_gulberg_3_-_block_l_luxury_2-bed_apartment_for_sale_in_residence_15_gulberg_3_lahore-54010232-3842-1.html
Modern 1230 Square Feet 2-Bedroom Apartment For Sale In Lake City Roof Gardens Lahore 10th Floor Unit With World-Class Amenities,PKR 3.87 Crore,38700000,3,2,5.5 Marla,1237.5,31272,Flat,True,21,super hot21Share on FacebookShare on TwitterShare on WhatsAppSend via GMailSend via E-Mail,90,Flats_Lahore,for_sale,2026-07-24,https://www.zameen.com/Property/lake_city_lake_city_roof_gardens_modern_1230_square_feet_2-bedroom_apartment_for_sale_in_lake_city_roof_gardens_lahore_10th_floor_unit_with_world-class_amenities-54006870-21586-1.html
,PKR 4.14 Crore,41400000,2,2,4.4 Marla,990.0000000000001,41818,Flat,False,9,hot9Share on FacebookShare on TwitterShare on WhatsAppSend via GMailSend via E-Mail,83,Flats_Lahore,for_sale,2026-07-24,https://www.zameen.com/new-projects/pearl_one_residencies-2119.html
,PKR 2.51 Crore,25099999,,,2.1 Marla,472.5,53121,Flat,False,20,hot20Share on FacebookShare on TwitterShare on WhatsAppSend via GMailSend via E-Mail,84,Flats_Lahore,for_sale,2026-07-24,https://www.zameen.com/new-projects/zee_avenue-891.html
Luxury 2874 Sqft 3-Bed Golf View Apartment | Tower B | Defence Raya DHA Phase 6,PKR 10.8 Crore,108000000,10,3,12.8 Marla,2880.0,37500,Flat,True,9,super hot9Share on FacebookShare on TwitterShare on WhatsAppSend via GMailSend via E-Mail,89,Flats_Lahore,for_sale,2026-07-24,https://www.zameen.com/Property/dha_defence_defence_raya_luxury_2874_sqft_3-bed_golf_view_apartment_tower_b_defence_raya_dha_phase_6-54001316-8172-1.html
10 Marla 3 Bedrooms Flat Available For Sale,PKR 3 Crore,30000000,3,3,10 Marla,2250.0,13333,Flat,True,5,super hot5Share on FacebookShare on TwitterShare on WhatsAppSend via GMailSend via E-Mail,89,Flats_Lahore,for_sale,2026-07-24,https://www.zameen.com/Property/askari_11_askari_11_-_sector_b_apartments_10_marla_3_bedrooms_flat_available_for_sale-54321232-15703-1.html
,PKR 1.1 Crore,11000000,,,3.9 Marla,877.5,12535,Flat,False,15,hot15Share on FacebookShare on TwitterShare on WhatsAppSend via GMailSend via E-Mail,84,Flats_Lahore,for_sale,2026-07-24,https://www.zameen.com/new-projects/spanish_homes_by_icon-2365.html
3 Bed DD Cottage Flat For Sale,PKR 1.85 Crore,18500000,1,4,189 Sq. Yd,1701.0,10875,Flat,True,6,super hot6VerifiedShare on FacebookShare on TwitterShare on WhatsAppSend via GMailSend via E-Mail,97,Flats_Karachi,for_sale,2026-07-24,https://www.zameen.com/Property/karachi_falaknaz_harmony_3_bed_dd_cottage_flat_for_sale-52476947-21461-1.html
FLAT FOR SALE METROPOLIS RESIDENCY,PKR 2.85 Crore,28500000,3,3,217 Sq. Yd,1953.0,14592,Flat,True,18,super hot18Share on FacebookShare on TwitterShare on WhatsAppSend via GMailSend via E-Mail,90,Flats_Karachi,for_sale,2026-07-24,https://www.zameen.com/Property/jinnah_avenue_metropolis_residency_flat_for_sale_metropolis_residency-52162279-11073-1.html
300 Sq. yd Upper Portion for Sale*,PKR 2.6 Crore,26000000,4,4,300 Sq. Yd,2700.0,9629,Flat,True,5,super hot5Share on FacebookShare on TwitterShare on WhatsAppSend via GMailSend via E-Mail,89,Flats_Karachi,for_sale,2026-07-24,https://www.zameen.com/Property/north_nazimabad_north_nazimabad_-_block_d_300_sq_yd_upper_portion_for_sale-54495112-7212-1.html
2 Beds D/D Flat For Sale In Badar Commercial DHA Phase 5,PKR 2 Crore,20000000,2,2,111 Sq. Yd,999.0,20020,Flat,True,24,super hot24Share on FacebookShare on TwitterShare on WhatsAppSend via GMailSend via E-Mail,90,Flats_Karachi,for_sale,2026-07-24,https://www.zameen.com/Property/dha_phase_5_badar_commercial_area_2_beds_d_d_flat_for_sale_in_badar_commercial_dha_phase_5-54384905-8484-1.html
2 Bed Apartment DISTRESS DEAL On Instalment In Emaar Park Edge,PKR 7.9 Crore,79000000,7,3,193 Sq. Yd,1737.0,45480,Flat,True,16,super hot16Share on FacebookShare on TwitterShare on WhatsAppSend via GMailSend via E-Mail,90,Flats_Karachi,for_sale,2026-07-24,https://www.zameen.com/Property/dha_phase_8_emaar_park_edge_2_bed_apartment_distress_deal_on_instalment_in_emaar_park_edge-54266082-21858-1.html
"Ready to Move 2 Bed DD Apartment for Sale | 1250 Sq. Ft. | Sawera Enclave | Main Mosmiyat, Suparco Road",PKR 1.4 Crore,14000000,1,2,139 Sq. Yd,1251.0,11191,Flat,True,6,hot6Share on FacebookShare on TwitterShare on WhatsAppSend via GMailSend via E-Mail,83,Flats_Karachi,for_sale,2026-07-24,https://www.zameen.com/Property/suparco_road_sawera_enclave_ready_to_move_2_bed_dd_apartment_for_sale_1250_sq_ft_sawera_enclave_main_mosmiyat_suparco_road-54484572-21849-1.html
In Karachi You Can Find The Perfect Prime Location Flat For sale,PKR 26.18 Crore,261800000,4,4,646 Sq. Yd,5814.0,45029,Flat,True,10,hot10Share on FacebookShare on TwitterShare on WhatsAppSend via GMailSend via E-Mail,84,Flats_Karachi,for_sale,2026-07-24,https://www.zameen.com/Property/dha_phase_8_zone_b_the_arkadians_in_karachi_you_can_find_the_perfect_prime_location_flat_for_sale-54461300-8570-1.html
Fatima Ali Towers 3BED DD Road Facing Corner West Open ( BANK LOAN APPLICABLE ) Luxury Apartments Available Ready To Possession,PKR 1.96 Crore,19600000,1,4,156 Sq. Yd,1404.0,13960,Flat,False,20,hot20Share on FacebookShare on TwitterShare on WhatsAppSend via GMailSend via E-Mail,84,Flats_Karachi,for_sale,2026-07-24,https://www.zameen.com/Property/gulzar_e_hijri_fatima_ali_towers_fatima_ali_towers_3bed_dd_road_facing_corner_west_open_bank_loan_applicable_luxury_apartments_available_ready_to_possession-53922087-22167-1.html
Fatima Ali Towers Road Facing Corner West Open ( BANK LOAN APPLICABLE ) Luxury Ready To Move Apartment,PKR 2 Crore,20000000,4,4,196 Sq. Yd,1764.0,11337,Flat,False,26,hot261VerifiedShare on FacebookShare on TwitterShare on WhatsAppSend via GMailSend via E-Mail,93,Flats_Karachi,for_sale,2026-07-24,https://www.zameen.com/Property/gulzar_e_hijri_fatima_ali_towers_fatima_ali_towers_road_facing_corner_west_open_bank_loan_applicable_luxury_ready_to_move_apartment-54504547-22167-1.html
"Luxurious 3-Bedroom West-Open Apartment For Booking Bukhari Commercial, DHA Phase 6",PKR 2.95 Crore,29500000,2,3,117 Sq. Yd,1053.0,28015,Flat,True,5,hot5Share on FacebookShare on TwitterShare on WhatsAppSend via GMailSend via E-Mail,83,Flats_Karachi,for_sale,2026-07-24,https://www.zameen.com/Property/dha_phase_6_bukhari_commercial_area_luxurious_3-bedroom_west-open_apartment_for_booking_bukhari_commercial_dha_phase_6-53669390-6674-1.html
1000 Yards Bungalow For Sale In Dha Phase 6,PKR 22 Crore,220000000,4,4,"1,000 Sq. Yd",9000.0,24444,Flat,False,7,7Share on FacebookShare on TwitterShare on WhatsAppSend via GMailSend via E-Mail,80,Flats_Karachi,for_sale,2026-07-24,https://www.zameen.com/Property/dha_defence_dha_phase_6_1000_yards_bungalow_for_sale_in_dha_phase_6-54134694-1483-1.html
900 Square Feet Flat In Gulshan-E-Roomi Is Available For Sale,PKR 95 Lakh,9500000,2,3,100 Sq. Yd,900.0,10555,Flat,False,15,15VerifiedShare on FacebookShare on TwitterShare on WhatsAppSend via GMailSend via E-Mail,89,Flats_Karachi,for_sale,2026-07-24,https://www.zameen.com/Property/faisal_cantonment_gulshan-e-roomi_900_square_feet_flat_in_gulshan-e-roomi_is_available_for_sale-54336945-1372-1.html
Prime Location 1700 Square Feet Flat In Bahadurabad Is Best Option,PKR 2.9 Crore,29000000,3,,189 Sq. Yd,1701.0,17048,Flat,False,6,6VerifiedShare on FacebookShare on TwitterShare on WhatsAppSend via GMailSend via E-Mail,88,Flats_Karachi,for_sale,2026-07-24,https://www.zameen.com/Property/gulshan_e_iqbal_town_bahadurabad_prime_location_1700_square_feet_flat_in_bahadurabad_is_best_option-54465812-524-1.html
240 Sq House For Sale Model Colony Karachi Pakistan Nice Location Lease NOC Available,PKR 4.25 Crore,42500000,6,6,240 Sq. Yd,2160.0,19675,Flat,False,7,7Share on FacebookShare on TwitterShare on WhatsAppSend via GMailSend via E-Mail,80,Flats_Karachi,for_sale,2026-07-24,https://www.zameen.com/Property/malir_model_colony_-_malir_240_sq_house_for_sale_model_colony_karachi_pakistan_nice_location_lease_noc_available-54347152-518-1.html
120sq House For Sale Model Colony Karachi Pakistan Nice Location Lease NOC Available,PKR 3.1 Crore,31000000,7,5,120 Sq. Yd,1080.0,28703,Flat,False,45,45Share on FacebookShare on TwitterShare on WhatsAppSend via GMailSend via E-Mail,81,Flats_Karachi,for_sale,2026-07-24,https://www.zameen.com/Property/malir_model_colony_-_malir_120sq_house_for_sale_model_colony_karachi_pakistan_nice_location_lease_noc_available-54373144-518-1.html
Fatima Ali Towers ( BANK LOAN APPLICABLE ) Luxury Apartments Available Ready To Possession,PKR 1.4 Crore,14000000,3,2,96 Sq. Yd,864.0,16203,Flat,False,20,20Share on FacebookShare on TwitterShare on WhatsAppSend via GMailSend via E-Mail,81,Flats_Karachi,for_sale,2026-07-24,https://www.zameen.com/Property/gulzar_e_hijri_fatima_ali_towers_fatima_ali_towers_bank_loan_applicable_luxury_apartments_available_ready_to_possession-54379755-22167-1.html
Fatima Ali Towers ( BANK LOAN APPLICABLE ) Luxury Apartments Available Ready To Possession,PKR 1.85 Crore,18500000,4,4,156 Sq. Yd,1404.0,13176,Flat,False,47,471Share on FacebookShare on TwitterShare on WhatsAppSend via GMailSend via E-Mail,82,Flats_Karachi,for_sale,2026-07-24,https://www.zameen.com/Property/gulzar_e_hijri_fatima_ali_towers_fatima_ali_towers_bank_loan_applicable_luxury_apartments_available_ready_to_possession-54299540-22167-1.html
In PECHS Block 2 Flat Sized 1600 Square Feet For Sale,PKR 2.6 Crore,26000000,3,3,178 Sq. Yd,1602.0,16229,Flat,False,24,24Share on FacebookShare on TwitterShare on WhatsAppSend via GMailSend via E-Mail,81,Flats_Karachi,for_sale,2026-07-24,https://www.zameen.com/Property/pechs_pechs_block_2_in_pechs_block_2_flat_sized_1600_square_feet_for_sale-52070074-6933-1.html
Avail Lavish 4192 Square Feet 3 Bedroom Apartment With Separate Service Entrance At Emaar Park Grand Offering Premium Living In Prestigious DHA Phase 8 Karachi In Just 10% Booking,PKR 21 Crore,210000000,21,3,466 Sq. Yd,4194.0,50071,Flat,True,9,super hot9Share on FacebookShare on TwitterShare on WhatsAppSend via GMailSend via E-Mail,89,Flats_Karachi,for_sale,2026-07-24,https://www.zameen.com/Property/dha_phase_8_emaar_ocean_front_avail_lavish_4192_square_feet_3_bedroom_apartment_with_separate_service_entrance_at_emaar_park_grand_offering_premium_living_in_prestigious_dha_phase_8_karachi_in_just_10_booking-54246851-19195-1.html
Stunning 950 Square Feet Flat In Bahria Apartments Available,PKR 78 Lakh,7800000,2,2,106 Sq. Yd,954.0,8176,Flat,True,42,super hot42Share on FacebookShare on TwitterShare on WhatsAppSend via GMailSend via E-Mail,90,Flats_Karachi,for_sale,2026-07-24,https://www.zameen.com/Property/bahria_town_karachi_bahria_apartments_stunning_950_square_feet_flat_in_bahria_apartments_available-53204672-9030-1.html
ully Renovated 2-Bedroom Residence | Coral Tower South | Emaar DHA Phase 8 Luxury That Pays You Back,PKR 5.28 Crore,52800000,5,2,198 Sq. Yd,1782.0,29629,Flat,True,19,super hot191Share on FacebookShare on TwitterShare on WhatsAppSend via GMailSend via E-Mail,91,Flats_Karachi,for_sale,2026-07-24,https://www.zameen.com/Property/emaar_crescent_bay_emaar_coral_towers_ully_renovated_2-bedroom_residence_coral_tower_south_emaar_dha_phase_8_luxury_that_pays_you_back-54419715-10721-1.html
1400 Sq Ft 2BHK Luxury Flat Available On CASH/ INSTALMENTS. Paragon Towers Are Available On SALE,PKR 45 Lakh,4500000,2,2,156 Sq. Yd,1404.0,3205,Flat,True,15,super hot15Share on FacebookShare on TwitterShare on WhatsAppSend via GMailSend via E-Mail,90,Flats_Karachi,for_sale,2026-07-24,https://www.zameen.com/Property/bahria_town_precinct_17_paragon_tower_1400_sq_ft_2bhk_luxury_flat_available_on_cash_instalments_paragon_towers_are_available_on_sale-54416188-21833-1.html
1100 Sq Ft 2Bed Lounge Flat Available FOR SALE In Bahria Heights,PKR 50 Lakh,5000000,50,2,122 Sq. Yd,1098.0,4553,Flat,True,46,super hot46Share on FacebookShare on TwitterShare on WhatsAppSend via GMailSend via E-Mail,90,Flats_Karachi,for_sale,2026-07-24,https://www.zameen.com/Property/bahria_town_karachi_bahria_heights_1100_sq_ft_2bed_lounge_flat_available_for_sale_in_bahria_heights-54415802-11761-1.html
Askari-5 Sector J Premium Flat For Sale In A Gated Community,PKR 4.25 Crore,42500000,3,4,283 Sq. Yd,2547.0,16686,Flat,True,44,super hot44VerifiedShare on FacebookShare on TwitterShare on WhatsAppSend via GMailSend via E-Mail,98,Flats_Karachi,for_sale,2026-07-24,https://www.zameen.com/Property/askari_5_askari_5_-_sector_j_askari-5_sector_j_premium_flat_for_sale_in_a_gated_community-53658185-17289-1.html
"Modern Living in Askari-5, Sector-J 4-Bedroom Flat",PKR 4.5 Crore,45000000,4,5,364 Sq. Yd,3276.0,13736,Flat,True,44,super hot44VerifiedShare on FacebookShare on TwitterShare on WhatsAppSend via GMailSend via E-Mail,98,Flats_Karachi,for_sale,2026-07-24,https://www.zameen.com/Property/askari_5_askari_5_-_sector_j_modern_living_in_askari-5_sector-j_4-bedroom_flat-53658203-17289-1.html
2275 Square Feet Flat Is Available For sale In Callachi Cooperative Housing Society,PKR 5.65 Crore,56500000,3,4,253 Sq. Yd,2277.0,24813,Flat,False,9,hot9Share on FacebookShare on TwitterShare on WhatsAppSend via GMailSend via E-Mail,83,Flats_Karachi,for_sale,2026-07-24,https://www.zameen.com/Property/gulshan_e_iqbal_block_10_a_callachi_cooperative_housing_society_2275_square_feet_flat_is_available_for_sale_in_callachi_cooperative_housing_society-54482933-12954-1.html
Brand New Flat Available For Sale At Shaheed E Millat,PKR 4.5 Crore,45000000,3,3,156 Sq. Yd,1404.0,32051,Flat,False,11,hot111VerifiedShare on FacebookShare on TwitterShare on WhatsAppSend via GMailSend via E-Mail,93,Flats_Karachi,for_sale,2026-07-24,https://www.zameen.com/Property/karachi_shaheed_millat_road_brand_new_flat_available_for_sale_at_shaheed_e_millat-46983304-413-1.html
3 Bed DD 2nd Floor With Roof Block D,PKR 2.1 Crore,21000000,2,3,189 Sq. Yd,1701.0,12345,Flat,False,10,10Share on FacebookShare on TwitterShare on WhatsAppSend via GMailSend via E-Mail,81,Flats_Karachi,for_sale,2026-07-24,https://www.zameen.com/Property/naya_nazimabad_naya_nazimabad_-_block_d_3_bed_dd_2nd_floor_with_roof_block_d-53619276-14294-1.html
Flats Available On Booking Easy Installment Plan Nazimabad Al Reef Twin Tower,PKR 1.08 Crore,10800000,2,2,111 Sq. Yd,999.0,10810,Flat,False,1,1Share on FacebookShare on TwitterShare on WhatsAppSend via GMailSend via E-Mail,80,Flats_Karachi,for_sale,2026-07-24,https://www.zameen.com/Property/nazimabad_nazimabad_3_flats_available_on_booking_easy_installment_plan_nazimabad_al_reef_twin_tower-54214019-7080-1.html
"Defence Skyline Apartments, Brand New Apartment Available For Sale",PKR 3.2 Crore,32000000,3,3,200 Sq. Yd,1800.0,17777,Flat,False,22,22Share on FacebookShare on TwitterShare on WhatsAppSend via GMailSend via E-Mail,81,Flats_Karachi,for_sale,2026-07-24,https://www.zameen.com/Property/shaheed_e_millat_expressway_defence_skyline_defence_skyline_apartments_brand_new_apartment_available_for_sale-53728415-9447-1.html
BEAUTIFUL FURNISHED SECOND FLOOR 250 SQ YARDS PORTION FOR SALE AT NORTH NAZIMABAD BLOCK J,PKR 2.7 Crore,27000000,3,3,250 Sq. Yd,2250.0,12000,Flat,False,41,41VerifiedShare on FacebookShare on TwitterShare on WhatsAppSend via GMailSend via E-Mail,89,Flats_Karachi,for_sale,2026-07-24,https://www.zameen.com/Property/north_nazimabad_north_nazimabad_-_block_j_beautiful_furnished_second_floor_250_sq_yards_portion_for_sale_at_north_nazimabad_block_j-54112572-7218-1.html
BEAUTIFUL 4TH FLOOR 2 BED LOUNGE APARTMENT FOR SALE AT GOLD LINE DESTINY,PKR 46 Lakh,4600000,46,1,67 Sq. Yd,603.0,7628,Flat,False,16,16Share on FacebookShare on TwitterShare on WhatsAppSend via GMailSend via E-Mail,81,Flats_Karachi,for_sale,2026-07-24,https://www.zameen.com/Property/north_karachi_north_karachi_-_sector_5l_beautiful_4th_floor_2_bed_lounge_apartment_for_sale_at_gold_line_destiny-52936059-19202-1.html
Luxury Ready-To-Move 2-Bed Family Apartment | Fully Furnished,PKR 1 Crore,10000000,1,2,189 Sq. Yd,1701.0,5878,Flat,True,,super hotShare on FacebookShare on TwitterShare on WhatsAppSend via GMailSend via E-Mail,88,Flats_Karachi,for_sale,2026-07-24,https://www.zameen.com/Property/bahria_town_karachi_bahria_heights_luxury_ready-to-move_2-bed_family_apartment_fully_furnished-54515247-11761-1.html
3-Bedroom & 2-Bedroom Ready Apartments in Naya Nazimabad Karachi Prime Living,PKR 3 Crore,30000000,3,3,222 Sq. Yd,1998.0,15015,Flat,True,11,super hot11Share on FacebookShare on TwitterShare on WhatsAppSend via GMailSend via E-Mail,90,Flats_Karachi,for_sale,2026-07-24,https://www.zameen.com/Property/karachi_naya_nazimabad_3-bedroom_2-bedroom_ready_apartments_in_naya_nazimabad_karachi_prime_living-54043244-10079-1.html
3 BED DD FLAT (ERUM PALCE) FOR SALE IN GULSHAN E IQBAL 13/A,PKR 2.7 Crore,27000000,2,3,167 Sq. Yd,1503.0,17964,Flat,True,23,super hot231VerifiedShare on FacebookShare on TwitterShare on WhatsAppSend via GMailSend via E-Mail,99,Flats_Karachi,for_sale,2026-07-24,https://www.zameen.com/Property/gulshan_e_iqbal_gulshan-e-iqbal_-_block_13_a_3_bed_dd_flat_erum_palce_for_sale_in_gulshan_e_iqbal_13_a-54214620-8468-1.html
4 Bed Flat For Sale,PKR 3.6 Crore,36000000,3,5,244 Sq. Yd,2196.0,16393,Flat,True,25,super hot25Share on FacebookShare on TwitterShare on WhatsAppSend via GMailSend via E-Mail,90,Flats_Karachi,for_sale,2026-07-24,https://www.zameen.com/Property/gulistan_e_jauhar_gulistan-e-jauhar_-_block_3-a_4_bed_flat_for_sale-54192593-6827-1.html
"""Experience Luxury Living At Sawera Sky Tower, Located Near Ocean Mall, Clifton Block 9, With Flexible Instalment Plans To Make Your Dream Home A Reality. """,PKR 6.25 Crore,62500000,3,4,247 Sq. Yd,2223.0,28115,Flat,True,47,hot47Share on FacebookShare on TwitterShare on WhatsAppSend via GMailSend via E-Mail,84,Flats_Karachi,for_sale,2026-07-24,https://www.zameen.com/Property/clifton_clifton_-_block_9_experience_luxury_living_at_sawera_sky_tower_located_near_ocean_mall_clifton_block_9_with_flexible_instalment_plans_to_make_your_dream_home_a_reality-50359280-1671-1.html
"Luxury 1400 Sq Ft 2BHK West Open Apartment for Rent | Paragon Towers, Bahria Town Karachi | Prime Location",PKR 1.08 Crore,10800000,2,2,156 Sq. Yd,1404.0,7692,Flat,False,14,hot14Share on FacebookShare on TwitterShare on WhatsAppSend via GMailSend via E-Mail,84,Flats_Karachi,for_sale,2026-07-24,https://www.zameen.com/Property/bahria_town_precinct_17_paragon_tower_luxury_1400_sq_ft_2bhk_west_open_apartment_for_rent_paragon_towers_bahria_town_karachi_prime_location-54516345-21833-1.html
3 Bed DD Luxury Apartment for Sale in Craft Bay View Residency 2169 Sq. Ft. | Flexible Installment Plan | Karachi,PKR 4.75 Crore,47500000,4,5,244 Sq. Yd,2196.0,21630,Flat,False,6,hot6Share on FacebookShare on TwitterShare on WhatsAppSend via GMailSend via E-Mail,83,Flats_Karachi,for_sale,2026-07-24,https://www.zameen.com/Property/clifton_clifton_-_block_1_3_bed_dd_luxury_apartment_for_sale_in_craft_bay_view_residency_2169_sq_ft_flexible_installment_plan_karachi-54516256-1663-1.html
FURNISHED KHALID BIN WALEED 3BED DD FLAT FOR SALE,PKR 5 Crore,50000000,5,3,178 Sq. Yd,1602.0,31210,Flat,False,12,hot12Share on FacebookShare on TwitterShare on WhatsAppSend via GMailSend via E-Mail,84,Flats_Karachi,for_sale,2026-07-24,https://www.zameen.com/Property/pechs_pechs_block_2_furnished_khalid_bin_waleed_3bed_dd_flat_for_sale-54409652-6933-1.html
APARTMENT AVAILABLE FOR SALE,PKR 1.2 Crore,12000000,5,5,142 Sq. Yd,1278.0,9389,Flat,False,7,7VerifiedShare on FacebookShare on TwitterShare on WhatsAppSend via GMailSend via E-Mail,88,Flats_Karachi,for_sale,2026-07-24,https://www.zameen.com/Property/karachi_scheme_33_apartment_available_for_sale-53902651-495-1.html
BEAUTIFUL 9TH FLOOR 2 BED DD ROAD FACING WITH ROOF APARTMENT FOR SALE AT GOLD LINE DESTINY,PKR 90 Lakh,9000000,90,2,117 Sq. Yd,1053.0,8547,Flat,False,17,17VerifiedShare on FacebookShare on TwitterShare on WhatsAppSend via GMailSend via E-Mail,89,Flats_Karachi,for_sale,2026-07-24,https://www.zameen.com/Property/north_karachi_north_karachi_-_sector_5l_beautiful_9th_floor_2_bed_dd_road_facing_with_roof_apartment_for_sale_at_gold_line_destiny-54112576-19202-1.html
LUXURIOUS FLAT ON 300 FEET MAIN ROAD Surjani Town - Sector 5B ON INSTALLMENTS AVALIVLE,PKR 57 Lakh,5700000,2,2,69 Sq. Yd,621.0,9178,Flat,False,17,17VerifiedShare on FacebookShare on TwitterShare on WhatsAppSend via GMailSend via E-Mail,89,Flats_Karachi,for_sale,2026-07-24,https://www.zameen.com/Property/surjani_town_sector_5_surjani_town_-_sector_5b_luxurious_flat_on_300_feet_main_road_surjani_town_-_sector_5b_on_installments_avalivle-54112584-8978-1.html
Chance Deal 2 Bed DD Flat For SALE PHASE 2,PKR 1.5 Crore,15000000,1,2,133 Sq. Yd,1197.0,12531,Flat,False,14,14Share on FacebookShare on TwitterShare on WhatsAppSend via GMailSend via E-Mail,81,Flats_Karachi,for_sale,2026-07-24,https://www.zameen.com/Property/dha_defence_dha_phase_2_extension_chance_deal_2_bed_dd_flat_for_sale_phase_2-54065829-1672-1.html
Brand New Apartment Available On 3 Years Installment Plan In ONE SIGNATURE TOWER,PKR 1.4 Crore,14000000,2,2,126 Sq. Yd,1134.0,12345,Flat,True,8,super hot8Share on FacebookShare on TwitterShare on WhatsAppSend via GMailSend via E-Mail,89,Flats_Karachi,for_sale,2026-07-24,https://www.zameen.com/Property/sindh_industrial_trading_estate_site_pak_colony_brand_new_apartment_available_on_3_years_installment_plan_in_one_signature_tower-54412075-7264-1.html
4 Bed Drawing Dining Road Facing Apartment,PKR 6.25 Crore,62500000,6,4,244 Sq. Yd,2196.0,28460,Flat,True,5,super hot5Share on FacebookShare on TwitterShare on WhatsAppSend via GMailSend via E-Mail,89,Flats_Karachi,for_sale,2026-07-24,https://www.zameen.com/Property/karachi_khalid_bin_walid_road_4_bed_drawing_dining_road_facing_apartment-54427218-253-1.html
3 Bed Drawing Dining Flat Is For Sale,PKR 6.5 Crore,65000000,6,4,200 Sq. Yd,1800.0,36111,Flat,True,10,super hot10Share on FacebookShare on TwitterShare on WhatsAppSend via GMailSend via E-Mail,90,Flats_Karachi,for_sale,2026-07-24,https://www.zameen.com/Property/karachi_tariq_road_3_bed_drawing_dining_flat_is_for_sale-53130859-532-1.html
1ST FLOOR 3BED DD FLAT AVAILABLE FOR SALE IN BLOCK-7 GULISTAN-E-JAUHAR KARACHI,PKR 1.75 Crore,17500000,1,3,150 Sq. Yd,1350.0,12962,Flat,True,28,super hot28Share on FacebookShare on TwitterShare on WhatsAppSend via GMailSend via E-Mail,90,Flats_Karachi,for_sale,2026-07-24,https://www.zameen.com/Property/gulistan_e_jauhar_gulistan-e-jauhar_-_block_7_1st_floor_3bed_dd_flat_available_for_sale_in_block-7_gulistan-e-jauhar_karachi-54367269-6831-1.html
1ST FLOOR 3BED DD FLAT AVAILABLE FOR SALE IN BLOCK-7 GULISTAN-E-JAUHAR KARACHI,PKR 1.75 Crore,17500000,1,3,150 Sq. Yd,1350.0,12962,Flat,True,28,super hot28Share on FacebookShare on TwitterShare on WhatsAppSend via GMailSend via E-Mail,90,Flats_Karachi,for_sale,2026-07-24,https://www.zameen.com/Property/gulistan_e_jauhar_block_7_kings_cottages_1st_floor_3bed_dd_flat_available_for_sale_in_block-7_gulistan-e-jauhar_karachi-54367292-8816-1.html
800 Square Feet Flat Is Available For Sale In Capital Cooperative Housing Society,PKR 1.3 Crore,13000000,3,3,89 Sq. Yd,801.0,16229,Flat,True,15,super hot151VerifiedShare on FacebookShare on TwitterShare on WhatsAppSend via GMailSend via E-Mail,99,Flats_Karachi,for_sale,2026-07-24,https://www.zameen.com/Property/scheme_33_sector_35_a_capital_cooperative_housing_society_800_square_feet_flat_is_available_for_sale_in_capital_cooperative_housing_society-54508258-8908-1.html
FLAT IN SAWERA ENCLAVE FOR SALE,PKR 2.15 Crore,21500000,3,4,186 Sq. Yd,1674.0,12843,Flat,True,43,hot43Share on FacebookShare on TwitterShare on WhatsAppSend via GMailSend via E-Mail,84,Flats_Karachi,for_sale,2026-07-24,https://www.zameen.com/Property/karachi_scheme_33_flat_in_sawera_enclave_for_sale-50285230-495-1.html
650 Sq Fts Dascon Towers 1-Bed Apartment Near To Grand Mosque For Sale In BahriaTownKarachi,PKR 45 Lakh,4500000,45,1,72 Sq. Yd,648.0,6944,Flat,False,10,hot10Share on FacebookShare on TwitterShare on WhatsAppSend via GMailSend via E-Mail,84,Flats_Karachi,for_sale,2026-07-24,https://www.zameen.com/Property/bahria_hills_dascon_tower_650_sq_fts_dascon_towers_1-bed_apartment_near_to_grand_mosque_for_sale_in_bahriatownkarachi-54415917-22084-1.html
540sq Ft 1BHK Luxury Flat Available On CASH/ INSTALMENTS. Paragon Towers Are Available On SALE At Minimum Prices.,PKR 25 Lakh,2500000,1,1,60 Sq. Yd,540.0,4629,Flat,False,10,hot10Share on FacebookShare on TwitterShare on WhatsAppSend via GMailSend via E-Mail,84,Flats_Karachi,for_sale,2026-07-24,https://www.zameen.com/Property/bahria_town_precinct_17_paragon_tower_540sq_ft_1bhk_luxury_flat_available_on_cash_instalments_paragon_towers_are_available_on_sale_at_minimum_prices-54415914-21833-1.html
Prime Location In Emaar The Views Flat For Sale Sized 1909 Square Feet,PKR 8 Crore,80000000,2,2,212 Sq. Yd,1908.0,41928,Flat,False,16,hot16VerifiedShare on FacebookShare on TwitterShare on WhatsAppSend via GMailSend via E-Mail,92,Flats_Karachi,for_sale,2026-07-24,https://www.zameen.com/Property/dha_phase_8_emaar_the_views_prime_location_in_emaar_the_views_flat_for_sale_sized_1909_square_feet-53828017-17808-1.html
Ready To Buy A Prime Location Flat In Emaar The Views Karachi,PKR 10.99 Crore,109900000,3,3,364 Sq. Yd,3276.0,33547,Flat,False,27,hot27VerifiedShare on FacebookShare on TwitterShare on WhatsAppSend via GMailSend via E-Mail,92,Flats_Karachi,for_sale,2026-07-24,https://www.zameen.com/Property/dha_phase_8_emaar_the_views_ready_to_buy_a_prime_location_flat_in_emaar_the_views_karachi-54145792-17808-1.html
Prime Location Flat Of 3800 Square Feet Is Available For sale In Emaar Coral Towers,PKR 10 Crore,100000000,4,4,422 Sq. Yd,3798.0,26329,Flat,False,5,hot5VerifiedShare on FacebookShare on TwitterShare on WhatsAppSend via GMailSend via E-Mail,91,Flats_Karachi,for_sale,2026-07-24,https://www.zameen.com/Property/emaar_crescent_bay_emaar_coral_towers_prime_location_flat_of_3800_square_feet_is_available_for_sale_in_emaar_coral_towers-54212123-10721-1.html
BEAUTIFUL MAIN ROAD FACING 2 BED DD APARTMENT FOR SALE AT GOLD LINE DESTINY,PKR 88 Lakh,8800000,88,2,117 Sq. Yd,1053.0,8357,Flat,False,32,32Share on FacebookShare on TwitterShare on WhatsAppSend via GMailSend via E-Mail,81,Flats_Karachi,for_sale,2026-07-24,https://www.zameen.com/Property/north_karachi_north_karachi_-_sector_5l_beautiful_main_road_facing_2_bed_dd_apartment_for_sale_at_gold_line_destiny-54208270-19202-1.html
BEAUTIFUL 3RD FLOOR 2 BED DD APARTMENT FOR SALE AT LUBABA RESIDENCY,PKR 60 Lakh,6000000,60,2,117 Sq. Yd,1053.0,5698,Flat,False,17,17Share on FacebookShare on TwitterShare on WhatsAppSend via GMailSend via E-Mail,81,Flats_Karachi,for_sale,2026-07-24,https://www.zameen.com/Property/new_karachi_new_karachi_-_sector_5-m_beautiful_3rd_floor_2_bed_dd_apartment_for_sale_at_lubaba_residency-54316159-9368-1.html
HOT URGENT SALE 4-BED LUXURY APARTMENT CREEK VISTA,PKR 14 Crore,140000000,14,4,418 Sq. Yd,3762.0,37214,Flat,True,28,28VerifiedShare on FacebookShare on TwitterShare on WhatsAppSend via GMailSend via E-Mail,89,Flats_Karachi,for_sale,2026-07-24,https://www.zameen.com/Property/dha_phase_8_creek_vista_hot_urgent_sale_4-bed_luxury_apartment_creek_vista-53894714-9058-1.html
"LUXURY GROUND FLOOR RESIDENCE | SEPARATE ENTRANCE | BATH ISLAND, ST-15",PKR 5.25 Crore,52500000,3,5,156 Sq. Yd,1404.0,37393,Flat,True,13,13Share on FacebookShare on TwitterShare on WhatsAppSend via GMailSend via E-Mail,81,Flats_Karachi,for_sale,2026-07-24,https://www.zameen.com/Property/karachi_bath_island_luxury_ground_floor_residence_separate_entrance_bath_island_st-15-54000624-198-1.html
4 Bed Apartment In Dominion Shoping Mall And Appartment Nearest Main Gate Bahria Karachi Available Sale,PKR 1.25 Crore,12500000,1,4,202 Sq. Yd,1818.0,6875,Flat,True,31,super hot31Share on FacebookShare on TwitterShare on WhatsAppSend via GMailSend via E-Mail,90,Flats_Karachi,for_sale,2026-07-24,https://www.zameen.com/Property/karachi_bahria_town_karachi_4_bed_apartment_in_dominion_shoping_mall_and_appartment_nearest_main_gate_bahria_karachi_available_sale-54360836-8298-1.html
Last Unit Available | Luxury 1 Bed Partial Sea View Apartment for Sale | 1376 Sqft | Emaar Panorama | DHA Phase 8 Karachi,PKR 6.95 Crore,69500000,6,1,153 Sq. Yd,1377.0,50472,Flat,True,16,super hot161Share on FacebookShare on TwitterShare on WhatsAppSend via GMailSend via E-Mail,91,Flats_Karachi,for_sale,2026-07-24,https://www.zameen.com/Property/dha_phase_8_emaar_panorama_last_unit_available_luxury_1_bed_partial_sea_view_apartment_for_sale_1376_sqft_emaar_panorama_dha_phase_8_karachi-54487340-17182-1.html
Highly-coveted Prime Location 845 Square Feet Flat Is Available In Scheme 33 For sale,PKR 1.3 Crore,13000000,2,2,94 Sq. Yd,846.0,15366,Flat,True,15,super hot15VerifiedShare on FacebookShare on TwitterShare on WhatsAppSend via GMailSend via E-Mail,98,Flats_Karachi,for_sale,2026-07-24,https://www.zameen.com/Property/karachi_scheme_33_highly-coveted_prime_location_845_square_feet_flat_is_available_in_scheme_33_for_sale-54250163-495-1.html
Apartment For Sale at Metropolis Residency,PKR 2.9 Crore,29000000,3,4,222 Sq. Yd,1998.0,14514,Flat,True,17,super hot17Share on FacebookShare on TwitterShare on WhatsAppSend via GMailSend via E-Mail,90,Flats_Karachi,for_sale,2026-07-24,https://www.zameen.com/Property/jinnah_avenue_metropolis_residency_apartment_for_sale_at_metropolis_residency-54372440-11073-1.html
Prime Location Flat 1800 Square Feet For Sale In Gulistan-E-Jauhar - Block 15,PKR 4.5 Crore,45000000,3,3,200 Sq. Yd,1800.0,25000,Flat,False,5,hot5Share on FacebookShare on TwitterShare on WhatsAppSend via GMailSend via E-Mail,83,Flats_Karachi,for_sale,2026-07-24,https://www.zameen.com/Property/gulistan_e_jauhar_gulistan-e-jauhar_-_block_15_prime_location_flat_1800_square_feet_for_sale_in_gulistan-e-jauhar_-_block_15-54183190-6839-1.html
Your Search For Prime Location Flat In Karachi Ends Here,PKR 1.65 Crore,16500000,3,3,211 Sq. Yd,1899.0,8688,Flat,False,7,hot7VerifiedShare on FacebookShare on TwitterShare on WhatsAppSend via GMailSend via E-Mail,91,Flats_Karachi,for_sale,2026-07-24,https://www.zameen.com/Property/gulistan_e_jauhar_gulistan-e-jauhar_-_block_17_your_search_for_prime_location_flat_in_karachi_ends_here-54502572-6841-1.html
Flat For Sale In Bath Island,PKR 7.6 Crore,76000000,4,7,267 Sq. Yd,2403.0,31627,Flat,False,5,hot5VerifiedShare on FacebookShare on TwitterShare on WhatsAppSend via GMailSend via E-Mail,91,Flats_Karachi,for_sale,2026-07-24,https://www.zameen.com/Property/karachi_bath_island_flat_for_sale_in_bath_island-54372145-198-1.html
2000 SQUARE FEET FIRST FLOOR APARTMENT AVAILABLE FOR SALE,PKR 4.75 Crore,47500000,,,222 Sq. Yd,1998.0,23773,Flat,False,7,hot7VerifiedShare on FacebookShare on TwitterShare on WhatsAppSend via GMailSend via E-Mail,91,Flats_Karachi,for_sale,2026-07-24,https://www.zameen.com/Property/karachi_frere_town_2000_square_feet_first_floor_apartment_available_for_sale-54372146-224-1.html
"EXCLUSIVE 2-BEDROOM CORNER RESIDENCE | SEHAR COMMERCIAL, DHA PHASE 7",PKR 2.2 Crore,22000000,2,2,117 Sq. Yd,1053.0,20892,Flat,True,24,24Share on FacebookShare on TwitterShare on WhatsAppSend via GMailSend via E-Mail,81,Flats_Karachi,for_sale,2026-07-24,https://www.zameen.com/Property/dha_phase_7_sehar_commercial_area_exclusive_2-bedroom_corner_residence_sehar_commercial_dha_phase_7-54037205-8489-1.html
"FULLY RENOVATED 2-BEDROOM RESIDENCE | SEHAR COMMERCIAL, DHA PHASE 7",PKR 1.9 Crore,19000000,1,2,100 Sq. Yd,900.0,21111,Flat,True,26,26Share on FacebookShare on TwitterShare on WhatsAppSend via GMailSend via E-Mail,81,Flats_Karachi,for_sale,2026-07-24,https://www.zameen.com/Property/dha_phase_7_sehar_commercial_area_fully_renovated_2-bedroom_residence_sehar_commercial_dha_phase_7-54036777-8489-1.html
900 Square Feet Flat For Sale In The Perfect Location Of Federal B Area - Block 14,PKR 1.05 Crore,10500000,2,2,100 Sq. Yd,900.0,11666,Flat,False,12,12Share on FacebookShare on TwitterShare on WhatsAppSend via GMailSend via E-Mail,81,Flats_Karachi,for_sale,2026-07-24,https://www.zameen.com/Property/federal_b_area_federal_b_area_-_block_14_900_square_feet_flat_for_sale_in_the_perfect_location_of_federal_b_area_-_block_14-54430315-6698-1.html
CHANCE DEAL | Full Sea Facing 3 Bed | 41st Floor | Emaar Panorama | DHA Phase 8 Karachi | Single Belt,PKR 14.65 Crore,146500000,14,3,342 Sq. Yd,3078.0,47595,Flat,True,22,super hot221Share on FacebookShare on TwitterShare on WhatsAppSend via GMailSend via E-Mail,91,Flats_Karachi,for_sale,2026-07-24,https://www.zameen.com/Property/dha_phase_8_emaar_panorama_chance_deal_full_sea_facing_3_bed_41st_floor_emaar_panorama_dha_phase_8_karachi_single_belt-54483139-17182-1.html
Get In Touch Now To Buy A Prime Location Flat In Naya Nazimabad Naya Nazimabad,PKR 1.7 Crore,17000000,2,2,139 Sq. Yd,1251.0,13589,Flat,True,16,super hot161VerifiedShare on FacebookShare on TwitterShare on WhatsAppSend via GMailSend via E-Mail,99,Flats_Karachi,for_sale,2026-07-24,https://www.zameen.com/Property/karachi_naya_nazimabad_get_in_touch_now_to_buy_a_prime_location_flat_in_naya_nazimabad_naya_nazimabad-54508476-10079-1.html
Flat Is Available For Sale In Safari Signature,PKR 1.35 Crore,13500000,2,2,120 Sq. Yd,1080.0,12500,Flat,True,16,super hot161VerifiedShare on FacebookShare on TwitterShare on WhatsAppSend via GMailSend via E-Mail,99,Flats_Karachi,for_sale,2026-07-24,https://www.zameen.com/Property/scheme_33_sector_36_a_safari_signature_flat_is_available_for_sale_in_safari_signature-54437369-22393-1.html
1200 Sq/ft FULLY RENOVATED APARTMENT AVAILABLE FOR SALE AT BADAR COMMERCIAL,PKR 1.9 Crore,19000000,3,3,133 Sq. Yd,1197.0,15873,Flat,True,16,super hot16Share on FacebookShare on TwitterShare on WhatsAppSend via GMailSend via E-Mail,90,Flats_Karachi,for_sale,2026-07-24,https://www.zameen.com/Property/dha_phase_5_badar_commercial_area_1200_sq_ft_fully_renovated_apartment_available_for_sale_at_badar_commercial-54332431-8484-1.html
Discover A Stunning 3 Bedroom Luxury Full Paid Apartment On Higher Floors Spanning On Impressive 2248 Square Feet Of Exquisite Living Space In Tower A At Dolmen Grove Residency Is Available And Bank F,PKR 6.75 Crore,67500000,6,3,250 Sq. Yd,2250.0,30000,Flat,True,25,hot25Share on FacebookShare on TwitterShare on WhatsAppSend via GMailSend via E-Mail,84,Flats_Karachi,for_sale,2026-07-24,https://www.zameen.com/Property/qayyumabad_grove_residency_discover_a_stunning_3_bedroom_luxury_full_paid_apartment_on_higher_floors_spanning_on_impressive_2248_square_feet_of_exquisite_living_space_in_tower_a_at_dolmen_grove_residency_is_available_and_bank_financing_can_be_avail-52615049-16872-1.html
650 Square Feet 2 Bedroom West Open Apartment On 1st Floor With Bank Financing Facility In Soneri Apartment Located At Block 12 Gulistan e Jauhar Main Pehlwan Goth Road Is Available For Sale,PKR 55 Lakh,5500000,55,2,72 Sq. Yd,648.0,8487,Flat,True,16,hot16Share on FacebookShare on TwitterShare on WhatsAppSend via GMailSend via E-Mail,84,Flats_Karachi,for_sale,2026-07-24,https://www.zameen.com/Property/gulistan_e_jauhar_gulistan-e-jauhar_-_block_12_650_square_feet_2_bedroom_west_open_apartment_on_1st_floor_with_bank_financing_facility_in_soneri_apartment_located_at_block_12_gulistan_e_jauhar_main_pehlwan_goth_road_is_available_for_sale-54451429-6836-1.html
03 Bed Premium Sea Facing For Sale In Emaar At Panorama,PKR 15.5 Crore,155000000,15,4,344 Sq. Yd,3096.0,50064,Flat,True,23,hot23Share on FacebookShare on TwitterShare on WhatsAppSend via GMailSend via E-Mail,84,Flats_Karachi,for_sale,2026-07-24,https://www.zameen.com/Property/dha_phase_8_emaar_the_views_03_bed_premium_sea_facing_for_sale_in_emaar_at_panorama-54451518-17808-1.html
DHA Phase 1 Saima Residency Apartment For Sale,PKR 6.5 Crore,65000000,3,4,211 Sq. Yd,1899.0,34228,Flat,False,13,hot13Share on FacebookShare on TwitterShare on WhatsAppSend via GMailSend via E-Mail,84,Flats_Karachi,for_sale,2026-07-24,https://www.zameen.com/Property/dha_defence_dha_phase_1_dha_phase_1_saima_residency_apartment_for_sale-54296538-1478-1.html
"Brand New 4 Bedrooms Flat In Secure & Elegant Sector-J, Askari 5 Malir Cantt Karachi",PKR 4.8 Crore,48000000,4,5,364 Sq. Yd,3276.0,14652,Flat,False,14,hot14VerifiedShare on FacebookShare on TwitterShare on WhatsAppSend via GMailSend via E-Mail,92,Flats_Karachi,for_sale,2026-07-24,https://www.zameen.com/Property/askari_5_askari_5_-_sector_j_brand_new_4_bedrooms_flat_in_secure_elegant_sector-j_askari_5_malir_cantt_karachi-53658178-17289-1.html
Ready To sale A Flat 2500 Square Feet In Askari 5 - Sector J Karachi,PKR 4.6 Crore,46000000,3,3,278 Sq. Yd,2502.0,18385,Flat,False,11,hot11VerifiedShare on FacebookShare on TwitterShare on WhatsAppSend via GMailSend via E-Mail,92,Flats_Karachi,for_sale,2026-07-24,https://www.zameen.com/Property/askari_5_askari_5_-_sector_j_ready_to_sale_a_flat_2500_square_feet_in_askari_5_-_sector_j_karachi-53658179-17289-1.html
THE TRILLIUM BEACH FRONT RESIDENCY TOWER,PKR 10.4 Crore,104000000,2,3,200 Sq. Yd,1800.0,57777,Flat,True,,Share on FacebookShare on TwitterShare on WhatsAppSend via GMailSend via E-Mail,79,Flats_Karachi,for_sale,2026-07-24,https://www.zameen.com/Property/dha_defence_dha_phase_5_the_trillium_beach_front_residency_tower-54216166-1482-1.html
2 Bed DD New Apartment,PKR 98 Lakh,9800000,98,2,111 Sq. Yd,999.0,9809,Flat,False,17,17Share on FacebookShare on TwitterShare on WhatsAppSend via GMailSend via E-Mail,81,Flats_Karachi,for_sale,2026-07-24,https://www.zameen.com/Property/karachi_motorway_rabia_enclave_2_bed_dd_new_apartment-54421913-12736-1.html
Prime Location Flat Of 1250 Square Feet Available In Naya Nazimabad,PKR 1.85 Crore,18500000,2,2,139 Sq. Yd,1251.0,14788,Flat,True,13,super hot131VerifiedShare on FacebookShare on TwitterShare on WhatsAppSend via GMailSend via E-Mail,99,Flats_Karachi,for_sale,2026-07-24,https://www.zameen.com/Property/karachi_naya_nazimabad_prime_location_flat_of_1250_square_feet_available_in_naya_nazimabad-54508475-10079-1.html
LUXURY FLATS FOR SALE 4 BED DD,PKR 4.5 Crore,45000000,4,5,300 Sq. Yd,2700.0,16666,Flat,True,16,super hot161Share on FacebookShare on TwitterShare on WhatsAppSend via GMailSend via E-Mail,91,Flats_Karachi,for_sale,2026-07-24,https://www.zameen.com/Property/gulshan_e_iqbal_block_10_a_callachi_cooperative_housing_society_luxury_flats_for_sale_4_bed_dd-53141296-12954-1.html
Calachi Icon Apartments For Sale,PKR 3.6 Crore,36000000,4,4,239 Sq. Yd,2151.0,16736,Flat,True,37,super hot371Share on FacebookShare on TwitterShare on WhatsAppSend via GMailSend via E-Mail,91,Flats_Karachi,for_sale,2026-07-24,https://www.zameen.com/Property/gulshan_e_iqbal_block_10_a_callachi_cooperative_housing_society_calachi_icon_apartments_for_sale-53483399-12954-1.html
Prime Location Upper Portion For Grabs In 120 Square Yards Karachi,PKR 1.25 Crore,12500000,2,2,120 Sq. Yd,1080.0,11574,Flat,True,16,super hot16Share on FacebookShare on TwitterShare on WhatsAppSend via GMailSend via E-Mail,90,Flats_Karachi,for_sale,2026-07-24,https://www.zameen.com/Property/nazimabad_nazimabad_3_prime_location_upper_portion_for_grabs_in_120_square_yards_karachi-54309342-7080-1.html
Big 2 Bed DD For Sale In KDA Society,PKR 1.3 Crore,13000000,1,2,104 Sq. Yd,936.0,13888,Flat,True,5,super hot5Share on FacebookShare on TwitterShare on WhatsAppSend via GMailSend via E-Mail,89,Flats_Karachi,for_sale,2026-07-24,https://www.zameen.com/Property/scheme_33_sector_15_a_kda_employees_cooperative_housing_society_big_2_bed_dd_for_sale_in_kda_society-53205802-9077-1.html
2 Bed Lounge For Sale In Karachi University Society,PKR 76 Lakh,7600000,76,2,70 Sq. Yd,630.0,12063,Flat,True,5,super hot5Share on FacebookShare on TwitterShare on WhatsAppSend via GMailSend via E-Mail,89,Flats_Karachi,for_sale,2026-07-24,https://www.zameen.com/Property/scheme_33_karachi_university_housing_society_2_bed_lounge_for_sale_in_karachi_university_society-54059896-9184-1.html
Slightly Renovated 3 Bedroom 2200 Square Feet Corner And Park Facing Apartment At Green Belt Residency Clifton Block 2 Is Available For Sale,PKR 3.5 Crore,35000000,3,3,244 Sq. Yd,2196.0,15938,Flat,True,20,hot20Share on FacebookShare on TwitterShare on WhatsAppSend via GMailSend via E-Mail,84,Flats_Karachi,for_sale,2026-07-24,https://www.zameen.com/Property/clifton_clifton_-_block_2_slightly_renovated_3_bedroom_2200_square_feet_corner_and_park_facing_apartment_at_green_belt_residency_clifton_block_2_is_available_for_sale-54230768-1664-1.html
Spacious Family Flat In Prime Askari-5 Location,PKR 4.9 Crore,49000000,4,5,364 Sq. Yd,3276.0,14957,Flat,False,14,hot14VerifiedShare on FacebookShare on TwitterShare on WhatsAppSend via GMailSend via E-Mail,92,Flats_Karachi,for_sale,2026-07-24,https://www.zameen.com/Property/askari_5_askari_5_-_sector_j_spacious_family_flat_in_prime_askari-5_location-53658180-17289-1.html
"LUXURY 1,880 SQ FT APARTMENT FOR SALE IN THE TRILLIUM, DHA ENCLAVE (PHASE 5 / SEA VIEW), KARACHI",PKR 19 Crore,190000000,3,4,378 Sq. Yd,3402.0,55849,Flat,True,7,7Share on FacebookShare on TwitterShare on WhatsAppSend via GMailSend via E-Mail,80,Flats_Karachi,for_sale,2026-07-24,https://www.zameen.com/Property/dha_phase_5_the_trillium_luxury_1_880_sq_ft_apartment_for_sale_in_the_trillium_dha_enclave_phase_5_sea_view_karachi-54226835-22580-1.html
DEFENCE PHASE 5 FLORIDA HOMES 2000 SQ FT FOR SALE,PKR 3 Crore,30000000,4,4,222 Sq. Yd,1998.0,15015,Flat,False,27,27Share on FacebookShare on TwitterShare on WhatsAppSend via GMailSend via E-Mail,81,Flats_Karachi,for_sale,2026-07-24,https://www.zameen.com/Property/dha_defence_dha_phase_5_defence_phase_5_florida_homes_2000_sq_ft_for_sale-54218825-1482-1.html
Apartment For Sale,PKR 7.5 Crore,75000000,4,5,278 Sq. Yd,2502.0,29976,Flat,True,19,super hot19Share on FacebookShare on TwitterShare on WhatsAppSend via GMailSend via E-Mail,90,Flats_Karachi,for_sale,2026-07-24,https://www.zameen.com/Property/karachi_shaheed_millat_road_apartment_for_sale-54399227-413-1.html
LUXURY FLAT ON SALE 5 BED LIVING,PKR 4.55 Crore,45500000,4,6,300 Sq. Yd,2700.0,16851,Flat,True,18,super hot181Share on FacebookShare on TwitterShare on WhatsAppSend via GMailSend via E-Mail,91,Flats_Karachi,for_sale,2026-07-24,https://www.zameen.com/Property/gulshan_e_iqbal_block_10_a_callachi_cooperative_housing_society_luxury_flat_on_sale_5_bed_living-54445866-12954-1.html
2000 Square Feet Spacious 3 Bedroom Apartment With Maid Room For Sale Prime Location DHA Phase 6 Bukhari Commercial,PKR 5.5 Crore,55000000,5,4,222 Sq. Yd,1998.0,27527,Flat,True,24,super hot24Share on FacebookShare on TwitterShare on WhatsAppSend via GMailSend via E-Mail,90,Flats_Karachi,for_sale,2026-07-24,https://www.zameen.com/Property/dha_defence_dha_phase_6_2000_square_feet_spacious_3_bedroom_apartment_with_maid_room_for_sale_prime_location_dha_phase_6_bukhari_commercial-54399703-1483-1.html
1ST FLOOR 970 SQ. FT FLAT FOR SALE IN P&T SOCIETY,PKR 63 Lakh,6300000,2,2,108 Sq. Yd,972.0,6481,Flat,True,11,super hot111VerifiedShare on FacebookShare on TwitterShare on WhatsAppSend via GMailSend via E-Mail,99,Flats_Karachi,for_sale,2026-07-24,https://www.zameen.com/Property/korangi_p_t_housing_society_1st_floor_970_sq_ft_flat_for_sale_in_p_t_society-52897183-7055-1.html
Distinctive 1 Bedroom 964 Square Feet Apartment in The Tilt by Shayan at HMR Waterfront Located in the Prestigious DHA Phase 8 Available with Just 10% Booking,PKR 4.05 Crore,40500000,4,1,107 Sq. Yd,963.0,42056,Flat,True,10,hot101Share on FacebookShare on TwitterShare on WhatsAppSend via GMailSend via E-Mail,85,Flats_Karachi,for_sale,2026-07-24,https://www.zameen.com/Property/dha_phase_8_hmr_waterfront_distinctive_1_bedroom_964_square_feet_apartment_in_the_tilt_by_shayan_at_hmr_waterfront_located_in_the_prestigious_dha_phase_8_available_with_just_10_booking-53859878-19639-1.html
Adopt A Revolutionary Lifestyle And Become An Owner Of 2700 Sq Feet Flat In Askari 5 Block J,PKR 4.1 Crore,41000000,3,3,300 Sq. Yd,2700.0,15185,Flat,False,16,hot16VerifiedShare on FacebookShare on TwitterShare on WhatsAppSend via GMailSend via E-Mail,92,Flats_Karachi,for_sale,2026-07-24,https://www.zameen.com/Property/askari_5_askari_5_-_sector_j_adopt_a_revolutionary_lifestyle_and_become_an_owner_of_2700_sq_feet_flat_in_askari_5_block_j-53658206-17289-1.html
"WELL-MAINTAINED 900 SQ FT 2-BEDROOM APARTMENT FOR SALE IN SAHER COMMERCIAL, DHA PHASE 7, KARACHI",PKR 1.35 Crore,13500000,1,2,100 Sq. Yd,900.0,15000,Flat,True,12,12Share on FacebookShare on TwitterShare on WhatsAppSend via GMailSend via E-Mail,81,Flats_Karachi,for_sale,2026-07-24,https://www.zameen.com/Property/dha_phase_7_sehar_commercial_area_well-maintained_900_sq_ft_2-bedroom_apartment_for_sale_in_saher_commercial_dha_phase_7_karachi-54320906-8489-1.html
"HIGH-YIELD INVESTMENT: FULLY FURNISHED & RENOVATED 2-BED DD APARTMENT FOR SALE IN RAHAT COMMERCIAL, DHA PHASE 6",PKR 2.25 Crore,22500000,2,2,100 Sq. Yd,900.0,25000,Flat,True,9,9Share on FacebookShare on TwitterShare on WhatsAppSend via GMailSend via E-Mail,80,Flats_Karachi,for_sale,2026-07-24,https://www.zameen.com/Property/dha_phase_6_rahat_commercial_area_high-yield_investment_fully_furnished_renovated_2-bed_dd_apartment_for_sale_in_rahat_commercial_dha_phase_6-54327944-8502-1.html
Brand New Flat For Sale,PKR 2.75 Crore,27500000,5,4,200 Sq. Yd,1800.0,15277,Flat,True,18,super hot181VerifiedShare on FacebookShare on TwitterShare on WhatsAppSend via GMailSend via E-Mail,99,Flats_Karachi,for_sale,2026-07-24,https://www.zameen.com/Property/gulshan_e_iqbal_block_1_harmain_royal_residency_brand_new_flat_for_sale-53532551-9675-1.html
Brand New Flat For Sale,PKR 2.75 Crore,27500000,5,4,200 Sq. Yd,1800.0,15277,Flat,True,11,super hot11Share on FacebookShare on TwitterShare on WhatsAppSend via GMailSend via E-Mail,90,Flats_Karachi,for_sale,2026-07-24,https://www.zameen.com/Property/gulshan_e_iqbal_gulshan-e-iqbal_-_block_1_brand_new_flat_for_sale-53532519-6861-1.html
Brand New Flat For Sale,PKR 3.6 Crore,36000000,3,3,250 Sq. Yd,2250.0,16000,Flat,True,5,super hot5Share on FacebookShare on TwitterShare on WhatsAppSend via GMailSend via E-Mail,89,Flats_Karachi,for_sale,2026-07-24,https://www.zameen.com/Property/gulistan_e_jauhar_gulistan-e-jauhar_-_block_16_brand_new_flat_for_sale-53966169-6840-1.html
Chance Deal Fully Furnished 2 Bed Apartment At Unfurnished Price,PKR 5.25 Crore,52500000,5,2,167 Sq. Yd,1503.0,34930,Flat,True,17,super hot17Share on FacebookShare on TwitterShare on WhatsAppSend via GMailSend via E-Mail,90,Flats_Karachi,for_sale,2026-07-24,https://www.zameen.com/Property/dha_phase_8_emaar_crescent_bay_chance_deal_fully_furnished_2_bed_apartment_at_unfurnished_price-54147266-8503-1.html
FLAT SHEA'S RESIDENCY FIRST FLOOR 3BDD W/O CORNER JAUHAR 3A,PKR 2.95 Crore,29500000,3,3,167 Sq. Yd,1503.0,19627,Flat,True,20,super hot20Share on FacebookShare on TwitterShare on WhatsAppSend via GMailSend via E-Mail,90,Flats_Karachi,for_sale,2026-07-24,https://www.zameen.com/Property/gulistan_e_jauhar_gulistan-e-jauhar_-_block_3-a_flat_shea_s_residency_first_floor_3bdd_w_o_corner_jauhar_3a-54376445-6827-1.html
Prime Location 2975 Square Feet Flat Is Available In Askari 5,PKR 5.55 Crore,55500000,5,6,331 Sq. Yd,2979.0,18630,Flat,True,21,super hot211VerifiedShare on FacebookShare on TwitterShare on WhatsAppSend via GMailSend via E-Mail,99,Flats_Karachi,for_sale,2026-07-24,https://www.zameen.com/Property/malir_cantonment_askari_5_prime_location_2975_square_feet_flat_is_available_in_askari_5-54448471-6655-1.html
Luxury 2 Bed DD Flat,PKR 1.3 Crore,13000000,1,2,104 Sq. Yd,936.0,13888,Flat,True,6,super hot6Share on FacebookShare on TwitterShare on WhatsAppSend via GMailSend via E-Mail,89,Flats_Karachi,for_sale,2026-07-24,https://www.zameen.com/Property/suparco_road_taloo_gold_residency_luxury_2_bed_dd_flat-54400513-10737-1.html
"Panorama 3B-2 | 2,802 Sq. Ft. | Higher Floor | All Rooms Full Sea + Infinity Pool Views",PKR 12.25 Crore,122500000,3,5,311 Sq. Yd,2799.0,43765,Flat,True,38,hot38Share on FacebookShare on TwitterShare on WhatsAppSend via GMailSend via E-Mail,84,Flats_Karachi,for_sale,2026-07-24,https://www.zameen.com/Property/dha_phase_8_emaar_panorama_panorama_3b-2_2_802_sq_ft_higher_floor_all_rooms_full_sea_infinity_pool_views-53067277-17182-1.html
"ULTRA-LUXURY 4-BEDROOM FULL SEA-FRONT APARTMENT FOR SALE IN EMAAR PEARL TOWER 1, DHA PHASE 8, KARACHI",PKR 16 Crore,160000000,16,6,282 Sq. Yd,2538.0,63041,Flat,True,17,super hot17Share on FacebookShare on TwitterShare on WhatsAppSend via GMailSend via E-Mail,90,Flats_Karachi,for_sale,2026-07-24,https://www.zameen.com/Property/emaar_crescent_bay_emaar_pearl_towers_ultra-luxury_4-bedroom_full_sea-front_apartment_for_sale_in_emaar_pearl_tower_1_dha_phase_8_karachi-54477426-10719-1.html
WESTOPEN MID FLOOR Highly-Desirable 3000 Square Feet Flat Available In Askari 6,PKR 3.85 Crore,38500000,4,4,333 Sq. Yd,2997.0,12846,Flat,True,21,super hot21Share on FacebookShare on TwitterShare on WhatsAppSend via GMailSend via E-Mail,90,Flats_Karachi,for_sale,2026-07-24,https://www.zameen.com/Property/malir_cantonment_askari_6_westopen_mid_floor_highly-desirable_3000_square_feet_flat_available_in_askari_6-53636983-21109-1.html
SOUTH WEST Ready To Sale A Flat 2972 Square Feet In Askari 5 - Sector F Karachi,PKR 4.85 Crore,48500000,4,4,330 Sq. Yd,2970.0,16329,Flat,True,15,super hot15VerifiedShare on FacebookShare on TwitterShare on WhatsAppSend via GMailSend via E-Mail,98,Flats_Karachi,for_sale,2026-07-24,https://www.zameen.com/Property/askari_5_askari_5_-_sector_e_south_west_ready_to_sale_a_flat_2972_square_feet_in_askari_5_-_sector_f_karachi-52013062-19016-1.html
Emaar The views tower 1  3 bed apartment available for sale,PKR 11.6 Crore,116000000,11,5,289 Sq. Yd,2601.0,44598,Flat,True,11,super hot11Share on FacebookShare on TwitterShare on WhatsAppSend via GMailSend via E-Mail,90,Flats_Karachi,for_sale,2026-07-24,https://www.zameen.com/Property/dha_phase_8_emaar_the_views_emaar_the_views_tower_1_3_bed_apartment_available_for_sale-54510608-17808-1.html
Emaar panorama apartment available for sale,PKR 5.9 Crore,59000000,1,1,146 Sq. Yd,1314.0,44901,Flat,True,8,super hot8Share on FacebookShare on TwitterShare on WhatsAppSend via GMailSend via E-Mail,89,Flats_Karachi,for_sale,2026-07-24,https://www.zameen.com/Property/dha_phase_8_emaar_panorama_emaar_panorama_apartment_available_for_sale-54510894-17182-1.html
Flat For Sale In Karachi,PKR 2.4 Crore,24000000,2,3,126 Sq. Yd,1134.0,21164,Flat,True,10,super hot101VerifiedShare on FacebookShare on TwitterShare on WhatsAppSend via GMailSend via E-Mail,99,Flats_Karachi,for_sale,2026-07-24,https://www.zameen.com/Property/gulshan_e_iqbal_block_10_a_callachi_cooperative_housing_society_flat_for_sale_in_karachi-54358781-12954-1.html
Signature 3B-1 Panorama | Across Dual Views | 3-Bed + Maid | Sea & City Facing Emaar Oceanfront,PKR 12.75 Crore,127500000,12,5,342 Sq. Yd,3078.0,41423,Flat,True,37,hot37Share on FacebookShare on TwitterShare on WhatsAppSend via GMailSend via E-Mail,84,Flats_Karachi,for_sale,2026-07-24,https://www.zameen.com/Property/dha_phase_8_emaar_panorama_signature_3b-1_panorama_across_dual_views_3-bed_maid_sea_city_facing_emaar_oceanfront-53067261-17182-1.html
Investor's Choice | Full Sea Facing 3 Bed | Pearl Tower 1 | Emaar Karachi,PKR 10.25 Crore,102500000,10,5,272 Sq. Yd,2448.0,41870,Flat,True,28,hot28Share on FacebookShare on TwitterShare on WhatsAppSend via GMailSend via E-Mail,84,Flats_Karachi,for_sale,2026-07-24,https://www.zameen.com/Property/emaar_crescent_bay_emaar_pearl_towers_investor_s_choice_full_sea_facing_3_bed_pearl_tower_1_emaar_karachi-54419741-10719-1.html
Ideal Family Apartment 3 Bed Flat in Askari 5 Sector J,PKR 4.25 Crore,42500000,4,4,283 Sq. Yd,2547.0,16686,Flat,False,11,hot11VerifiedShare on FacebookShare on TwitterShare on WhatsAppSend via GMailSend via E-Mail,92,Flats_Karachi,for_sale,2026-07-24,https://www.zameen.com/Property/askari_5_askari_5_-_sector_j_ideal_family_apartment_3_bed_flat_in_askari_5_sector_j-54003837-17289-1.html
2&3 Bedrooms Apartment | Naya Nazimabad | Globe Residency | Located at Karachi,PKR 1.75 Crore,17500000,1,3,139 Sq. Yd,1251.0,13988,Flat,False,7,hot7Share on FacebookShare on TwitterShare on WhatsAppSend via GMailSend via E-Mail,83,Flats_Karachi,for_sale,2026-07-24,https://www.zameen.com/Property/karachi_naya_nazimabad_2_3_bedrooms_apartment_naya_nazimabad_globe_residency_located_at_karachi-54127534-10079-1.html
"PREMIUM URBAN RESIDENCE: BRAND NEW LUXURY 3-BEDROOM APARTMENT FOR SALEIN AL MURTAZA COMMERCIAL, DHA PHASE 8",PKR 5.25 Crore,52500000,5,4,178 Sq. Yd,1602.0,32771,Flat,True,33,33Share on FacebookShare on TwitterShare on WhatsAppSend via GMailSend via E-Mail,81,Flats_Karachi,for_sale,2026-07-24,https://www.zameen.com/Property/dha_phase_8_al-murtaza_commercial_area_premium_urban_residence_brand_new_luxury_3-bedroom_apartment_for_salein_al_murtaza_commercial_dha_phase_8-54400734-10370-1.html
Buy A Centrally Located Prime Location 300 Square Yards Lower Portion In PECHS Block 2,PKR 5.5 Crore,55000000,4,4,300 Sq. Yd,2700.0,20370,Flat,False,10,10VerifiedShare on FacebookShare on TwitterShare on WhatsAppSend via GMailSend via E-Mail,89,Flats_Karachi,for_sale,2026-07-24,https://www.zameen.com/Property/pechs_pechs_block_2_buy_a_centrally_located_prime_location_300_square_yards_lower_portion_in_pechs_block_2-54438193-6933-1.html
3 beds D/D flat for sell in Badar Commercial DHA phase 5,PKR 1.45 Crore,14500000,1,3,156 Sq. Yd,1404.0,10327,Flat,False,17,17Share on FacebookShare on TwitterShare on WhatsAppSend via GMailSend via E-Mail,81,Flats_Karachi,for_sale,2026-07-24,https://www.zameen.com/Property/dha_phase_5_badar_commercial_area_3_beds_d_d_flat_for_sell_in_badar_commercial_dha_phase_5-54516238-8484-1.html
Prime Location 2000 Square Feet Upper Portion In Bahadurabad Is Best Option,PKR 4 Crore,40000000,,,222 Sq. Yd,1998.0,20020,Flat,False,6,6VerifiedShare on FacebookShare on TwitterShare on WhatsAppSend via GMailSend via E-Mail,88,Flats_Karachi,for_sale,2026-07-24,https://www.zameen.com/Property/gulshan_e_iqbal_town_bahadurabad_prime_location_2000_square_feet_upper_portion_in_bahadurabad_is_best_option-54438189-524-1.html
28 Marla Investor Rate House For Sale In Safari Villa 1,PKR 7.5 Crore,75000000,6,6,1.4 Kanal,6300.0,11904,Flat,False,22,22Share on FacebookShare on TwitterShare on WhatsAppSend via GMailSend via E-Mail,81,Flats_Rawalpindi,for_sale,2026-07-24,https://www.zameen.com/Property/bahria_town_rawalpindi_bahria_town_phase_1_28_marla_investor_rate_house_for_sale_in_safari_villa_1-54516386-3033-1.html
1 Bed Apartment For Sale In Diamond Excellency Phase 7,PKR 76 Lakh,7600000,76,1,2.1 Marla,472.5,16084,Flat,False,6,6Share on FacebookShare on TwitterShare on WhatsAppSend via GMailSend via E-Mail,80,Flats_Rawalpindi,for_sale,2026-07-24,https://www.zameen.com/Property/bahria_town_phase_7_diamond_excellency_1_bed_apartment_for_sale_in_diamond_excellency_phase_7-54516255-22454-1.html
Two Bedrooms Unfurnished Apartment Available For Sale In Civic Centre,PKR 75 Lakh,7500000,75,2,4 Marla,900.0,8333,Flat,True,10,hot10Share on FacebookShare on TwitterShare on WhatsAppSend via GMailSend via E-Mail,84,Flats_Rawalpindi,for_sale,2026-07-24,https://www.zameen.com/Property/bahria_town_rawalpindi_bahria_town_phase_4_two_bedrooms_unfurnished_apartment_available_for_sale_in_civic_centre-54471792-3041-1.html
,PKR 2.36 Crore,23600000,,,2.2 Marla,495.00000000000006,47676,Flat,False,19,hot19Share on FacebookShare on TwitterShare on WhatsAppSend via GMailSend via E-Mail,84,Flats_Rawalpindi,for_sale,2026-07-24,https://www.zameen.com/new-projects/mall_35-1714.html
2 Bedrooms Ultra Luxury Apartment For Sale,PKR 2.2 Crore,22000000,2,2,6.2 Marla,1395.0,15770,Flat,True,28,super hot281Share on FacebookShare on TwitterShare on WhatsAppSend via GMailSend via E-Mail,91,Flats_Rawalpindi,for_sale,2026-07-24,https://www.zameen.com/Property/bahria_town_rawalpindi_bahria_town_phase_8_2_bedrooms_ultra_luxury_apartment_for_sale-54418369-3048-1.html
1BedRoom Apartment For Sale,PKR 1.2 Crore,12000000,1,1,3.4 Marla,765.0,15686,Flat,True,41,super hot41Share on FacebookShare on TwitterShare on WhatsAppSend via GMailSend via E-Mail,90,Flats_Rawalpindi,for_sale,2026-07-24,https://www.zameen.com/Property/bahria_town_rawalpindi_bahria_town_phase_8_1bedroom_apartment_for_sale-53119778-3048-1.html
"3 Bedroom Flat For Sale In Askari 13, Rawalpindi",PKR 4.6 Crore,46000000,4,4,11.7 Marla,2632.5,17473,Flat,False,9,hot9Share on FacebookShare on TwitterShare on WhatsAppSend via GMailSend via E-Mail,83,Flats_Rawalpindi,for_sale,2026-07-24,https://www.zameen.com/Property/rawalpindi_askari_13_3_bedroom_flat_for_sale_in_askari_13_rawalpindi-52494628-1515-1.html
1 Bed Luxury Apartment For Sale In River Loft,PKR 1.65 Crore,16500000,1,2,4.7 Marla,1057.5,15602,Flat,False,11,11Share on FacebookShare on TwitterShare on WhatsAppSend via GMailSend via E-Mail,81,Flats_Rawalpindi,for_sale,2026-07-24,https://www.zameen.com/Property/bahria_town_rawalpindi_bahria_intellectual_village_1_bed_luxury_apartment_for_sale_in_river_loft-54069363-8256-1.html
Bahria Heights 3 Furnished One Bed For Sale,PKR 1.2 Crore,12000000,1,1,3.8 Marla,855.0,14035,Flat,False,5,5Share on FacebookShare on TwitterShare on WhatsAppSend via GMailSend via E-Mail,80,Flats_Rawalpindi,for_sale,2026-07-24,https://www.zameen.com/Property/bahria_town_rawalpindi_bahria_town_phase_4_bahria_heights_3_furnished_one_bed_for_sale-54515383-3041-1.html
Affordable On Excellent Location Flat Available For Sale In Bahria Town Phase 8 - Awami Villas 5,PKR 55 Lakh,5500000,2,,3.5 Marla,787.5,6984,Flat,True,11,super hot111VerifiedShare on FacebookShare on TwitterShare on WhatsAppSend via GMailSend via E-Mail,99,Flats_Rawalpindi,for_sale,2026-07-24,https://www.zameen.com/Property/bahria_town_phase_8_bahria_town_phase_8_-_awami_villas_5_affordable_on_excellent_location_flat_available_for_sale_in_bahria_town_phase_8_-_awami_villas_5-53009124-8330-1.html
One Bedroom Furnished Apartment Available For Sale,PKR 57 Lakh,5700000,57,1,2.4 Marla,540.0,10555,Flat,False,14,hot141VerifiedShare on FacebookShare on TwitterShare on WhatsAppSend via GMailSend via E-Mail,93,Flats_Rawalpindi,for_sale,2026-07-24,https://www.zameen.com/Property/bahria_town_phase_4_bahria_town_-_civic_centre_one_bedroom_furnished_apartment_available_for_sale-51828632-8974-1.html
2 Bed Room Apartment In The Garnda In Phase3 Bahria Town Rwp,PKR 2.45 Crore,24500000,2,2,6.7 Marla,1507.5,16252,Flat,True,17,super hot17Share on FacebookShare on TwitterShare on WhatsAppSend via GMailSend via E-Mail,90,Flats_Rawalpindi,for_sale,2026-07-24,https://www.zameen.com/Property/bahria_town_rawalpindi_bahria_town_phase_3_2_bed_room_apartment_in_the_garnda_in_phase3_bahria_town_rwp-52985864-3036-1.html
Askari 14 Flat Sized 10 Marla For Sale,PKR 2.5 Crore,25000000,2,2,10 Marla,2250.0,11111,Flat,False,17,hot17Share on FacebookShare on TwitterShare on WhatsAppSend via GMailSend via E-Mail,84,Flats_Rawalpindi,for_sale,2026-07-24,https://www.zameen.com/Property/rawalpindi_askari_14_askari_14_flat_sized_10_marla_for_sale-43449014-1504-1.html
5 Marla Flat With Structure Ready Available For Sale On 2 Year Installments In Overseas East Block Capital Smart City,PKR 85.9 Lakh,8590000,3,1,5 Marla,1125.0,7635,Flat,True,12,super hot12Share on FacebookShare on TwitterShare on WhatsAppSend via GMailSend via E-Mail,90,Flats_Rawalpindi,for_sale,2026-07-24,https://www.zameen.com/Property/capital_smart_city_capital_smart_city_overseas_5_marla_flat_with_structure_ready_available_for_sale_on_2_year_installments_in_overseas_east_block_capital_smart_city-54466554-16249-1.html
5 Marla Luxury Villa | The Villas | Capital Smart City | 2 Years Easy Installments,PKR 85.9 Lakh,8590000,2,2,5 Marla,1125.0,7635,Flat,True,9,super hot9Share on FacebookShare on TwitterShare on WhatsAppSend via GMailSend via E-Mail,89,Flats_Rawalpindi,for_sale,2026-07-24,https://www.zameen.com/Property/rawalpindi_capital_smart_city_5_marla_luxury_villa_the_villas_capital_smart_city_2_years_easy_installments-54439819-11891-1.html
10m Luxury Furnished 2 Bed Penthouse For Sale,PKR 5.25 Crore,52500000,5,2,10.7 Marla,2407.5,21806,Flat,True,30,super hot301VerifiedShare on FacebookShare on TwitterShare on WhatsAppSend via GMailSend via E-Mail,99,Flats_Rawalpindi,for_sale,2026-07-24,https://www.zameen.com/Property/bahria_town_phase_8_bahria_business_district_10m_luxury_furnished_2_bed_penthouse_for_sale-54435085-9033-1.html
1 Bedroom Furnish Apartment Available For Sale,PKR 1.85 Crore,18500000,1,2,4.5 Marla,1012.5,18271,Flat,True,5,super hot5Share on FacebookShare on TwitterShare on WhatsAppSend via GMailSend via E-Mail,89,Flats_Rawalpindi,for_sale,2026-07-24,https://www.zameen.com/Property/bahria_town_rawalpindi_bahria_town_phase_1_1_bedroom_furnish_apartment_available_for_sale-54495847-3033-1.html
Prime Location New One Bed 545 Square Feet,PKR 77 Lakh,7700000,77,1,2.4 Marla,540.0,14259,Flat,True,8,super hot81Share on FacebookShare on TwitterShare on WhatsAppSend via GMailSend via E-Mail,90,Flats_Rawalpindi,for_sale,2026-07-24,https://www.zameen.com/Property/bahria_town_phase_8_bahria_business_district_prime_location_new_one_bed_545_square_feet-54258085-9033-1.html
2 Bed Apartment For Sale - Askari 14 - Rawalpindi,PKR 2.85 Crore,28500000,2,2,8 Marla,1800.0,15833,Flat,True,9,super hot9Share on FacebookShare on TwitterShare on WhatsAppSend via GMailSend via E-Mail,89,Flats_Rawalpindi,for_sale,2026-07-24,https://www.zameen.com/Property/rawalpindi_askari_14_2_bed_apartment_for_sale_-_askari_14_-_rawalpindi-49811879-1504-1.html
3 Marla Fully Furnished Apartment For Sale,PKR 1.3 Crore,13000000,2,2,3 Marla,675.0,19259,Flat,True,21,hot21Share on FacebookShare on TwitterShare on WhatsAppSend via GMailSend via E-Mail,84,Flats_Faisalabad,for_sale,2026-07-24,https://www.zameen.com/Property/lower_canal_road_green_orchard_apartments_3_marla_fully_furnished_apartment_for_sale-54296126-19726-1.html
Luxury Farmhouse For Sale,PKR 12.5 Crore,125000000,3,2,8.8 Kanal,39600.0,3156,Flat,True,8,super hot8Share on FacebookShare on TwitterShare on WhatsAppSend via GMailSend via E-Mail,89,Flats_Faisalabad,for_sale,2026-07-24,https://www.zameen.com/Property/faisalabad_sargodha_road_luxury_farmhouse_for_sale-54414703-768-1.html
Farmhouse For Sale In Naturals Club & Resort,PKR 7.2 Crore,72000000,,,4 Kanal,18000.0,4000,Flat,True,25,25VerifiedShare on FacebookShare on TwitterShare on WhatsAppSend via GMailSend via E-Mail,89,Flats_Faisalabad,for_sale,2026-07-24,https://www.zameen.com/Property/faisalabad_naturals_club_resort_farmhouse_for_sale_in_naturals_club_resort-54470157-21754-1.html
Premium Flat For Sale Kohinoor One Plaza Jaranwala Road Faisalabad,PKR 35 Lakh,3500000,1,1,1.4 Marla,315.0,11111,Flat,True,,hotShare on FacebookShare on TwitterShare on WhatsAppSend via GMailSend via E-Mail,82,Flats_Faisalabad,for_sale,2026-07-24,https://www.zameen.com/Property/jaranwala_road_kohinoor_one_premium_flat_for_sale_kohinoor_one_plaza_jaranwala_road_faisalabad-54482930-12286-1.html
Apartment 504 Sqft Layelpur Galleria,PKR 1.5 Crore,15000000,2,2,2.2 Marla,495.00000000000006,30303,Flat,True,,hotShare on FacebookShare on TwitterShare on WhatsAppSend via GMailSend via E-Mail,82,Flats_Faisalabad,for_sale,2026-07-24,https://www.zameen.com/Property/east_canal_road_lyallpur_galleria_apartment_504_sqft_layelpur_galleria-54428649-10499-1.html
Fully Furnished Apartment Available For Sale At Kohinoor city,PKR 35 Lakh,3500000,1,1,1.4 Marla,315.0,11111,Flat,True,8,hot8Share on FacebookShare on TwitterShare on WhatsAppSend via GMailSend via E-Mail,83,Flats_Faisalabad,for_sale,2026-07-24,https://www.zameen.com/Property/faisalabad_kohinoor_city_fully_furnished_apartment_available_for_sale_at_kohinoor_city-53097276-1360-1.html
Apartment For Sale Madina Town Near Susan Road FDA Flat,PKR 45 Lakh,4500000,2,1,2 Marla,450.0,10000,Flat,False,16,hot16Share on FacebookShare on TwitterShare on WhatsAppSend via GMailSend via E-Mail,84,Flats_Faisalabad,for_sale,2026-07-24,https://www.zameen.com/Property/faisalabad_madina_town_apartment_for_sale_madina_town_near_susan_road_fda_flat-54489741-533-1.html
1 Kanal Modern Elevation Brand New Beautiful House Prime Location House Available For sale In Royal Orchard,PKR 7.15 Crore,71500000,6,6,1 Kanal,4500.0,15888,Flat,True,43,super hot43Share on FacebookShare on TwitterShare on WhatsAppSend via GMailSend via E-Mail,90,Flats_Multan,for_sale,2026-07-24,https://www.zameen.com/Property/multan_public_school_road_royal_orchard_1_kanal_modern_elevation_brand_new_beautiful_house_prime_location_house_available_for_sale_in_royal_orchard-54402240-9492-1.html
5.1 Marla Most Beautiful Double Heighted House For sale Buch Executive villas,PKR 1.75 Crore,17500000,4,5,5 Marla,1125.0,15555,Flat,True,21,super hot21Share on FacebookShare on TwitterShare on WhatsAppSend via GMailSend via E-Mail,90,Flats_Multan,for_sale,2026-07-24,https://www.zameen.com/Property/multan_buch_executive_villas_5_1_marla_most_beautiful_double_heighted_house_for_sale_buch_executive_villas-52893642-8627-1.html
Hot location House For Sale,PKR 6.2 Crore,62000000,,5,1 Kanal,4500.0,13777,Flat,True,22,super hot22Share on FacebookShare on TwitterShare on WhatsAppSend via GMailSend via E-Mail,90,Flats_Multan,for_sale,2026-07-24,https://www.zameen.com/Property/dha_phase_1_dha_phase_1_-_sector_m_hot_location_house_for_sale-54507387-14312-1.html
20 Marla Brand New Luxury House For Sale | Royal Orchard Multan (Prime Location) 5 Spacious Bedrooms with attached luxury washrooms,PKR 7.15 Crore,71500000,7,7,1 Kanal,4500.0,15888,Flat,True,38,super hot381Share on FacebookShare on TwitterShare on WhatsAppSend via GMailSend via E-Mail,91,Flats_Multan,for_sale,2026-07-24,https://www.zameen.com/Property/multan_public_school_road_royal_orchard_20_marla_brand_new_luxury_house_for_sale_royal_orchard_multan_prime_location_5_spacious_bedrooms_with_attached_luxury_washrooms-54405238-9492-1.html
"Royal Orchard, Multan. 20 Marla House For Sale",PKR 7.65 Crore,76500000,7,6,1 Kanal,4500.0,17000,Flat,True,40,super hot401Share on FacebookShare on TwitterShare on WhatsAppSend via GMailSend via E-Mail,91,Flats_Multan,for_sale,2026-07-24,https://www.zameen.com/Property/multan_public_school_road_royal_orchard_royal_orchard_multan_20_marla_house_for_sale-54373079-9492-1.html
Centrally Located Prime Location House For sale In Wapda Town Phase 1 - Block D Available,PKR 2.5 Crore,25000000,4,4,5 Marla,1125.0,22222,Flat,True,31,super hot311VerifiedShare on FacebookShare on TwitterShare on WhatsAppSend via GMailSend via E-Mail,99,Flats_Multan,for_sale,2026-07-24,https://www.zameen.com/Property/wapda_town_phase_1_wapda_town_phase_1_-_block_d_centrally_located_prime_location_house_for_sale_in_wapda_town_phase_1_-_block_d_available-54433278-14203-1.html
,PKR 97.2 Lakh,9720000,1,1,2.4 Marla,540.0,18000,Flat,True,13,super hot13Share on FacebookShare on TwitterShare on WhatsAppSend via GMailSend via E-Mail,90,Flats_Multan,for_sale,2026-07-24,https://www.zameen.com/new-projects/downtown_rumanza-2121.html
10 Marla Brand New House For Sale In Royal Orchard Multan | Demand 3.80 Crore*,PKR 3.8 Crore,38000000,5,6,10 Marla,2250.0,16888,Flat,True,33,super hot33Share on FacebookShare on TwitterShare on WhatsAppSend via GMailSend via E-Mail,90,Flats_Multan,for_sale,2026-07-24,https://www.zameen.com/Property/multan_public_school_road_royal_orchard_10_marla_brand_new_house_for_sale_in_royal_orchard_multan_demand_3_80_crore-54504680-9492-1.html
10 Marla Brand New Triple Storey House For Sale Buch Executive Villas Multan,PKR 3.9 Crore,39000000,6,6,10 Marla,2250.0,17333,Flat,True,18,super hot18Share on FacebookShare on TwitterShare on WhatsAppSend via GMailSend via E-Mail,90,Flats_Multan,for_sale,2026-07-24,https://www.zameen.com/Property/buch_executive_villas_phase_2_buch_villas_phase_2_-_manik_block_10_marla_brand_new_triple_storey_house_for_sale_buch_executive_villas_multan-54463550-22186-1.html
Facing Park 10 Marla Spacious House Available In Royal Orchard - Block C For Sale,PKR 3.49 Crore,34900000,5,6,10 Marla,2250.0,15511,Flat,True,23,super hot23Share on FacebookShare on TwitterShare on WhatsAppSend via GMailSend via E-Mail,90,Flats_Multan,for_sale,2026-07-24,https://www.zameen.com/Property/royal_orchard_royal_orchard_-_block_c_facing_park_10_marla_spacious_house_available_in_royal_orchard_-_block_c_for_sale-54200003-9496-1.html
Reserve A Centrally Located House In DHA Villas,PKR 3.45 Crore,34500000,4,5,12 Marla,2700.0,12777,Flat,True,5,hot5VerifiedShare on FacebookShare on TwitterShare on WhatsAppSend via GMailSend via E-Mail,91,Flats_Multan,for_sale,2026-07-24,https://www.zameen.com/Property/dha_defence_dha_villas_reserve_a_centrally_located_house_in_dha_villas-54418579-14018-1.html
"*Alfalah Model City, Multan*  *5 Marla Most Beautiful House for Sale*",PKR 1.45 Crore,14500000,5,6,5 Marla,1125.0,12888,Flat,True,21,hot21Share on FacebookShare on TwitterShare on WhatsAppSend via GMailSend via E-Mail,84,Flats_Multan,for_sale,2026-07-24,https://www.zameen.com/Property/multan_al_falah_modern_city_alfalah_model_city_multan_5_marla_most_beautiful_house_for_sale-54511963-8615-1.html
Prime Location 1100 Square Feet Flat In Buch Villas Phase 2 - Afzal Block Is Best Option,PKR 1.84 Crore,18400000,2,2,4.9 Marla,1102.5,16689,Flat,False,26,hot26VerifiedShare on FacebookShare on TwitterShare on WhatsAppSend via GMailSend via E-Mail,92,Flats_Multan,for_sale,2026-07-24,https://www.zameen.com/Property/buch_executive_villas_phase_2_buch_villas_phase_2_-_afzal_block_prime_location_1100_square_feet_flat_in_buch_villas_phase_2_-_afzal_block_is_best_option-54416072-22190-1.html
Sector C 5 Marla House Available Instalments &Amp; Cash Possession Available,PKR 1.9 Crore,19000000,3,4,5 Marla,1125.0,16888,Flat,False,16,hot16Share on FacebookShare on TwitterShare on WhatsAppSend via GMailSend via E-Mail,84,Flats_Multan,for_sale,2026-07-24,https://www.zameen.com/Property/dha_phase_1_dha_phase_1_-_sector_c_sector_c_5_marla_house_available_instalments_amp_cash_possession_available-54225612-14302-1.html
Brand New 10 Marla House Available In DHA Phase 1 - Sector B1 For sale,PKR 3.15 Crore,31500000,5,6,10 Marla,2250.0,14000,Flat,False,8,hot8Share on FacebookShare on TwitterShare on WhatsAppSend via GMailSend via E-Mail,83,Flats_Multan,for_sale,2026-07-24,https://www.zameen.com/Property/dha_phase_1_dha_phase_1_-_sector_b1_brand_new_10_marla_house_available_in_dha_phase_1_-_sector_b1_for_sale-54448849-14300-1.html
Ready To Sale A Prime Location House 5.5 Marla In Buch Villas Phase 2 - Manik Block Multan,PKR 2.35 Crore,23500000,4,4,5.5 Marla,1237.5,18989,Flat,False,14,hot14Share on FacebookShare on TwitterShare on WhatsAppSend via GMailSend via E-Mail,84,Flats_Multan,for_sale,2026-07-24,https://www.zameen.com/Property/buch_executive_villas_phase_2_buch_villas_phase_2_-_manik_block_ready_to_sale_a_prime_location_house_5_5_marla_in_buch_villas_phase_2_-_manik_block_multan-54475367-22186-1.html
Affordable Prime Location House Available For sale In Buch Villas Phase 2 - Hamid Block,PKR 3.5 Crore,35000000,5,5,10 Marla,2250.0,15555,Flat,False,21,hot21Share on FacebookShare on TwitterShare on WhatsAppSend via GMailSend via E-Mail,84,Flats_Multan,for_sale,2026-07-24,https://www.zameen.com/Property/buch_executive_villas_phase_2_buch_villas_phase_2_-_hamid_block_affordable_prime_location_house_available_for_sale_in_buch_villas_phase_2_-_hamid_block-54475370-22188-1.html
5 Marla Luxury House For Sale In Buch Villas Multan,PKR 1.9 Crore,19000000,5,6,5 Marla,1125.0,16888,Flat,True,19,19Share on FacebookShare on TwitterShare on WhatsAppSend via GMailSend via E-Mail,81,Flats_Multan,for_sale,2026-07-24,https://www.zameen.com/Property/multan_buch_executive_villas_5_marla_luxury_house_for_sale_in_buch_villas_multan-53781484-8627-1.html
Triple Storey 5 Marla House For Sale In Wapda Town Phase 1 - Block E Multan,PKR 1.9 Crore,19000000,5,5,5 Marla,1125.0,16888,Flat,False,10,10Share on FacebookShare on TwitterShare on WhatsAppSend via GMailSend via E-Mail,81,Flats_Multan,for_sale,2026-07-24,https://www.zameen.com/Property/wapda_town_phase_1_wapda_town_phase_1_-_block_e_triple_storey_5_marla_house_for_sale_in_wapda_town_phase_1_-_block_e_multan-54449102-14204-1.html
Premium Prime Location 10 Marla House Is Available For Sale In Multan,PKR 3 Crore,30000000,5,5,10 Marla,2250.0,13333,Flat,True,22,22Share on FacebookShare on TwitterShare on WhatsAppSend via GMailSend via E-Mail,81,Flats_Multan,for_sale,2026-07-24,https://www.zameen.com/Property/wapda_town_wapda_town_phase_2_premium_prime_location_10_marla_house_is_available_for_sale_in_multan-54449103-5825-1.html
Book Prime Location Flat Today In Buch Villas Phase 2 - Afzal Block,PKR 70.2 Lakh,7020000,,,2.1 Marla,472.5,14857,Flat,False,27,27VerifiedShare on FacebookShare on TwitterShare on WhatsAppSend via GMailSend via E-Mail,89,Flats_Multan,for_sale,2026-07-24,https://www.zameen.com/Property/buch_executive_villas_phase_2_buch_villas_phase_2_-_afzal_block_book_prime_location_flat_today_in_buch_villas_phase_2_-_afzal_block-54416040-22190-1.html
,PKR 85.44 Lakh,8544000,1,1,3.3 Marla,742.5,11507,Flat,False,5,5Share on FacebookShare on TwitterShare on WhatsAppSend via GMailSend via E-Mail,80,Flats_Multan,for_sale,2026-07-24,https://www.zameen.com/new-projects/al_madev_complex_ii-6621.html
Well-Constructed Brand New House Available For Sale In Citi Housing - Block D,PKR 1.4 Crore,14000000,3,4,5 Marla,1125.0,12444,Flat,True,11,11Share on FacebookShare on TwitterShare on WhatsAppSend via GMailSend via E-Mail,81,Flats_Multan,for_sale,2026-07-24,https://www.zameen.com/Property/citi_housing_phase_1_citi_housing_-_block_d_well-constructed_brand_new_house_available_for_sale_in_citi_housing_-_block_d-54516036-17370-1.html
1-Kanal Villa on Installment in DHA Multan Contact for more Details,PKR 8.25 Crore,82500000,5,5,1 Kanal,4500.0,18333,Flat,True,15,15Share on FacebookShare on TwitterShare on WhatsAppSend via GMailSend via E-Mail,81,Flats_Multan,for_sale,2026-07-24,https://www.zameen.com/Property/dha_defence_dha_phase_1_1-kanal_villa_on_installment_in_dha_multan_contact_for_more_details-54085897-15631-1.html
Premium Villas With Flexible Payment Plan In DHA Multan,PKR 3 Crore,30000000,4,4,8 Marla,1800.0,16666,Flat,True,12,12Share on FacebookShare on TwitterShare on WhatsAppSend via GMailSend via E-Mail,81,Flats_Multan,for_sale,2026-07-24,https://www.zameen.com/Property/dha_phase_1_dha_phase_1_-_sector_c_premium_villas_with_flexible_payment_plan_in_dha_multan-54075097-14302-1.html
1 Kanal Luxury Semi Furnished House In Royal Orchard Multan,PKR 7.15 Crore,71500000,5,5,1 Kanal,4500.0,15888,Flat,True,21,super hot21Share on FacebookShare on TwitterShare on WhatsAppSend via GMailSend via E-Mail,90,Flats_Multan,for_sale,2026-07-24,https://www.zameen.com/Property/multan_public_school_road_royal_orchard_1_kanal_luxury_semi_furnished_house_in_royal_orchard_multan-54395703-9492-1.html
Get Your Dream Prime Location 3.85 Marla House In Buch Villas Phase 2 - Manik Block Multan,PKR 1.8 Crore,18000000,4,4,3 Marla,675.0,26666,Flat,False,13,hot13Share on FacebookShare on TwitterShare on WhatsAppSend via GMailSend via E-Mail,84,Flats_Multan,for_sale,2026-07-24,https://www.zameen.com/Property/buch_executive_villas_phase_2_buch_villas_phase_2_-_manik_block_get_your_dream_prime_location_3_85_marla_house_in_buch_villas_phase_2_-_manik_block_multan-54475369-22186-1.html
Brand New 21 Marla House Available In Royal Orchard For sale,PKR 7.25 Crore,72500000,6,6,1 Kanal,4500.0,16111,Flat,False,8,8Share on FacebookShare on TwitterShare on WhatsAppSend via GMailSend via E-Mail,80,Flats_Multan,for_sale,2026-07-24,https://www.zameen.com/Property/multan_public_school_road_royal_orchard_brand_new_21_marla_house_available_in_royal_orchard_for_sale-54339358-9492-1.html
Spacious Prime Location 5 Marla House Available For sale In Buch Villas Phase 2 - Manik Block,PKR 2.1 Crore,21000000,4,4,5 Marla,1125.0,18666,Flat,False,19,19Share on FacebookShare on TwitterShare on WhatsAppSend via GMailSend via E-Mail,81,Flats_Multan,for_sale,2026-07-24,https://www.zameen.com/Property/buch_executive_villas_phase_2_buch_villas_phase_2_-_manik_block_spacious_prime_location_5_marla_house_available_for_sale_in_buch_villas_phase_2_-_manik_block-54475368-22186-1.html
Prime Location Buch Executive Villas House Sized 7 Marla Is Available,PKR 3.15 Crore,31500000,5,5,7 Marla,1575.0,20000,Flat,False,22,22Share on FacebookShare on TwitterShare on WhatsAppSend via GMailSend via E-Mail,81,Flats_Multan,for_sale,2026-07-24,https://www.zameen.com/Property/multan_buch_executive_villas_prime_location_buch_executive_villas_house_sized_7_marla_is_available-54514066-8627-1.html
,PKR 1.01 Crore,10100000,,1,1.9 Marla,427.5,23625,Flat,True,1,super hot1Share on FacebookShare on TwitterShare on WhatsAppSend via GMailSend via E-Mail,89,Flats_Multan,for_sale,2026-07-24,https://www.zameen.com/new-projects/golf_view_rumanza-2132.html
Buy Your Ideal 300 Square Feet Flat In A Prime Location Of Buch Executive Villas,PKR 40.5 Lakh,4050000,1,1,1.3 Marla,292.5,13846,Flat,False,5,5VerifiedShare on FacebookShare on TwitterShare on WhatsAppSend via GMailSend via E-Mail,88,Flats_Multan,for_sale,2026-07-24,https://www.zameen.com/Property/multan_buch_executive_villas_buy_your_ideal_300_square_feet_flat_in_a_prime_location_of_buch_executive_villas-53865919-8627-1.html
,PKR 70.11 Lakh,7011000,1,1,2 Marla,450.0,15580,Flat,True,20,super hot20Share on FacebookShare on TwitterShare on WhatsAppSend via GMailSend via E-Mail,90,Flats_Multan,for_sale,2026-07-24,https://www.zameen.com/new-projects/boulevard_heights-2310.html
Aesthetic Flat Of 486 Square Feet For Sale Is Available,PKR 1.26 Crore,12600000,1,1,2.2 Marla,495.00000000000006,25454,Flat,False,11,hot11VerifiedShare on FacebookShare on TwitterShare on WhatsAppSend via GMailSend via E-Mail,92,Flats_Multan,for_sale,2026-07-24,https://www.zameen.com/Property/gulgasht_colony_de_orion_mall_aesthetic_flat_of_486_square_feet_for_sale_is_available-54332008-19944-1.html
Prime Location 92 Marla Farm House Is Available For Sale,PKR 1.9 Crore,19000000,1,1,4.6 Kanal,20700.0,917,Flat,True,8,hot8Share on FacebookShare on TwitterShare on WhatsAppSend via GMailSend via E-Mail,83,Flats_Multan,for_sale,2026-07-24,https://www.zameen.com/Property/multan_southern_bypass_prime_location_92_marla_farm_house_is_available_for_sale-54397912-8725-1.html
Double Storey Apartments For Sale On Monthly Installments In Dream Garden Multan,PKR 1.17 Crore,11700000,2,2,3.2 Marla,720.0,16250,Flat,False,13,13Share on FacebookShare on TwitterShare on WhatsAppSend via GMailSend via E-Mail,81,Flats_Multan,for_sale,2026-07-24,https://www.zameen.com/Property/purana_shujabad_road_dream_garden_double_storey_apartments_for_sale_on_monthly_installments_in_dream_garden_multan-54257305-8903-1.html
A Beautiful Fully Furnished Farmhouse For Sale In Buch Villas,PKR 33 Crore,330000000,10,6,8 Kanal,36000.0,9166,Flat,True,31,super hot31Share on FacebookShare on TwitterShare on WhatsAppSend via GMailSend via E-Mail,90,Flats_Multan,for_sale,2026-07-24,https://www.zameen.com/Property/multan_buch_executive_villas_a_beautiful_fully_furnished_farmhouse_for_sale_in_buch_villas-54138488-8627-1.html
,PKR 42.99 Lakh,4299000,,1,1.4 Marla,315.0,13647,Flat,True,4,super hot4Share on FacebookShare on TwitterShare on WhatsAppSend via GMailSend via E-Mail,89,Flats_Multan,for_sale,2026-07-24,https://www.zameen.com/new-projects/vintage_commercials_dha_multan-6597.html
293 Square Feet Furnished Apartment For Sale On Brand Road,PKR 60 Lakh,6000000,1,,1.3 Marla,292.5,20512,Flat,False,9,9Share on FacebookShare on TwitterShare on WhatsAppSend via GMailSend via E-Mail,80,Flats_Multan,for_sale,2026-07-24,https://www.zameen.com/Property/multan_gulgasht_colony_293_square_feet_furnished_apartment_for_sale_on_brand_road-53584664-664-1.html
First Floor Appartments For Sale In Al-Falah Modern City Multan,PKR 85 Lakh,8500000,3,2,6.7 Marla,1507.5,5638,Flat,True,5,super hot5VerifiedShare on FacebookShare on TwitterShare on WhatsAppSend via GMailSend via E-Mail,97,Flats_Multan,for_sale,2026-07-24,https://www.zameen.com/Property/multan_al_falah_modern_city_first_floor_appartments_for_sale_in_al-falah_modern_city_multan-54471711-8615-1.html
10 Marla Flat For Sale In Citi Housing,PKR 58 Lakh,5800000,1,1,1.5 Marla,337.5,17185,Flat,False,7,hot7Share on FacebookShare on TwitterShare on WhatsAppSend via GMailSend via E-Mail,83,Flats_Multan,for_sale,2026-07-24,https://www.zameen.com/Property/multan_buch_executive_villas_10_marla_flat_for_sale_in_citi_housing-54443973-8627-1.html
Unoccupied Prime Location Flat Of 1100 Square Feet Is Available For Sale In Buch Executive Villas,PKR 1.7 Crore,17000000,2,2,4.9 Marla,1102.5,15419,Flat,False,27,hot27VerifiedShare on FacebookShare on TwitterShare on WhatsAppSend via GMailSend via E-Mail,92,Flats_Multan,for_sale,2026-07-24,https://www.zameen.com/Property/buch_executive_villas_phase_2_buch_villas_phase_2_-_afzal_block_unoccupied_prime_location_flat_of_1100_square_feet_is_available_for_sale_in_buch_executive_villas-54416024-22190-1.html
"Fully Furnished Studio,1&2 Bedroom Apartments For Sale in Buch Villas Multan",PKR 50.82 Lakh,5082000,50,1,1.4 Marla,315.0,16133,Flat,False,1,hot1Share on FacebookShare on TwitterShare on WhatsAppSend via GMailSend via E-Mail,83,Flats_Multan,for_sale,2026-07-24,https://www.zameen.com/Property/multan_buch_executive_villas_fully_furnished_studio_1_2_bedroom_apartments_for_sale_in_buch_villas_multan-54483022-8627-1.html
10 Marla fully finished apartment available for sale,PKR 1.5 Crore,15000000,4,3,9.3 Marla,2092.5,7168,Flat,True,16,super hot16Share on FacebookShare on TwitterShare on WhatsAppSend via GMailSend via E-Mail,90,Flats_Peshawar,for_sale,2026-07-24,https://www.zameen.com/Property/peshawar_warsak_road_10_marla_fully_finished_apartment_available_for_sale-54510300-1000-1.html
"Premium 4-Bed Family Apartment In Askari 6 Phase 3, Nasir Bagh Road Direct Deal With Owner",PKR 2.82 Crore,28200000,2,5,13.1 Marla,2947.5,9567,Flat,True,19,19Share on FacebookShare on TwitterShare on WhatsAppSend via GMailSend via E-Mail,81,Flats_Peshawar,for_sale,2026-07-24,https://www.zameen.com/Property/peshawar_askari_6_premium_4-bed_family_apartment_in_askari_6_phase_3_nasir_bagh_road_direct_deal_with_owner-53771688-9275-1.html
Very Beautiful And Secure Location Opposite Marbella Wedding Hall,PKR 1.45 Crore,14500000,3,3,9.8 Marla,2205.0,6575,Flat,False,11,11Share on FacebookShare on TwitterShare on WhatsAppSend via GMailSend via E-Mail,81,Flats_Peshawar,for_sale,2026-07-24,https://www.zameen.com/Property/canal_road_park_view_mall_apartments_very_beautiful_and_secure_location_opposite_marbella_wedding_hall-54393923-14355-1.html
Beautiful 2 Bed Apartment Available For Sale At Saif Glorious Mall Peshawar,PKR 1.64 Crore,16399999,1,2,5.2 Marla,1170.0,14017,Flat,False,14,hot14Share on FacebookShare on TwitterShare on WhatsAppSend via GMailSend via E-Mail,84,Flats_Peshawar,for_sale,2026-07-24,https://www.zameen.com/Property/peshawar_university_road_beautiful_2_bed_apartment_available_for_sale_at_saif_glorious_mall_peshawar-54487622-397-1.html
2 Bed Flat Available For Sale,PKR 90 Lakh,9000000,90,2,4.8 Marla,1080.0,8333,Flat,False,5,hot5Share on FacebookShare on TwitterShare on WhatsAppSend via GMailSend via E-Mail,83,Flats_Peshawar,for_sale,2026-07-24,https://www.zameen.com/Property/peshawar_tajabad_2_bed_flat_available_for_sale-54498219-7671-1.html
"Brand New 4-Bed Flat in Askari 6 Phase 3, Nasir Bagh Road, Direct Deal with Owner",PKR 2.85 Crore,28500000,2,6,13.3 Marla,2992.5,9523,Flat,False,19,19Share on FacebookShare on TwitterShare on WhatsAppSend via GMailSend via E-Mail,81,Flats_Peshawar,for_sale,2026-07-24,https://www.zameen.com/Property/peshawar_askari_6_brand_new_4-bed_flat_in_askari_6_phase_3_nasir_bagh_road_direct_deal_with_owner-53808219-9275-1.html
Brand New Apartment For Sale,PKR 3 Crore,30000000,3,4,11.6 Marla,2610.0,11494,Flat,False,7,hot7Share on FacebookShare on TwitterShare on WhatsAppSend via GMailSend via E-Mail,83,Flats_Peshawar,for_sale,2026-07-24,https://www.zameen.com/Property/peshawar_askari_6_brand_new_apartment_for_sale-46217880-9275-1.html
3 Bed Brand New Apartment For Sale,PKR 3.4 Crore,34000000,3,4,9 Marla,2025.0,16790,Flat,False,42,hot42Share on FacebookShare on TwitterShare on WhatsAppSend via GMailSend via E-Mail,84,Flats_Peshawar,for_sale,2026-07-24,https://www.zameen.com/Property/peshawar_askari_6_3_bed_brand_new_apartment_for_sale-50227998-9275-1.html
4 Bed Brand New Apartment For Sale,PKR 3.05 Crore,30500000,3,6,13 Marla,2925.0,10427,Flat,False,26,hot26Share on FacebookShare on TwitterShare on WhatsAppSend via GMailSend via E-Mail,84,Flats_Peshawar,for_sale,2026-07-24,https://www.zameen.com/Property/peshawar_askari_6_4_bed_brand_new_apartment_for_sale-52091809-9275-1.html
Brand New Flat For Sale,PKR 3.15 Crore,31500000,3,5,12.4 Marla,2790.0,11290,Flat,False,21,hot21Share on FacebookShare on TwitterShare on WhatsAppSend via GMailSend via E-Mail,84,Flats_Peshawar,for_sale,2026-07-24,https://www.zameen.com/Property/peshawar_askari_6_brand_new_flat_for_sale-52633026-9275-1.html
Flat Sized 1621 Square Feet In Warsak Road,PKR 1.5 Crore,15000000,2,2,7.2 Marla,1620.0,9259,Flat,False,,Share on FacebookShare on TwitterShare on WhatsAppSend via GMailSend via E-Mail,79,Flats_Peshawar,for_sale,2026-07-24,https://www.zameen.com/Property/peshawar_warsak_road_flat_sized_1621_square_feet_in_warsak_road-54495116-1000-1.html
Elegant 4 Beds Apartment For Sale Bara Lane Swati Gate Peshawar,PKR 1.9 Crore,19000000,1,4,9 Marla,2025.0,9382,Flat,False,12,12Share on FacebookShare on TwitterShare on WhatsAppSend via GMailSend via E-Mail,81,Flats_Peshawar,for_sale,2026-07-24,https://www.zameen.com/Property/peshawar_swati_gate_elegant_4_beds_apartment_for_sale_bara_lane_swati_gate_peshawar-50920207-999-1.html
"New Apartment (Ground, NOC Approved)",PKR 3.2 Crore,32000000,3,4,11.6 Marla,2610.0,12260,Flat,False,10,10Share on FacebookShare on TwitterShare on WhatsAppSend via GMailSend via E-Mail,81,Flats_Peshawar,for_sale,2026-07-24,https://www.zameen.com/Property/peshawar_askari_6_new_apartment_ground_noc_approved-47105003-9275-1.html
Two Bed Apartment Awan Tower main University Road Peshawar,PKR 1.1 Crore,11000000,1,2,4.9 Marla,1102.5,9977,Flat,False,4,hot4Share on FacebookShare on TwitterShare on WhatsAppSend via GMailSend via E-Mail,83,Flats_Peshawar,for_sale,2026-07-24,https://www.zameen.com/Property/peshawar_university_town_two_bed_apartment_awan_tower_main_university_road_peshawar-54462409-1437-1.html
4+1 Furnished Flat Available For Sale   Askari 6_Phase 2   Ground floor,PKR 3.89 Crore,38900000,4,4,14 Marla,3150.0,12349,Flat,False,5,5Share on FacebookShare on TwitterShare on WhatsAppSend via GMailSend via E-Mail,80,Flats_Peshawar,for_sale,2026-07-24,https://www.zameen.com/Property/peshawar_askari_6_4_1_furnished_flat_available_for_sale_askari_6_phase_2_ground_floor-54035956-9275-1.html
Residential Flat For Sale In Oasis Heights DHA Quetta | Flat S4,PKR 78.84 Lakh,7884000,1,1,1.9 Marla,427.5,18442,Flat,False,5,5Share on FacebookShare on TwitterShare on WhatsAppSend via GMailSend via E-Mail,80,Flats_Quetta,for_sale,2026-07-24,https://www.zameen.com/Property/dha_defence_dha_defence_-_sector_a3_residential_flat_for_sale_in_oasis_heights_dha_quetta_flat_s4-54241934-20075-1.html
Residential Flat For Sale In Oasis Heights DHA Quetta | Flat T4,PKR 76.16 Lakh,7616000,1,1,2.1 Marla,472.5,16118,Flat,False,5,5Share on FacebookShare on TwitterShare on WhatsAppSend via GMailSend via E-Mail,80,Flats_Quetta,for_sale,2026-07-24,https://www.zameen.com/Property/dha_defence_dha_defence_-_sector_a3_residential_flat_for_sale_in_oasis_heights_dha_quetta_flat_t4-54241978-20075-1.html
Residential Flat For Sale In Oasis Heights DHA Quetta | Flat 5th-4,PKR 57.12 Lakh,5712000,1,1,2.1 Marla,472.5,12088,Flat,False,5,5Share on FacebookShare on TwitterShare on WhatsAppSend via GMailSend via E-Mail,80,Flats_Quetta,for_sale,2026-07-24,https://www.zameen.com/Property/dha_defence_dha_defence_-_sector_a3_residential_flat_for_sale_in_oasis_heights_dha_quetta_flat_5th-4-54366094-20075-1.html
Residential Flat For Sale In Oasis Heights DHA Quetta | Flat 4th-4,PKR 66.64 Lakh,6664000,1,1,2.1 Marla,472.5,14103,Flat,False,5,5Share on FacebookShare on TwitterShare on WhatsAppSend via GMailSend via E-Mail,80,Flats_Quetta,for_sale,2026-07-24,https://www.zameen.com/Property/dha_defence_dha_defence_-_sector_a3_residential_flat_for_sale_in_oasis_heights_dha_quetta_flat_4th-4-54365946-20075-1.html
