title,price,price_numeric,beds,baths,area,area_sqft,price_per_sqft,property_type,featured,photo_count,description,description_length,city,scraped_date,url
1 Kanal Brand New Designer House For Sale In DHA Phase 2,PKR 14.5 Crore,145000000,5,5,1 Kanal,4500.0,32222,House,True,45,"TitaniumPKR14.5 CroreDHA Defence Phase 2, DHA Defence551 KanalAdded: 15 hours ago(Updated: 15 hours ago)SMSCall",111,Houses_Islamabad,2026-07-24,https://www.zameen.com/Property/dha_defence_dha_defence_phase_2_1_kanal_brand_new_designer_house_for_sale_in_dha_phase_2-54371197-339-1.html
Brand New Single Story CDA Approved in F17 T&T 30*60 House for sale,PKR 2.1 Crore,21000000,2,3,8 Marla,1800.0,11666,House,True,22,"TitaniumPKR2.1 CroreF-17, Islamabad238 MarlaAdded: 17 hours ago(Updated: 17 hours ago)SMSCall",93,Houses_Islamabad,2026-07-24,https://www.zameen.com/Property/islamabad_f-17_brand_new_single_story_cda_approved_in_f17_t_t_30_60_house_for_sale-54105091-335-1.html
"Beautiful House For Sale In F-7/1, Islamabad - Prime Location.",PKR 27 Crore,270000000,4,4,1.1 Kanal,4950.0,54545,House,True,9,"TitaniumPKR27 CroreF-7/1, F-7441.1 KanalAdded: 19 hours ago(Updated: 17 hours ago)SMSCallEmail",94,Houses_Islamabad,2026-07-24,https://www.zameen.com/Property/f_7_f-7_1_beautiful_house_for_sale_in_f-7_1_islamabad_-_prime_location-54430414-3307-1.html
"Beautiful Furnished House three side corner available for Sale in F-7, Islamabad",PKR 42 Crore,420000000,8,7,1.3 Kanal,5850.0,71794,House,True,7,"TitaniumPKR42 CroreF-7/1, F-7871.3 KanalAdded: 19 hours ago(Updated: 17 hours ago)SMSCallEmail",94,Houses_Islamabad,2026-07-24,https://www.zameen.com/Property/f_7_f-7_1_beautiful_furnished_house_three_side_corner_available_for_sale_in_f-7_islamabad-54417333-3307-1.html
10 Marla Barnd New Designer House Available For Sale,PKR 6.75 Crore,67500000,6,6,10 Marla,2250.0,30000,House,True,30,"TitaniumPKR6.75 CroreBahria Enclave - Sector C1, Bahria Enclave6610 MarlaAdded: 19 hours agoSMSCall",99,Houses_Islamabad,2026-07-24,https://www.zameen.com/Property/bahria_enclave_bahria_enclave_-_sector_c1_10_marla_barnd_new_designer_house_available_for_sale-54485644-11987-1.html
G 13 HOUSE 14 Marla 40x80 VERY IDEAL LOCATION ON 50 FEET ROAD PINDI FACE NEAR PARK AND BASIC AMUNITIES,PKR 10.95 Crore,109500000,7,6,14 Marla,3150.0,34761,House,True,48,"PKR10.95 CroreG-13, Islamabad7614 MarlaAdded: 4 hours agoSMSCall",64,Houses_Islamabad,2026-07-24,https://www.zameen.com/Property/islamabad_g-13_g_13_house_14_marla_40x80_very_ideal_location_on_50_feet_road_pindi_face_near_park_and_basic_amunities-54378827-330-1.html
south face brand new house,PKR 8.75 Crore,87500000,6,6,1 Kanal,4500.0,19444,House,True,14,"PKR8.75 CroreNaval Anchorage, Islamabad661 KanalAdded: 5 hours agoSMSCall",73,Houses_Islamabad,2026-07-24,https://www.zameen.com/Property/islamabad_naval_anchorage_south_face_brand_new_house-54513040-375-1.html
Luxury 6 Marla Brand New House For Sale In Soan Garden Islamabad,PKR 3.2 Crore,32000000,4,6,6 Marla,1350.0,23703,House,True,20,"PKR3.2 CroreSoan Garden - Block H, Soan Garden466 MarlaAdded: 5 hours agoSMSCall",80,Houses_Islamabad,2026-07-24,https://www.zameen.com/Property/soan_garden_soan_garden_-_block_h_luxury_6_marla_brand_new_house_for_sale_in_soan_garden_islamabad-52200224-3498-1.html
5 MARLA HOUSE FOR SALE IN ISLAMABAD,PKR 2.6 Crore,26000000,4,5,5 Marla,1125.0,23111,House,True,41,"PKR2.6 CrorePark View City - Overseas Block, Park View City455 MarlaAdded: 9 hours ago(Updated: 8 minutes ago)SMSCall",117,Houses_Islamabad,2026-07-24,https://www.zameen.com/Property/park_view_city_park_view_city_-_overseas_block_5_marla_house_for_sale_in_islamabad-54187013-19666-1.html
"MODERN DESIGNER HOUSE IN MULTI GARDENS B-17, ISLAMABAD FOR SALE",PKR 6.4 Crore,64000000,6,7,10 Marla,2250.0,28444,House,True,49,"PKR6.4 CroreMPCHS - Block C, MPCHS - Multi Gardens6710 MarlaAdded: 9 hours ago(Updated: 9 minutes ago)SMSCall",109,Houses_Islamabad,2026-07-24,https://www.zameen.com/Property/mpchs_multi_gardens_mpchs_-_block_c_modern_designer_house_in_multi_gardens_b-17_islamabad_for_sale-54203759-3118-1.html
7 Marla (30x60) Double Unit Brand New House For Sale G-15/1 Islamabad,PKR 3.45 Crore,34500000,6,6,7 Marla,1575.0,21904,House,True,29,"TitaniumPKR3.45 CroreG-15, Islamabad667 MarlaAdded: 3 hours agoSMSCall",70,Houses_Islamabad,2026-07-24,https://www.zameen.com/Property/islamabad_g-15_7_marla_30x60_double_unit_brand_new_house_for_sale_g-15_1_islamabad-54297783-764-1.html
1 Kanal Luxury House In F-7 Islamabad,PKR 35 Crore,350000000,5,7,1 Kanal,4500.0,77777,House,True,13,"TitaniumPKR35 CroreF-7, Islamabad571 KanalAdded: 3 hours agoSMSCall",67,Houses_Islamabad,2026-07-24,https://www.zameen.com/Property/islamabad_f-7_1_kanal_luxury_house_in_f-7_islamabad-54294494-165-1.html
14 Marla House Naval Anchorage for sale in islamabad,PKR 4.95 Crore,49500000,5,5,14 Marla,3150.0,15714,House,False,15,"PKR4.95 CroreNaval Anchorage - Block F, Naval Anchorage5514 MarlaAdded: 1 hour ago(Updated: 27 minutes ago)SMSCall",114,Houses_Islamabad,2026-07-24,https://www.zameen.com/Property/naval_anchorage_naval_anchorage_-_block_f_14_marla_house_naval_anchorage_for_sale_in_islamabad-54512951-3472-1.html
4 Marla House For Sale,PKR 3.65 Crore,36500000,4,4,4 Marla,900.0,40555,House,False,5,"PKR3.65 CroreG-13, Islamabad444 MarlaAdded: 2 hours ago(Updated: 2 hours ago)SMSCall",84,Houses_Islamabad,2026-07-24,https://www.zameen.com/Property/islamabad_g-13_4_marla_house_for_sale-54389154-330-1.html
20 MARLA BEAUTIFULL BRAND NEW HOUSE AVAILBLE FOR SALE,PKR 10.5 Crore,105000000,6,7,1 Kanal,4500.0,23333,House,False,12,"PKR10.5 CroreDHA Phase 4 - Sector B, DHA Defence Phase 4671 KanalAdded: 4 hours agoSMSCall",90,Houses_Islamabad,2026-07-24,https://www.zameen.com/Property/dha_defence_phase_4_dha_phase_4_-_sector_b_20_marla_beautifull_brand_new_house_availble_for_sale-54456278-13957-1.html
G-13 Islamabad 25x40 House For Sale Pindi Face Seeing Is Believing,PKR 3.55 Crore,35500000,5,5,4 Marla,900.0,39444,House,False,6,"PKR3.55 CroreG-13, Islamabad554 MarlaAdded: 4 hours agoSMSCall",62,Houses_Islamabad,2026-07-24,https://www.zameen.com/Property/islamabad_g-13_g-13_islamabad_25x40_house_for_sale_pindi_face_seeing_is_believing-54089744-330-1.html
G 13 House 50x90 Triple Storey Triple units with maintained Lush Green Lawn Huge parking,PKR 13.5 Crore,135000000,10,6,12 Marla,2700.0,50000,House,False,10,"PKR13.5 CroreG-13, Islamabad10612 MarlaAdded: 4 hours agoSMSCall",64,Houses_Islamabad,2026-07-24,https://www.zameen.com/Property/islamabad_g-13_g_13_house_50x90_triple_storey_triple_units_with_maintained_lush_green_lawn_huge_parking-54151486-330-1.html
G 10/4 35x70 House For Sale,PKR 7.75 Crore,77500000,5,5,10 Marla,2250.0,34444,House,False,7,"PKR7.75 CroreG-10/4, G-105510 MarlaAdded: 7 minutes agoSMSCall",62,Houses_Islamabad,2026-07-24,https://www.zameen.com/Property/g_10_g-10_4_g_10_4_35x70_house_for_sale-54254226-3327-1.html
G 9/4 35x70 House With Extra Land For Sale,PKR 7.8 Crore,78000000,5,5,10 Marla,2250.0,34666,House,False,8,"PKR7.8 CroreG-9, Islamabad5510 MarlaAdded: 8 minutes agoSMSCall",63,Houses_Islamabad,2026-07-24,https://www.zameen.com/Property/islamabad_g-9_g_9_4_35x70_house_with_extra_land_for_sale-54206059-171-1.html
25x40 Beautifull House For Sale In G-13,PKR 4 Crore,40000000,4,5,4 Marla,900.0,44444,House,False,15,"PKR4 CroreG-13, Islamabad454 MarlaAdded: 18 minutes agoSMSCall",62,Houses_Islamabad,2026-07-24,https://www.zameen.com/Property/islamabad_g-13_25x40_beautifull_house_for_sale_in_g-13-54247048-330-1.html
25x40 Beautifull House For Sale In G-13,PKR 3.85 Crore,38500000,4,5,4 Marla,900.0,42777,House,False,19,"PKR3.85 CroreG-13, Islamabad454 MarlaAdded: 18 minutes agoSMSCall",65,Houses_Islamabad,2026-07-24,https://www.zameen.com/Property/islamabad_g-13_25x40_beautifull_house_for_sale_in_g-13-54247050-330-1.html
25x40 Brand New House For Sale In G13,PKR 3.7 Crore,37000000,4,5,4.4 Marla,990.0000000000001,37373,House,False,16,"PKR3.7 CroreG-13, Islamabad454.4 MarlaAdded: 18 minutes agoSMSCall",66,Houses_Islamabad,2026-07-24,https://www.zameen.com/Property/islamabad_g-13_25x40_brand_new_house_for_sale_in_g13-54288139-330-1.html
25x40 Brand New House For Sale In G13,PKR 4.1 Crore,41000000,4,5,4.4 Marla,990.0000000000001,41414,House,False,24,"PKR4.1 CroreG-13, Islamabad454.4 MarlaAdded: 18 minutes agoSMSCall",66,Houses_Islamabad,2026-07-24,https://www.zameen.com/Property/islamabad_g-13_25x40_brand_new_house_for_sale_in_g13-54288182-330-1.html
30x60 Brand New House For Sale In G13,PKR 6.9 Crore,69000000,5,6,8 Marla,1800.0,38333,House,False,11,"PKR6.9 CroreG-13, Islamabad568 MarlaAdded: 18 minutes agoSMSCall",64,Houses_Islamabad,2026-07-24,https://www.zameen.com/Property/islamabad_g-13_30x60_brand_new_house_for_sale_in_g13-54288209-330-1.html
8 Marla Double Unit Designer House For Sale in G15 Islamabad,PKR 3.3 Crore,33000000,4,5,8 Marla,1800.0,18333,House,False,24,"PKR3.3 CroreG-15, Islamabad458 MarlaAdded: 1 hour agoSMSCall",60,Houses_Islamabad,2026-07-24,https://www.zameen.com/Property/islamabad_g-15_8_marla_double_unit_designer_house_for_sale_in_g15_islamabad-54062474-764-1.html
1 Kanal House Available For Sale In Top City 1 If You Hurry,PKR 12.95 Crore,129500000,5,6,1 Kanal,4500.0,28777,House,True,30,super hot30Share on FacebookShare on TwitterShare on WhatsAppSend via GMailSend via E-Mail,90,Houses_Islamabad,2026-07-24,https://www.zameen.com/Property/islamabad_top_city_1_1_kanal_house_available_for_sale_in_top_city_1_if_you_hurry-54377777-1383-1.html
Ultra Modern architecture + Quality Mansion At Prime Location Of Dha2 House For Sale,PKR 12.5 Crore,125000000,5,6,1 Kanal,4500.0,27777,House,True,29,super hot29Share on FacebookShare on TwitterShare on WhatsAppSend via GMailSend via E-Mail,90,Houses_Islamabad,2026-07-24,https://www.zameen.com/Property/dha_defence_dha_defence_phase_2_ultra_modern_architecture_quality_mansion_at_prime_location_of_dha2_house_for_sale-52366687-339-1.html
"BRAND NEW, 5 MARLA HOUSE FOR SALE IN SECTOR F, STREET 71, DHA 5, ISLAMABAD",PKR 3.8 Crore,38000000,4,4,5 Marla,1125.0,33777,House,True,25,super hot25Share on FacebookShare on TwitterShare on WhatsAppSend via GMailSend via E-Mail,90,Houses_Islamabad,2026-07-24,https://www.zameen.com/Property/dha_defence_dha_defence_phase_5_brand_new_5_marla_house_for_sale_in_sector_f_street_71_dha_5_islamabad-54496637-10991-1.html
1 Kanal Classic Designer House for Sale in DHA Phase 2 Islamabad,PKR 11.2 Crore,112000000,5,6,1 Kanal,4500.0,24888,House,True,16,super hot16Share on FacebookShare on TwitterShare on WhatsAppSend via GMailSend via E-Mail,90,Houses_Islamabad,2026-07-24,https://www.zameen.com/Property/dha_defence_dha_defence_phase_2_1_kanal_classic_designer_house_for_sale_in_dha_phase_2_islamabad-54438236-339-1.html
G-13 500 Square Yard Main Location 6 Bed House Available For Sale,PKR 15 Crore,150000000,15,6,1 Kanal,4500.0,33333,House,True,29,super hot29Share on FacebookShare on TwitterShare on WhatsAppSend via GMailSend via E-Mail,90,Houses_Islamabad,2026-07-24,https://www.zameen.com/Property/islamabad_g-13_g-13_500_square_yard_main_location_6_bed_house_available_for_sale-52112966-330-1.html
Brand New Beautiful Modern Double-Unit House for Sale D-12/3,PKR 15.75 Crore,157500000,6,6,10.9 Marla,2452.5,64220,House,True,22,super hot22Share on FacebookShare on TwitterShare on WhatsAppSend via GMailSend via E-Mail,90,Houses_Islamabad,2026-07-24,https://www.zameen.com/Property/islamabad_d-12_brand_new_beautiful_modern_double-unit_house_for_sale_d-12_3-54512555-160-1.html
5 Kanal | Corner House | For Sale | Prime Location | F-6 Islamabad,PKR 1.35 Arab,1350000000,6,6,5 Kanal,22500.0,60000,House,True,17,super hot17Share on FacebookShare on TwitterShare on WhatsAppSend via GMailSend via E-Mail,90,Houses_Islamabad,2026-07-24,https://www.zameen.com/Property/islamabad_f-6_5_kanal_corner_house_for_sale_prime_location_f-6_islamabad-53629770-164-1.html
5 Marla Brand New House Available For Sale In Bani Gala,PKR 1.3 Crore,13000000,3,3,5 Marla,1125.0,11555,House,True,16,super hot16VerifiedShare on FacebookShare on TwitterShare on WhatsAppSend via GMailSend via E-Mail,98,Houses_Islamabad,2026-07-24,https://www.zameen.com/Property/islamabad_bani_gala_5_marla_brand_new_house_available_for_sale_in_bani_gala-54060663-340-1.html
11 maral Alexa design double story house for sale in banigala,PKR 5.25 Crore,52500000,6,6,11 Marla,2475.0,21212,House,True,24,super hot24Share on FacebookShare on TwitterShare on WhatsAppSend via GMailSend via E-Mail,90,Houses_Islamabad,2026-07-24,https://www.zameen.com/Property/islamabad_bani_gala_11_maral_alexa_design_double_story_house_for_sale_in_banigala-54511903-340-1.html
1 Kanal Brand New Designer House For Sale In DHA Phase 2 Sector F Islamabad,PKR 14.5 Crore,145000000,5,6,1 Kanal,4500.0,32222,House,True,26,hot26Share on FacebookShare on TwitterShare on WhatsAppSend via GMailSend via E-Mail,84,Houses_Islamabad,2026-07-24,https://www.zameen.com/Property/dha_defence_dha_defence_phase_2_1_kanal_brand_new_designer_house_for_sale_in_dha_phase_2_sector_f_islamabad-54327976-339-1.html
1 Kanal Designer House For Sale Near To Central Park In DHA Phase 2 Islamabad,PKR 13.8 Crore,138000000,5,6,1 Kanal,4500.0,30666,House,True,34,hot34Share on FacebookShare on TwitterShare on WhatsAppSend via GMailSend via E-Mail,84,Houses_Islamabad,2026-07-24,https://www.zameen.com/Property/dha_defence_dha_defence_phase_2_1_kanal_designer_house_for_sale_near_to_central_park_in_dha_phase_2_islamabad-54479443-339-1.html
Brand New 10 Marla House For Sale In Soan Garden Islamabad,PKR 4.25 Crore,42500000,6,6,10 Marla,2250.0,18888,House,False,20,hot20Share on FacebookShare on TwitterShare on WhatsAppSend via GMailSend via E-Mail,84,Houses_Islamabad,2026-07-24,https://www.zameen.com/Property/soan_garden_soan_garden_-_block_h_brand_new_10_marla_house_for_sale_in_soan_garden_islamabad-52200185-3498-1.html
F-8 Brand New HOUSE For Sale,PKR 44 Crore,440000000,6,6,17.8 Marla,4005.0,109862,House,False,41,hot41Share on FacebookShare on TwitterShare on WhatsAppSend via GMailSend via E-Mail,84,Houses_Islamabad,2026-07-24,https://www.zameen.com/Property/islamabad_f-8_f-8_brand_new_house_for_sale-53260038-166-1.html
Kanal Brand New House Available For Sale In Dha Phase 2 Islamabad,PKR 16 Crore,160000000,5,6,1 Kanal,4500.0,35555,House,False,23,hot23Share on FacebookShare on TwitterShare on WhatsAppSend via GMailSend via E-Mail,84,Houses_Islamabad,2026-07-24,https://www.zameen.com/Property/dha_defence_phase_2_dha_phase_2_-_sector_e_kanal_brand_new_house_available_for_sale_in_dha_phase_2_islamabad-50887304-3200-1.html
Beautiful House Available For Sale In DHA Phase 2 Islamabad,PKR 14.5 Crore,145000000,5,5,10 Marla,2250.0,64444,House,False,21,hot21Share on FacebookShare on TwitterShare on WhatsAppSend via GMailSend via E-Mail,84,Houses_Islamabad,2026-07-24,https://www.zameen.com/Property/dha_defence_phase_2_dha_phase_2_-_sector_j_beautiful_house_available_for_sale_in_dha_phase_2_islamabad-45059704-8399-1.html
7 marla house for sale,PKR 6.5 Crore,65000000,5,5,7 Marla,1575.0,41269,House,False,6,6Share on FacebookShare on TwitterShare on WhatsAppSend via GMailSend via E-Mail,80,Houses_Islamabad,2026-07-24,https://www.zameen.com/Property/g_13_g-13_3_7_marla_house_for_sale-54046776-3339-1.html
BRAND NEW 9 Marla House For Sale At 70ft Road I-14/4,PKR 4.5 Crore,45000000,7,6,9 Marla,2025.0,22222,House,False,8,8Share on FacebookShare on TwitterShare on WhatsAppSend via GMailSend via E-Mail,80,Houses_Islamabad,2026-07-24,https://www.zameen.com/Property/i_14_i-14_4_brand_new_9_marla_house_for_sale_at_70ft_road_i-14_4-54092806-8343-1.html
E-18 Health Enclave Islamabad Brand New Nicely Built Corner House,PKR 2.15 Crore,21500000,4,4,10 Marla,2250.0,9555,House,False,33,331Share on FacebookShare on TwitterShare on WhatsAppSend via GMailSend via E-Mail,82,Houses_Islamabad,2026-07-24,https://www.zameen.com/Property/islamabad_e-18_e-18_health_enclave_islamabad_brand_new_nicely_built_corner_house-52649727-332-1.html
E-18 Health Enclave Islamabad Brand New House 200 Sq Yards,PKR 1.5 Crore,15000000,2,3,8 Marla,1800.0,8333,House,False,21,21Share on FacebookShare on TwitterShare on WhatsAppSend via GMailSend via E-Mail,81,Houses_Islamabad,2026-07-24,https://www.zameen.com/Property/islamabad_e-18_e-18_health_enclave_islamabad_brand_new_house_200_sq_yards-54229339-332-1.html
E-18 Health Enclave Islamabad Brand New Corner Designer House,PKR 2.5 Crore,25000000,5,5,8 Marla,1800.0,13888,House,False,22,22Share on FacebookShare on TwitterShare on WhatsAppSend via GMailSend via E-Mail,81,Houses_Islamabad,2026-07-24,https://www.zameen.com/Property/islamabad_e-18_e-18_health_enclave_islamabad_brand_new_corner_designer_house-54255359-332-1.html
Triple Story House In Zaraj Housing Society Islamabad,PKR 6.75 Crore,67500000,8,6,10 Marla,2250.0,30000,House,True,12,12Share on FacebookShare on TwitterShare on WhatsAppSend via GMailSend via E-Mail,81,Houses_Islamabad,2026-07-24,https://www.zameen.com/Property/islamabad_zaraj_housing_scheme_triple_story_house_in_zaraj_housing_society_islamabad-54488764-3508-1.html
1 Kanal Owner Built Slightly Used Double Unit House For Sale,PKR 10.9 Crore,109000000,7,6,1 Kanal,4500.0,24222,House,True,8,8Share on FacebookShare on TwitterShare on WhatsAppSend via GMailSend via E-Mail,80,Houses_Islamabad,2026-07-24,https://www.zameen.com/Property/dha_defence_dha_defence_phase_2_1_kanal_owner_built_slightly_used_double_unit_house_for_sale-52404124-339-1.html
1 Kanal Ultra Luxurious Designer South Face House For Sale,PKR 14.5 Crore,145000000,5,6,1 Kanal,4500.0,32222,House,True,32,32Share on FacebookShare on TwitterShare on WhatsAppSend via GMailSend via E-Mail,81,Houses_Islamabad,2026-07-24,https://www.zameen.com/Property/dha_defence_dha_defence_phase_2_1_kanal_ultra_luxurious_designer_south_face_house_for_sale-53041859-339-1.html
"10 Marla Park Facing House For Sale Sector C2, Bahria Enclave Islamabad",PKR 5.2 Crore,52000000,5,6,10 Marla,2250.0,23111,House,True,32,super hot321Share on FacebookShare on TwitterShare on WhatsAppSend via GMailSend via E-Mail,91,Houses_Islamabad,2026-07-24,https://www.zameen.com/Property/bahria_enclave_bahria_enclave_-_sector_c2_10_marla_park_facing_house_for_sale_sector_c2_bahria_enclave_islamabad-52931384-11988-1.html
"14 Marla Luxury House For Sale Urban Boulevard, Sector A, Bahria Enclave Islamabad",PKR 7.1 Crore,71000000,5,6,14 Marla,3150.0,22539,House,True,48,super hot48Share on FacebookShare on TwitterShare on WhatsAppSend via GMailSend via E-Mail,90,Houses_Islamabad,2026-07-24,https://www.zameen.com/Property/bahria_enclave_bahria_enclave_-_sector_a_14_marla_luxury_house_for_sale_urban_boulevard_sector_a_bahria_enclave_islamabad-54028506-11970-1.html
10 Marla Owner Built House Available For Sale | Bahria Enclave Islamabad | Sector C2,PKR 5.5 Crore,55000000,4,6,10 Marla,2250.0,24444,House,True,48,super hot481Share on FacebookShare on TwitterShare on WhatsAppSend via GMailSend via E-Mail,91,Houses_Islamabad,2026-07-24,https://www.zameen.com/Property/bahria_town_bahria_enclave_10_marla_owner_built_house_available_for_sale_bahria_enclave_islamabad_sector_c2-54425143-1705-1.html
Beautifully Constructed House Is Available For sale In D-12/4,PKR 6.4 Crore,64000000,4,5,5 Marla,1125.0,56888,House,True,17,super hot171Share on FacebookShare on TwitterShare on WhatsAppSend via GMailSend via E-Mail,91,Houses_Islamabad,2026-07-24,https://www.zameen.com/Property/d_12_d-12_4_beautifully_constructed_house_is_available_for_sale_in_d-12_4-54076104-3157-1.html
Ideal House For Sale In D-12,PKR 5.4 Crore,54000000,4,5,5 Marla,1125.0,48000,House,True,12,super hot121VerifiedShare on FacebookShare on TwitterShare on WhatsAppSend via GMailSend via E-Mail,99,Houses_Islamabad,2026-07-24,https://www.zameen.com/Property/islamabad_d-12_ideal_house_for_sale_in_d-12-54313029-160-1.html
5 Marla Modern House Available For Sale In Bahria Enclave Islamabad.,PKR 2.85 Crore,28500000,3,5,5 Marla,1125.0,25333,House,True,23,super hot23Share on FacebookShare on TwitterShare on WhatsAppSend via GMailSend via E-Mail,90,Houses_Islamabad,2026-07-24,https://www.zameen.com/Property/bahria_enclave_bahria_enclave_-_sector_b1_5_marla_modern_house_available_for_sale_in_bahria_enclave_islamabad-54337430-11972-1.html
Bahria Enclave Islamabad 1 Kanal Luxury Modern House Available For Sale.,PKR 12 Crore,120000000,6,6,1 Kanal,4500.0,26666,House,True,40,super hot40Share on FacebookShare on TwitterShare on WhatsAppSend via GMailSend via E-Mail,90,Houses_Islamabad,2026-07-24,https://www.zameen.com/Property/bahria_enclave_bahria_enclave_-_sector_c_bahria_enclave_islamabad_1_kanal_luxury_modern_house_available_for_sale-54451968-11973-1.html
Kanal Luxury House Available For Sale In Dha Phase 2 Islamabad,PKR 14.5 Crore,145000000,6,6,1 Kanal,4500.0,32222,House,True,24,super hot24Share on FacebookShare on TwitterShare on WhatsAppSend via GMailSend via E-Mail,90,Houses_Islamabad,2026-07-24,https://www.zameen.com/Property/dha_defence_phase_2_dha_phase_2_-_sector_g_kanal_luxury_house_available_for_sale_in_dha_phase_2_islamabad-50884516-3202-1.html
G-13 30x60 Brand new Double story House available for sale,PKR 6.9 Crore,69000000,5,5,7 Marla,1575.0,43809,House,True,18,super hot18Share on FacebookShare on TwitterShare on WhatsAppSend via GMailSend via E-Mail,90,Houses_Islamabad,2026-07-24,https://www.zameen.com/Property/islamabad_g-13_g-13_30x60_brand_new_double_story_house_available_for_sale-54510863-330-1.html
5 Marla Double story House Bahria Enclave sector H,PKR 2.75 Crore,27500000,3,4,5 Marla,1125.0,24444,House,True,12,super hot12Share on FacebookShare on TwitterShare on WhatsAppSend via GMailSend via E-Mail,90,Houses_Islamabad,2026-07-24,https://www.zameen.com/Property/bahria_enclave_bahria_enclave_-_sector_h_5_marla_double_story_house_bahria_enclave_sector_h-54510925-11983-1.html
"Prime Located House In F6/1 Size 444 Sq Yards For Sale  F-6/1,",PKR 23 Crore,230000000,5,6,17.8 Marla,4005.0,57428,House,True,12,hot12Share on FacebookShare on TwitterShare on WhatsAppSend via GMailSend via E-Mail,84,Houses_Islamabad,2026-07-24,https://www.zameen.com/Property/f_6_f-6_1_prime_located_house_in_f6_1_size_444_sq_yards_for_sale_f-6_1-54182270-3299-1.html
Build Your Luxury Dream Home with Confidence,PKR 8.5 Crore,85000000,5,6,1 Kanal,4500.0,18888,Unknown,True,32,hot32Share on FacebookShare on TwitterShare on WhatsAppSend via GMailSend via E-Mail,84,Houses_Islamabad,2026-07-24,https://www.zameen.com/Property/dha_defence_dha_defence_phase_2_build_your_luxury_dream_home_with_confidence-54405814-339-1.html
Kanal Brand New House Available For Sale In Dha Phase 2 Islamabad,PKR 12.75 Crore,127500000,7,7,1 Kanal,4500.0,28333,House,False,22,hot22Share on FacebookShare on TwitterShare on WhatsAppSend via GMailSend via E-Mail,84,Houses_Islamabad,2026-07-24,https://www.zameen.com/Property/dha_defence_phase_2_dha_phase_2_-_sector_g_kanal_brand_new_house_available_for_sale_in_dha_phase_2_islamabad-53495987-3202-1.html
23 Marla Triple Storey Fully Furnished House For Sale In Dha Phase 2 Islamabad,PKR 16.5 Crore,165000000,8,7,1.2 Kanal,5400.0,30555,House,False,23,hot23Share on FacebookShare on TwitterShare on WhatsAppSend via GMailSend via E-Mail,84,Houses_Islamabad,2026-07-24,https://www.zameen.com/Property/dha_defence_phase_2_dha_phase_2_-_sector_j_23_marla_triple_storey_fully_furnished_house_for_sale_in_dha_phase_2_islamabad-51418916-8399-1.html
Looking For A Corner House In DHA Phase 3 - Block B Islamabad,PKR 8.8 Crore,88000000,5,5,1 Kanal,4500.0,19555,House,False,26,hot261VerifiedShare on FacebookShare on TwitterShare on WhatsAppSend via GMailSend via E-Mail,93,Houses_Islamabad,2026-07-24,https://www.zameen.com/Property/dha_defence_phase_3_dha_phase_3_-_block_b_looking_for_a_corner_house_in_dha_phase_3_-_block_b_islamabad-54112153-16227-1.html
Beautiful 4Bed House Available For Sale Location F-11,PKR 9.25 Crore,92500000,9,4,10 Marla,2250.0,41111,House,False,11,hot11Share on FacebookShare on TwitterShare on WhatsAppSend via GMailSend via E-Mail,84,Houses_Islamabad,2026-07-24,https://www.zameen.com/Property/f_11_f-11_3_beautiful_4bed_house_available_for_sale_location_f-11-54512956-3284-1.html
7 Marla Brand New House For Sale,PKR 3.6 Crore,36000000,5,6,7 Marla,1575.0,22857,House,False,13,hot13Share on FacebookShare on TwitterShare on WhatsAppSend via GMailSend via E-Mail,84,Houses_Islamabad,2026-07-24,https://www.zameen.com/Property/jinnah_gardens_jinnah_gardens_phase_1_7_marla_brand_new_house_for_sale-54432471-1421-1.html
23 marla corner category triple unit fully furnished house for sale at Prime location,PKR 13 Crore,130000000,8,6,1.2 Kanal,5400.0,24074,House,True,31,31Share on FacebookShare on TwitterShare on WhatsAppSend via GMailSend via E-Mail,81,Houses_Islamabad,2026-07-24,https://www.zameen.com/Property/dha_defence_dha_defence_phase_2_23_marla_corner_category_triple_unit_fully_furnished_house_for_sale_at_prime_location-52441552-339-1.html
10 Marla Brand New Solid Constructed House For Sale With Front Open,PKR 7.25 Crore,72500000,5,6,10 Marla,2250.0,32222,House,True,14,14Share on FacebookShare on TwitterShare on WhatsAppSend via GMailSend via E-Mail,81,Houses_Islamabad,2026-07-24,https://www.zameen.com/Property/dha_defence_dha_defence_phase_2_10_marla_brand_new_solid_constructed_house_for_sale_with_front_open-52686163-339-1.html
1 Brand New Designer House For Sale In DHA Phase 2 Sector E Islamabad,PKR 13.8 Crore,138000000,5,6,1 Kanal,4500.0,30666,House,True,29,29Share on FacebookShare on TwitterShare on WhatsAppSend via GMailSend via E-Mail,81,Houses_Islamabad,2026-07-24,https://www.zameen.com/Property/dha_defence_dha_defence_phase_2_1_brand_new_designer_house_for_sale_in_dha_phase_2_sector_e_islamabad-54330897-339-1.html
1 Kanal Brand House For Sale In DHA Phase 2 Islamabad,PKR 12.95 Crore,129500000,5,6,1 Kanal,4500.0,28777,House,True,21,21Share on FacebookShare on TwitterShare on WhatsAppSend via GMailSend via E-Mail,81,Houses_Islamabad,2026-07-24,https://www.zameen.com/Property/dha_defence_dha_defence_phase_2_1_kanal_brand_house_for_sale_in_dha_phase_2_islamabad-54333323-339-1.html
1 Kanal Brand New Designer House For Sale In DHA Phase 2 Sector G Islamabad,PKR 11.5 Crore,115000000,6,6,1 Kanal,4500.0,25555,House,True,14,14Share on FacebookShare on TwitterShare on WhatsAppSend via GMailSend via E-Mail,81,Houses_Islamabad,2026-07-24,https://www.zameen.com/Property/dha_defence_dha_defence_phase_2_1_kanal_brand_new_designer_house_for_sale_in_dha_phase_2_sector_g_islamabad-54324289-339-1.html
Brand New House For Sale Soan Garden Islamabad,PKR 4.1 Crore,41000000,7,6,10 Marla,2250.0,18222,House,False,22,22Share on FacebookShare on TwitterShare on WhatsAppSend via GMailSend via E-Mail,81,Houses_Islamabad,2026-07-24,https://www.zameen.com/Property/soan_garden_soan_garden_-_block_h_brand_new_house_for_sale_soan_garden_islamabad-49658742-3498-1.html
House For Sale in G-14/2 (25x40),PKR 3.25 Crore,32500000,4,5,4 Marla,900.0,36111,House,False,23,23Share on FacebookShare on TwitterShare on WhatsAppSend via GMailSend via E-Mail,81,Houses_Islamabad,2026-07-24,https://www.zameen.com/Property/g_14_g-14_2_house_for_sale_in_g-14_2_25x40-54226481-3344-1.html
New 7 Marla (30x60) 70ft Road House For Sale in G-13 Islamabad,PKR 6.95 Crore,69500000,6,6,7 Marla,1575.0,44126,House,True,31,31Share on FacebookShare on TwitterShare on WhatsAppSend via GMailSend via E-Mail,81,Houses_Islamabad,2026-07-24,https://www.zameen.com/Property/g_13_g-13_1_new_7_marla_30x60_70ft_road_house_for_sale_in_g-13_islamabad-54122017-3337-1.html
10 Marla Ideal Luxury Single Unit House For Sale,PKR 12 Crore,120000000,5,5,10 Marla,2250.0,53333,House,True,17,super hot17VerifiedShare on FacebookShare on TwitterShare on WhatsAppSend via GMailSend via E-Mail,98,Houses_Islamabad,2026-07-24,https://www.zameen.com/Property/d_12_d-12_1_10_marla_ideal_luxury_single_unit_house_for_sale-54390493-3154-1.html
House Of 10 Marla In D-12/2 For Sale,PKR 13 Crore,130000000,5,5,10 Marla,2250.0,57777,House,True,14,super hot141VerifiedShare on FacebookShare on TwitterShare on WhatsAppSend via GMailSend via E-Mail,99,Houses_Islamabad,2026-07-24,https://www.zameen.com/Property/d_12_d-12_2_house_of_10_marla_in_d-12_2_for_sale-54390456-3155-1.html
Prime Location 20 Marla House In Beautiful Location Of Top City 1,PKR 7.4 Crore,74000000,6,7,1 Kanal,4500.0,16444,House,True,22,super hot22Share on FacebookShare on TwitterShare on WhatsAppSend via GMailSend via E-Mail,90,Houses_Islamabad,2026-07-24,https://www.zameen.com/Property/islamabad_top_city_1_prime_location_20_marla_house_in_beautiful_location_of_top_city_1-54192013-1383-1.html
10 Marla Brand New House For Sale,PKR 4.15 Crore,41500000,5,6,10 Marla,2250.0,18444,House,True,26,super hot26Share on FacebookShare on TwitterShare on WhatsAppSend via GMailSend via E-Mail,90,Houses_Islamabad,2026-07-24,https://www.zameen.com/Property/islamabad_top_city_1_10_marla_brand_new_house_for_sale-54241161-1383-1.html
Dha 2 One Kanal Brand New Luxurious Designer FURNISHED HOUSE,PKR 13.9 Crore,139000000,5,6,1 Kanal,4500.0,30888,House,True,49,super hot49Share on FacebookShare on TwitterShare on WhatsAppSend via GMailSend via E-Mail,90,Houses_Islamabad,2026-07-24,https://www.zameen.com/Property/dha_defence_dha_defence_phase_2_dha_2_one_kanal_brand_new_luxurious_designer_furnished_house-54059995-339-1.html
1 Kanal Brand New Designer Luxury House Available For Sale,PKR 12.9 Crore,129000000,7,6,1 Kanal,4500.0,28666,House,True,18,super hot181Share on FacebookShare on TwitterShare on WhatsAppSend via GMailSend via E-Mail,91,Houses_Islamabad,2026-07-24,https://www.zameen.com/Property/dha_defence_dha_defence_phase_2_1_kanal_brand_new_designer_luxury_house_available_for_sale-54450922-339-1.html
6 Marla double story house in Sector C18. (A category contruction),PKR 1.5 Crore,15000000,4,6,6 Marla,1350.0,11111,House,True,24,super hot24Share on FacebookShare on TwitterShare on WhatsAppSend via GMailSend via E-Mail,90,Houses_Islamabad,2026-07-24,https://www.zameen.com/Property/c_18_rawalpindi_housing_society_6_marla_double_story_house_in_sector_c18_a_category_contruction-54510633-8562-1.html
Affordable House For Sale In Faisal Town Phase 1 - Block A,PKR 4.1 Crore,41000000,6,6,8 Marla,1800.0,22777,House,True,44,super hot44Share on FacebookShare on TwitterShare on WhatsAppSend via GMailSend via E-Mail,90,Houses_Islamabad,2026-07-24,https://www.zameen.com/Property/faisal_town_phase_1_faisal_town_phase_1_-_block_a_affordable_house_for_sale_in_faisal_town_phase_1_-_block_a-54417881-16416-1.html
House For Sale In Block A PWD Islamabad,PKR 5.5 Crore,55000000,8,7,14 Marla,3150.0,17460,House,True,11,super hot11Share on FacebookShare on TwitterShare on WhatsAppSend via GMailSend via E-Mail,90,Houses_Islamabad,2026-07-24,https://www.zameen.com/Property/pwd_housing_scheme_pwd_housing_society_-_block_a_house_for_sale_in_block_a_pwd_islamabad-54372626-15004-1.html
10 Marla House With 1 Marla Extra Land For Sale In Gulberg Islamabad- CDA Approved,PKR 5 Crore,50000000,5,7,11 Marla,2475.0,20202,House,True,27,super hot271VerifiedShare on FacebookShare on TwitterShare on WhatsAppSend via GMailSend via E-Mail,99,Houses_Islamabad,2026-07-24,https://www.zameen.com/Property/gulberg_residencia_gulberg_residencia_-_block_h_10_marla_house_with_1_marla_extra_land_for_sale_in_gulberg_islamabad-_cda_approved-54385030-9118-1.html
Brand New luxury House for sale,PKR 2.95 Crore,29500000,5,5,4 Marla,900.0,32777,House,True,12,hot12Share on FacebookShare on TwitterShare on WhatsAppSend via GMailSend via E-Mail,84,Houses_Islamabad,2026-07-24,https://www.zameen.com/Property/i_11_i-11_2_brand_new_luxury_house_for_sale-54512386-9879-1.html
Top Of The Line Brand New Triple Storey House 1 Kanal | DHA Phase 2 Islamabad,PKR 14.5 Crore,145000000,7,6,1 Kanal,4500.0,32222,House,True,14,hot14Share on FacebookShare on TwitterShare on WhatsAppSend via GMailSend via E-Mail,84,Houses_Islamabad,2026-07-24,https://www.zameen.com/Property/dha_defence_dha_defence_phase_2_top_of_the_line_brand_new_triple_storey_house_1_kanal_dha_phase_2_islamabad-54240717-339-1.html
Beautiful 4 Bed Double Unit House Available For Sale Ideal Location 50 Feet Street F-11/3,PKR 9.9 Crore,99000000,9,5,10 Marla,2250.0,44000,House,False,34,hot34Share on FacebookShare on TwitterShare on WhatsAppSend via GMailSend via E-Mail,84,Houses_Islamabad,2026-07-24,https://www.zameen.com/Property/f_11_f-11_3_beautiful_4_bed_double_unit_house_available_for_sale_ideal_location_50_feet_street_f-11_3-51998789-3284-1.html
One Kanal Ultra Luxury Lavish House For Sale In DHA Phase 2 Islamabad,PKR 12.25 Crore,122500000,5,6,1 Kanal,4500.0,27222,House,False,14,hot14Share on FacebookShare on TwitterShare on WhatsAppSend via GMailSend via E-Mail,84,Houses_Islamabad,2026-07-24,https://www.zameen.com/Property/dha_defence_dha_defence_phase_2_one_kanal_ultra_luxury_lavish_house_for_sale_in_dha_phase_2_islamabad-54269886-339-1.html
Build Your Own One Kanal House In DHA ISLAMABAD For Sale,PKR 6.9 Crore,69000000,6,6,1 Kanal,4500.0,15333,House,False,32,hot32Share on FacebookShare on TwitterShare on WhatsAppSend via GMailSend via E-Mail,84,Houses_Islamabad,2026-07-24,https://www.zameen.com/Property/dha_defence_dha_defence_phase_2_build_your_own_one_kanal_house_in_dha_islamabad_for_sale-53475417-339-1.html
"10 Marla Luxury House for Sale Sector C-1, Bahria Enclave Islamabad (Boulevard Location)",PKR 6 Crore,60000000,5,,10 Marla,2250.0,26666,House,False,50,hot50Share on FacebookShare on TwitterShare on WhatsAppSend via GMailSend via E-Mail,84,Houses_Islamabad,2026-07-24,https://www.zameen.com/Property/bahria_enclave_bahria_enclave_-_sector_c1_10_marla_luxury_house_for_sale_sector_c-1_bahria_enclave_islamabad_boulevard_location-54082671-11987-1.html
Gulberg Residencia Block L 7 Marla Brand New House,PKR 3.3 Crore,33000000,5,6,7 Marla,1575.0,20952,House,False,29,hot29Share on FacebookShare on TwitterShare on WhatsAppSend via GMailSend via E-Mail,84,Houses_Islamabad,2026-07-24,https://www.zameen.com/Property/gulberg_residencia_gulberg_residencia_-_block_l_gulberg_residencia_block_l_7_marla_brand_new_house-53833878-9122-1.html
F-6 Prime Location Old House For Sale Golden Chances For Investors & End Users,PKR 37 Crore,370000000,4,4,1.6 Kanal,7200.0,51388,House,False,10,10Share on FacebookShare on TwitterShare on WhatsAppSend via GMailSend via E-Mail,81,Houses_Islamabad,2026-07-24,https://www.zameen.com/Property/f_6_f-6_1_f-6_prime_location_old_house_for_sale_golden_chances_for_investors_end_users-49460350-3299-1.html
30 Marla Furnished Luxury Brand New House For Sale In Dha Phase 2 Islamabad,PKR 25 Crore,250000000,7,6,1.5 Kanal,6750.0,37037,House,False,5,5Share on FacebookShare on TwitterShare on WhatsAppSend via GMailSend via E-Mail,80,Houses_Islamabad,2026-07-24,https://www.zameen.com/Property/dha_defence_phase_2_dha_phase_2_-_sector_g_30_marla_furnished_luxury_brand_new_house_for_sale_in_dha_phase_2_islamabad-45586594-3202-1.html
"Brand New 1 Kanal Modern Design, Lavish Style House Up For Sale In Dha2 Islamabad.",PKR 13.5 Crore,135000000,5,6,1 Kanal,4500.0,30000,House,True,41,41Share on FacebookShare on TwitterShare on WhatsAppSend via GMailSend via E-Mail,81,Houses_Islamabad,2026-07-24,https://www.zameen.com/Property/dha_defence_dha_defence_phase_2_brand_new_1_kanal_modern_design_lavish_style_house_up_for_sale_in_dha2_islamabad-53558497-339-1.html
"1 Kanal Brand New Beautiful, Stylish and Top Designer House Up For Sale in dha2 Islamabad.",PKR 11.5 Crore,115000000,5,6,1 Kanal,4500.0,25555,House,True,21,21Share on FacebookShare on TwitterShare on WhatsAppSend via GMailSend via E-Mail,81,Houses_Islamabad,2026-07-24,https://www.zameen.com/Property/dha_defence_dha_defence_phase_2_1_kanal_brand_new_beautiful_stylish_and_top_designer_house_up_for_sale_in_dha2_islamabad-53291449-339-1.html
Bahria Enclave Islamabad Sector G 5 Marla Furnished House For Sale,PKR 2.75 Crore,27500000,4,5,5 Marla,1125.0,24444,House,False,16,16Share on FacebookShare on TwitterShare on WhatsAppSend via GMailSend via E-Mail,81,Houses_Islamabad,2026-07-24,https://www.zameen.com/Property/bahria_enclave_bahria_enclave_-_sector_g_bahria_enclave_islamabad_sector_g_5_marla_furnished_house_for_sale-54502327-11984-1.html
Straight Line Design 1 Kanal Brand New House With Gas Meter Installed is Ready For Sale In DHA DEFENCE PHASE 2 ISLAMABAD,PKR 14.5 Crore,145000000,5,6,1 Kanal,4500.0,32222,House,False,29,29Share on FacebookShare on TwitterShare on WhatsAppSend via GMailSend via E-Mail,81,Houses_Islamabad,2026-07-24,https://www.zameen.com/Property/dha_defence_dha_defence_phase_2_straight_line_design_1_kanal_brand_new_house_with_gas_meter_installed_is_ready_for_sale_in_dha_defence_phase_2_islamabad-54347009-339-1.html
Fully Furnished 1 Kanal Brand New Designer House Ready For Sale In DHA DEFENSE PHASE 2 ISLAMABAD,PKR 14 Crore,140000000,5,1,1 Kanal,4500.0,31111,House,False,18,18Share on FacebookShare on TwitterShare on WhatsAppSend via GMailSend via E-Mail,81,Houses_Islamabad,2026-07-24,https://www.zameen.com/Property/dha_defence_dha_defence_phase_2_fully_furnished_1_kanal_brand_new_designer_house_ready_for_sale_in_dha_defense_phase_2_islamabad-54333516-339-1.html
Solid Built 1 Kanal Brand New Designer House Ready For Sale In DHA DEFENCE PHASE 2 Islamabad,PKR 14.5 Crore,145000000,6,6,1 Kanal,4500.0,32222,House,False,25,25Share on FacebookShare on TwitterShare on WhatsAppSend via GMailSend via E-Mail,81,Houses_Islamabad,2026-07-24,https://www.zameen.com/Property/dha_defence_dha_defence_phase_2_solid_built_1_kanal_brand_new_designer_house_ready_for_sale_in_dha_defence_phase_2_islamabad-54247215-339-1.html
B17 Block E Brand New House Available For Sale A+ Construction,PKR 4.3 Crore,43000000,6,6,8 Marla,1800.0,23888,House,True,27,super hot27Share on FacebookShare on TwitterShare on WhatsAppSend via GMailSend via E-Mail,90,Houses_Islamabad,2026-07-24,https://www.zameen.com/Property/mpchs_multi_gardens_mpchs_-_block_e_b17_block_e_brand_new_house_available_for_sale_a_construction-54457593-3120-1.html
Sector C2 1 Kanal Brand New House With Basement Excellent Construction Quality Sun facing House Available for Sale,PKR 14.5 Crore,145000000,7,7,1 Kanal,4500.0,32222,House,True,27,super hot27Share on FacebookShare on TwitterShare on WhatsAppSend via GMailSend via E-Mail,90,Houses_Islamabad,2026-07-24,https://www.zameen.com/Property/bahria_enclave_bahria_enclave_-_sector_c2_sector_c2_1_kanal_brand_new_house_with_basement_excellent_construction_quality_sun_facing_house_available_for_sale-54210274-11988-1.html
BEAUTIFUL LOCATION MODERN LUXURY HOUSE FOR SALE SOLID CONSTRUCTION,PKR 12 Crore,120000000,5,6,10 Marla,2250.0,53333,House,True,22,super hot22Share on FacebookShare on TwitterShare on WhatsAppSend via GMailSend via E-Mail,90,Houses_Islamabad,2026-07-24,https://www.zameen.com/Property/islamabad_d-12_beautiful_location_modern_luxury_house_for_sale_solid_construction-54460361-160-1.html
"8 Marla Brand New Park-Facing House with 0.5 Marla Extra Land located in the prime location of Bahria Enclave, Sector N, Islamabad. ( CDA LOP approved",PKR 4.25 Crore,42500000,5,6,8 Marla,1800.0,23611,House,True,41,super hot411VerifiedShare on FacebookShare on TwitterShare on WhatsAppSend via GMailSend via E-Mail,99,Houses_Islamabad,2026-07-24,https://www.zameen.com/Property/bahria_enclave_bahria_enclave_-_sector_n_8_marla_brand_new_park-facing_house_with_0_5_marla_extra_land_located_in_the_prime_location_of_bahria_enclave_sector_n_islamabad_cda_lop_approved-54496059-11975-1.html
"10 Marla Luxury House With Basement For Sale Sector C1, Bahria Enclave Islamabad",PKR 5.7 Crore,57000000,8,7,10 Marla,2250.0,25333,House,True,8,super hot8Share on FacebookShare on TwitterShare on WhatsAppSend via GMailSend via E-Mail,89,Houses_Islamabad,2026-07-24,https://www.zameen.com/Property/bahria_enclave_bahria_enclave_-_sector_c1_10_marla_luxury_house_with_basement_for_sale_sector_c1_bahria_enclave_islamabad-54398830-11987-1.html
"Huge Plot On Prime Location, Double Story 5 Bedrooms House For Sale,",PKR 1.05 Arab,1050000000,1,6,4.3 Kanal,19350.0,54263,House,True,19,super hot19Share on FacebookShare on TwitterShare on WhatsAppSend via GMailSend via E-Mail,90,Houses_Islamabad,2026-07-24,https://www.zameen.com/Property/islamabad_g-6_huge_plot_on_prime_location_double_story_5_bedrooms_house_for_sale-54510208-169-1.html
14 Marla (40x80) Beautiful Brand New Modern Design Double Storey House For Sale In G-13 Islamabad,PKR 12.5 Crore,125000000,7,6,14 Marla,3150.0,39682,House,True,38,super hot38Share on FacebookShare on TwitterShare on WhatsAppSend via GMailSend via E-Mail,90,Houses_Islamabad,2026-07-24,https://www.zameen.com/Property/islamabad_g-13_14_marla_40x80_beautiful_brand_new_modern_design_double_storey_house_for_sale_in_g-13_islamabad-54502139-330-1.html
10 Marla House Available For Sale!!,PKR 4.95 Crore,49500000,5,6,10 Marla,2250.0,22000,House,True,27,super hot27Share on FacebookShare on TwitterShare on WhatsAppSend via GMailSend via E-Mail,90,Houses_Islamabad,2026-07-24,https://www.zameen.com/Property/bahria_town_bahria_enclave_10_marla_house_available_for_sale-53760256-1705-1.html
5 Marla Boulevard Category Designer House Available For Sale  Front Open House  Just 2 Mnt Drive From The Main Gate!!,PKR 3.3 Crore,33000000,3,5,5 Marla,1125.0,29333,House,True,50,super hot50Share on FacebookShare on TwitterShare on WhatsAppSend via GMailSend via E-Mail,90,Houses_Islamabad,2026-07-24,https://www.zameen.com/Property/bahria_enclave_bahria_enclave_-_sector_b1_5_marla_boulevard_category_designer_house_available_for_sale_front_open_house_just_2_mnt_drive_from_the_main_gate-54326959-11972-1.html
10 Marla Designer House Available For Sale  just 2 Mnt Drive From the Main Gate!!,PKR 5.2 Crore,52000000,5,6,10 Marla,2250.0,23111,House,True,50,super hot50Share on FacebookShare on TwitterShare on WhatsAppSend via GMailSend via E-Mail,90,Houses_Islamabad,2026-07-24,https://www.zameen.com/Property/bahria_town_bahria_enclave_10_marla_designer_house_available_for_sale_just_2_mnt_drive_from_the_main_gate-54490788-1705-1.html
Well Maintained Beautiful Corner House Near Mcdonalds For Sale,PKR 9.5 Crore,95000000,6,6,1 Kanal,4500.0,21111,House,True,24,hot24Share on FacebookShare on TwitterShare on WhatsAppSend via GMailSend via E-Mail,84,Houses_Islamabad,2026-07-24,https://www.zameen.com/Property/dha_defence_dha_defence_phase_2_well_maintained_beautiful_corner_house_near_mcdonalds_for_sale-45488567-339-1.html
10 Marla Brand New House For Sale in Top city-1 Islamabad,PKR 4.5 Crore,45000000,5,6,10 Marla,2250.0,20000,House,True,16,hot16Share on FacebookShare on TwitterShare on WhatsAppSend via GMailSend via E-Mail,84,Houses_Islamabad,2026-07-24,https://www.zameen.com/Property/top_city_1_top_city_1_-_block_a_10_marla_brand_new_house_for_sale_in_top_city-1_islamabad-53681458-9231-1.html
Investor Rate House Available for Sale,PKR 8.7 Crore,87000000,7,6,1 Kanal,4500.0,19333,House,False,12,hot12Share on FacebookShare on TwitterShare on WhatsAppSend via GMailSend via E-Mail,84,Houses_Islamabad,2026-07-24,https://www.zameen.com/Property/dha_defence_dha_defence_phase_2_investor_rate_house_available_for_sale-54400811-339-1.html
9 Bedroom Triple Unit House Available For Sale In DHA 1,PKR 9.5 Crore,95000000,9,6,1 Kanal,4500.0,21111,House,False,14,hot14Share on FacebookShare on TwitterShare on WhatsAppSend via GMailSend via E-Mail,84,Houses_Islamabad,2026-07-24,https://www.zameen.com/Property/dha_defence_dha_defence_phase_1_9_bedroom_triple_unit_house_available_for_sale_in_dha_1-54379844-376-1.html
5 bedroom Double Unit house For Sale,PKR 8 Crore,80000000,8,6,1 Kanal,4500.0,17777,House,False,8,hot8Share on FacebookShare on TwitterShare on WhatsAppSend via GMailSend via E-Mail,83,Houses_Islamabad,2026-07-24,https://www.zameen.com/Property/dha_defence_dha_defence_phase_1_5_bedroom_double_unit_house_for_sale-54389388-376-1.html
24 Marla 7 Bedroom Triple Unit House Available For Sale,PKR 12.5 Crore,125000000,12,6,1.2 Kanal,5400.0,23148,House,False,7,hot7Share on FacebookShare on TwitterShare on WhatsAppSend via GMailSend via E-Mail,83,Houses_Islamabad,2026-07-24,https://www.zameen.com/Property/dha_defence_dha_defence_phase_1_24_marla_7_bedroom_triple_unit_house_available_for_sale-54405992-376-1.html
Premium Living in DHA 2 1 Kanal Designer Home for Sale in DHA DEFENCE PHASE II.,PKR 13.7 Crore,137000000,5,6,1 Kanal,4500.0,30444,House,True,26,hot26Share on FacebookShare on TwitterShare on WhatsAppSend via GMailSend via E-Mail,84,Houses_Islamabad,2026-07-24,https://www.zameen.com/Property/dha_defence_dha_defence_phase_2_premium_living_in_dha_2_1_kanal_designer_home_for_sale_in_dha_defence_phase_ii-53981927-339-1.html
Beautiful Furnished House Available For Sale On Prime Location,PKR 40 Crore,400000000,5,6,1.3 Kanal,5850.0,68376,House,False,12,12Share on FacebookShare on TwitterShare on WhatsAppSend via GMailSend via E-Mail,81,Houses_Islamabad,2026-07-24,https://www.zameen.com/Property/islamabad_f-7_beautiful_furnished_house_available_for_sale_on_prime_location-54139316-165-1.html
5 Marla Single Storey Structure Available For Sale,PKR 55 Lakh,5500000,2,3,5 Marla,1125.0,4888,Unknown,False,5,5Share on FacebookShare on TwitterShare on WhatsAppSend via GMailSend via E-Mail,80,Houses_Islamabad,2026-07-24,https://www.zameen.com/Property/islamabad_d-17_5_marla_single_storey_structure_available_for_sale-54087839-737-1.html
12 Marla Brand New Double Storey House available for Sale,PKR 4.25 Crore,42500000,7,7,12 Marla,2700.0,15740,House,False,19,19Share on FacebookShare on TwitterShare on WhatsAppSend via GMailSend via E-Mail,81,Houses_Islamabad,2026-07-24,https://www.zameen.com/Property/islamabad_e-18_12_marla_brand_new_double_storey_house_available_for_sale-54156916-332-1.html
8 Marla Brand New Double Story House Available For Sale In Sector F-17 Islamabad,PKR 3.1 Crore,31000000,5,7,8 Marla,1800.0,17222,House,False,17,17Share on FacebookShare on TwitterShare on WhatsAppSend via GMailSend via E-Mail,81,Houses_Islamabad,2026-07-24,https://www.zameen.com/Property/islamabad_f-17_8_marla_brand_new_double_story_house_available_for_sale_in_sector_f-17_islamabad-54484609-335-1.html
8 Marla Brand New Double Story House available for Sale,PKR 2.5 Crore,25000000,6,7,8 Marla,1800.0,13888,House,False,15,15Share on FacebookShare on TwitterShare on WhatsAppSend via GMailSend via E-Mail,81,Houses_Islamabad,2026-07-24,https://www.zameen.com/Property/islamabad_e-18_8_marla_brand_new_double_story_house_available_for_sale-54507228-332-1.html
8 Marla House available for Sale,PKR 1.63 Crore,16299999,3,4,8 Marla,1800.0,9055,House,False,7,7Share on FacebookShare on TwitterShare on WhatsAppSend via GMailSend via E-Mail,80,Houses_Islamabad,2026-07-24,https://www.zameen.com/Property/islamabad_e-18_8_marla_house_available_for_sale-54507277-332-1.html
brand New House available for sale,PKR 5.5 Crore,55000000,6,5,10 Marla,2250.0,24444,House,True,39,39Share on FacebookShare on TwitterShare on WhatsAppSend via GMailSend via E-Mail,81,Houses_Islamabad,2026-07-24,https://www.zameen.com/Property/bahria_town_bahria_enclave_brand_new_house_available_for_sale-54512762-1705-1.html
1 KANAL DOUBLE STOREY HOUSE FOR SALE,PKR 7.5 Crore,75000000,8,,1 Kanal,4500.0,16666,House,False,15,15Share on FacebookShare on TwitterShare on WhatsAppSend via GMailSend via E-Mail,81,Houses_Islamabad,2026-07-24,https://www.zameen.com/Property/soan_garden_soan_garden_-_block_h_1_kanal_double_storey_house_for_sale-54326253-3498-1.html
Luxury 5 Marla House For Sale DHA Islamabad,PKR 4.1 Crore,41000000,3,4,5 Marla,1125.0,36444,House,True,17,super hot17Share on FacebookShare on TwitterShare on WhatsAppSend via GMailSend via E-Mail,90,Houses_Islamabad,2026-07-24,https://www.zameen.com/Property/dha_defence_dha_defence_phase_2_luxury_5_marla_house_for_sale_dha_islamabad-54421398-339-1.html
sunface brand new A+ construction house available for sale,PKR 4.3 Crore,43000000,5,6,8 Marla,1800.0,23888,House,True,14,super hot14Share on FacebookShare on TwitterShare on WhatsAppSend via GMailSend via E-Mail,90,Houses_Islamabad,2026-07-24,https://www.zameen.com/Property/mpchs_multi_gardens_mpchs_-_block_e_sunface_brand_new_a_construction_house_available_for_sale-54509341-3120-1.html
Get In Touch Now To Buy A 5 Marla House In Faisal Hills,PKR 2.15 Crore,21500000,,,5 Marla,1125.0,19111,House,True,1,super hot1Share on FacebookShare on TwitterShare on WhatsAppSend via GMailSend via E-Mail,89,Houses_Islamabad,2026-07-24,https://www.zameen.com/Property/islamabad_faisal_hills_get_in_touch_now_to_buy_a_5_marla_house_in_faisal_hills-54250083-10859-1.html
Bharia Enclave Islamabad Sector N 5 Marla Designer House For Sale,PKR 3.2 Crore,32000000,3,3,5 Marla,1125.0,28444,House,True,14,super hot14Share on FacebookShare on TwitterShare on WhatsAppSend via GMailSend via E-Mail,90,Houses_Islamabad,2026-07-24,https://www.zameen.com/Property/bahria_enclave_bahria_enclave_-_sector_n_bharia_enclave_islamabad_sector_n_5_marla_designer_house_for_sale-54330158-11975-1.html
"Prime Investment & Luxury Living: 1 Kanal Double-Storey House in I-8/3, Islamabad",PKR 22 Crore,220000000,,,1 Kanal,4500.0,48888,House,True,,super hotShare on FacebookShare on TwitterShare on WhatsAppSend via GMailSend via E-Mail,88,Houses_Islamabad,2026-07-24,https://www.zameen.com/Property/i_8_i-8_3_prime_investment_luxury_living_1_kanal_double-storey_house_in_i-8_3_islamabad-54510210-3443-1.html
Owner Built 10 Marla Beautiful Brand New Designer House Available For Sale Just 1 Mnt Drive From The Main Gate!!,PKR 5.2 Crore,52000000,5,6,10 Marla,2250.0,23111,House,True,50,super hot50Share on FacebookShare on TwitterShare on WhatsAppSend via GMailSend via E-Mail,90,Houses_Islamabad,2026-07-24,https://www.zameen.com/Property/bahria_enclave_bahria_enclave_-_sector_c1_owner_built_10_marla_beautiful_brand_new_designer_house_available_for_sale_just_1_mnt_drive_from_the_main_gate-52795090-11987-1.html
"Luxurious 8 Marla Designer House For Sale | Block A, Faisal Town Phase 1 | Park Facing On 100ft Main Boulevard",PKR 5.1 Crore,51000000,5,6,8 Marla,1800.0,28333,House,True,18,super hot181Share on FacebookShare on TwitterShare on WhatsAppSend via GMailSend via E-Mail,91,Houses_Islamabad,2026-07-24,https://www.zameen.com/Property/faisal_town_phase_1_faisal_town_phase_1_-_block_a_luxurious_8_marla_designer_house_for_sale_block_a_faisal_town_phase_1_park_facing_on_100ft_main_boulevard-54508402-16416-1.html
13 Marla House Available For Sale Dha Phase 3,PKR 6 Crore,60000000,5,5,13 Marla,2925.0,20512,House,True,18,super hot18Share on FacebookShare on TwitterShare on WhatsAppSend via GMailSend via E-Mail,90,Houses_Islamabad,2026-07-24,https://www.zameen.com/Property/dha_defence_dha_defence_phase_3_13_marla_house_available_for_sale_dha_phase_3-54224567-8412-1.html
3 Kanal Spacious House Available In Bani Gala For sale,PKR 14 Crore,140000000,6,6,3.5 Kanal,15750.0,8888,House,True,29,super hot29Share on FacebookShare on TwitterShare on WhatsAppSend via GMailSend via E-Mail,90,Houses_Islamabad,2026-07-24,https://www.zameen.com/Property/islamabad_bani_gala_3_kanal_spacious_house_available_in_bani_gala_for_sale-54474237-340-1.html
8 Marla corner double story designer house,PKR 3.7 Crore,37000000,5,6,8 Marla,1800.0,20555,House,True,22,super hot22Share on FacebookShare on TwitterShare on WhatsAppSend via GMailSend via E-Mail,90,Houses_Islamabad,2026-07-24,https://www.zameen.com/Property/islamabad_bani_gala_8_marla_corner_double_story_designer_house-54495916-340-1.html
Fully Furnished 1 Kanal Stylish House For Sale In DHA Phase 2 Islamabad,PKR 16 Crore,160000000,5,6,1 Kanal,4500.0,35555,House,True,14,hot14Share on FacebookShare on TwitterShare on WhatsAppSend via GMailSend via E-Mail,84,Houses_Islamabad,2026-07-24,https://www.zameen.com/Property/dha_defence_dha_defence_phase_2_fully_furnished_1_kanal_stylish_house_for_sale_in_dha_phase_2_islamabad-54495231-339-1.html
1 Kanal Brand New Designer House For Sale In DHA Phase 2 Sector G Islamabad,PKR 11.5 Crore,115000000,5,6,1 Kanal,4500.0,25555,House,True,14,hot14Share on FacebookShare on TwitterShare on WhatsAppSend via GMailSend via E-Mail,84,Houses_Islamabad,2026-07-24,https://www.zameen.com/Property/dha_defence_dha_defence_phase_2_1_kanal_brand_new_designer_house_for_sale_in_dha_phase_2_sector_g_islamabad-54328001-339-1.html
30 X 60 8 Marla Used House For Sale In G-13 Islamabad,PKR 5.25 Crore,52500000,5,5,8 Marla,1800.0,29166,House,False,15,hot15Share on FacebookShare on TwitterShare on WhatsAppSend via GMailSend via E-Mail,84,Houses_Islamabad,2026-07-24,https://www.zameen.com/Property/g_13_g-13_3_30_x_60_8_marla_used_house_for_sale_in_g-13_islamabad-54492574-3339-1.html
Brand New Corner House Available For Sale,PKR 3.99 Crore,39900000,4,6,8 Marla,1800.0,22166,House,False,20,hot20Share on FacebookShare on TwitterShare on WhatsAppSend via GMailSend via E-Mail,84,Houses_Islamabad,2026-07-24,https://www.zameen.com/Property/fechs_jinnah_gardens_brand_new_corner_house_available_for_sale-54483408-1420-1.html
10 Marla Sun Facing Double Road Corner House For Sale In G 13 Islamabad,PKR 8 Crore,80000000,4,5,10 Marla,2250.0,35555,House,False,27,hot27Share on FacebookShare on TwitterShare on WhatsAppSend via GMailSend via E-Mail,84,Houses_Islamabad,2026-07-24,https://www.zameen.com/Property/islamabad_g-13_10_marla_sun_facing_double_road_corner_house_for_sale_in_g_13_islamabad-54492200-330-1.html
D-12/3 Luxury House | 5 Marla Extra Land | 9 Crore,PKR 9 Crore,90000000,6,6,5 Marla,1125.0,80000,House,False,26,hot26Share on FacebookShare on TwitterShare on WhatsAppSend via GMailSend via E-Mail,84,Houses_Islamabad,2026-07-24,https://www.zameen.com/Property/d_12_d-12_3_d-12_3_luxury_house_5_marla_extra_land_9_crore-54465108-3156-1.html
Brand New Designer House For Sale,PKR 9 Crore,90000000,7,6,7 Marla,1575.0,57142,House,False,12,hot12Share on FacebookShare on TwitterShare on WhatsAppSend via GMailSend via E-Mail,84,Houses_Islamabad,2026-07-24,https://www.zameen.com/Property/islamabad_d-12_brand_new_designer_house_for_sale-54486070-160-1.html
Premium 666 Square Yards House Is Available For Sale In Islamabad,PKR 22 Crore,220000000,6,6,1.3 Kanal,5850.0,37606,House,True,8,8VerifiedShare on FacebookShare on TwitterShare on WhatsAppSend via GMailSend via E-Mail,88,Houses_Islamabad,2026-07-24,https://www.zameen.com/Property/f_10_f-10_2_premium_666_square_yards_house_is_available_for_sale_in_islamabad-48290591-3277-1.html
Single Storey 5 MARLA HOUSE Demand 1 Coror Electricity Water Registry Intkal Tahir Khan,PKR 99 Lakh,9900000,3,3,5 Marla,1125.0,8800,House,False,11,11Share on FacebookShare on TwitterShare on WhatsAppSend via GMailSend via E-Mail,81,Houses_Islamabad,2026-07-24,https://www.zameen.com/Property/islamabad_bani_gala_single_storey_5_marla_house_demand_1_coror_electricity_water_registry_intkal_tahir_khan-52434629-340-1.html
2.50 Marla House Electricity water 25 foot Gali hy Registery intiqal,PKR 45 Lakh,4500000,3,2,2.8 Marla,630.0,7142,House,False,21,21Share on FacebookShare on TwitterShare on WhatsAppSend via GMailSend via E-Mail,81,Houses_Islamabad,2026-07-24,https://www.zameen.com/Property/islamabad_ali_pur_2_50_marla_house_electricity_water_25_foot_gali_hy_registery_intiqal-53549527-3111-1.html
New 2.25 Marla Electricity Meter No Water Street 14 Foot Registry Intiqal,PKR 43 Lakh,4300000,2,2,2.2 Marla,495.00000000000006,8686,Unknown,False,17,17Share on FacebookShare on TwitterShare on WhatsAppSend via GMailSend via E-Mail,81,Houses_Islamabad,2026-07-24,https://www.zameen.com/Property/marwa_town_marwa_town_-_block_b_new_2_25_marla_electricity_meter_no_water_street_14_foot_registry_intiqal-53494558-16422-1.html
New 3 Marla House For Sale Final 60 Lack Electricity Water,PKR 59 Lakh,5900000,2,2,3 Marla,675.0,8740,House,False,32,32Share on FacebookShare on TwitterShare on WhatsAppSend via GMailSend via E-Mail,81,Houses_Islamabad,2026-07-24,https://www.zameen.com/Property/islamabad_marwa_town_new_3_marla_house_for_sale_final_60_lack_electricity_water-53233987-10078-1.html
Single 10 Marla House Demand 2.20 Electricity Water Gas Meter 2 BIG Car Porch,PKR 2 Crore,20000000,4,4,10 Marla,2250.0,8888,House,False,40,40Share on FacebookShare on TwitterShare on WhatsAppSend via GMailSend via E-Mail,81,Houses_Islamabad,2026-07-24,https://www.zameen.com/Property/islamabad_tarlai_single_10_marla_house_demand_2_20_electricity_water_gas_meter_2_big_car_porch-52704852-1144-1.html
5 Marla House 1.5 Story Electricity water 30 foot Gali Registery Intiqal,PKR 1.15 Crore,11500000,4,4,5 Marla,1125.0,10222,House,False,26,26Share on FacebookShare on TwitterShare on WhatsAppSend via GMailSend via E-Mail,81,Houses_Islamabad,2026-07-24,https://www.zameen.com/Property/islamabad_thanda_pani_5_marla_house_1_5_story_electricity_water_30_foot_gali_registery_intiqal-52588251-8538-1.html
House for sale G10/1,PKR 6.5 Crore,65000000,5,5,6 Marla,1350.0,48148,House,False,18,18Share on FacebookShare on TwitterShare on WhatsAppSend via GMailSend via E-Mail,81,Houses_Islamabad,2026-07-24,https://www.zameen.com/Property/islamabad_g-10_house_for_sale_g10_1-54512706-167-1.html
1 Kanal Prime Location Livable House Available For Sale Near Rana Market,PKR 28.5 Crore,285000000,6,6,1 Kanal,4500.0,63333,House,True,,super hotShare on FacebookShare on TwitterShare on WhatsAppSend via GMailSend via E-Mail,88,Houses_Islamabad,2026-07-24,https://www.zameen.com/Property/f_7_f-7_2_1_kanal_prime_location_livable_house_available_for_sale_near_rana_market-54424208-3308-1.html
"Luxurious 10 Marla A+ Grade Designer House for Sale in Sector F, Bahria Enclave Back Open",PKR 5.3 Crore,53000000,5,6,10 Marla,2250.0,23555,House,True,50,super hot50Share on FacebookShare on TwitterShare on WhatsAppSend via GMailSend via E-Mail,90,Houses_Islamabad,2026-07-24,https://www.zameen.com/Property/bahria_enclave_bahria_enclave_-_sector_f_luxurious_10_marla_a_grade_designer_house_for_sale_in_sector_f_bahria_enclave_back_open-54414245-11985-1.html
Faisal Town 7 Marla House For Sale,PKR 3.35 Crore,33500000,4,4,7 Marla,1575.0,21269,House,True,22,super hot22Share on FacebookShare on TwitterShare on WhatsAppSend via GMailSend via E-Mail,90,Houses_Islamabad,2026-07-24,https://www.zameen.com/Property/islamabad_faisal_town_-_f-18_faisal_town_7_marla_house_for_sale-53749716-8260-1.html
1 Kanal Designer House For Sale In DHA Phase 2 Near To Central Park,PKR 15.9 Crore,159000000,5,6,1 Kanal,4500.0,35333,House,True,28,super hot28Share on FacebookShare on TwitterShare on WhatsAppSend via GMailSend via E-Mail,90,Houses_Islamabad,2026-07-24,https://www.zameen.com/Property/dha_defence_dha_defence_phase_2_1_kanal_designer_house_for_sale_in_dha_phase_2_near_to_central_park-54480942-339-1.html
Modern Design Brand New House Available For Sale In I-10/2 (6 Marla),PKR 6.1 Crore,61000000,5,5,6 Marla,1350.0,45185,House,True,30,super hot301VerifiedShare on FacebookShare on TwitterShare on WhatsAppSend via GMailSend via E-Mail,99,Houses_Islamabad,2026-07-24,https://www.zameen.com/Property/islamabad_i-10_modern_design_brand_new_house_available_for_sale_in_i-10_2_6_marla-54357732-173-1.html
10 Marla Corner House For Sale 4 Bed Double Unit Dha Phase 2 Islamabad,PKR 5.5 Crore,55000000,5,4,10 Marla,2250.0,24444,House,True,44,super hot44Share on FacebookShare on TwitterShare on WhatsAppSend via GMailSend via E-Mail,90,Houses_Islamabad,2026-07-24,https://www.zameen.com/Property/dha_defence_dha_defence_phase_2_10_marla_corner_house_for_sale_4_bed_double_unit_dha_phase_2_islamabad-54484362-339-1.html
E11 Such A Amazing What A Outstanding Brand New Triple Storey House 8 beds For Sale,PKR 16.5 Crore,165000000,16,,1 Kanal,4500.0,36666,House,True,47,super hot47Share on FacebookShare on TwitterShare on WhatsAppSend via GMailSend via E-Mail,90,Houses_Islamabad,2026-07-24,https://www.zameen.com/Property/islamabad_e-11_e11_such_a_amazing_what_a_outstanding_brand_new_triple_storey_house_8_beds_for_sale-52246066-329-1.html
Elegant & Elevated Furnished Brand New House For Sale,PKR 11.8 Crore,118000000,5,,1 Kanal,4500.0,26222,House,True,30,super hot30Share on FacebookShare on TwitterShare on WhatsAppSend via GMailSend via E-Mail,90,Houses_Islamabad,2026-07-24,https://www.zameen.com/Property/dha_defence_dha_defence_phase_2_elegant_elevated_furnished_brand_new_house_for_sale-52701424-339-1.html
DHA Phase 2 Sector E House For Sale,PKR 13.8 Crore,138000000,5,6,1 Kanal,4500.0,30666,House,True,47,super hot47Share on FacebookShare on TwitterShare on WhatsAppSend via GMailSend via E-Mail,90,Houses_Islamabad,2026-07-24,https://www.zameen.com/Property/dha_defence_phase_2_dha_phase_2_-_sector_e_dha_phase_2_sector_e_house_for_sale-54089870-3200-1.html
8 Marla Triple Storey House Rahman Enclave Lehtrar Road Islamabad All Facilities Available Near Park And Masjid Urgent Sale Reasonable Price,PKR 4.8 Crore,48000000,7,6,8 Marla,1800.0,26666,House,True,13,super hot131Share on FacebookShare on TwitterShare on WhatsAppSend via GMailSend via E-Mail,91,Houses_Islamabad,2026-07-24,https://www.zameen.com/Property/lehtrar_road_rahman_enclave_8_marla_triple_storey_house_rahman_enclave_lehtrar_road_islamabad_all_facilities_available_near_park_and_masjid_urgent_sale_reasonable_price-52247589-17143-1.html
1 Kanal House Available For Sale In DHA Phase 2 Islamabad,PKR 7.85 Crore,78500000,6,6,1 Kanal,4500.0,17444,House,True,25,hot25Share on FacebookShare on TwitterShare on WhatsAppSend via GMailSend via E-Mail,84,Houses_Islamabad,2026-07-24,https://www.zameen.com/Property/dha_defence_dha_defence_phase_2_1_kanal_house_available_for_sale_in_dha_phase_2_islamabad-54417511-339-1.html
1 Kanal Ultra Luxury Designer House for Sale in DHA Phase 2 Islamabad | 7 Master Bedrooms | Prime Location Near Central Park DHA Phase 2 & Islamabad Expressway | Elegant Living | Double Kitchens | Ser,PKR 10.75 Crore,107500000,10,6,1 Kanal,4500.0,23888,House,True,13,hot13Share on FacebookShare on TwitterShare on WhatsAppSend via GMailSend via E-Mail,84,Houses_Islamabad,2026-07-24,https://www.zameen.com/Property/dha_defence_dha_defence_phase_2_1_kanal_ultra_luxury_designer_house_for_sale_in_dha_phase_2_islamabad_7_master_bedrooms_prime_location_near_central_park_dha_phase_2_islamabad_expressway_elegant_living_double_kitchens_servant_accommodation_parking_for_3-54121234-339-1.html
Brand New House For Sale,PKR 3.2 Crore,32000000,5,6,6 Marla,1350.0,23703,House,False,30,hot30Share on FacebookShare on TwitterShare on WhatsAppSend via GMailSend via E-Mail,84,Houses_Islamabad,2026-07-24,https://www.zameen.com/Property/islamabad_korang_town_brand_new_house_for_sale-53633933-445-1.html
"A Beautifully Brand New Luxury Residence Located In The Heart Of F-6, Offering Exceptional Comfort, Modern Living, And Top-Class Facilities.",PKR 1.1 Arab,1100000000,8,7,2.1 Kanal,9450.0,116402,Unknown,False,34,hot34Share on FacebookShare on TwitterShare on WhatsAppSend via GMailSend via E-Mail,84,Houses_Islamabad,2026-07-24,https://www.zameen.com/Property/islamabad_f-6_a_beautifully_brand_new_luxury_residence_located_in_the_heart_of_f-6_offering_exceptional_comfort_modern_living_and_top-class_facilities-53629713-164-1.html
10 Marla Designer House | 5 Bed | 15kW Solar | Ready to Move | Available for Sale dha phase 2 Islamabad,PKR 7.25 Crore,72500000,7,6,10 Marla,2250.0,32222,House,False,26,hot26Share on FacebookShare on TwitterShare on WhatsAppSend via GMailSend via E-Mail,84,Houses_Islamabad,2026-07-24,https://www.zameen.com/Property/dha_defence_dha_defence_phase_2_10_marla_designer_house_5_bed_15kw_solar_ready_to_move_available_for_sale_dha_phase_2_islamabad-54512298-339-1.html
"12 Marla Beautiful House Available for sale in Islamabad G-14/4 near Islamabad international Airport, Motorway on main Sirinagar highway",PKR 11 Crore,110000000,11,7,14 Marla,3150.0,34920,House,False,8,hot8Share on FacebookShare on TwitterShare on WhatsAppSend via GMailSend via E-Mail,83,Houses_Islamabad,2026-07-24,https://www.zameen.com/Property/g_14_g-14_4_12_marla_beautiful_house_available_for_sale_in_islamabad_g-14_4_near_islamabad_international_airport_motorway_on_main_sirinagar_highway-53747650-3346-1.html
Luxury 1 Kanal House For Sale | J Block Naval Anchorage | Main Road,PKR 11 Crore,110000000,6,7,1 Kanal,4500.0,24444,House,False,24,hot24Share on FacebookShare on TwitterShare on WhatsAppSend via GMailSend via E-Mail,84,Houses_Islamabad,2026-07-24,https://www.zameen.com/Property/naval_anchorage_naval_anchorage_-_block_j_luxury_1_kanal_house_for_sale_j_block_naval_anchorage_main_road-54453461-9160-1.html
5 Marla House Demand 1.40 . . . . . 20 Feet Street Gas Electricity Madina Town Tarlai ISB Registery Intiqal Tahir Khan 03115850472,PKR 1.38 Crore,13799999,4,6,5 Marla,1125.0,12266,House,False,20,20Share on FacebookShare on TwitterShare on WhatsAppSend via GMailSend via E-Mail,81,Houses_Islamabad,2026-07-24,https://www.zameen.com/Property/islamabad_tarlai_5_marla_house_demand_1_40_20_feet_street_gas_electricity_madina_town_tarlai_isb_registery_intiqal_tahir_khan_03115850472-54153258-1144-1.html
New 5 Marla House Demand 1.05 Electricity Water Borin Registery Intiqal,PKR 99 Lakh,9900000,2,3,5 Marla,1125.0,8800,House,False,12,12Share on FacebookShare on TwitterShare on WhatsAppSend via GMailSend via E-Mail,81,Houses_Islamabad,2026-07-24,https://www.zameen.com/Property/islamabad_bani_gala_new_5_marla_house_demand_1_05_electricity_water_borin_registery_intiqal-53985926-340-1.html
5 Marla Double Storey House Electricity Water 20 Feet Street Registry Intiqal,PKR 1.29 Crore,12900000,6,4,5 Marla,1125.0,11466,House,False,20,20Share on FacebookShare on TwitterShare on WhatsAppSend via GMailSend via E-Mail,81,Houses_Islamabad,2026-07-24,https://www.zameen.com/Property/islamabad_tarlai_5_marla_double_storey_house_electricity_water_20_feet_street_registry_intiqal-53985920-1144-1.html
New 6 Marla corner Double Story House Electricity water Demand 1.90 Registery intiqal,PKR 1.89 Crore,18900000,6,7,6 Marla,1350.0,14000,House,False,19,19Share on FacebookShare on TwitterShare on WhatsAppSend via GMailSend via E-Mail,81,Houses_Islamabad,2026-07-24,https://www.zameen.com/Property/islamabad_bani_gala_new_6_marla_corner_double_story_house_electricity_water_demand_1_90_registery_intiqal-53940397-340-1.html
Well Maintained Owner Built House,PKR 4.45 Crore,44500000,5,6,6 Marla,1350.0,32962,House,False,20,20Share on FacebookShare on TwitterShare on WhatsAppSend via GMailSend via E-Mail,81,Houses_Islamabad,2026-07-24,https://www.zameen.com/Property/islamabad_i-11_well_maintained_owner_built_house-54215094-706-1.html
5 marla house for sale 2 bed dha phase 2 Islamabad,PKR 3.7 Crore,37000000,3,2,5 Marla,1125.0,32888,House,False,8,8Share on FacebookShare on TwitterShare on WhatsAppSend via GMailSend via E-Mail,80,Houses_Islamabad,2026-07-24,https://www.zameen.com/Property/dha_defence_dha_defence_phase_2_5_marla_house_for_sale_2_bed_dha_phase_2_islamabad-54512629-339-1.html
30x60 Triple story House for sale in F-15/1 Islamabad,PKR 3.6 Crore,36000000,7,7,8 Marla,1800.0,20000,House,False,16,16Share on FacebookShare on TwitterShare on WhatsAppSend via GMailSend via E-Mail,81,Houses_Islamabad,2026-07-24,https://www.zameen.com/Property/f_15_f-15_1_30x60_triple_story_house_for_sale_in_f-15_1_islamabad-54512608-3291-1.html
5 marla 3 bed house for sale sector A dha phase 3 Islamabad,PKR 3.1 Crore,31000000,3,4,5 Marla,1125.0,27555,House,False,19,19Share on FacebookShare on TwitterShare on WhatsAppSend via GMailSend via E-Mail,81,Houses_Islamabad,2026-07-24,https://www.zameen.com/Property/dha_defence_phase_3_dha_phase_3_-_block_a_5_marla_3_bed_house_for_sale_sector_a_dha_phase_3_islamabad-54512600-16228-1.html
Sector A Designer House For Sale in Bahria Enclave Islamabad,PKR 5.34 Crore,53400000,5,6,10 Marla,2250.0,23733,House,True,12,super hot12Share on FacebookShare on TwitterShare on WhatsAppSend via GMailSend via E-Mail,90,Houses_Islamabad,2026-07-24,https://www.zameen.com/Property/bahria_enclave_bahria_enclave_-_sector_a_sector_a_designer_house_for_sale_in_bahria_enclave_islamabad-54499395-11970-1.html
Best House Of Dha Available For Sale,PKR 16 Crore,160000000,5,6,1 Kanal,4500.0,35555,House,True,18,super hot18Share on FacebookShare on TwitterShare on WhatsAppSend via GMailSend via E-Mail,90,Houses_Islamabad,2026-07-24,https://www.zameen.com/Property/dha_defence_dha_defence_phase_2_best_house_of_dha_available_for_sale-54162847-339-1.html
F7 Porsche Located 1777 Sqy Big Lawn House Near to Margalla Road for Sale,PKR 99 Crore,990000000,4,5,3.6 Kanal,16200.0,61111,House,True,17,super hot17Share on FacebookShare on TwitterShare on WhatsAppSend via GMailSend via E-Mail,90,Houses_Islamabad,2026-07-24,https://www.zameen.com/Property/islamabad_f-7_f7_porsche_located_1777_sqy_big_lawn_house_near_to_margalla_road_for_sale-54119721-165-1.html
80x120 Corner Prime Location House is for SALE,PKR 54 Crore,540000000,6,7,2.1 Kanal,9450.0,57142,House,True,7,super hot7Share on FacebookShare on TwitterShare on WhatsAppSend via GMailSend via E-Mail,89,Houses_Islamabad,2026-07-24,https://www.zameen.com/Property/islamabad_f-7_80x120_corner_prime_location_house_is_for_sale-54498799-165-1.html
10 Marla Brand New House For Sale,PKR 4.6 Crore,46000000,5,5,10 Marla,2250.0,20444,House,True,50,super hot50Share on FacebookShare on TwitterShare on WhatsAppSend via GMailSend via E-Mail,90,Houses_Islamabad,2026-07-24,https://www.zameen.com/Property/top_city_1_top_city_1_-_block_d_10_marla_brand_new_house_for_sale-54304423-9233-1.html
8 Marla Double Unit House For Sale,PKR 2.7 Crore,27000000,4,6,8 Marla,1800.0,15000,House,True,42,super hot42Share on FacebookShare on TwitterShare on WhatsAppSend via GMailSend via E-Mail,90,Houses_Islamabad,2026-07-24,https://www.zameen.com/Property/mpchs_multi_gardens_mpchs_-_block_e_8_marla_double_unit_house_for_sale-53782173-3120-1.html
OLD HOUSE FOR SALE,PKR 10 Crore,100000000,5,5,14 Marla,3150.0,31746,House,True,7,super hot7Share on FacebookShare on TwitterShare on WhatsAppSend via GMailSend via E-Mail,89,Houses_Islamabad,2026-07-24,https://www.zameen.com/Property/g_9_g-9_3_old_house_for_sale-52449681-3386-1.html
FULLY RENOVATED HOUSE FOR SALE,PKR 12 Crore,120000000,6,6,11 Marla,2475.0,48484,House,True,14,super hot14Share on FacebookShare on TwitterShare on WhatsAppSend via GMailSend via E-Mail,90,Houses_Islamabad,2026-07-24,https://www.zameen.com/Property/g_10_g-10_2_fully_renovated_house_for_sale-52483658-3325-1.html
BRAND NEW HOUSE IS FOR SALE,PKR 12.5 Crore,125000000,7,6,11.1 Marla,2497.5,50050,House,True,10,super hot10Share on FacebookShare on TwitterShare on WhatsAppSend via GMailSend via E-Mail,90,Houses_Islamabad,2026-07-24,https://www.zameen.com/Property/g_10_g-10_2_brand_new_house_is_for_sale-54128455-3325-1.html
"10 Kanal Fully Furnished Luxury Farmhouse for Sale in Sector C, Gulberg Greens",PKR 1.15 Arab,1150000000,10,7,10 Kanal,45000.0,25555,House,True,41,super hot41Share on FacebookShare on TwitterShare on WhatsAppSend via GMailSend via E-Mail,90,Houses_Islamabad,2026-07-24,https://www.zameen.com/Property/gulberg_greens_gulberg_greens_-_block_c_10_kanal_fully_furnished_luxury_farmhouse_for_sale_in_sector_c_gulberg_greens-53940581-8315-1.html
1 Kanal Brand New Triple Story Designer House For Sale In DHA Phase 2 Islamabad,PKR 17 Crore,170000000,7,,1 Kanal,4500.0,37777,House,True,24,hot24Share on FacebookShare on TwitterShare on WhatsAppSend via GMailSend via E-Mail,84,Houses_Islamabad,2026-07-24,https://www.zameen.com/Property/dha_defence_dha_defence_phase_2_1_kanal_brand_new_triple_story_designer_house_for_sale_in_dha_phase_2_islamabad-54376317-339-1.html
D-12/4 Brand New Designer House For Sale investor rate,PKR 4.5 Crore,45000000,4,4,4.4 Marla,990.0000000000001,45454,House,True,29,hot29Share on FacebookShare on TwitterShare on WhatsAppSend via GMailSend via E-Mail,84,Houses_Islamabad,2026-07-24,https://www.zameen.com/Property/d_12_d-12_4_d-12_4_brand_new_designer_house_for_sale_investor_rate-52661763-3157-1.html
1 Kanal House For Sale In Bani Gala,PKR 6.5 Crore,65000000,7,6,1 Kanal,4500.0,14444,House,False,6,hot6VerifiedShare on FacebookShare on TwitterShare on WhatsAppSend via GMailSend via E-Mail,91,Houses_Islamabad,2026-07-24,https://www.zameen.com/Property/islamabad_bani_gala_1_kanal_house_for_sale_in_bani_gala-48961252-340-1.html
5 Marla Brand New House For Sale In Bani Gala Islamabad,PKR 1.3 Crore,13000000,3,3,5 Marla,1125.0,11555,House,False,16,hot16Share on FacebookShare on TwitterShare on WhatsAppSend via GMailSend via E-Mail,84,Houses_Islamabad,2026-07-24,https://www.zameen.com/Property/islamabad_bani_gala_5_marla_brand_new_house_for_sale_in_bani_gala_islamabad-51636666-340-1.html
12 Marla Brand New House Available For Sale Dha Phase 2,PKR 6.6 Crore,66000000,5,6,12 Marla,2700.0,24444,House,False,5,hot5Share on FacebookShare on TwitterShare on WhatsAppSend via GMailSend via E-Mail,83,Houses_Islamabad,2026-07-24,https://www.zameen.com/Property/dha_defence_dha_defence_phase_2_12_marla_brand_new_house_available_for_sale_dha_phase_2-53866271-339-1.html
9 marla beautiful semi double story house for sale in banigala,PKR 2.8 Crore,28000000,4,4,9 Marla,2025.0,13827,House,False,20,hot20Share on FacebookShare on TwitterShare on WhatsAppSend via GMailSend via E-Mail,84,Houses_Islamabad,2026-07-24,https://www.zameen.com/Property/islamabad_bani_gala_9_marla_beautiful_semi_double_story_house_for_sale_in_banigala-54511863-340-1.html
8 Marla Double Storey House For Sale,PKR 2.5 Crore,25000000,6,6,8 Marla,1800.0,13888,House,False,20,hot20Share on FacebookShare on TwitterShare on WhatsAppSend via GMailSend via E-Mail,84,Houses_Islamabad,2026-07-24,https://www.zameen.com/Property/islamabad_bani_gala_8_marla_double_storey_house_for_sale-54330334-340-1.html
Luxury 1 Kanal Double Unit House For Sale DHA Phase 1 Islamabad,PKR 8.85 Crore,88500000,6,6,1 Kanal,4500.0,19666,House,False,48,48Share on FacebookShare on TwitterShare on WhatsAppSend via GMailSend via E-Mail,81,Houses_Islamabad,2026-07-24,https://www.zameen.com/Property/dha_defence_dha_defence_phase_1_luxury_1_kanal_double_unit_house_for_sale_dha_phase_1_islamabad-54185878-376-1.html
5 Bedroom Double Unit House Available For Sale In DHA 1 Sec D,PKR 7.5 Crore,75000000,7,6,1 Kanal,4500.0,16666,House,False,9,9Share on FacebookShare on TwitterShare on WhatsAppSend via GMailSend via E-Mail,80,Houses_Islamabad,2026-07-24,https://www.zameen.com/Property/dha_defence_dha_defence_phase_1_5_bedroom_double_unit_house_available_for_sale_in_dha_1_sec_d-54361772-376-1.html
New 5 Marla House Electricity Water Registry Intiqal,PKR 97 Lakh,9700000,2,3,5 Marla,1125.0,8622,House,False,12,12Share on FacebookShare on TwitterShare on WhatsAppSend via GMailSend via E-Mail,81,Houses_Islamabad,2026-07-24,https://www.zameen.com/Property/islamabad_bani_gala_new_5_marla_house_electricity_water_registry_intiqal-53892493-340-1.html
Brand New 1 Kanal Double Storey House 6 Beds For Sale DHA-1,PKR 11.25 Crore,112500000,11,7,1 Kanal,4500.0,25000,House,False,42,42Share on FacebookShare on TwitterShare on WhatsAppSend via GMailSend via E-Mail,81,Houses_Islamabad,2026-07-24,https://www.zameen.com/Property/dha_defence_dha_defence_phase_1_brand_new_1_kanal_double_storey_house_6_beds_for_sale_dha-1-54353542-376-1.html
8 Bedroom Triple Unit Gray Structure Available For Sale In DHA Phase 4,PKR 6.65 Crore,66500000,6,6,1 Kanal,4500.0,14777,Unknown,False,15,15Share on FacebookShare on TwitterShare on WhatsAppSend via GMailSend via E-Mail,81,Houses_Islamabad,2026-07-24,https://www.zameen.com/Property/dha_defence_dha_defence_phase_1_8_bedroom_triple_unit_gray_structure_available_for_sale_in_dha_phase_4-54379266-376-1.html
10 Marla Brand New House For Sale,PKR 4.69 Crore,46900000,5,6,10 Marla,2250.0,20844,House,True,15,15Share on FacebookShare on TwitterShare on WhatsAppSend via GMailSend via E-Mail,81,Houses_Islamabad,2026-07-24,https://www.zameen.com/Property/top_city_1_top_city_1_-_block_d_10_marla_brand_new_house_for_sale-51874940-9233-1.html
"Luxury 10 Marla House for Sale in Sector J, Bahria Enclave Islamabad",PKR 4.85 Crore,48500000,5,6,10 Marla,2250.0,21555,House,False,41,41Share on FacebookShare on TwitterShare on WhatsAppSend via GMailSend via E-Mail,81,Houses_Islamabad,2026-07-24,https://www.zameen.com/Property/bahria_enclave_bahria_enclave_-_sector_j_luxury_10_marla_house_for_sale_in_sector_j_bahria_enclave_islamabad-54512478-11981-1.html
Live Grand In DHA Phase 2 Stunning 1 Kanal Designer House,PKR 10.9 Crore,109000000,5,6,1 Kanal,4500.0,24222,House,True,32,32VerifiedShare on FacebookShare on TwitterShare on WhatsAppSend via GMailSend via E-Mail,89,Houses_Islamabad,2026-07-24,https://www.zameen.com/Property/dha_defence_dha_defence_phase_2_live_grand_in_dha_phase_2_stunning_1_kanal_designer_house-54405795-339-1.html
Dha 2 1.5 Kanal Owner Built FULL FURNISHED HOUSE,PKR 15 Crore,150000000,7,6,1 Kanal,4500.0,33333,House,True,24,super hot24Share on FacebookShare on TwitterShare on WhatsAppSend via GMailSend via E-Mail,90,Houses_Islamabad,2026-07-24,https://www.zameen.com/Property/dha_defence_dha_defence_phase_2_dha_2_1_5_kanal_owner_built_full_furnished_house-54060075-339-1.html
Corner 1 Kanal House For Sale,PKR 7.4 Crore,74000000,7,7,1 Kanal,4500.0,16444,House,True,31,super hot31Share on FacebookShare on TwitterShare on WhatsAppSend via GMailSend via E-Mail,90,Houses_Islamabad,2026-07-24,https://www.zameen.com/Property/islamabad_top_city_1_corner_1_kanal_house_for_sale-54183915-1383-1.html
5 + 5 Kanal Main Margalla Road House with Extra Land is for SALE,PKR 2.1 Arab,2100000000,7,7,5 Kanal,22500.0,93333,House,True,8,super hot8Share on FacebookShare on TwitterShare on WhatsAppSend via GMailSend via E-Mail,89,Houses_Islamabad,2026-07-24,https://www.zameen.com/Property/islamabad_f-6_5_5_kanal_main_margalla_road_house_with_extra_land_is_for_sale-54495988-164-1.html
1 Kanal Ultra Luxury Furnished House For Sale In DHA Phase 2 Islamabad,PKR 16.5 Crore,165000000,5,6,1 Kanal,4500.0,36666,House,True,17,super hot17Share on FacebookShare on TwitterShare on WhatsAppSend via GMailSend via E-Mail,90,Houses_Islamabad,2026-07-24,https://www.zameen.com/Property/dha_defence_phase_2_dha_phase_2_-_sector_b_1_kanal_ultra_luxury_furnished_house_for_sale_in_dha_phase_2_islamabad-54333102-3197-1.html
To sale You Can Find Spacious House In MPCHS - Block E,PKR 4.3 Crore,43000000,,,8 Marla,1800.0,23888,House,True,,super hotVerifiedShare on FacebookShare on TwitterShare on WhatsAppSend via GMailSend via E-Mail,96,Houses_Islamabad,2026-07-24,https://www.zameen.com/Property/mpchs_multi_gardens_mpchs_-_block_e_to_sale_you_can_find_spacious_house_in_mpchs_-_block_e-54265578-3120-1.html
1 KANAL LUXURY FULLY FITTED VILLA AVAILABLE FOR SALE IN EIGHTEEN ISLAMABAD,PKR 12.5 Crore,125000000,5,5,1 Kanal,4500.0,27777,House,True,35,super hot35Share on FacebookShare on TwitterShare on WhatsAppSend via GMailSend via E-Mail,90,Houses_Islamabad,2026-07-24,https://www.zameen.com/Property/kashmir_highway_eighteen_1_kanal_luxury_fully_fitted_villa_available_for_sale_in_eighteen_islamabad-54202612-12602-1.html
G-6 Top Location Old House For Sale On Good Price,PKR 55 Crore,550000000,4,4,3.3 Kanal,14850.0,37037,House,True,8,super hot8Share on FacebookShare on TwitterShare on WhatsAppSend via GMailSend via E-Mail,89,Houses_Islamabad,2026-07-24,https://www.zameen.com/Property/g_6_g-6_3_g-6_top_location_old_house_for_sale_on_good_price-54492600-3364-1.html
Ideal Prime Location House In Islamabad Available For Rs. 160000000,PKR 16 Crore,160000000,6,6,14 Marla,3150.0,50793,House,True,50,super hot501VerifiedShare on FacebookShare on TwitterShare on WhatsAppSend via GMailSend via E-Mail,99,Houses_Islamabad,2026-07-24,https://www.zameen.com/Property/g_9_g-9_1_ideal_prime_location_house_in_islamabad_available_for_rs_160000000-54444856-3384-1.html
"Modern 2,100 Square Feet House For Sale In D-17, Islamabad",PKR 4.2 Crore,42000000,4,6,9.3 Marla,2092.5,20071,House,True,35,super hot351VerifiedShare on FacebookShare on TwitterShare on WhatsAppSend via GMailSend via E-Mail,99,Houses_Islamabad,2026-07-24,https://www.zameen.com/Property/islamabad_d-17_modern_2_100_square_feet_house_for_sale_in_d-17_islamabad-54453944-737-1.html
Peacefull Location Beautiful House Available For Sale SECTOR F10 Islamabad,PKR 19 Crore,190000000,5,6,1 Kanal,4500.0,42222,House,True,13,super hot13Share on FacebookShare on TwitterShare on WhatsAppSend via GMailSend via E-Mail,90,Houses_Islamabad,2026-07-24,https://www.zameen.com/Property/islamabad_f-10_peacefull_location_beautiful_house_available_for_sale_sector_f10_islamabad-54505424-162-1.html
D-12/1 Brand New Luxury House For Sale on 70ft Road,PKR 11.5 Crore,115000000,5,5,10 Marla,2250.0,51111,House,True,17,hot17Share on FacebookShare on TwitterShare on WhatsAppSend via GMailSend via E-Mail,84,Houses_Islamabad,2026-07-24,https://www.zameen.com/Property/d_12_d-12_1_d-12_1_brand_new_luxury_house_for_sale_on_70ft_road-53995539-3154-1.html
D-12/1. House For Sale Investor Rate,PKR 3.85 Crore,38500000,4,4,4.4 Marla,990.0000000000001,38888,House,True,5,hot5Share on FacebookShare on TwitterShare on WhatsAppSend via GMailSend via E-Mail,83,Houses_Islamabad,2026-07-24,https://www.zameen.com/Property/d_12_d-12_1_d-12_1_house_for_sale_investor_rate-53755308-3154-1.html
15 Marla Triple Storey House For Sale In Banigala,PKR 5.5 Crore,55000000,7,6,15 Marla,3375.0,16296,House,False,14,hot14Share on FacebookShare on TwitterShare on WhatsAppSend via GMailSend via E-Mail,84,Houses_Islamabad,2026-07-24,https://www.zameen.com/Property/islamabad_bani_gala_15_marla_triple_storey_house_for_sale_in_banigala-54413539-340-1.html
Brand New 10 Marla Designer House | Boulevard Category Road | Bahria Enclave Islamabad,PKR 5.7 Crore,57000000,5,5,10 Marla,2250.0,25333,House,False,50,hot50Share on FacebookShare on TwitterShare on WhatsAppSend via GMailSend via E-Mail,84,Houses_Islamabad,2026-07-24,https://www.zameen.com/Property/bahria_enclave_bahria_enclave_-_sector_c1_brand_new_10_marla_designer_house_boulevard_category_road_bahria_enclave_islamabad-54362709-11987-1.html
Luxury 1 Kanal House For Sale In Top City,PKR 7.1 Crore,71000000,7,7,1 Kanal,4500.0,15777,House,False,15,hot15Share on FacebookShare on TwitterShare on WhatsAppSend via GMailSend via E-Mail,84,Houses_Islamabad,2026-07-24,https://www.zameen.com/Property/islamabad_top_city_1_luxury_1_kanal_house_for_sale_in_top_city-53882084-1383-1.html
Top City 10 Marla House For Sale,PKR 4.4 Crore,44000000,5,,10 Marla,2250.0,19555,House,False,17,hot17Share on FacebookShare on TwitterShare on WhatsAppSend via GMailSend via E-Mail,84,Houses_Islamabad,2026-07-24,https://www.zameen.com/Property/islamabad_top_city_1_top_city_10_marla_house_for_sale-52411810-1383-1.html
Bahria Enclave islamabad 5 marla house for sale,PKR 2.6 Crore,26000000,4,5,5 Marla,1125.0,23111,House,False,22,hot22Share on FacebookShare on TwitterShare on WhatsAppSend via GMailSend via E-Mail,84,Houses_Islamabad,2026-07-24,https://www.zameen.com/Property/bahria_town_bahria_enclave_bahria_enclave_islamabad_5_marla_house_for_sale-54500922-1705-1.html
Spacious 1 Kanal Home For Sale In Prime Location DHA 2,PKR 9.75 Crore,97500000,6,6,1 Kanal,4500.0,21666,House,True,37,37VerifiedShare on FacebookShare on TwitterShare on WhatsAppSend via GMailSend via E-Mail,89,Houses_Islamabad,2026-07-24,https://www.zameen.com/Property/dha_defence_phase_2_dha_phase_2_-_sector_c_spacious_1_kanal_home_for_sale_in_prime_location_dha_2-54405810-3198-1.html
DHA Phase 2 Luxury Move-In Ready 1 Kanal Designer Home!,PKR 13.7 Crore,137000000,5,6,1 Kanal,4500.0,30444,Unknown,True,36,36Share on FacebookShare on TwitterShare on WhatsAppSend via GMailSend via E-Mail,81,Houses_Islamabad,2026-07-24,https://www.zameen.com/Property/dha_defence_dha_defence_phase_2_dha_phase_2_luxury_move-in_ready_1_kanal_designer_home-54405813-339-1.html
Beautiful House Available For Sale,PKR 50 Crore,500000000,8,6,2 Kanal,9000.0,55555,House,False,21,21Share on FacebookShare on TwitterShare on WhatsAppSend via GMailSend via E-Mail,81,Houses_Islamabad,2026-07-24,https://www.zameen.com/Property/islamabad_f-7_beautiful_house_available_for_sale-54127583-165-1.html
1 Kanal Corner House for Sale DHA Phase 2,PKR 13.8 Crore,138000000,5,6,1 Kanal,4500.0,30666,House,False,27,27Share on FacebookShare on TwitterShare on WhatsAppSend via GMailSend via E-Mail,81,Houses_Islamabad,2026-07-24,https://www.zameen.com/Property/dha_defence_dha_defence_phase_2_1_kanal_corner_house_for_sale_dha_phase_2-54292201-339-1.html
Beautiful Luxury 1500 Sq. Yards House For Sale In F-6 Islamabad | 7 Bedrooms | Prime VIP Location | CDA Transfer,PKR 70 Crore,700000000,70,6,3.4 Kanal,15300.0,45751,House,False,13,13Share on FacebookShare on TwitterShare on WhatsAppSend via GMailSend via E-Mail,81,Houses_Islamabad,2026-07-24,https://www.zameen.com/Property/islamabad_f-6_beautiful_luxury_1500_sq_yards_house_for_sale_in_f-6_islamabad_7_bedrooms_prime_vip_location_cda_transfer-54323113-164-1.html
Beautiful Luxury 2 Kanal Designer House For Sale,PKR 45 Crore,450000000,6,6,2 Kanal,9000.0,50000,House,False,12,12Share on FacebookShare on TwitterShare on WhatsAppSend via GMailSend via E-Mail,81,Houses_Islamabad,2026-07-24,https://www.zameen.com/Property/islamabad_f-6_beautiful_luxury_2_kanal_designer_house_for_sale-54469441-164-1.html
"Beautiful Luxury 1,777 Sq. Yards House for Sale in F-7 | 6 Master Bedrooms | Corner/Close-End Street | Huge Garden | 10 Car Parking | Prime VIP Location.",PKR 65 Crore,650000000,65,6,3.6 Kanal,16200.0,40123,House,False,11,11Share on FacebookShare on TwitterShare on WhatsAppSend via GMailSend via E-Mail,81,Houses_Islamabad,2026-07-24,https://www.zameen.com/Property/islamabad_f-7_beautiful_luxury_1_777_sq_yards_house_for_sale_in_f-7_6_master_bedrooms_corner_close-end_street_huge_garden_10_car_parking_prime_vip_location-54469527-165-1.html
Beautiful Luxury 2 Kanal Designer House For Sale In F-7 | 6 Master Bedrooms | Prime VIP Location | Beautiful Garden.,PKR 40 Crore,400000000,40,6,2 Kanal,9000.0,44444,House,False,11,11Share on FacebookShare on TwitterShare on WhatsAppSend via GMailSend via E-Mail,81,Houses_Islamabad,2026-07-24,https://www.zameen.com/Property/islamabad_f-7_beautiful_luxury_2_kanal_designer_house_for_sale_in_f-7_6_master_bedrooms_prime_vip_location_beautiful_garden-54469474-165-1.html
A Centrally Located House Is Available For sale In Top City 1,PKR 7.5 Crore,75000000,6,6,1 Kanal,4500.0,16666,House,True,5,super hot5VerifiedShare on FacebookShare on TwitterShare on WhatsAppSend via GMailSend via E-Mail,97,Houses_Islamabad,2026-07-24,https://www.zameen.com/Property/islamabad_top_city_1_a_centrally_located_house_is_available_for_sale_in_top_city_1-54472449-1383-1.html
Double Storey,PKR 4.5 Crore,45000000,6,6,10 Marla,2250.0,20000,Unknown,True,28,super hot281VerifiedShare on FacebookShare on TwitterShare on WhatsAppSend via GMailSend via E-Mail,99,Houses_Islamabad,2026-07-24,https://www.zameen.com/Property/top_city_1_top_city_1_-_block_a_double_storey-54471549-9231-1.html
House For Sale In F 8/3,PKR 40 Crore,400000000,6,6,1.8 Kanal,8100.0,49382,House,True,6,super hot6Share on FacebookShare on TwitterShare on WhatsAppSend via GMailSend via E-Mail,89,Houses_Islamabad,2026-07-24,https://www.zameen.com/Property/f_8_f-8_3_house_for_sale_in_f_8_3-54455861-3316-1.html
Bharia Enclave Islamabad Sector N 5 Marla Brand New House For Sale,PKR 2.65 Crore,26500000,3,3,5 Marla,1125.0,23555,House,True,17,super hot17Share on FacebookShare on TwitterShare on WhatsAppSend via GMailSend via E-Mail,90,Houses_Islamabad,2026-07-24,https://www.zameen.com/Property/bahria_enclave_bahria_enclave_-_sector_n_bharia_enclave_islamabad_sector_n_5_marla_brand_new_house_for_sale-54343383-11975-1.html
10 Marla Modern Designed House With Full Heighted Entrence,PKR 5.6 Crore,56000000,5,6,10 Marla,2250.0,24888,House,True,16,super hot161Share on FacebookShare on TwitterShare on WhatsAppSend via GMailSend via E-Mail,91,Houses_Islamabad,2026-07-24,https://www.zameen.com/Property/bahria_town_bahria_enclave_10_marla_modern_designed_house_with_full_heighted_entrence-52077182-1705-1.html
Extremely Beautiful white house for sale.,PKR 14 Crore,140000000,10,6,2.3 Kanal,10350.0,13526,House,True,30,super hot30Share on FacebookShare on TwitterShare on WhatsAppSend via GMailSend via E-Mail,90,Houses_Islamabad,2026-07-24,https://www.zameen.com/Property/islamabad_b-17_extremely_beautiful_white_house_for_sale-54505264-616-1.html
Brand New 10 Marla Back Open Designer House For Sale,PKR 14 Crore,140000000,4,5,10 Marla,2250.0,62222,House,True,35,super hot35Share on FacebookShare on TwitterShare on WhatsAppSend via GMailSend via E-Mail,90,Houses_Islamabad,2026-07-24,https://www.zameen.com/Property/f_11_f-11_3_brand_new_10_marla_back_open_designer_house_for_sale-54374738-3284-1.html
Prime Location House In DHA Phase 5 - Sector F For sale,PKR 6.5 Crore,65000000,5,5,10 Marla,2250.0,28888,House,True,23,super hot231VerifiedShare on FacebookShare on TwitterShare on WhatsAppSend via GMailSend via E-Mail,99,Houses_Islamabad,2026-07-24,https://www.zameen.com/Property/dha_defence_phase_5_dha_phase_5_-_sector_f_prime_location_house_in_dha_phase_5_-_sector_f_for_sale-54502566-8836-1.html
Dha Phase 5 Elegant 5 Marla House For Sale,PKR 3.65 Crore,36500000,4,4,5 Marla,1125.0,32444,House,True,19,super hot191VerifiedShare on FacebookShare on TwitterShare on WhatsAppSend via GMailSend via E-Mail,99,Houses_Islamabad,2026-07-24,https://www.zameen.com/Property/dha_defence_phase_5_dha_phase_5_-_sector_f_dha_phase_5_elegant_5_marla_house_for_sale-54445858-8836-1.html
3 Kanal Non Furnished Ultra Modern Masterpiece Near Giga Mall,PKR 40 Crore,400000000,10,7,3 Kanal,13500.0,29629,Unknown,True,27,super hot27Share on FacebookShare on TwitterShare on WhatsAppSend via GMailSend via E-Mail,90,Houses_Islamabad,2026-07-24,https://www.zameen.com/Property/dha_defence_dha_defence_phase_2_3_kanal_non_furnished_ultra_modern_masterpiece_near_giga_mall-54022734-339-1.html
5 Marla DHA Homes for Sale | 2 Bed | TV Lounge | Attached Baths | Ready to Move,PKR 90 Lakh,9000000,90,90,5 Marla,1125.0,8000,House,True,13,hot13Share on FacebookShare on TwitterShare on WhatsAppSend via GMailSend via E-Mail,84,Houses_Islamabad,2026-07-24,https://www.zameen.com/Property/dha_valley_dha_homes_5_marla_dha_homes_for_sale_2_bed_tv_lounge_attached_baths_ready_to_move-54471086-3226-1.html
D-12/2 House Sized 500 Square Yards For Sale,PKR 20 Crore,200000000,7,,1 Kanal,4500.0,44444,House,True,36,hot36VerifiedShare on FacebookShare on TwitterShare on WhatsAppSend via GMailSend via E-Mail,92,Houses_Islamabad,2026-07-24,https://www.zameen.com/Property/d_12_d-12_2_d-12_2_house_sized_500_square_yards_for_sale-54476151-3155-1.html
House For Sale In Beautiful Bahria   Garden City - Zone 1,PKR 11.5 Crore,115000000,6,6,1 Kanal,4500.0,25555,House,False,43,hot43Share on FacebookShare on TwitterShare on WhatsAppSend via GMailSend via E-Mail,84,Houses_Islamabad,2026-07-24,https://www.zameen.com/Property/bahria_garden_city_bahria_garden_city_-_zone_1_house_for_sale_in_beautiful_bahria_garden_city_-_zone_1-54111773-10605-1.html
"Brand New 10 Marla Luxury House for Sale in DHA Phase 5 Sector F | Prime Location Near Park, Mosque & School",PKR 6.5 Crore,65000000,5,6,10 Marla,2250.0,28888,House,True,29,hot29Share on FacebookShare on TwitterShare on WhatsAppSend via GMailSend via E-Mail,84,Houses_Islamabad,2026-07-24,https://www.zameen.com/Property/dha_defence_phase_5_dha_phase_5_-_sector_f_brand_new_10_marla_luxury_house_for_sale_in_dha_phase_5_sector_f_prime_location_near_park_mosque_school-54511313-8836-1.html
Brand New 6 Marla House For Sale,PKR 3.35 Crore,33500000,5,5,6 Marla,1350.0,24814,House,False,18,hot18Share on FacebookShare on TwitterShare on WhatsAppSend via GMailSend via E-Mail,84,Houses_Islamabad,2026-07-24,https://www.zameen.com/Property/islamabad_mumtaz_city_brand_new_6_marla_house_for_sale-54511393-3464-1.html
3 story 10 marla house available for sale Back open with 5 to 6 marla green patch,PKR 4.1 Crore,41000000,7,6,10 Marla,2250.0,18222,House,False,9,hot9Share on FacebookShare on TwitterShare on WhatsAppSend via GMailSend via E-Mail,83,Houses_Islamabad,2026-07-24,https://www.zameen.com/Property/bahria_enclave_bahria_enclave_-_sector_c2_3_story_10_marla_house_available_for_sale_back_open_with_5_to_6_marla_green_patch-54500238-11988-1.html
10 marla grey structure available for sale,PKR 3.4 Crore,34000000,5,6,10 Marla,2250.0,15111,Unknown,False,5,hot5Share on FacebookShare on TwitterShare on WhatsAppSend via GMailSend via E-Mail,83,Houses_Islamabad,2026-07-24,https://www.zameen.com/Property/bahria_enclave_bahria_enclave_-_sector_j_10_marla_grey_structure_available_for_sale-54504010-11981-1.html
Beautiful Luxurious House Available For Sale In F- 8 Islamabad. | 7 Bedrooms | Top Off Location. Low Price.,PKR 65 Crore,650000000,65,6,5 Kanal,22500.0,28888,House,False,29,29Share on FacebookShare on TwitterShare on WhatsAppSend via GMailSend via E-Mail,81,Houses_Islamabad,2026-07-24,https://www.zameen.com/Property/islamabad_f-8_beautiful_luxurious_house_available_for_sale_in_f-_8_islamabad_7_bedrooms_top_off_location_low_price-53222832-166-1.html
Beautiful 2 Kanal Luxury House For Sale In F-8 Islamabad | Prime VIP Location | 6 Bedroom Elegant Residence,PKR 35 Crore,350000000,35,6,2 Kanal,9000.0,38888,House,False,14,14Share on FacebookShare on TwitterShare on WhatsAppSend via GMailSend via E-Mail,81,Houses_Islamabad,2026-07-24,https://www.zameen.com/Property/islamabad_f-8_beautiful_2_kanal_luxury_house_for_sale_in_f-8_islamabad_prime_vip_location_6_bedroom_elegant_residence-54193495-166-1.html
Beautiful Luxury 6 Bedroom House For Sale In F-10 Islamabad 677 Square Yards CDA Transfer Prime VIP Location,PKR 22.5 Crore,225000000,22,6,1.4 Kanal,6300.0,35714,House,False,13,13Share on FacebookShare on TwitterShare on WhatsAppSend via GMailSend via E-Mail,81,Houses_Islamabad,2026-07-24,https://www.zameen.com/Property/islamabad_f-10_beautiful_luxury_6_bedroom_house_for_sale_in_f-10_islamabad_677_square_yards_cda_transfer_prime_vip_location-53613672-162-1.html
"5 Marla Owner Built House For Sale | Sector H, Bahria Enclave Islamabad | Prime Location | Near Park, Mosque & Market",PKR 2.6 Crore,26000000,3,3,5 Marla,1125.0,23111,House,False,22,22Share on FacebookShare on TwitterShare on WhatsAppSend via GMailSend via E-Mail,81,Houses_Islamabad,2026-07-24,https://www.zameen.com/Property/bahria_enclave_bahria_enclave_-_sector_h_5_marla_owner_built_house_for_sale_sector_h_bahria_enclave_islamabad_prime_location_near_park_mosque_market-54512347-11983-1.html
Solid Best Prime Located Tripple Storey House F7/2,PKR 81 Crore,810000000,10,6,2 Kanal,9000.0,90000,House,False,20,20Share on FacebookShare on TwitterShare on WhatsAppSend via GMailSend via E-Mail,81,Houses_Islamabad,2026-07-24,https://www.zameen.com/Property/f_7_f-7_2_solid_best_prime_located_tripple_storey_house_f7_2-54512335-3308-1.html
14 Marla Brand New 4 Bedrooms House For Sale In Emaar Canyon Views,PKR 6.3 Crore,63000000,6,5,14 Marla,3150.0,20000,House,True,24,24Share on FacebookShare on TwitterShare on WhatsAppSend via GMailSend via E-Mail,81,Houses_Islamabad,2026-07-24,https://www.zameen.com/Property/islamabad_emaar_canyon_views_14_marla_brand_new_4_bedrooms_house_for_sale_in_emaar_canyon_views-54276965-8370-1.html
1 Kanal Brand New House for Sale in prime Location of Dha 2,PKR 13 Crore,130000000,7,7,1 Kanal,4500.0,28888,House,True,24,24Share on FacebookShare on TwitterShare on WhatsAppSend via GMailSend via E-Mail,81,Houses_Islamabad,2026-07-24,https://www.zameen.com/Property/dha_defence_dha_defence_phase_2_1_kanal_brand_new_house_for_sale_in_prime_location_of_dha_2-54277011-339-1.html
1 Kanal Double Unit Luxury House For Sale In DHA Phase 2 Islamabad,PKR 14.49 Crore,144900000,6,7,1 Kanal,4500.0,32200,House,True,20,20Share on FacebookShare on TwitterShare on WhatsAppSend via GMailSend via E-Mail,81,Houses_Islamabad,2026-07-24,https://www.zameen.com/Property/dha_defence_dha_defence_phase_2_1_kanal_double_unit_luxury_house_for_sale_in_dha_phase_2_islamabad-54316521-339-1.html
Full Basement Luxury House For Sale | Unique Modern Design | Beautiful Back Lawn At Prime Location,PKR 7.5 Crore,75000000,5,7,1 Kanal,4500.0,16666,House,True,42,"TitaniumPKR7.5 CroreDHA Phase 7, DHA Defence571 KanalAdded: 1 hour ago(Updated: 1 hour ago)SMSCall",98,Houses_Lahore,2026-07-24,https://www.zameen.com/Property/dha_defence_dha_phase_7_full_basement_luxury_house_for_sale_unique_modern_design_beautiful_back_lawn_at_prime_location-54309848-1450-1.html
05 Marla Brand New Modern Luxury House For Sale In Park View City Platinum Block Lahore,PKR 1.85 Crore,18500000,4,4,5 Marla,1125.0,16444,House,True,16,"TitaniumPKR1.85 CrorePark View City - Platinum Block, Park View City445 MarlaAdded: 8 hours agoSMSCall",102,Houses_Lahore,2026-07-24,https://www.zameen.com/Property/park_view_city_park_view_city_-_platinum_block_05_marla_brand_new_modern_luxury_house_for_sale_in_park_view_city_platinum_block_lahore-54453633-16617-1.html
2 Kanal Slightly Used Luxury Ultra-Modern Design Most Beautiful Bungalow For Sale At Prime Location Of DHA Lahore Near To Park Masjid &Commercial Market .,PKR 15.75 Crore,157500000,6,7,2 Kanal,9000.0,17500,House,True,19,"TitaniumPKR15.75 CroreDHA Phase 1 - Block M, DHA Phase 1672 KanalAdded: 8 hours agoSMSCall",90,Houses_Lahore,2026-07-24,https://www.zameen.com/Property/dha_phase_1_dha_phase_1_-_block_m_2_kanal_slightly_used_luxury_ultra-modern_design_most_beautiful_bungalow_for_sale_at_prime_location_of_dha_lahore_near_to_park_masjid_commercial_market-53085118-1653-1.html
Eyes Catching Brand New Luxurious House For Sale With Study Room Very Close To Park And Mosque Walking Distance Raya Fairway Very Reasonable Deal,PKR 6.42 Crore,64200000,5,6,1 Kanal,4500.0,14266,House,True,47,"TitaniumPKR6.42 CroreDHA Phase 7 - Block S, DHA Phase 7561 KanalAdded: 9 hours agoSMSCall",89,Houses_Lahore,2026-07-24,https://www.zameen.com/Property/dha_phase_7_dha_phase_7_-_block_s_eyes_catching_brand_new_luxurious_house_for_sale_with_study_room_very_close_to_park_and_mosque_walking_distance_raya_fairway_very_reasonable_deal-54512098-1626-1.html
5 MARLA BRAND NEW UNIQUE & STYLISH HOUSE FOR SALE,PKR 2.8 Crore,28000000,3,4,5 Marla,1125.0,24888,House,True,28,"TitaniumPKR2.8 CroreDHA 9 Town, DHA Defence345 MarlaAdded: 9 hours agoSMSCall",77,Houses_Lahore,2026-07-24,https://www.zameen.com/Property/dha_defence_dha_9_town_5_marla_brand_new_unique_stylish_house_for_sale-53661380-1452-1.html
Your Search For Prime Location House In Lake City Meadows Ends Here,PKR 2.12 Crore,21200000,3,4,5 Marla,1125.0,18844,House,True,48,"PKR2.12 CroreLake City Meadows, Lahore345 MarlaAdded: 1 minute agoSMSCallEmail",78,Houses_Lahore,2026-07-24,https://www.zameen.com/Property/lahore_lake_city_meadows_your_search_for_prime_location_house_in_lake_city_meadows_ends_here-54508962-487-1.html
3 Years Installment Plan Luxury 5 Marla Brand New House In Park View City Lahore,PKR 1.5 Crore,15000000,4,5,5 Marla,1125.0,13333,House,True,14,"PKR1.5 CroreInstallmentsPark View City, Lahore455 MarlaAdded: 6 hours agoSMSCall",80,Houses_Lahore,2026-07-24,https://www.zameen.com/Property/lahore_park_view_city_3_years_installment_plan_luxury_5_marla_brand_new_house_in_park_view_city_lahore-54443275-1466-1.html
2 Kanal Modern Luxury House Near Mosque And Park,PKR 45 Crore,450000000,6,7,2 Kanal,9000.0,50000,House,True,31,"PKR45 CroreDHA Phase 6, DHA Defence672 KanalAdded: 7 hours agoSMSCall",69,Houses_Lahore,2026-07-24,https://www.zameen.com/Property/dha_defence_dha_phase_6_2_kanal_modern_luxury_house_near_mosque_and_park-54247508-1448-1.html
"Elegant 1 Kanal Home For Sale In The Heart Of DHA (Askari 11) Spacious, Stylish &Amp; Ready To Move In!",PKR 8.65 Crore,86500000,4,6,1 Kanal,4500.0,19222,Unknown,True,33,"PKR8.65 CroreAskari 11, Askari461 KanalAdded: 7 hours agoSMSCall",64,Houses_Lahore,2026-07-24,https://www.zameen.com/Property/askari_askari_11_elegant_1_kanal_home_for_sale_in_the_heart_of_dha_askari_11_spacious_stylish_amp_ready_to_move_in-52714998-1503-1.html
A Statement of Luxury. A Masterpiece of Modern Living,PKR 24 Crore,240000000,5,6,1 Kanal,4500.0,53333,Unknown,True,10,"PKR24 CroreDHA Phase 6 - Block K, DHA Phase 6561 KanalAdded: 7 hours agoSMSCall",79,Houses_Lahore,2026-07-24,https://www.zameen.com/Property/dha_phase_6_dha_phase_6_-_block_k_a_statement_of_luxury_a_masterpiece_of_modern_living-54413896-1619-1.html
5 Marla Adorable Bungalow On Top Location For Sale In DHA Phase 9 Town Lahore,PKR 2.7 Crore,27000000,3,4,5 Marla,1125.0,24000,House,True,35,"TitaniumPKR2.7 CroreDHA 9 Town - Block A, DHA 9 Town345 MarlaAdded: 58 minutes agoSMSCall",89,Houses_Lahore,2026-07-24,https://www.zameen.com/Property/dha_9_town_dha_9_town_-_block_a_5_marla_adorable_bungalow_on_top_location_for_sale_in_dha_phase_9_town_lahore-54380667-8173-1.html
10 MARLA TRIPLE STOREY DEMANDING HOUSE WITH SWIMMING POOL AVAILABLE FOR SALE IN LDA AVENUE LAHORE,PKR 4.5 Crore,45000000,6,6,10 Marla,2250.0,20000,House,True,5,"TitaniumPKR4.5 CroreLDA Avenue, Lahore6610 MarlaAdded: 1 hour agoSMSCall",72,Houses_Lahore,2026-07-24,https://www.zameen.com/Property/lahore_lda_avenue_10_marla_triple_storey_demanding_house_with_swimming_pool_available_for_sale_in_lda_avenue_lahore-54311348-547-1.html
Your Ideal Family Home With Park & Mosque Just Steps Away,PKR 2.45 Crore,24500000,4,5,5 Marla,1125.0,21777,Unknown,False,11,"PKR2.45 CroreDHA 9 Town, DHA Defence455 MarlaAdded: 1 hour agoSMSCall",69,Houses_Lahore,2026-07-24,https://www.zameen.com/Property/dha_defence_dha_9_town_your_ideal_family_home_with_park_mosque_just_steps_away-54185347-1452-1.html
Rare Option: 6.5 Marla Corner Bungalow In DHA,PKR 2.8 Crore,28000000,4,5,7 Marla,1575.0,17777,House,False,23,"PKR2.8 CroreDHA 9 Town - Block C, DHA 9 Town457 MarlaAdded: 1 hour agoSMSCall",77,Houses_Lahore,2026-07-24,https://www.zameen.com/Property/dha_9_town_dha_9_town_-_block_c_rare_option_6_5_marla_corner_bungalow_in_dha-53580801-8175-1.html
Corner Luxury 12 Marla Hall in Basement For Sale | Prime Investment Opportunity,PKR 4.85 Crore,48500000,5,7,12 Marla,2700.0,17962,Unknown,False,13,"PKR4.85 CroreDHA Phase 7, DHA Defence5712 MarlaAdded: 1 hour agoSMSCall",71,Houses_Lahore,2026-07-24,https://www.zameen.com/Property/dha_defence_dha_phase_7_corner_luxury_12_marla_hall_in_basement_for_sale_prime_investment_opportunity-54123471-1450-1.html
10 Marla Ultra Luxury Full Basement Bungalow For Sale Elegant Living & Premium Location,PKR 4.65 Crore,46500000,4,5,10 Marla,2250.0,20666,House,False,16,"PKR4.65 CroreDHA Phase 6, DHA Defence4510 MarlaAdded: 1 hour agoSMSCall",71,Houses_Lahore,2026-07-24,https://www.zameen.com/Property/dha_defence_dha_phase_6_10_marla_ultra_luxury_full_basement_bungalow_for_sale_elegant_living_premium_location-54207678-1448-1.html
(150FT ROAD) 10 Marla Architectural Masterpiece in Prime DHA,PKR 4.65 Crore,46500000,4,7,10 Marla,2250.0,20666,Unknown,False,18,"PKR4.65 CroreDHA Phase 7 - Block Y, DHA Phase 74710 MarlaAdded: 1 hour agoSMSCall",81,Houses_Lahore,2026-07-24,https://www.zameen.com/Property/dha_phase_7_dha_phase_7_-_block_y_150ft_road_10_marla_architectural_masterpiece_in_prime_dha-54451460-1632-1.html
5 Marla Brand New Double Storey Modern Design House For Sale,PKR 2.35 Crore,23500000,5,6,5 Marla,1125.0,20888,House,False,10,"PKR2.35 CroreNasheman-e-Iqbal Phase 2, Nasheman-e-Iqbal565 MarlaAdded: 28 minutes ago(Updated: 26 minutes ago)SMSCall",117,Houses_Lahore,2026-07-24,https://www.zameen.com/Property/nasheman_e_iqbal_nasheman-e-iqbal_phase_2_5_marla_brand_new_double_storey_modern_design_house_for_sale-53806470-4071-1.html
5 Marla Slightly Used Facing Park Double Storey House For Sale,PKR 2 Crore,20000000,5,6,5 Marla,1125.0,17777,House,False,7,"PKR2 CroreEden Boulevard Housing Scheme, College Road565 MarlaAdded: 31 minutes ago(Updated: 31 minutes ago)SMSCall",115,Houses_Lahore,2026-07-24,https://www.zameen.com/Property/college_road_eden_boulevard_housing_scheme_5_marla_slightly_used_facing_park_double_storey_house_for_sale-52017240-12447-1.html
Book A 7 Marla House In Green Cap Housing Society For Sale,PKR 2.51 Crore,25099999,6,6,7 Marla,1575.0,15936,House,False,36,"PKR2.51 CroreGreen Cap Housing Society, Lahore667 MarlaAdded: 44 minutes agoSMSCall",83,Houses_Lahore,2026-07-24,https://www.zameen.com/Property/lahore_green_cap_housing_society_book_a_7_marla_house_in_green_cap_housing_society_for_sale-54398918-8150-1.html
4 Marla Owner Built 1.5 Story House For Sale Near College Road,PKR 1.25 Crore,12500000,3,4,4 Marla,900.0,13888,House,False,13,"PKR1.25 CroreMilitary Accounts Housing Society, Lahore344 MarlaAdded: 49 minutes ago(Updated: 49 minutes ago)SMSCall",116,Houses_Lahore,2026-07-24,https://www.zameen.com/Property/lahore_military_accounts_housing_society_4_marla_owner_built_1_5_story_house_for_sale_near_college_road-54513106-781-1.html
"5 Marla Luxury Brand New House For Sale DHA Phase 9 Town, Lahore,",PKR 3.45 Crore,34500000,3,4,5 Marla,1125.0,30666,House,True,20,"TitaniumPKR3.45 CroreDHA 9 Town, DHA Defence345 MarlaAdded: 55 minutes agoSMSCallEmail",86,Houses_Lahore,2026-07-24,https://www.zameen.com/Property/dha_defence_dha_9_town_5_marla_luxury_brand_new_house_for_sale_dha_phase_9_town_lahore-54446533-1452-1.html
"5 Marla Luxury Brand New House For Sale DHA Phase 9 Town, Lahore,",PKR 2.35 Crore,23500000,3,4,5 Marla,1125.0,20888,House,True,9,"TitaniumPKR2.35 CroreDHA 9 Town, DHA Defence345 MarlaAdded: 56 minutes agoSMSCallEmail",86,Houses_Lahore,2026-07-24,https://www.zameen.com/Property/dha_defence_dha_9_town_5_marla_luxury_brand_new_house_for_sale_dha_phase_9_town_lahore-54455403-1452-1.html
A Dream Home Awaits With,PKR 2.85 Crore,28500000,3,4,5 Marla,1125.0,25333,Unknown,False,24,"PKR2.85 CroreDHA Phase 6, DHA Defence345 MarlaAdded: 1 hour agoSMSCall",70,Houses_Lahore,2026-07-24,https://www.zameen.com/Property/dha_defence_dha_phase_6_a_dream_home_awaits_with-51788315-1448-1.html
Prime Location 5 Marla Bungalow Perfect Family Living Space,PKR 2.55 Crore,25500000,4,7,5 Marla,1125.0,22666,House,False,19,"PKR2.55 CroreDHA 9 Town - Block B, DHA 9 Town475 MarlaAdded: 1 hour agoSMSCall",78,Houses_Lahore,2026-07-24,https://www.zameen.com/Property/dha_9_town_dha_9_town_-_block_b_prime_location_5_marla_bungalow_perfect_family_living_space-54351308-8174-1.html
Kanal Modern Luxury House For Sale Close To Macdonold Park & Commercial,PKR 7.65 Crore,76500000,5,6,1 Kanal,4500.0,17000,House,True,20,super hot20Share on FacebookShare on TwitterShare on WhatsAppSend via GMailSend via E-Mail,90,Houses_Lahore,2026-07-24,https://www.zameen.com/Property/dha_phase_7_dha_phase_7_-_block_y_kanal_modern_luxury_house_for_sale_close_to_macdonold_park_commercial-54467604-1632-1.html
5-Marla Fully Modern House For Sale At Hot Location Near Askari 11 & Commercial,PKR 2.65 Crore,26500000,3,4,5 Marla,1125.0,23555,House,True,26,super hot26Share on FacebookShare on TwitterShare on WhatsAppSend via GMailSend via E-Mail,90,Houses_Lahore,2026-07-24,https://www.zameen.com/Property/dha_defence_dha_9_town_5-marla_fully_modern_house_for_sale_at_hot_location_near_askari_11_commercial-54218588-1452-1.html
1 Kanal Spacious House Is Available In DHA Phase 7 For Sale,PKR 7.65 Crore,76500000,5,6,1 Kanal,4500.0,17000,House,True,49,super hot49Share on FacebookShare on TwitterShare on WhatsAppSend via GMailSend via E-Mail,90,Houses_Lahore,2026-07-24,https://www.zameen.com/Property/dha_defence_dha_phase_7_1_kanal_spacious_house_is_available_in_dha_phase_7_for_sale-51524283-1450-1.html
1 Kanal Fully Furnished Ultra Luxurious House Available For Sale in DHA Phase 6,PKR 25 Crore,250000000,6,7,1 Kanal,4500.0,55555,House,True,49,super hot49Share on FacebookShare on TwitterShare on WhatsAppSend via GMailSend via E-Mail,90,Houses_Lahore,2026-07-24,https://www.zameen.com/Property/dha_defence_dha_phase_6_1_kanal_fully_furnished_ultra_luxurious_house_available_for_sale_in_dha_phase_6-54480287-1448-1.html
Top Of The Line Beautiful Lavish 2 Kanal Fully Furnished House For Sale in DHA Phase 7,PKR 23.5 Crore,235000000,5,6,2 Kanal,9000.0,26111,House,True,35,super hot35Share on FacebookShare on TwitterShare on WhatsAppSend via GMailSend via E-Mail,90,Houses_Lahore,2026-07-24,https://www.zameen.com/Property/dha_defence_dha_phase_7_top_of_the_line_beautiful_lavish_2_kanal_fully_furnished_house_for_sale_in_dha_phase_7-54488573-1450-1.html
Brand New Luxury 1 Kanal Designer House | DHA Phase 6 | 5 Master Beds | Near Main Boulevard,PKR 17.75 Crore,177500000,17,6,1 Kanal,4500.0,39444,House,True,6,super hot6Share on FacebookShare on TwitterShare on WhatsAppSend via GMailSend via E-Mail,89,Houses_Lahore,2026-07-24,https://www.zameen.com/Property/dha_phase_6_dha_phase_6_-_block_d_brand_new_luxury_1_kanal_designer_house_dha_phase_6_5_master_beds_near_main_boulevard-54413509-1613-1.html
Elegant 4 Bed Double Unit House | Prime DHA Phase 6 | Walking Distance To Dolmen Mall | Luxury Living,PKR 6 Crore,60000000,6,5,10 Marla,2250.0,26666,House,True,43,super hot431VerifiedShare on FacebookShare on TwitterShare on WhatsAppSend via GMailSend via E-Mail,99,Houses_Lahore,2026-07-24,https://www.zameen.com/Property/dha_phase_6_dha_phase_6_-_block_d_elegant_4_bed_double_unit_house_prime_dha_phase_6_walking_distance_to_dolmen_mall_luxury_living-54454593-1613-1.html
Kahna House Sized 5 Marla House,PKR 1.25 Crore,12500000,5,5,5 Marla,1125.0,11111,House,True,18,super hot18VerifiedShare on FacebookShare on TwitterShare on WhatsAppSend via GMailSend via E-Mail,98,Houses_Lahore,2026-07-24,https://www.zameen.com/Property/lahore_kahna_kahna_house_sized_5_marla_house-54490890-9358-1.html
1 Cannal Double Storey House For Sale,PKR 5.75 Crore,57500000,5,6,1 Kanal,4500.0,12777,House,True,8,super hot8Share on FacebookShare on TwitterShare on WhatsAppSend via GMailSend via E-Mail,89,Houses_Lahore,2026-07-24,https://www.zameen.com/Property/revenue_society_revenue_society_-_block_a_1_cannal_double_storey_house_for_sale-54425901-8929-1.html
BRAND NEW 10 MARLA DOUBLE STORY HOUSE AVAILBLE FOR SALE IN LDA AVENUE BOCK G LAHORE,PKR 3.3 Crore,33000000,6,6,10 Marla,2250.0,14666,House,True,7,hot7Share on FacebookShare on TwitterShare on WhatsAppSend via GMailSend via E-Mail,83,Houses_Lahore,2026-07-24,https://www.zameen.com/Property/lahore_lda_avenue_brand_new_10_marla_double_story_house_availble_for_sale_in_lda_avenue_bock_g_lahore-54423528-547-1.html
10 Marla Beautiful House For Sale In Rafi Block At Very Reasonable Price,PKR 4.8 Crore,48000000,5,7,10 Marla,2250.0,21333,House,True,22,hot22Share on FacebookShare on TwitterShare on WhatsAppSend via GMailSend via E-Mail,84,Houses_Lahore,2026-07-24,https://www.zameen.com/Property/bahria_town_sector_e_bahria_town_-_rafi_block_10_marla_beautiful_house_for_sale_in_rafi_block_at_very_reasonable_price-54393697-1803-1.html
Corner 22 Marla Luxury 1 Kanal House For Sale In DHA Lahore Classic Design Bungalow,PKR 9.5 Crore,95000000,5,7,1.2 Kanal,5400.0,17592,House,False,14,hot14Share on FacebookShare on TwitterShare on WhatsAppSend via GMailSend via E-Mail,84,Houses_Lahore,2026-07-24,https://www.zameen.com/Property/dha_phase_5_dha_phase_5_-_block_k_corner_22_marla_luxury_1_kanal_house_for_sale_in_dha_lahore_classic_design_bungalow-53812397-1607-1.html
Eye Catching 40 Marla Corner Full Basement Fully Furnished Modern Desginer Bungalow In DHA PHASE 4,PKR 35 Crore,350000000,7,6,2 Kanal,9000.0,38888,House,False,28,hot28Share on FacebookShare on TwitterShare on WhatsAppSend via GMailSend via E-Mail,84,Houses_Lahore,2026-07-24,https://www.zameen.com/Property/dha_defence_dha_phase_4_eye_catching_40_marla_corner_full_basement_fully_furnished_modern_desginer_bungalow_in_dha_phase_4-54141285-1446-1.html
"Ultra-Luxury Spanish 2 Kanal Furnished Bungalow With Basement, Pool, Lift & Home Theater DHA Lahore",PKR 60 Crore,600000000,7,7,2 Kanal,9000.0,66666,House,False,19,hot19Share on FacebookShare on TwitterShare on WhatsAppSend via GMailSend via E-Mail,84,Houses_Lahore,2026-07-24,https://www.zameen.com/Property/dha_phase_6_dha_phase_6_-_block_h_ultra-luxury_spanish_2_kanal_furnished_bungalow_with_basement_pool_lift_home_theater_dha_lahore-53794922-1617-1.html
Eyes Catching Brand New Luxurious House For Sale With Study Room Very Close To Park And Mosque Walking Distance Raya Fairway Very Reasonable Deal In DHA Phase 6 Block N,PKR 8.12 Crore,81199999,5,6,1 Kanal,4500.0,18044,House,True,48,super hot48Share on FacebookShare on TwitterShare on WhatsAppSend via GMailSend via E-Mail,90,Houses_Lahore,2026-07-24,https://www.zameen.com/Property/dha_defence_dha_phase_6_eyes_catching_brand_new_luxurious_house_for_sale_with_study_room_very_close_to_park_and_mosque_walking_distance_raya_fairway_very_reasonable_deal_in_dha_phase_6_block_n-54399157-1448-1.html
1 Kanal Ultra Modern Style Double Highted Lobby Double Storey Double Unit House Available For Sale In VALANCIA TOWN LAHORE By Fast Property Services Lahore,PKR 18.5 Crore,185000000,6,6,2 Kanal,9000.0,20555,House,True,50,super hot50Share on FacebookShare on TwitterShare on WhatsAppSend via GMailSend via E-Mail,90,Houses_Lahore,2026-07-24,https://www.zameen.com/Property/lahore_valencia_housing_society_1_kanal_ultra_modern_style_double_highted_lobby_double_storey_double_unit_house_available_for_sale_in_valancia_town_lahore_by_fast_property_services_lahore-54388968-373-1.html
5 Marla Double Storey Brand New Luxery Stylish Ultra Spanish Style House Available For Sale In Joher Town Phase Ii Lahore By Fast Property Services Real Estate And Builders Lahore Its Own Built,PKR 3.5 Crore,35000000,6,6,5 Marla,1125.0,31111,House,True,23,super hot23Share on FacebookShare on TwitterShare on WhatsAppSend via GMailSend via E-Mail,90,Houses_Lahore,2026-07-24,https://www.zameen.com/Property/johar_town_johar_town_phase_2_5_marla_double_storey_brand_new_luxery_stylish_ultra_spanish_style_house_available_for_sale_in_joher_town_phase_ii_lahore_by_fast_property_services_real_estate_and_builders_lahore_its_own_built-52598252-3961-1.html
5 Marla Brand New Luxury Modern Style House All Original Picture Direct Meeting Available For Sale In Johar Town Phase 2.,PKR 3.5 Crore,35000000,5,6,5 Marla,1125.0,31111,House,True,21,super hot21Share on FacebookShare on TwitterShare on WhatsAppSend via GMailSend via E-Mail,90,Houses_Lahore,2026-07-24,https://www.zameen.com/Property/johar_town_johar_town_phase_2_5_marla_brand_new_luxury_modern_style_house_all_original_picture_direct_meeting_available_for_sale_in_johar_town_phase_2-54114966-3961-1.html
1 KANAL MODERN HOUSE IN DHA PHASE 6 GOOD LOCATION,PKR 8.7 Crore,87000000,5,6,1 Kanal,4500.0,19333,House,True,19,super hot19Share on FacebookShare on TwitterShare on WhatsAppSend via GMailSend via E-Mail,90,Houses_Lahore,2026-07-24,https://www.zameen.com/Property/dha_defence_dha_phase_6_1_kanal_modern_house_in_dha_phase_6_good_location-50961419-1448-1.html
10 Marla Beautiful House For Sale,PKR 4.6 Crore,46000000,5,6,10 Marla,2250.0,20444,House,True,14,super hot14Share on FacebookShare on TwitterShare on WhatsAppSend via GMailSend via E-Mail,90,Houses_Lahore,2026-07-24,https://www.zameen.com/Property/lahore_pia_housing_scheme_10_marla_beautiful_house_for_sale-54405227-444-1.html
1 Kanal Double Storey House Available For Sale,PKR 7.5 Crore,75000000,5,6,18 Marla,4050.0,18518,House,True,19,super hot19Share on FacebookShare on TwitterShare on WhatsAppSend via GMailSend via E-Mail,90,Houses_Lahore,2026-07-24,https://www.zameen.com/Property/lahore_gulberg_1_kanal_double_storey_house_available_for_sale-54377057-7-1.html
Most Beautiful Eye Catching One Kanal House With Basement Furnished Plus Swimming Pool In DHA Phase 7 For Sale Near To Big Park,PKR 12.45 Crore,124500000,6,7,1 Kanal,4500.0,27666,House,True,41,super hot41Share on FacebookShare on TwitterShare on WhatsAppSend via GMailSend via E-Mail,90,Houses_Lahore,2026-07-24,https://www.zameen.com/Property/dha_defence_dha_phase_7_most_beautiful_eye_catching_one_kanal_house_with_basement_furnished_plus_swimming_pool_in_dha_phase_7_for_sale_near_to_big_park-54271239-1450-1.html
Fully Furnished Luxurious 5 Marla Lavish Brand New Bungalow On Top Location For Sale in DHA Phase 9 Town Lahore,PKR 2.9 Crore,29000000,3,4,5 Marla,1125.0,25777,House,True,13,super hot13Share on FacebookShare on TwitterShare on WhatsAppSend via GMailSend via E-Mail,90,Houses_Lahore,2026-07-24,https://www.zameen.com/Property/dha_defence_dha_9_town_fully_furnished_luxurious_5_marla_lavish_brand_new_bungalow_on_top_location_for_sale_in_dha_phase_9_town_lahore-54511188-1452-1.html
3 Years Installments Plan Brand New 5 Marla House For Sale In Park View City,PKR 1.6 Crore,16000000,4,5,5 Marla,1125.0,14222,House,True,18,super hot18Share on FacebookShare on TwitterShare on WhatsAppSend via GMailSend via E-Mail,90,Houses_Lahore,2026-07-24,https://www.zameen.com/Property/lahore_park_view_city_3_years_installments_plan_brand_new_5_marla_house_for_sale_in_park_view_city-54443284-1466-1.html
1 KANAL USED PERSONAL OWNER BUILT Double Storey House Ultra Modern Style Available For Sale In Johar Town Phase Ii Lahore By Fast Property Services,PKR 8.5 Crore,85000000,6,6,1 Kanal,4500.0,18888,House,True,50,hot50Share on FacebookShare on TwitterShare on WhatsAppSend via GMailSend via E-Mail,84,Houses_Lahore,2026-07-24,https://www.zameen.com/Property/johar_town_johar_town_phase_2_1_kanal_used_personal_owner_built_double_storey_house_ultra_modern_style_available_for_sale_in_johar_town_phase_ii_lahore_by_fast_property_services-53560877-3961-1.html
4 Kanal 2+2 Used Spanish Design Most Beautiful 12-Bedroom Bungalow For Sale At Prime Location Of DHA Lahore Near To Park Masjid & Commercial Market.,PKR 35 Crore,350000000,35,7,4 Kanal,18000.0,19444,House,True,31,hot31Share on FacebookShare on TwitterShare on WhatsAppSend via GMailSend via E-Mail,84,Houses_Lahore,2026-07-24,https://www.zameen.com/Property/dha_phase_2_dha_phase_2_-_block_t_4_kanal_2_2_used_spanish_design_most_beautiful_12-bedroom_bungalow_for_sale_at_prime_location_of_dha_lahore_near_to_park_masjid_commercial_market-54429563-1573-1.html
Hall in Basement Ultra Luxury 20 Marla Modern Bungalow | Prime Location | Ready to Move,PKR 8.8 Crore,88000000,5,6,1 Kanal,4500.0,19555,House,False,19,hot19Share on FacebookShare on TwitterShare on WhatsAppSend via GMailSend via E-Mail,84,Houses_Lahore,2026-07-24,https://www.zameen.com/Property/dha_defence_dha_phase_6_hall_in_basement_ultra_luxury_20_marla_modern_bungalow_prime_location_ready_to_move-52925724-1448-1.html
Luxury 1 Kanal Bungalow Near Park & Main Boulevard.,PKR 7.25 Crore,72500000,5,6,1 Kanal,4500.0,16111,House,False,20,hot20Share on FacebookShare on TwitterShare on WhatsAppSend via GMailSend via E-Mail,84,Houses_Lahore,2026-07-24,https://www.zameen.com/Property/dha_defence_dha_phase_7_luxury_1_kanal_bungalow_near_park_main_boulevard-52925476-1450-1.html
Brand New 3 Bed House For Sale Lahore | House For sale Bahria Nasheman Lahore,PKR 1.6 Crore,16000000,1,4,5 Marla,1125.0,14222,House,False,11,hot11Share on FacebookShare on TwitterShare on WhatsAppSend via GMailSend via E-Mail,84,Houses_Lahore,2026-07-24,https://www.zameen.com/Property/lahore_bahria_nasheman_brand_new_3_bed_house_for_sale_lahore_house_for_sale_bahria_nasheman_lahore-54065788-4510-1.html
"1 Kanal Double Storey House For Sale In Sector A1, Township, Lahore",PKR 6 Crore,60000000,5,6,1 Kanal,4500.0,13333,House,False,17,hot17Share on FacebookShare on TwitterShare on WhatsAppSend via GMailSend via E-Mail,84,Houses_Lahore,2026-07-24,https://www.zameen.com/Property/township_township_-_sector_a1_1_kanal_double_storey_house_for_sale_in_sector_a1_township_lahore-54007932-4254-1.html
Brand New 5 Marla House For Sale In Paragon City Lahore,PKR 2.5 Crore,25000000,3,4,5 Marla,1125.0,22222,House,False,14,hot14Share on FacebookShare on TwitterShare on WhatsAppSend via GMailSend via E-Mail,84,Houses_Lahore,2026-07-24,https://www.zameen.com/Property/lahore_paragon_city_brand_new_5_marla_house_for_sale_in_paragon_city_lahore-49930748-1014-1.html
Designer Luxury 12 Marla Park-Facing Bungalow | Prime Investment Opportunity,PKR 6.25 Crore,62500000,5,7,10 Marla,2250.0,27777,House,False,12,12Share on FacebookShare on TwitterShare on WhatsAppSend via GMailSend via E-Mail,81,Houses_Lahore,2026-07-24,https://www.zameen.com/Property/dha_phase_5_dha_phase_5_-_block_k_designer_luxury_12_marla_park-facing_bungalow_prime_investment_opportunity-54123398-1607-1.html
3 Kanal Corner Full Furnished Bungalow For Sale At Hot Location Near Dolmen Mall,PKR 35 Crore,350000000,7,7,3 Kanal,13500.0,25925,House,True,50,50Share on FacebookShare on TwitterShare on WhatsAppSend via GMailSend via E-Mail,81,Houses_Lahore,2026-07-24,https://www.zameen.com/Property/dha_defence_dha_phase_6_3_kanal_corner_full_furnished_bungalow_for_sale_at_hot_location_near_dolmen_mall-53601160-1448-1.html
FURNISHED 01 KANAL BRAND NEW HOUSE FOR SALE On Prime Location,PKR 11.5 Crore,115000000,6,7,1 Kanal,4500.0,25555,House,True,42,42Share on FacebookShare on TwitterShare on WhatsAppSend via GMailSend via E-Mail,81,Houses_Lahore,2026-07-24,https://www.zameen.com/Property/dha_defence_dha_phase_6_furnished_01_kanal_brand_new_house_for_sale_on_prime_location-53299636-1448-1.html
Prime Location Alert! Lucrative Deal 1 Kanal Near Park And 150 Feet Road For Sale At Phase 7,PKR 7.75 Crore,77500000,5,6,1 Kanal,4500.0,17222,Unknown,True,46,46Share on FacebookShare on TwitterShare on WhatsAppSend via GMailSend via E-Mail,81,Houses_Lahore,2026-07-24,https://www.zameen.com/Property/dha_defence_dha_phase_7_prime_location_alert_lucrative_deal_1_kanal_near_park_and_150_feet_road_for_sale_at_phase_7-53656767-1450-1.html
5 Marla Barnd new House For Sale 3 Bedrooms | Prime Location | Ideal Family Home,PKR 1.6 Crore,16000000,1,4,5 Marla,1125.0,14222,House,False,23,23Share on FacebookShare on TwitterShare on WhatsAppSend via GMailSend via E-Mail,81,Houses_Lahore,2026-07-24,https://www.zameen.com/Property/bahria_nasheman_bahria_nasheman_-_iris_5_marla_barnd_new_house_for_sale_3_bedrooms_prime_location_ideal_family_home-54375158-4512-1.html
3 Years Installment Plan Luxury 5 Marla Brand New House In Park View City Lahore,PKR 1.55 Crore,15500000,4,5,5 Marla,1125.0,13777,House,False,7,7Share on FacebookShare on TwitterShare on WhatsAppSend via GMailSend via E-Mail,80,Houses_Lahore,2026-07-24,https://www.zameen.com/Property/lahore_park_view_city_3_years_installment_plan_luxury_5_marla_brand_new_house_in_park_view_city_lahore-54489844-1466-1.html
3 Years Installment Plan Luxury 5 Marla Brand New House In Park View City Lahore,PKR 1.7 Crore,17000000,4,5,5 Marla,1125.0,15111,House,False,10,10Share on FacebookShare on TwitterShare on WhatsAppSend via GMailSend via E-Mail,81,Houses_Lahore,2026-07-24,https://www.zameen.com/Property/lahore_park_view_city_3_years_installment_plan_luxury_5_marla_brand_new_house_in_park_view_city_lahore-54484611-1466-1.html
3 Years Installment Plan Luxury 5 Marla Brand New House In Park View City Lahore,PKR 1.45 Crore,14500000,3,2,5 Marla,1125.0,12888,House,False,17,17Share on FacebookShare on TwitterShare on WhatsAppSend via GMailSend via E-Mail,81,Houses_Lahore,2026-07-24,https://www.zameen.com/Property/lahore_park_view_city_3_years_installment_plan_luxury_5_marla_brand_new_house_in_park_view_city_lahore-54484004-1466-1.html
2 Bed Townhouse for Sale On 5 Year Installment Plan,PKR 1.39 Crore,13899999,1,2,5 Marla,1125.0,12355,House,True,9,super hot9Share on FacebookShare on TwitterShare on WhatsAppSend via GMailSend via E-Mail,89,Houses_Lahore,2026-07-24,https://www.zameen.com/Property/lake_city_sector_m_8_lake_city_townhouses_2_bed_townhouse_for_sale_on_5_year_installment_plan-54511344-21955-1.html
Park Facing 10 Marla Brand New House For Sale In Lake City - Sector M-2A Raiwind Road Lahore,PKR 5.85 Crore,58500000,6,6,10 Marla,2250.0,26000,House,True,26,super hot26Share on FacebookShare on TwitterShare on WhatsAppSend via GMailSend via E-Mail,90,Houses_Lahore,2026-07-24,https://www.zameen.com/Property/lake_city_lake_city_-_sector_m-2a_park_facing_10_marla_brand_new_house_for_sale_in_lake_city_-_sector_m-2a_raiwind_road_lahore-54338519-4002-1.html
Spanish Design 1 Kanal Brand New House For Sale In DHA Phase 6,PKR 10.4 Crore,104000000,5,6,1 Kanal,4500.0,23111,House,True,17,super hot17Share on FacebookShare on TwitterShare on WhatsAppSend via GMailSend via E-Mail,90,Houses_Lahore,2026-07-24,https://www.zameen.com/Property/dha_defence_dha_phase_6_spanish_design_1_kanal_brand_new_house_for_sale_in_dha_phase_6-54455133-1448-1.html
Sale A House In Lahore Prime Location,PKR 6.4 Crore,64000000,4,5,10 Marla,2250.0,28444,House,True,31,super hot31VerifiedShare on FacebookShare on TwitterShare on WhatsAppSend via GMailSend via E-Mail,98,Houses_Lahore,2026-07-24,https://www.zameen.com/Property/dha_defence_dha_phase_7_sale_a_house_in_lahore_prime_location-54452042-1450-1.html
DHA Phase 7 House Sized 1 Kanal Is Available,PKR 10 Crore,100000000,5,6,1 Kanal,4500.0,22222,House,True,21,super hot21VerifiedShare on FacebookShare on TwitterShare on WhatsAppSend via GMailSend via E-Mail,98,Houses_Lahore,2026-07-24,https://www.zameen.com/Property/dha_defence_dha_phase_7_dha_phase_7_house_sized_1_kanal_is_available-54452110-1450-1.html
3 Years Installments Plan 10 Marla Brand New House For Sale In Park View City,PKR 3.15 Crore,31500000,5,6,10 Marla,2250.0,14000,House,True,15,super hot15Share on FacebookShare on TwitterShare on WhatsAppSend via GMailSend via E-Mail,90,Houses_Lahore,2026-07-24,https://www.zameen.com/Property/lahore_park_view_city_3_years_installments_plan_10_marla_brand_new_house_for_sale_in_park_view_city-54443247-1466-1.html
"3.15 Marla House Sale B Block Phases-2 LDA Approved Area, House No 381, Near Park, Near Masjid, Good Location House, A+ Material Used, Society New Lahore City",PKR 1.25 Crore,12500000,3,4,3.1 Marla,697.5,17921,House,True,27,super hot271VerifiedShare on FacebookShare on TwitterShare on WhatsAppSend via GMailSend via E-Mail,99,Houses_Lahore,2026-07-24,https://www.zameen.com/Property/lahore_new_lahore_city_3_15_marla_house_sale_b_block_phases-2_lda_approved_area_house_no_381_near_park_near_masjid_good_location_house_a_material_used_society_new_lahore_city-54376915-8152-1.html
5 Marla Slightly Used House For Sale In Dream Gardens Lahore,PKR 2.2 Crore,22000000,3,4,5 Marla,1125.0,19555,House,True,12,super hot12Share on FacebookShare on TwitterShare on WhatsAppSend via GMailSend via E-Mail,90,Houses_Lahore,2026-07-24,https://www.zameen.com/Property/defence_road_dream_gardens_5_marla_slightly_used_house_for_sale_in_dream_gardens_lahore-54511824-4393-1.html
100 Percent Original Add Near Defence Raya And Masjid One Kanal Brand New Modern Ultra Luxury Supreme Location House In DHA Lahore Reasonable Deal,PKR 7.65 Crore,76500000,5,6,1 Kanal,4500.0,17000,House,True,27,super hot27Share on FacebookShare on TwitterShare on WhatsAppSend via GMailSend via E-Mail,90,Houses_Lahore,2026-07-24,https://www.zameen.com/Property/dha_phase_7_dha_phase_7_-_block_p_100_percent_original_add_near_defence_raya_and_masjid_one_kanal_brand_new_modern_ultra_luxury_supreme_location_house_in_dha_lahore_reasonable_deal-53978674-1623-1.html
WITH 10 KVA SOLAR SYSTEM MODERN DESIGN 10 MARLA BRAND NEW OWNER BUILT LUXURY BUNGALOW WITH BASEMENT AT VERY HOT LOCATION IN DHA PHASE 5 AVAILABLE FOR SALE,PKR 5.75 Crore,57500000,5,5,10 Marla,2250.0,25555,House,True,32,super hot32Share on FacebookShare on TwitterShare on WhatsAppSend via GMailSend via E-Mail,90,Houses_Lahore,2026-07-24,https://www.zameen.com/Property/dha_phase_7_dha_phase_7_-_block_y_with_10_kva_solar_system_modern_design_10_marla_brand_new_owner_built_luxury_bungalow_with_basement_at_very_hot_location_in_dha_phase_5_available_for_sale-54511670-1632-1.html
One Kanal Slightly Used Ultra Modern Designer Owner Build Fully Furnished Bungalow For Sale,PKR 8.85 Crore,88500000,5,6,1 Kanal,4500.0,19666,House,True,37,hot37Share on FacebookShare on TwitterShare on WhatsAppSend via GMailSend via E-Mail,84,Houses_Lahore,2026-07-24,https://www.zameen.com/Property/dha_phase_4_dha_phase_4_-_block_gg_one_kanal_slightly_used_ultra_modern_designer_owner_build_fully_furnished_bungalow_for_sale-51112257-1595-1.html
One Kanal Used Modern Design Most Beautiful Bungalow For Sale At Prime Location Of DHA Lahore Near To Park & Commercial Market,PKR 6.85 Crore,68500000,5,6,1 Kanal,4500.0,15222,House,True,26,hot26Share on FacebookShare on TwitterShare on WhatsAppSend via GMailSend via E-Mail,84,Houses_Lahore,2026-07-24,https://www.zameen.com/Property/dha_phase_2_dha_phase_2_-_block_s_one_kanal_used_modern_design_most_beautiful_bungalow_for_sale_at_prime_location_of_dha_lahore_near_to_park_commercial_market-51637063-1572-1.html
10 Marla House For Sale In Paragon City Lahore,PKR 5.4 Crore,54000000,5,6,10 Marla,2250.0,24000,House,False,5,hot5Share on FacebookShare on TwitterShare on WhatsAppSend via GMailSend via E-Mail,83,Houses_Lahore,2026-07-24,https://www.zameen.com/Property/lahore_paragon_city_10_marla_house_for_sale_in_paragon_city_lahore-50014369-1014-1.html
10 Marla House For Sale In Paragon City Lahore,PKR 4.85 Crore,48500000,5,6,10 Marla,2250.0,21555,House,False,16,hot16Share on FacebookShare on TwitterShare on WhatsAppSend via GMailSend via E-Mail,84,Houses_Lahore,2026-07-24,https://www.zameen.com/Property/lahore_paragon_city_10_marla_house_for_sale_in_paragon_city_lahore-49918832-1014-1.html
"2 KANAL ULTRA LUXURY FULLY FURNISHED HOUSE IS AVAILABLE FOR SALE IN THE PRIME LOCATION OF E BLOCK, DHA PHASE 6, LAHORE.",PKR 36.5 Crore,365000000,5,7,2 Kanal,9000.0,40555,House,False,46,hot46Share on FacebookShare on TwitterShare on WhatsAppSend via GMailSend via E-Mail,84,Houses_Lahore,2026-07-24,https://www.zameen.com/Property/dha_phase_6_dha_phase_6_-_block_e_2_kanal_ultra_luxury_fully_furnished_house_is_available_for_sale_in_the_prime_location_of_e_block_dha_phase_6_lahore-54496377-1614-1.html
15 Marla House For Sale,PKR 4.75 Crore,47500000,5,5,15 Marla,3375.0,14074,House,False,10,hot10Share on FacebookShare on TwitterShare on WhatsAppSend via GMailSend via E-Mail,84,Houses_Lahore,2026-07-24,https://www.zameen.com/Property/nasheman_e_iqbal_nasheman-e-iqbal_phase_1_15_marla_house_for_sale-54366925-4070-1.html
5 Marla House For Sale,PKR 2.35 Crore,23500000,4,4,5 Marla,1125.0,20888,House,False,8,hot8Share on FacebookShare on TwitterShare on WhatsAppSend via GMailSend via E-Mail,83,Houses_Lahore,2026-07-24,https://www.zameen.com/Property/lahore_nawab_town_5_marla_house_for_sale-54459238-4424-1.html
3 Years Installment Plan Luxury 10 Marla Brand New House In Park View City Lahore,PKR 3.1 Crore,31000000,5,6,10 Marla,2250.0,13777,House,False,12,12Share on FacebookShare on TwitterShare on WhatsAppSend via GMailSend via E-Mail,81,Houses_Lahore,2026-07-24,https://www.zameen.com/Property/lahore_park_view_city_3_years_installment_plan_luxury_10_marla_brand_new_house_in_park_view_city_lahore-54482133-1466-1.html
3 Years Installments Plan 5 Marla Brand New House For Sale In Park View City,PKR 1.75 Crore,17500000,4,5,5 Marla,1125.0,15555,House,False,13,13VerifiedShare on FacebookShare on TwitterShare on WhatsAppSend via GMailSend via E-Mail,89,Houses_Lahore,2026-07-24,https://www.zameen.com/Property/lahore_park_view_city_3_years_installments_plan_5_marla_brand_new_house_for_sale_in_park_view_city-54476277-1466-1.html
3 Years Installment Plan Luxury 5 Marla Brand New House In Park View City Lahore,PKR 1.5 Crore,15000000,4,5,5 Marla,1125.0,13333,House,False,12,12Share on FacebookShare on TwitterShare on WhatsAppSend via GMailSend via E-Mail,81,Houses_Lahore,2026-07-24,https://www.zameen.com/Property/lahore_park_view_city_3_years_installment_plan_luxury_5_marla_brand_new_house_in_park_view_city_lahore-54472257-1466-1.html
10 Marla Brand New Executive Class Stunning House For Sale,PKR 5.6 Crore,56000000,4,5,10 Marla,2250.0,24888,House,False,21,21Share on FacebookShare on TwitterShare on WhatsAppSend via GMailSend via E-Mail,81,Houses_Lahore,2026-07-24,https://www.zameen.com/Property/dha_defence_dha_phase_6_10_marla_brand_new_executive_class_stunning_house_for_sale-53069270-1448-1.html
"5 Marla Luxury House For Sale In Jade Extension Block, Park View City Lahore",PKR 2.5 Crore,25000000,4,4,5 Marla,1125.0,22222,House,False,27,27Share on FacebookShare on TwitterShare on WhatsAppSend via GMailSend via E-Mail,81,Houses_Lahore,2026-07-24,https://www.zameen.com/Property/park_view_city_park_view_city_-_jade_extension_block_5_marla_luxury_house_for_sale_in_jade_extension_block_park_view_city_lahore-54478295-16242-1.html
Prime 10.5 Marla Corner House for Sale in Tulip Block Park View City Lahore,PKR 4.85 Crore,48500000,4,5,10 Marla,2250.0,21555,House,False,,Share on FacebookShare on TwitterShare on WhatsAppSend via GMailSend via E-Mail,79,Houses_Lahore,2026-07-24,https://www.zameen.com/Property/park_view_city_park_view_city_-_tulip_block_prime_10_5_marla_corner_house_for_sale_in_tulip_block_park_view_city_lahore-54164521-8465-1.html
"Prime Location 5 Marla House for Sale in Tulip Extension Block, Park View City Lahore",PKR 2.45 Crore,24500000,4,4,5 Marla,1125.0,21777,House,False,8,8Share on FacebookShare on TwitterShare on WhatsAppSend via GMailSend via E-Mail,80,Houses_Lahore,2026-07-24,https://www.zameen.com/Property/park_view_city_park_view_city_-_tulip_extension_block_prime_location_5_marla_house_for_sale_in_tulip_extension_block_park_view_city_lahore-54501910-16719-1.html
"Brand New 5 Marla House For Sale In Executive Block, Park View City, Lahore",PKR 2.45 Crore,24500000,4,4,5 Marla,1125.0,21777,House,False,35,35Share on FacebookShare on TwitterShare on WhatsAppSend via GMailSend via E-Mail,81,Houses_Lahore,2026-07-24,https://www.zameen.com/Property/park_view_city_park_view_city_-_executive_block_brand_new_5_marla_house_for_sale_in_executive_block_park_view_city_lahore-54424155-17598-1.html
SYED BROTHERS PROUDLY OFFERS: 1-Kanal Elegant Old Bungalow Is Available In The Best Block Of DHA Lahore.,PKR 9.5 Crore,95000000,5,6,1 Kanal,4500.0,21111,House,True,50,super hot50Share on FacebookShare on TwitterShare on WhatsAppSend via GMailSend via E-Mail,90,Houses_Lahore,2026-07-24,https://www.zameen.com/Property/dha_defence_dha_phase_7_syed_brothers_proudly_offers_1-kanal_elegant_old_bungalow_is_available_in_the_best_block_of_dha_lahore-54508057-1450-1.html
5 Marla Brand New House Available For Sale In Lake City,PKR 3.15 Crore,31500000,4,4,5 Marla,1125.0,28000,House,True,17,super hot17Share on FacebookShare on TwitterShare on WhatsAppSend via GMailSend via E-Mail,90,Houses_Lahore,2026-07-24,https://www.zameen.com/Property/lake_city_sector_m_8_lake_city_sector_m8_-_block_b2_5_marla_brand_new_house_available_for_sale_in_lake_city-54476912-18653-1.html
1 KANAL BRAND NEW ULTRA MODERN DESIGN HOUSE FOR SALE,PKR 6.5 Crore,65000000,6,6,1 Kanal,4500.0,14444,House,True,26,super hot26Share on FacebookShare on TwitterShare on WhatsAppSend via GMailSend via E-Mail,90,Houses_Lahore,2026-07-24,https://www.zameen.com/Property/lahore_valencia_housing_society_1_kanal_brand_new_ultra_modern_design_house_for_sale-54234510-373-1.html
5 Marla Modern Designer Furnished House For Sale in Lake City,PKR 3.19 Crore,31900000,4,5,5 Marla,1125.0,28355,House,True,17,super hot17Share on FacebookShare on TwitterShare on WhatsAppSend via GMailSend via E-Mail,90,Houses_Lahore,2026-07-24,https://www.zameen.com/Property/raiwind_road_lake_city_5_marla_modern_designer_furnished_house_for_sale_in_lake_city-54386674-1103-1.html
5 Marla Modern House House For Sale in Lake City Sector M-6,PKR 3.49 Crore,34900000,4,5,5 Marla,1125.0,31022,House,True,17,super hot17Share on FacebookShare on TwitterShare on WhatsAppSend via GMailSend via E-Mail,90,Houses_Lahore,2026-07-24,https://www.zameen.com/Property/lake_city_lake_city_-_sector_m-6_5_marla_modern_house_house_for_sale_in_lake_city_sector_m-6-54386733-4008-1.html
11 Marla Ultra Advance Modern Smart Features Designer Brand New House Available For Sale Meeting With Direct Owner,PKR 6.2 Crore,62000000,5,6,11 Marla,2475.0,25050,House,True,11,super hot11Share on FacebookShare on TwitterShare on WhatsAppSend via GMailSend via E-Mail,90,Houses_Lahore,2026-07-24,https://www.zameen.com/Property/bahria_town_sector_f_bahria_town_-_ghaznavi_block_11_marla_ultra_advance_modern_smart_features_designer_brand_new_house_available_for_sale_meeting_with_direct_owner-54459543-8261-1.html
"10 MARLA ELEGANT AND FULLY MAINTAINED SUPER HOT LOCATED FACING PARK BUNGALOW IS AVAILABLE IN BANKERS AVENUE BLOCK H, LAHORE.",PKR 4.15 Crore,41500000,5,6,10 Marla,2250.0,18444,House,True,23,super hot23Share on FacebookShare on TwitterShare on WhatsAppSend via GMailSend via E-Mail,90,Houses_Lahore,2026-07-24,https://www.zameen.com/Property/bankers_avenue_cooperative_housing_society_bankers_avenue_-_block_h_10_marla_elegant_and_fully_maintained_super_hot_located_facing_park_bungalow_is_available_in_bankers_avenue_block_h_lahore-54355470-16018-1.html
10 MARLA FULL HOUSE AVAILABLE FOR SALE IN CENTRAL PARK HOUSING SCHEME LAHORE,PKR 4.65 Crore,46500000,5,6,10 Marla,2250.0,20666,House,True,20,super hot20Share on FacebookShare on TwitterShare on WhatsAppSend via GMailSend via E-Mail,90,Houses_Lahore,2026-07-24,https://www.zameen.com/Property/lahore_central_park_housing_scheme_10_marla_full_house_available_for_sale_in_central_park_housing_scheme_lahore-54181568-1013-1.html
"Brand New 5 Marla House For Sale | Prime Location DHA Phase 9 Town, Lahore",PKR 2.52 Crore,25200000,3,4,5 Marla,1125.0,22400,House,True,23,super hot23Share on FacebookShare on TwitterShare on WhatsAppSend via GMailSend via E-Mail,90,Houses_Lahore,2026-07-24,https://www.zameen.com/Property/dha_defence_dha_9_town_brand_new_5_marla_house_for_sale_prime_location_dha_phase_9_town_lahore-53717432-1452-1.html
3 MARLA MODREN HOUSE FOR SALE,PKR 1.6 Crore,16000000,4,5,3 Marla,675.0,23703,House,True,19,super hot19Share on FacebookShare on TwitterShare on WhatsAppSend via GMailSend via E-Mail,90,Houses_Lahore,2026-07-24,https://www.zameen.com/Property/al_kabir_town_phase_2_al-kabir_phase_2_-_block_e_3_marla_modren_house_for_sale-54253485-13022-1.html
In IEP Engineers Town 1 Kanal House For Sale,PKR 6.48 Crore,64800000,7,6,1 Kanal,4500.0,14400,House,True,38,hot38Share on FacebookShare on TwitterShare on WhatsAppSend via GMailSend via E-Mail,84,Houses_Lahore,2026-07-24,https://www.zameen.com/Property/lahore_iep_engineers_town_in_iep_engineers_town_1_kanal_house_for_sale-53907055-8425-1.html
5 Marla Double Storey Double Unit Luxery Ultra Modern House Available For Sale In Ethad Town Lahore By Fast Property Services With Original Pics,PKR 3.58 Crore,35800000,4,4,5 Marla,1125.0,31822,House,True,49,hot49Share on FacebookShare on TwitterShare on WhatsAppSend via GMailSend via E-Mail,84,Houses_Lahore,2026-07-24,https://www.zameen.com/Property/etihad_town_etihad_town_phase_1_5_marla_double_storey_double_unit_luxery_ultra_modern_house_available_for_sale_in_ethad_town_lahore_by_fast_property_services_with_original_pics-54288949-16882-1.html
Kanal House With 12 KV Solar System Installed For Sale Punjab Govt Employees Housing Society Phase 2 Near Wapda Town & College Road Lahore Near To Park Masjid & Market,PKR 6.25 Crore,62500000,5,6,17 Marla,3825.0,16339,House,False,18,hot18Share on FacebookShare on TwitterShare on WhatsAppSend via GMailSend via E-Mail,84,Houses_Lahore,2026-07-24,https://www.zameen.com/Property/lahore_wapda_town_kanal_house_with_12_kv_solar_system_installed_for_sale_punjab_govt_employees_housing_society_phase_2_near_wapda_town_college_road_lahore_near_to_park_masjid_market-54340543-423-1.html
5 Marla House For Sale Wapda Town Near To Park Masjid & Market,PKR 2.85 Crore,28500000,3,4,5 Marla,1125.0,25333,House,False,24,hot24Share on FacebookShare on TwitterShare on WhatsAppSend via GMailSend via E-Mail,84,Houses_Lahore,2026-07-24,https://www.zameen.com/Property/wapda_town_wapda_town_phase_1_5_marla_house_for_sale_wapda_town_near_to_park_masjid_market-54351124-4307-1.html
1 Kanal Modern Design Top Class Luxury House,PKR 7.5 Crore,75000000,5,6,1 Kanal,4500.0,16666,House,False,45,hot45Share on FacebookShare on TwitterShare on WhatsAppSend via GMailSend via E-Mail,84,Houses_Lahore,2026-07-24,https://www.zameen.com/Property/lahore_lake_city_meadows_1_kanal_modern_design_top_class_luxury_house-54179607-487-1.html
Eyes Catching 1 Kanal Brand New Mdern Design House For Sale,PKR 5.99 Crore,59900000,5,6,1 Kanal,4500.0,13311,House,False,50,hot50Share on FacebookShare on TwitterShare on WhatsAppSend via GMailSend via E-Mail,84,Houses_Lahore,2026-07-24,https://www.zameen.com/Property/lahore_lake_city_meadows_eyes_catching_1_kanal_brand_new_mdern_design_house_for_sale-54179590-487-1.html
5 Marla Brand New Ultra Modern Luxury House For Sale,PKR 2.25 Crore,22500000,3,4,5 Marla,1125.0,20000,House,False,20,hot20Share on FacebookShare on TwitterShare on WhatsAppSend via GMailSend via E-Mail,84,Houses_Lahore,2026-07-24,https://www.zameen.com/Property/lahore_lake_city_meadows_5_marla_brand_new_ultra_modern_luxury_house_for_sale-54179559-487-1.html
"Brand New 5 Marla Houses For Sale In Tulip Extension Block, Park View City Lahore",PKR 2.35 Crore,23500000,4,4,5 Marla,1125.0,20888,House,False,37,37Share on FacebookShare on TwitterShare on WhatsAppSend via GMailSend via E-Mail,81,Houses_Lahore,2026-07-24,https://www.zameen.com/Property/park_view_city_park_view_city_-_tulip_extension_block_brand_new_5_marla_houses_for_sale_in_tulip_extension_block_park_view_city_lahore-54433225-16719-1.html
"10 Marla Brand New Luxury House For Sale In ParkviewCity,Lahore",PKR 3.3 Crore,33000000,5,5,10 Marla,2250.0,14666,House,True,46,46VerifiedShare on FacebookShare on TwitterShare on WhatsAppSend via GMailSend via E-Mail,89,Houses_Lahore,2026-07-24,https://www.zameen.com/Property/lahore_park_view_city_10_marla_brand_new_luxury_house_for_sale_in_parkviewcity_lahore-50114573-1466-1.html
5 Marla Luxury House For Sale In Park View City Lahore,PKR 2.5 Crore,25000000,4,5,5 Marla,1125.0,22222,House,True,18,18Share on FacebookShare on TwitterShare on WhatsAppSend via GMailSend via E-Mail,81,Houses_Lahore,2026-07-24,https://www.zameen.com/Property/lahore_park_view_city_5_marla_luxury_house_for_sale_in_park_view_city_lahore-52314845-1466-1.html
5 Marla Corner Grey House For Sale In Park View City,PKR 1.3 Crore,13000000,4,4,5 Marla,1125.0,11555,House,True,30,30Share on FacebookShare on TwitterShare on WhatsAppSend via GMailSend via E-Mail,81,Houses_Lahore,2026-07-24,https://www.zameen.com/Property/lahore_park_view_city_5_marla_corner_grey_house_for_sale_in_park_view_city-52580902-1466-1.html
"5 Marla Luxury Brand New Triple Storey House For Sale In Rose Block, Park View City Lahore",PKR 2.3 Crore,23000000,4,4,5 Marla,1125.0,20444,House,True,17,17Share on FacebookShare on TwitterShare on WhatsAppSend via GMailSend via E-Mail,81,Houses_Lahore,2026-07-24,https://www.zameen.com/Property/park_view_city_park_view_city_-_rose_block_5_marla_luxury_brand_new_triple_storey_house_for_sale_in_rose_block_park_view_city_lahore-54307462-13322-1.html
"Brand New Spanish 5 Marla House for Sale in C Block, DHA 9 Town Lahore. Near Main Boulevard, No DP, No Pole",PKR 3.35 Crore,33500000,3,3,5 Marla,1125.0,29777,House,False,8,8Share on FacebookShare on TwitterShare on WhatsAppSend via GMailSend via E-Mail,80,Houses_Lahore,2026-07-24,https://www.zameen.com/Property/dha_9_town_dha_9_town_-_block_c_brand_new_spanish_5_marla_house_for_sale_in_c_block_dha_9_town_lahore_near_main_boulevard_no_dp_no_pole-54357502-8175-1.html
"2 Kanal House For Sale On Arif Jan Road, Lahore Cantt",PKR 25 Crore,250000000,5,6,2 Kanal,9000.0,27777,House,True,43,43Share on FacebookShare on TwitterShare on WhatsAppSend via GMailSend via E-Mail,81,Houses_Lahore,2026-07-24,https://www.zameen.com/Property/cantt_arif_jan_road_2_kanal_house_for_sale_on_arif_jan_road_lahore_cantt-54435451-15076-1.html
5 marla elegant house for sale in DHA phase 9 town,PKR 2.9 Crore,29000000,3,5,5 Marla,1125.0,25777,House,False,19,19Share on FacebookShare on TwitterShare on WhatsAppSend via GMailSend via E-Mail,81,Houses_Lahore,2026-07-24,https://www.zameen.com/Property/dha_defence_dha_9_town_5_marla_elegant_house_for_sale_in_dha_phase_9_town-54459854-1452-1.html
7 Marla Brand New Designer House For Sale in Lake City Sector M7 C-3,PKR 3.69 Crore,36900000,5,5,7 Marla,1575.0,23428,House,True,20,super hot20Share on FacebookShare on TwitterShare on WhatsAppSend via GMailSend via E-Mail,90,Houses_Lahore,2026-07-24,https://www.zameen.com/Property/lake_city_sector_m_7_lake_city_-_sector_m7_-_block_c3_7_marla_brand_new_designer_house_for_sale_in_lake_city_sector_m7_c-3-54414480-15745-1.html
Gas Installed | Park Facing| 10kW Solar | 10 Marla Almost Brand New House for Sale in Lake City Lahore,PKR 5.89 Crore,58900000,6,7,10 Marla,2250.0,26177,House,True,24,super hot24Share on FacebookShare on TwitterShare on WhatsAppSend via GMailSend via E-Mail,90,Houses_Lahore,2026-07-24,https://www.zameen.com/Property/lake_city_lake_city_-_sector_m-2a_gas_installed_park_facing_10kw_solar_10_marla_almost_brand_new_house_for_sale_in_lake_city_lahore-54431182-4002-1.html
Ultra Modern House With Basement For Sale At Top Location Near Raya Fairways,PKR 8.35 Crore,83500000,5,6,1 Kanal,4500.0,18555,House,True,31,super hot31Share on FacebookShare on TwitterShare on WhatsAppSend via GMailSend via E-Mail,90,Houses_Lahore,2026-07-24,https://www.zameen.com/Property/dha_defence_dha_phase_7_ultra_modern_house_with_basement_for_sale_at_top_location_near_raya_fairways-52286012-1450-1.html
5 Marla Brand New Ultra Modern Design Facing Park House For Sale In Dha Rahber Lahore,PKR 3.15 Crore,31500000,3,4,5 Marla,1125.0,28000,House,True,25,super hot25Share on FacebookShare on TwitterShare on WhatsAppSend via GMailSend via E-Mail,90,Houses_Lahore,2026-07-24,https://www.zameen.com/Property/dha_11_rahbar_dha_11_rahbar_sector_2_5_marla_brand_new_ultra_modern_design_facing_park_house_for_sale_in_dha_rahber_lahore-54511003-3717-1.html
5 Marla Brand New Ultra Modern Design House For Sale In DHA RAHBAR Phase 11 Sector 2,PKR 2.9 Crore,29000000,3,4,5 Marla,1125.0,25777,House,True,31,super hot31Share on FacebookShare on TwitterShare on WhatsAppSend via GMailSend via E-Mail,90,Houses_Lahore,2026-07-24,https://www.zameen.com/Property/dha_11_rahbar_dha_11_rahbar_sector_2_5_marla_brand_new_ultra_modern_design_house_for_sale_in_dha_rahbar_phase_11_sector_2-54444181-3717-1.html
Prime Location Bismillah Housing Scheme House Sized 5 Marla Is Available,PKR 2.6 Crore,26000000,4,5,5 Marla,1125.0,23111,House,True,41,super hot411VerifiedShare on FacebookShare on TwitterShare on WhatsAppSend via GMailSend via E-Mail,99,Houses_Lahore,2026-07-24,https://www.zameen.com/Property/gt_road_bismillah_housing_scheme_prime_location_bismillah_housing_scheme_house_sized_5_marla_is_available-54398288-8446-1.html
Get In Touch Now To Buy A Prime Location House In Bismillah Housing Scheme - Ali Block,PKR 4.8 Crore,48000000,6,6,10 Marla,2250.0,21333,House,True,38,super hot381VerifiedShare on FacebookShare on TwitterShare on WhatsAppSend via GMailSend via E-Mail,99,Houses_Lahore,2026-07-24,https://www.zameen.com/Property/bismillah_housing_scheme_bismillah_housing_scheme_-_ali_block_get_in_touch_now_to_buy_a_prime_location_house_in_bismillah_housing_scheme_-_ali_block-54411879-15542-1.html
Two Kanal House Ideal For Two Brothers T Block Phase 8 DHA Lahore,PKR 30 Crore,300000000,6,,2 Kanal,9000.0,33333,House,True,24,super hot24Share on FacebookShare on TwitterShare on WhatsAppSend via GMailSend via E-Mail,90,Houses_Lahore,2026-07-24,https://www.zameen.com/Property/dha_defence_dha_phase_8_two_kanal_house_ideal_for_two_brothers_t_block_phase_8_dha_lahore-54457629-1451-1.html
Ideal 5 Marla House Available In Cavalry Ground,PKR 2.5 Crore,25000000,4,5,5 Marla,1125.0,22222,House,True,7,super hot7Share on FacebookShare on TwitterShare on WhatsAppSend via GMailSend via E-Mail,89,Houses_Lahore,2026-07-24,https://www.zameen.com/Property/lahore_cavalry_ground_ideal_5_marla_house_available_in_cavalry_ground-54014842-69-1.html
5 Marla House For Sale,PKR 2.6 Crore,26000000,3,4,5 Marla,1125.0,23111,House,True,13,super hot13Share on FacebookShare on TwitterShare on WhatsAppSend via GMailSend via E-Mail,90,Houses_Lahore,2026-07-24,https://www.zameen.com/Property/dha_11_rahbar_dha_11_rahbar_sector_2_5_marla_house_for_sale-54458900-3717-1.html
10 Marla General Standard Size Brand New Type 6 Years Slightly Used Owner Built Luxury Ultra Modern Style House For Sale In Johar Town Phase 2 Near Doctor Hospital Lahore By Fast Property Services Wit,PKR 4.88 Crore,48800000,5,6,10 Marla,2250.0,21688,House,True,45,hot45Share on FacebookShare on TwitterShare on WhatsAppSend via GMailSend via E-Mail,84,Houses_Lahore,2026-07-24,https://www.zameen.com/Property/johar_town_johar_town_phase_2_10_marla_general_standard_size_brand_new_type_6_years_slightly_used_owner_built_luxury_ultra_modern_style_house_for_sale_in_johar_town_phase_2_near_doctor_hospital_lahore_by_fast_property_services_with_real_pics_of_property-47804974-3961-1.html
10 MARLA brand new luxery ultra Modern style Double storey house available for sale in NESPAK 3 near Valancia town Lahore by Fast property services,PKR 4.23 Crore,42300000,5,6,10 Marla,2250.0,18800,House,True,32,hot32Share on FacebookShare on TwitterShare on WhatsAppSend via GMailSend via E-Mail,84,Houses_Lahore,2026-07-24,https://www.zameen.com/Property/defence_road_nespak_scheme_phase_3_10_marla_brand_new_luxery_ultra_modern_style_double_storey_house_available_for_sale_in_nespak_3_near_valancia_town_lahore_by_fast_property_services-54488556-9092-1.html
Ultra Moodern Design 10 Marla House For Sale,PKR 4.25 Crore,42500000,4,5,10 Marla,2250.0,18888,House,False,50,hot50Share on FacebookShare on TwitterShare on WhatsAppSend via GMailSend via E-Mail,84,Houses_Lahore,2026-07-24,https://www.zameen.com/Property/lahore_lake_city_meadows_ultra_moodern_design_10_marla_house_for_sale-54179541-487-1.html
1 Kanal Ultra Modern Design Top Notched Luxury House,PKR 7.25 Crore,72500000,5,6,1 Kanal,4500.0,16111,House,False,50,hot50Share on FacebookShare on TwitterShare on WhatsAppSend via GMailSend via E-Mail,84,Houses_Lahore,2026-07-24,https://www.zameen.com/Property/lahore_lake_city_meadows_1_kanal_ultra_modern_design_top_notched_luxury_house-54179501-487-1.html
Victorian Design Kanal Brand New Luxury Palace For Sale,PKR 6.95 Crore,69500000,5,6,1 Kanal,4500.0,15444,House,False,27,hot27Share on FacebookShare on TwitterShare on WhatsAppSend via GMailSend via E-Mail,84,Houses_Lahore,2026-07-24,https://www.zameen.com/Property/lahore_lake_city_meadows_victorian_design_kanal_brand_new_luxury_palace_for_sale-54179479-487-1.html
1 Kanal Modern Design House For Sale Good Location in Lake City Meadows,PKR 6.75 Crore,67500000,5,6,1 Kanal,4500.0,15000,House,False,23,hot23Share on FacebookShare on TwitterShare on WhatsAppSend via GMailSend via E-Mail,84,Houses_Lahore,2026-07-24,https://www.zameen.com/Property/lahore_lake_city_meadows_1_kanal_modern_design_house_for_sale_good_location_in_lake_city_meadows-54179458-487-1.html
1 Kanal Adorable Bungalow On Top Location For Sale In Lake City Meadows Lahore,PKR 6.45 Crore,64500000,5,6,1 Kanal,4500.0,14333,House,False,28,hot28Share on FacebookShare on TwitterShare on WhatsAppSend via GMailSend via E-Mail,84,Houses_Lahore,2026-07-24,https://www.zameen.com/Property/lahore_lake_city_meadows_1_kanal_adorable_bungalow_on_top_location_for_sale_in_lake_city_meadows_lahore-54179426-487-1.html
1 kanal House for sale DHA phase 4 prime loction,PKR 7.75 Crore,77500000,5,6,1 Kanal,4500.0,17222,House,False,21,21Share on FacebookShare on TwitterShare on WhatsAppSend via GMailSend via E-Mail,81,Houses_Lahore,2026-07-24,https://www.zameen.com/Property/dha_defence_dha_phase_4_1_kanal_house_for_sale_dha_phase_4_prime_loction-54513048-1446-1.html
5 marla House Available For sale Bahria town Lahore  sector D Lda approved area,PKR 2.1 Crore,21000000,3,4,5 Marla,1125.0,18666,House,False,12,12Share on FacebookShare on TwitterShare on WhatsAppSend via GMailSend via E-Mail,81,Houses_Lahore,2026-07-24,https://www.zameen.com/Property/bahria_town_bahria_town_-_sector_d_5_marla_house_available_for_sale_bahria_town_lahore_sector_d_lda_approved_area-54507966-1796-1.html
10 marla Brand new fast entry House Available For sale Bahria town Lahore  very Responsible Price investor Rate,PKR 3.9 Crore,39000000,5,6,10 Marla,2250.0,17333,House,False,35,35Share on FacebookShare on TwitterShare on WhatsAppSend via GMailSend via E-Mail,81,Houses_Lahore,2026-07-24,https://www.zameen.com/Property/bahria_town_bahria_town_-_sector_e_10_marla_brand_new_fast_entry_house_available_for_sale_bahria_town_lahore_very_responsible_price_investor_rate-54507978-1802-1.html
1 Kanal House For Sale,PKR 5 Crore,50000000,6,6,1 Kanal,4500.0,11111,House,False,30,30Share on FacebookShare on TwitterShare on WhatsAppSend via GMailSend via E-Mail,81,Houses_Lahore,2026-07-24,https://www.zameen.com/Property/lahore_nawab_town_1_kanal_house_for_sale-54182614-4424-1.html
10 Marla House For Sale,PKR 3.75 Crore,37500000,5,6,10 Marla,2250.0,16666,House,False,7,7Share on FacebookShare on TwitterShare on WhatsAppSend via GMailSend via E-Mail,80,Houses_Lahore,2026-07-24,https://www.zameen.com/Property/judicial_colony_judicial_colony_phase_1_10_marla_house_for_sale-54341598-3992-1.html
3 Marla House For Sale,PKR 1.45 Crore,14500000,3,3,3 Marla,675.0,21481,House,False,14,14Share on FacebookShare on TwitterShare on WhatsAppSend via GMailSend via E-Mail,81,Houses_Lahore,2026-07-24,https://www.zameen.com/Property/lahore_nawab_town_3_marla_house_for_sale-54463181-4424-1.html
"5 Marla Brand New Modern Design Lavish House For Sale In Park View City Lahore | For Discounted Price And Original Pictures Download The App ""Signature Lands"".",PKR 2.2 Crore,22000000,4,4,5 Marla,1125.0,19555,House,True,24,24Share on FacebookShare on TwitterShare on WhatsAppSend via GMailSend via E-Mail,81,Houses_Lahore,2026-07-24,https://www.zameen.com/Property/park_view_city_park_view_city_-_tulip_overseas_5_marla_brand_new_modern_design_lavish_house_for_sale_in_park_view_city_lahore_for_discounted_price_and_original_pictures_download_the_app_signature_lands-54512995-13754-1.html
"5 Marla Brand New Modern Design Lavish House For Sale In Park View City Lahore | For Discounted Price And Original Pictures Download The App ""Signature Lands"".",PKR 2.4 Crore,24000000,4,4,5 Marla,1125.0,21333,House,True,16,16Share on FacebookShare on TwitterShare on WhatsAppSend via GMailSend via E-Mail,81,Houses_Lahore,2026-07-24,https://www.zameen.com/Property/park_view_city_park_view_city_-_executive_block_5_marla_brand_new_modern_design_lavish_house_for_sale_in_park_view_city_lahore_for_discounted_price_and_original_pictures_download_the_app_signature_lands-54512994-17598-1.html
Discover The Charm Of This 10 Marla Brand New Modern Home For Sale,PKR 5.35 Crore,53500000,4,5,10 Marla,2250.0,23777,Unknown,True,15,super hot15Share on FacebookShare on TwitterShare on WhatsAppSend via GMailSend via E-Mail,90,Houses_Lahore,2026-07-24,https://www.zameen.com/Property/dha_defence_dha_phase_5_discover_the_charm_of_this_10_marla_brand_new_modern_home_for_sale-52284818-1447-1.html
5 Marla Brand New Ultra Modern Design House For Sale in DHA Rahbar Phase 2,PKR 2.6 Crore,26000000,3,3,5 Marla,1125.0,23111,House,True,14,super hot14Share on FacebookShare on TwitterShare on WhatsAppSend via GMailSend via E-Mail,90,Houses_Lahore,2026-07-24,https://www.zameen.com/Property/dha_11_rahbar_dha_11_rahbar_sector_2_5_marla_brand_new_ultra_modern_design_house_for_sale_in_dha_rahbar_phase_2-54303793-3717-1.html
"Prime Location 1 Kanal House Available For Sale In Central Park - Block A, Lahore",PKR 12 Crore,120000000,6,6,1 Kanal,4500.0,26666,House,True,50,super hot501VerifiedShare on FacebookShare on TwitterShare on WhatsAppSend via GMailSend via E-Mail,99,Houses_Lahore,2026-07-24,https://www.zameen.com/Property/central_park_housing_scheme_central_park_-_block_a_prime_location_1_kanal_house_available_for_sale_in_central_park_-_block_a_lahore-54434700-3684-1.html
5 MARLA NEXT TO PARK BRAND NEW DOUBLE HEIGHTED LOBBY HOUSE TRIPLE STOREY FOR SALE,PKR 2.55 Crore,25500000,6,6,5 Marla,1125.0,22666,House,True,22,super hot22Share on FacebookShare on TwitterShare on WhatsAppSend via GMailSend via E-Mail,90,Houses_Lahore,2026-07-24,https://www.zameen.com/Property/college_road_eden_boulevard_housing_scheme_5_marla_next_to_park_brand_new_double_heighted_lobby_house_triple_storey_for_sale-53493744-12447-1.html
"2 Kanal Used Modern Design Most Beautiful Owner Build Bungalow For Sale At Prime Location Of Dha Lahore Near To Park Masjid, KFC & Commercial Market .",PKR 12.25 Crore,122500000,5,6,2 Kanal,9000.0,13611,House,True,34,super hot34Share on FacebookShare on TwitterShare on WhatsAppSend via GMailSend via E-Mail,90,Houses_Lahore,2026-07-24,https://www.zameen.com/Property/dha_phase_2_dha_phase_2_-_block_u_2_kanal_used_modern_design_most_beautiful_owner_build_bungalow_for_sale_at_prime_location_of_dha_lahore_near_to_park_masjid_kfc_commercial_market-53493106-1574-1.html
5 Marla House For Sale,PKR 2.4 Crore,24000000,3,4,5 Marla,1125.0,21333,House,True,19,super hot19Share on FacebookShare on TwitterShare on WhatsAppSend via GMailSend via E-Mail,90,Houses_Lahore,2026-07-24,https://www.zameen.com/Property/dha_11_rahbar_dha_11_rahbar_sector_2_5_marla_house_for_sale-54458923-3717-1.html
Ready To sale A Prime Location House 4 Marla In Main Boulevard DHA Defence Lahore,PKR 2.79 Crore,27900000,4,4,4 Marla,900.0,31000,House,True,29,super hot291Share on FacebookShare on TwitterShare on WhatsAppSend via GMailSend via E-Mail,91,Houses_Lahore,2026-07-24,https://www.zameen.com/Property/dha_defence_main_boulevard_dha_defence_ready_to_sale_a_prime_location_house_4_marla_in_main_boulevard_dha_defence_lahore-54449675-8234-1.html
Prime Location House Is Available For sale In Cavalry Ground,PKR 3.15 Crore,31500000,4,5,4 Marla,900.0,35000,House,True,36,super hot361VerifiedShare on FacebookShare on TwitterShare on WhatsAppSend via GMailSend via E-Mail,99,Houses_Lahore,2026-07-24,https://www.zameen.com/Property/lahore_cavalry_ground_prime_location_house_is_available_for_sale_in_cavalry_ground-54509903-69-1.html
Centrally Located Corner House For sale In Wapda Town Phase 1 - Block E1 Available,PKR 7.15 Crore,71500000,5,6,1 Kanal,4500.0,15888,House,True,40,super hot401VerifiedShare on FacebookShare on TwitterShare on WhatsAppSend via GMailSend via E-Mail,99,Houses_Lahore,2026-07-24,https://www.zameen.com/Property/wapda_town_phase_1_wapda_town_phase_1_-_block_e1_centrally_located_corner_house_for_sale_in_wapda_town_phase_1_-_block_e1_available-54510132-4311-1.html
1 Kanal Fully Furnished Luxury House In Top Location DHA Phase 5 Lahore,PKR 11 Crore,110000000,5,6,1 Kanal,4500.0,24444,House,True,21,super hot21Share on FacebookShare on TwitterShare on WhatsAppSend via GMailSend via E-Mail,90,Houses_Lahore,2026-07-24,https://www.zameen.com/Property/dha_defence_dha_phase_5_1_kanal_fully_furnished_luxury_house_in_top_location_dha_phase_5_lahore-54469758-1447-1.html
5 Marla Brand New Luxury Modern House facing Park Fir Sale In Sector E Jinnah Block Bahria Town Lahore,PKR 2.7 Crore,27000000,3,5,5 Marla,1125.0,24000,House,True,10,hot10Share on FacebookShare on TwitterShare on WhatsAppSend via GMailSend via E-Mail,84,Houses_Lahore,2026-07-24,https://www.zameen.com/Property/bahria_town_sector_e_bahria_town_-_jinnah_block_5_marla_brand_new_luxury_modern_house_facing_park_fir_sale_in_sector_e_jinnah_block_bahria_town_lahore-54512745-1804-1.html
5 Marla Luxury House For Sale At Prime Location In DHA 9 Town,PKR 2.55 Crore,25500000,3,4,5 Marla,1125.0,22666,House,True,28,hot28Share on FacebookShare on TwitterShare on WhatsAppSend via GMailSend via E-Mail,84,Houses_Lahore,2026-07-24,https://www.zameen.com/Property/dha_defence_dha_9_town_5_marla_luxury_house_for_sale_at_prime_location_in_dha_9_town-53831494-1452-1.html
Spanish Design 1 Kanal Brand New Bungalow Near Park & Masjid,PKR 6.25 Crore,62500000,5,6,1 Kanal,4500.0,13888,House,False,27,hot27Share on FacebookShare on TwitterShare on WhatsAppSend via GMailSend via E-Mail,84,Houses_Lahore,2026-07-24,https://www.zameen.com/Property/lahore_lake_city_meadows_spanish_design_1_kanal_brand_new_bungalow_near_park_masjid-54179399-487-1.html
4 Kanal Modern Luxury House Near Mosque And Park,PKR 96 Crore,960000000,6,7,4 Kanal,18000.0,53333,House,False,19,hot19Share on FacebookShare on TwitterShare on WhatsAppSend via GMailSend via E-Mail,84,Houses_Lahore,2026-07-24,https://www.zameen.com/Property/dha_defence_dha_phase_6_4_kanal_modern_luxury_house_near_mosque_and_park-54247564-1448-1.html
2 Kanal Spanish House near Mosque and park,PKR 59 Crore,590000000,6,7,2 Kanal,9000.0,65555,House,False,26,hot26Share on FacebookShare on TwitterShare on WhatsAppSend via GMailSend via E-Mail,84,Houses_Lahore,2026-07-24,https://www.zameen.com/Property/dha_phase_6_dha_phase_6_-_block_k_2_kanal_spanish_house_near_mosque_and_park-54247540-1619-1.html
2 Kanal Modern Luxury House Near Mosque And Park,PKR 34 Crore,340000000,6,7,2 Kanal,9000.0,37777,House,False,14,hot14Share on FacebookShare on TwitterShare on WhatsAppSend via GMailSend via E-Mail,84,Houses_Lahore,2026-07-24,https://www.zameen.com/Property/dha_phase_3_dha_phase_3_-_block_x_2_kanal_modern_luxury_house_near_mosque_and_park-54247487-1585-1.html
Budget Friendly 1 Kanal Dream Home,PKR 7.8 Crore,78000000,6,7,1 Kanal,4500.0,17333,Unknown,False,36,hot361VerifiedShare on FacebookShare on TwitterShare on WhatsAppSend via GMailSend via E-Mail,93,Houses_Lahore,2026-07-24,https://www.zameen.com/Property/dha_phase_8_dha_phase_8_-_block_y_budget_friendly_1_kanal_dream_home-52671574-1640-1.html
10 Marla Exquisite Brand New House Available For Sale In Sector E Bahira Town Lahore,PKR 5.95 Crore,59500000,7,7,10 Marla,2250.0,26444,House,True,26,26Share on FacebookShare on TwitterShare on WhatsAppSend via GMailSend via E-Mail,81,Houses_Lahore,2026-07-24,https://www.zameen.com/Property/bahria_town_sector_e_bahria_town_-_quaid_block_10_marla_exquisite_brand_new_house_available_for_sale_in_sector_e_bahira_town_lahore-54370930-1808-1.html
Luxury Furnished Town House For Sale On Installments,PKR 94.9 Lakh,9490000,2,2,4 Marla,900.0,10544,House,True,6,6Share on FacebookShare on TwitterShare on WhatsAppSend via GMailSend via E-Mail,80,Houses_Lahore,2026-07-24,https://www.zameen.com/Property/raiwind_road_icon_valley_phase_2_luxury_furnished_town_house_for_sale_on_installments-54373264-12610-1.html
1 Kanal Luxury Furnished House For Sale In Bahria Town Lahore,PKR 12 Crore,120000000,7,6,1 Kanal,4500.0,26666,House,True,49,49Share on FacebookShare on TwitterShare on WhatsAppSend via GMailSend via E-Mail,81,Houses_Lahore,2026-07-24,https://www.zameen.com/Property/bahria_town_sector_c_bahria_town_-_tulip_block_1_kanal_luxury_furnished_house_for_sale_in_bahria_town_lahore-54400630-1789-1.html
2 Kanal House For Sale Punjab Government Society Phase 2 Near Wapda Town College Road,PKR 8.9 Crore,89000000,5,6,2 Kanal,9000.0,9888,House,False,14,14Share on FacebookShare on TwitterShare on WhatsAppSend via GMailSend via E-Mail,81,Houses_Lahore,2026-07-24,https://www.zameen.com/Property/punjab_govt_employees_society_pgechs_phase_2_2_kanal_house_for_sale_punjab_government_society_phase_2_near_wapda_town_college_road-54364915-4432-1.html
MODERN LUXURY 10 MARLA HOUSE FOR SALE,PKR 5.9 Crore,59000000,5,6,10 Marla,2250.0,26222,House,True,8,8Share on FacebookShare on TwitterShare on WhatsAppSend via GMailSend via E-Mail,80,Houses_Lahore,2026-07-24,https://www.zameen.com/Property/bahria_town_sector_e_bahria_town_-_quaid_block_modern_luxury_10_marla_house_for_sale-54458674-1808-1.html
3 Years Installments Plan 5 Marla Brand New House For Sale In Park View City,PKR 1.65 Crore,16500000,4,5,5 Marla,1125.0,14666,House,False,16,16VerifiedShare on FacebookShare on TwitterShare on WhatsAppSend via GMailSend via E-Mail,89,Houses_Lahore,2026-07-24,https://www.zameen.com/Property/lahore_park_view_city_3_years_installments_plan_5_marla_brand_new_house_for_sale_in_park_view_city-54343161-1466-1.html
3 Years Installment Plan Luxury 5 Marla Brand New House In Park View City Lahore For Sale,PKR 1.6 Crore,16000000,4,5,5 Marla,1125.0,14222,House,False,17,17Share on FacebookShare on TwitterShare on WhatsAppSend via GMailSend via E-Mail,81,Houses_Lahore,2026-07-24,https://www.zameen.com/Property/lahore_park_view_city_3_years_installment_plan_luxury_5_marla_brand_new_house_in_park_view_city_lahore_for_sale-54343157-1466-1.html
1 Kanal Modern Luxury House Near Tim Hortons,PKR 12.5 Crore,125000000,5,6,1 Kanal,4500.0,27777,House,False,42,42Share on FacebookShare on TwitterShare on WhatsAppSend via GMailSend via E-Mail,81,Houses_Lahore,2026-07-24,https://www.zameen.com/Property/dha_phase_7_dha_phase_7_-_block_r_1_kanal_modern_luxury_house_near_tim_hortons-54247418-1625-1.html
1 Kanal Brand New House Available For Sale In Lake City Sector M-3A,PKR 9.5 Crore,95000000,5,5,1 Kanal,4500.0,21111,House,True,16,super hot16Share on FacebookShare on TwitterShare on WhatsAppSend via GMailSend via E-Mail,90,Houses_Lahore,2026-07-24,https://www.zameen.com/Property/lake_city_lake_city_-_sector_m-3a_1_kanal_brand_new_house_available_for_sale_in_lake_city_sector_m-3a-53711637-4003-1.html
5 Marla Brand New House For Sale In Lake City - Sector M-7B Lake City Lahore,PKR 3 Crore,30000000,4,5,5 Marla,1125.0,26666,House,True,15,super hot15Share on FacebookShare on TwitterShare on WhatsAppSend via GMailSend via E-Mail,90,Houses_Lahore,2026-07-24,https://www.zameen.com/Property/lake_city_lake_city_-_sector_m-7b_5_marla_brand_new_house_for_sale_in_lake_city_-_sector_m-7b_lake_city_lahore-53912787-19059-1.html
100 % ORIGNAL KANAL FULL FURNISEH EYE CATCHING SUPERB LUXURY BUNGALOW FOR SALE,PKR 8.9 Crore,89000000,5,6,1 Kanal,4500.0,19777,House,True,23,super hot23Share on FacebookShare on TwitterShare on WhatsAppSend via GMailSend via E-Mail,90,Houses_Lahore,2026-07-24,https://www.zameen.com/Property/dha_defence_dha_phase_6_100_orignal_kanal_full_furniseh_eye_catching_superb_luxury_bungalow_for_sale-54388524-1448-1.html
1 Kanal Brand New House Located on Back of Main Road and Nearby Park in H Block Phase 6 DHA Lahore,PKR 8.35 Crore,83500000,5,6,1 Kanal,4500.0,18555,House,True,34,super hot34Share on FacebookShare on TwitterShare on WhatsAppSend via GMailSend via E-Mail,90,Houses_Lahore,2026-07-24,https://www.zameen.com/Property/dha_phase_6_dha_phase_6_-_block_h_1_kanal_brand_new_house_located_on_back_of_main_road_and_nearby_park_in_h_block_phase_6_dha_lahore-54449540-1617-1.html
1 KANAL LUXURY BEAUTIFUL BRAND NEW HOUSE FOR SALE,PKR 8.2 Crore,82000000,5,7,1 Kanal,4500.0,18222,House,True,23,super hot23Share on FacebookShare on TwitterShare on WhatsAppSend via GMailSend via E-Mail,90,Houses_Lahore,2026-07-24,https://www.zameen.com/Property/bahria_town_sector_f_bahria_town_-_tipu_sultan_block_1_kanal_luxury_beautiful_brand_new_house_for_sale-54494758-8327-1.html
Brand New Ultra Luxury Designer House | Grand Modern Elevation | Prime DHA Location,PKR 9 Crore,90000000,5,6,1 Kanal,4500.0,20000,House,True,19,super hot19Share on FacebookShare on TwitterShare on WhatsAppSend via GMailSend via E-Mail,90,Houses_Lahore,2026-07-24,https://www.zameen.com/Property/dha_defence_dha_phase_7_brand_new_ultra_luxury_designer_house_grand_modern_elevation_prime_dha_location-54188650-1450-1.html
ONE KANAL BRAND NEW LUXURY MODREN BUNGALOW FOR SALE IN DHA PHASE 6,PKR 9.25 Crore,92500000,5,7,1 Kanal,4500.0,20555,House,True,46,super hot46Share on FacebookShare on TwitterShare on WhatsAppSend via GMailSend via E-Mail,90,Houses_Lahore,2026-07-24,https://www.zameen.com/Property/dha_defence_dha_phase_6_one_kanal_brand_new_luxury_modren_bungalow_for_sale_in_dha_phase_6-54417941-1448-1.html
Affordable House Of 10 Marla Is Available For Sale,PKR 3.1 Crore,31000000,4,5,10 Marla,2250.0,13777,House,True,43,super hot431VerifiedShare on FacebookShare on TwitterShare on WhatsAppSend via GMailSend via E-Mail,99,Houses_Lahore,2026-07-24,https://www.zameen.com/Property/central_park_housing_scheme_central_park_-_block_c_affordable_house_of_10_marla_is_available_for_sale-54509426-3686-1.html
16 Marla House Is Available For Sale In PCSIR Staff Colony Block C Lahore,PKR 5 Crore,50000000,6,6,16 Marla,3600.0,13888,House,True,50,super hot501VerifiedShare on FacebookShare on TwitterShare on WhatsAppSend via GMailSend via E-Mail,99,Houses_Lahore,2026-07-24,https://www.zameen.com/Property/pcsir_staff_colony_pcsir_staff_colony_-_block_c_16_marla_house_is_available_for_sale_in_pcsir_staff_colony_block_c_lahore-54506038-12223-1.html
Luxury 8 Marla Fully Furnished House For Sale Bahria Orchard Phase 1,PKR 2.65 Crore,26500000,5,6,8 Marla,1800.0,14722,House,True,10,super hot10Share on FacebookShare on TwitterShare on WhatsAppSend via GMailSend via E-Mail,90,Houses_Lahore,2026-07-24,https://www.zameen.com/Property/bahria_orchard_bahria_orchard_phase_1_luxury_8_marla_fully_furnished_house_for_sale_bahria_orchard_phase_1-54258703-8235-1.html
10 Marla Brand New Ultra Luxury Modren House For Sale In Sector F Bahria Town Lahore Johar Block,PKR 4.5 Crore,45000000,5,6,10 Marla,2250.0,20000,House,True,16,hot16Share on FacebookShare on TwitterShare on WhatsAppSend via GMailSend via E-Mail,84,Houses_Lahore,2026-07-24,https://www.zameen.com/Property/bahria_town_sector_e_bahria_town_-_johar_block_10_marla_brand_new_ultra_luxury_modren_house_for_sale_in_sector_f_bahria_town_lahore_johar_block-54436966-1809-1.html
5 Marla Brand New Ultra Luxury Designer Daball Hightided Lubby key sath House For Sale In Sector F Shershah Block Bahria Town Lahore,PKR 3.1 Crore,31000000,3,5,5 Marla,1125.0,27555,House,True,14,hot14Share on FacebookShare on TwitterShare on WhatsAppSend via GMailSend via E-Mail,84,Houses_Lahore,2026-07-24,https://www.zameen.com/Property/bahria_town_sector_f_bahria_town_-_shershah_block_5_marla_brand_new_ultra_luxury_designer_daball_hightided_lubby_key_sath_house_for_sale_in_sector_f_shershah_block_bahria_town_lahore-54427026-8397-1.html
Stylish 3-Bedroom Designer House for Sale in DHA Phase 9 Town Luxury Living at Its Best!,PKR 2.75 Crore,27500000,2,4,5 Marla,1125.0,24444,House,False,20,hot201VerifiedShare on FacebookShare on TwitterShare on WhatsAppSend via GMailSend via E-Mail,93,Houses_Lahore,2026-07-24,https://www.zameen.com/Property/dha_defence_dha_9_town_stylish_3-bedroom_designer_house_for_sale_in_dha_phase_9_town_luxury_living_at_its_best-52496018-1452-1.html
"10 Marla Modern 4-Bed Home For Sale Prime Location, Perfect For Families",PKR 5.3 Crore,53000000,5,5,10 Marla,2250.0,23555,Unknown,False,41,hot41Share on FacebookShare on TwitterShare on WhatsAppSend via GMailSend via E-Mail,84,Houses_Lahore,2026-07-24,https://www.zameen.com/Property/askari_11_askari_11_-_sector_b_10_marla_modern_4-bed_home_for_sale_prime_location_perfect_for_families-52459120-15702-1.html
"12 Marla Modern 4-Bed Home For Sale Prime Location, Perfect For Families!",PKR 5.5 Crore,55000000,5,5,12 Marla,2700.0,20370,Unknown,False,27,hot27Share on FacebookShare on TwitterShare on WhatsAppSend via GMailSend via E-Mail,84,Houses_Lahore,2026-07-24,https://www.zameen.com/Property/askari_11_askari_11_-_sector_a_12_marla_modern_4-bed_home_for_sale_prime_location_perfect_for_families-52759991-15701-1.html
Bungalow 14 Marla (Corner),PKR 6.7 Crore,67000000,7,3,14 Marla,3150.0,21269,House,False,12,hot12Share on FacebookShare on TwitterShare on WhatsAppSend via GMailSend via E-Mail,84,Houses_Lahore,2026-07-24,https://www.zameen.com/Property/lahore_cantt_bungalow_14_marla_corner-53885475-427-1.html
Beautifully Maintained 3 Marla 3 Bed House for Sale in Prime Cavalry Ground Car Parking | Excellent Value,PKR 1.9 Crore,19000000,1,3,3 Marla,675.0,28148,House,False,25,hot25Share on FacebookShare on TwitterShare on WhatsAppSend via GMailSend via E-Mail,84,Houses_Lahore,2026-07-24,https://www.zameen.com/Property/lahore_cavalry_ground_beautifully_maintained_3_marla_3_bed_house_for_sale_in_prime_cavalry_ground_car_parking_excellent_value-54477760-69-1.html
1 Kanal Modern Luxury House Near Tim Hortons,PKR 10.5 Crore,105000000,5,6,1 Kanal,4500.0,23333,House,False,30,30Share on FacebookShare on TwitterShare on WhatsAppSend via GMailSend via E-Mail,81,Houses_Lahore,2026-07-24,https://www.zameen.com/Property/dha_phase_6_dha_phase_6_-_block_l_1_kanal_modern_luxury_house_near_tim_hortons-54247364-1620-1.html
3 Years Installment Plan Luxury 1.5 Story 5 Marla Brand New House In Park View City Lahore,PKR 1.5 Crore,15000000,3,2,5 Marla,1125.0,13333,House,False,14,14Share on FacebookShare on TwitterShare on WhatsAppSend via GMailSend via E-Mail,81,Houses_Lahore,2026-07-24,https://www.zameen.com/Property/lahore_park_view_city_3_years_installment_plan_luxury_1_5_story_5_marla_brand_new_house_in_park_view_city_lahore-54343153-1466-1.html
Luxurious 2 Kanal Classic Designer House For Sale | DHA Phase 6 | 6 Bedrooms | 3 Servant Quarters,PKR 30 Crore,300000000,30,7,2 Kanal,9000.0,33333,House,True,4,4Share on FacebookShare on TwitterShare on WhatsAppSend via GMailSend via E-Mail,80,Houses_Lahore,2026-07-24,https://www.zameen.com/Property/dha_defence_dha_phase_6_luxurious_2_kanal_classic_designer_house_for_sale_dha_phase_6_6_bedrooms_3_servant_quarters-54511662-1448-1.html
2 Kanal Modern Luxury House near Mosque and park,PKR 33 Crore,330000000,6,7,2 Kanal,9000.0,36666,House,False,17,17Share on FacebookShare on TwitterShare on WhatsAppSend via GMailSend via E-Mail,81,Houses_Lahore,2026-07-24,https://www.zameen.com/Property/dha_defence_dha_phase_8_2_kanal_modern_luxury_house_near_mosque_and_park-54247528-1451-1.html
2 Kanal Modern Luxury House Near Mosque And Park,PKR 48 Crore,480000000,6,7,2 Kanal,9000.0,53333,House,False,30,30Share on FacebookShare on TwitterShare on WhatsAppSend via GMailSend via E-Mail,81,Houses_Lahore,2026-07-24,https://www.zameen.com/Property/dha_phase_6_dha_phase_6_-_block_c_2_kanal_modern_luxury_house_near_mosque_and_park-54247521-1612-1.html
3 Years Installment Plan Luxury 10 Marla Brand New House In Park View City Lahore,PKR 3.15 Crore,31500000,5,6,10 Marla,2250.0,14000,House,False,23,23Share on FacebookShare on TwitterShare on WhatsAppSend via GMailSend via E-Mail,81,Houses_Lahore,2026-07-24,https://www.zameen.com/Property/lahore_park_view_city_3_years_installment_plan_luxury_10_marla_brand_new_house_in_park_view_city_lahore-54081884-1466-1.html
2 Kanal Modern Luxury House near Mosque and park,PKR 37 Crore,370000000,6,7,2 Kanal,9000.0,41111,House,False,27,27Share on FacebookShare on TwitterShare on WhatsAppSend via GMailSend via E-Mail,81,Houses_Lahore,2026-07-24,https://www.zameen.com/Property/dha_phase_6_dha_phase_6_-_block_l_2_kanal_modern_luxury_house_near_mosque_and_park-54247480-1620-1.html
2 Kanal Modern Luxury House Near Mosque And Park,PKR 39 Crore,390000000,6,7,2 Kanal,9000.0,43333,House,False,29,29Share on FacebookShare on TwitterShare on WhatsAppSend via GMailSend via E-Mail,81,Houses_Lahore,2026-07-24,https://www.zameen.com/Property/dha_defence_dha_phase_5_2_kanal_modern_luxury_house_near_mosque_and_park-54247477-1447-1.html
Fully Furnished Ultra Luxurious 2 Kanal House with Swimming Pool Available For Sale in DHA Phase 6,PKR 59 Crore,590000000,6,7,2 Kanal,9000.0,65555,House,True,35,super hot35Share on FacebookShare on TwitterShare on WhatsAppSend via GMailSend via E-Mail,90,Houses_Lahore,2026-07-24,https://www.zameen.com/Property/dha_defence_dha_phase_6_fully_furnished_ultra_luxurious_2_kanal_house_with_swimming_pool_available_for_sale_in_dha_phase_6-54455375-1448-1.html
Classical Design Fully Furnished 1 Kanal Luxury House Available For Sale in DHA Phase 7,PKR 10.5 Crore,105000000,5,6,1 Kanal,4500.0,23333,House,True,10,super hot10Share on FacebookShare on TwitterShare on WhatsAppSend via GMailSend via E-Mail,90,Houses_Lahore,2026-07-24,https://www.zameen.com/Property/dha_defence_dha_phase_7_classical_design_fully_furnished_1_kanal_luxury_house_available_for_sale_in_dha_phase_7-54467378-1450-1.html
"10 Marla Residential House For Sale In Sector C, Nearby Commercial Market, School, Mosque and Health Care Canter",PKR 2.85 Crore,28500000,5,6,10 Marla,2250.0,12666,House,True,18,super hot18Share on FacebookShare on TwitterShare on WhatsAppSend via GMailSend via E-Mail,90,Houses_Lahore,2026-07-24,https://www.zameen.com/Property/bahria_town_bahria_town_-_sector_c_10_marla_residential_house_for_sale_in_sector_c_nearby_commercial_market_school_mosque_and_health_care_canter-54187436-1784-1.html
5 Marla Luxury House For Sale In ParkView City Lahore,PKR 1.7 Crore,17000000,4,5,5 Marla,1125.0,15111,House,True,25,super hot25VerifiedShare on FacebookShare on TwitterShare on WhatsAppSend via GMailSend via E-Mail,98,Houses_Lahore,2026-07-24,https://www.zameen.com/Property/lahore_park_view_city_5_marla_luxury_house_for_sale_in_parkview_city_lahore-52702504-1466-1.html
"10 Marla Beautiful House for Sale in Block T, Lahore Motorway City | 4 Bedrooms | Freshly Painted",PKR 2.2 Crore,22000000,2,5,10 Marla,2250.0,9777,House,True,28,super hot28Share on FacebookShare on TwitterShare on WhatsAppSend via GMailSend via E-Mail,90,Houses_Lahore,2026-07-24,https://www.zameen.com/Property/lahore_lahore_motorway_city_10_marla_beautiful_house_for_sale_in_block_t_lahore_motorway_city_4_bedrooms_freshly_painted-54420587-8372-1.html
10 Marla Park-Facing House for Sale | LDA Approved Block,PKR 4.85 Crore,48500000,5,7,10 Marla,2250.0,21555,House,True,33,super hot33Share on FacebookShare on TwitterShare on WhatsAppSend via GMailSend via E-Mail,90,Houses_Lahore,2026-07-24,https://www.zameen.com/Property/lahore_bahria_orchard_10_marla_park-facing_house_for_sale_lda_approved_block-54501777-1474-1.html
1 KANAL ULTRA MODERN EYE CATCHING SUPERB LUXURY BUNGALOW FOR SALE ON TOP LOCATION,PKR 8.65 Crore,86500000,5,6,1 Kanal,4500.0,19222,House,True,50,super hot50Share on FacebookShare on TwitterShare on WhatsAppSend via GMailSend via E-Mail,90,Houses_Lahore,2026-07-24,https://www.zameen.com/Property/dha_defence_dha_phase_7_1_kanal_ultra_modern_eye_catching_superb_luxury_bungalow_for_sale_on_top_location-53011299-1450-1.html
100% ORIGNAL KANAL ULTRA MODERN SUPER LUXURY BUNGALOW FOR SALE ON TOP LACTION,PKR 9.9 Crore,99000000,7,7,1 Kanal,4500.0,22000,House,True,26,super hot26Share on FacebookShare on TwitterShare on WhatsAppSend via GMailSend via E-Mail,90,Houses_Lahore,2026-07-24,https://www.zameen.com/Property/dha_phase_6_dha_phase_6_-_block_c_100_orignal_kanal_ultra_modern_super_luxury_bungalow_for_sale_on_top_laction-53910475-1612-1.html
4 Kanal 15 Marla Old House for Sale in Model Town J Block,PKR 70 Crore,700000000,7,7,4.7 Kanal,21150.0,33096,House,True,20,super hot20Share on FacebookShare on TwitterShare on WhatsAppSend via GMailSend via E-Mail,90,Houses_Lahore,2026-07-24,https://www.zameen.com/Property/model_town_model_town_-_block_j_4_kanal_15_marla_old_house_for_sale_in_model_town_j_block-54217213-1555-1.html
6 Kanal Luxury Houses for Sale | 2 Kanal Duplex (3+3) | Swimming Pool | Basement | Prime Location Model Town E Block,PKR 1.1 Arab,1100000000,11,7,6 Kanal,27000.0,40740,House,True,11,super hot11Share on FacebookShare on TwitterShare on WhatsAppSend via GMailSend via E-Mail,90,Houses_Lahore,2026-07-24,https://www.zameen.com/Property/model_town_model_town_-_block_e_6_kanal_luxury_houses_for_sale_2_kanal_duplex_3_3_swimming_pool_basement_prime_location_model_town_e_block-54217841-1551-1.html
10 Marla Brand New Ultra Luxury Modern Sami Furnshied House For Sale In Sector C Bahria Town Lahore,PKR 4.85 Crore,48500000,5,6,10 Marla,2250.0,21555,House,True,34,hot34Share on FacebookShare on TwitterShare on WhatsAppSend via GMailSend via E-Mail,84,Houses_Lahore,2026-07-24,https://www.zameen.com/Property/bahria_town_bahria_town_-_sector_c_10_marla_brand_new_ultra_luxury_modern_sami_furnshied_house_for_sale_in_sector_c_bahria_town_lahore-54459848-1784-1.html
5 Marla Double-Storey House For Sale 2ELECRICITY 1SUIGAS METER Main Bedian Road,PKR 1.15 Crore,11500000,1,6,5 Marla,1125.0,10222,House,True,19,hot19Share on FacebookShare on TwitterShare on WhatsAppSend via GMailSend via E-Mail,84,Houses_Lahore,2026-07-24,https://www.zameen.com/Property/lahore_bedian_road_5_marla_double-storey_house_for_sale_2elecricity_1suigas_meter_main_bedian_road-53618854-378-1.html
Brand New 1 Kanal Luxury House | 10kW Solar | 5 Beds | Jacuzzi | DHA Phase 7 Lahore,PKR 11.75 Crore,117500000,11,7,1 Kanal,4500.0,26111,House,True,8,hot8Share on FacebookShare on TwitterShare on WhatsAppSend via GMailSend via E-Mail,83,Houses_Lahore,2026-07-24,https://www.zameen.com/Property/dha_phase_7_dha_phase_7_-_block_z1_brand_new_1_kanal_luxury_house_10kw_solar_5_beds_jacuzzi_dha_phase_7_lahore-54490105-1633-1.html
5 Marla House For Sale Is Available In Park View City,PKR 2.3 Crore,23000000,4,4,5 Marla,1125.0,20444,House,False,32,hot32Share on FacebookShare on TwitterShare on WhatsAppSend via GMailSend via E-Mail,84,Houses_Lahore,2026-07-24,https://www.zameen.com/Property/lahore_park_view_city_5_marla_house_for_sale_is_available_in_park_view_city-54395763-1466-1.html
Ideally Located Prime Location House Of 32 Marla Is Available For sale In Lahore,PKR 13.5 Crore,135000000,6,6,1.6 Kanal,7200.0,18750,House,False,,hotVerifiedShare on FacebookShare on TwitterShare on WhatsAppSend via GMailSend via E-Mail,90,Houses_Lahore,2026-07-24,https://www.zameen.com/Property/eme_society_eme_society_-_block_b_ideally_located_prime_location_house_of_32_marla_is_available_for_sale_in_lahore-54470213-3746-1.html
Your Ideal Prime Location 20 Marla House Has Just Become Available In EME Society - Block E,PKR 8.5 Crore,85000000,5,5,1 Kanal,4500.0,18888,House,False,5,hot5VerifiedShare on FacebookShare on TwitterShare on WhatsAppSend via GMailSend via E-Mail,91,Houses_Lahore,2026-07-24,https://www.zameen.com/Property/eme_society_eme_society_-_block_e_your_ideal_prime_location_20_marla_house_has_just_become_available_in_eme_society_-_block_e-54470219-3749-1.html
Beautiful Brand New House,PKR 4.5 Crore,45000000,5,6,10 Marla,2250.0,20000,House,False,21,hot21Share on FacebookShare on TwitterShare on WhatsAppSend via GMailSend via E-Mail,84,Houses_Lahore,2026-07-24,https://www.zameen.com/Property/lahore_formanites_housing_scheme_beautiful_brand_new_house-54394020-1020-1.html
1 Kanal Modern House Near Mosque And Park,PKR 8.65 Crore,86500000,5,6,1 Kanal,4500.0,19222,House,False,21,21Share on FacebookShare on TwitterShare on WhatsAppSend via GMailSend via E-Mail,81,Houses_Lahore,2026-07-24,https://www.zameen.com/Property/dha_phase_7_dha_phase_7_-_block_v_1_kanal_modern_house_near_mosque_and_park-54256229-1629-1.html
1 Kanal Modern House Near Mosque and Park,PKR 15.5 Crore,155000000,5,6,1 Kanal,4500.0,34444,House,False,20,20Share on FacebookShare on TwitterShare on WhatsAppSend via GMailSend via E-Mail,81,Houses_Lahore,2026-07-24,https://www.zameen.com/Property/dha_phase_7_dha_phase_7_-_block_t_1_kanal_modern_house_near_mosque_and_park-54256235-1627-1.html
1 Kanal Modern House Tim Hortons,PKR 9.55 Crore,95500000,5,6,1 Kanal,4500.0,21222,House,False,23,23Share on FacebookShare on TwitterShare on WhatsAppSend via GMailSend via E-Mail,81,Houses_Lahore,2026-07-24,https://www.zameen.com/Property/dha_phase_6_dha_phase_6_-_block_m_1_kanal_modern_house_tim_hortons-54256239-1621-1.html
1 Kanal Modern House Near Mosque and Park,PKR 13 Crore,130000000,5,6,1 Kanal,4500.0,28888,House,False,29,29Share on FacebookShare on TwitterShare on WhatsAppSend via GMailSend via E-Mail,81,Houses_Lahore,2026-07-24,https://www.zameen.com/Property/dha_phase_7_dha_phase_7_-_block_y_1_kanal_modern_house_near_mosque_and_park-54256244-1632-1.html
1 Kanal Modern House Near Mosque And Park,PKR 9.5 Crore,95000000,5,6,1 Kanal,4500.0,21111,House,False,19,19Share on FacebookShare on TwitterShare on WhatsAppSend via GMailSend via E-Mail,81,Houses_Lahore,2026-07-24,https://www.zameen.com/Property/dha_phase_5_dha_phase_5_-_block_d_1_kanal_modern_house_near_mosque_and_park-54256283-1601-1.html
2 Kanal Modern House Near Mosque and Park,PKR 32 Crore,320000000,6,7,2 Kanal,9000.0,35555,House,False,35,35Share on FacebookShare on TwitterShare on WhatsAppSend via GMailSend via E-Mail,81,Houses_Lahore,2026-07-24,https://www.zameen.com/Property/dha_phase_3_dha_phase_3_-_block_z_2_kanal_modern_house_near_mosque_and_park-54256314-1588-1.html
1 Kanal House for Sale | DHA Phase 5 | 5 Bedrooms | Prime Investment Opportunity,PKR 8.75 Crore,87500000,8,6,1 Kanal,4500.0,19444,House,True,7,7Share on FacebookShare on TwitterShare on WhatsAppSend via GMailSend via E-Mail,80,Houses_Lahore,2026-07-24,https://www.zameen.com/Property/dha_defence_dha_phase_5_1_kanal_house_for_sale_dha_phase_5_5_bedrooms_prime_investment_opportunity-54511675-1447-1.html
Exclusive Ultra-Luxury Corner House For Sale Phase 6,PKR 24.75 Crore,247500000,5,6,1 Kanal,4500.0,55000,House,True,32,32Share on FacebookShare on TwitterShare on WhatsAppSend via GMailSend via E-Mail,81,Houses_Lahore,2026-07-24,https://www.zameen.com/Property/dha_defence_dha_phase_6_exclusive_ultra-luxury_corner_house_for_sale_phase_6-54511776-1448-1.html
4 Kanal Fully Furnished Modern House For Sale,PKR 55 Crore,550000000,9,7,4 Kanal,18000.0,30555,House,True,50,super hot50Share on FacebookShare on TwitterShare on WhatsAppSend via GMailSend via E-Mail,90,Houses_Lahore,2026-07-24,https://www.zameen.com/Property/dha_defence_dha_phase_6_4_kanal_fully_furnished_modern_house_for_sale-54509347-1448-1.html
1 Kanal Very Luxury House | 5 Master Bedrooms | Grand Double Height Lobby,PKR 11.49 Crore,114900000,11,6,1 Kanal,4500.0,25533,House,True,49,super hot49Share on FacebookShare on TwitterShare on WhatsAppSend via GMailSend via E-Mail,90,Houses_Lahore,2026-07-24,https://www.zameen.com/Property/dha_defence_dha_phase_6_1_kanal_very_luxury_house_5_master_bedrooms_grand_double_height_lobby-54489840-1448-1.html
5 marla beautiful house for sale in central park housing society lahore,PKR 2.35 Crore,23500000,4,5,5 Marla,1125.0,20888,House,True,46,super hot461VerifiedShare on FacebookShare on TwitterShare on WhatsAppSend via GMailSend via E-Mail,99,Houses_Lahore,2026-07-24,https://www.zameen.com/Property/lahore_central_park_housing_scheme_5_marla_beautiful_house_for_sale_in_central_park_housing_society_lahore-54397176-1013-1.html
2 Kanal House For Sale At Super Hot Location Near Park Commercial,PKR 21.75 Crore,217500000,6,6,2 Kanal,9000.0,24166,House,True,17,super hot17Share on FacebookShare on TwitterShare on WhatsAppSend via GMailSend via E-Mail,90,Houses_Lahore,2026-07-24,https://www.zameen.com/Property/dha_phase_6_dha_phase_6_-_block_k_2_kanal_house_for_sale_at_super_hot_location_near_park_commercial-51813229-1619-1.html
Experience Grand Living | 1 Kanal Luxury Home With Premium Interiors,PKR 10.4 Crore,104000000,5,6,1 Kanal,4500.0,23111,Unknown,True,28,super hot28Share on FacebookShare on TwitterShare on WhatsAppSend via GMailSend via E-Mail,90,Houses_Lahore,2026-07-24,https://www.zameen.com/Property/dha_defence_dha_phase_7_experience_grand_living_1_kanal_luxury_home_with_premium_interiors-54489403-1450-1.html
"Brand New, Near 2nd Gate, Best Location",PKR 1.8 Crore,18000000,4,4,5 Marla,1125.0,16000,Unknown,True,24,super hot24VerifiedShare on FacebookShare on TwitterShare on WhatsAppSend via GMailSend via E-Mail,98,Houses_Lahore,2026-07-24,https://www.zameen.com/Property/park_view_city_park_view_city_-_crystal_block_brand_new_near_2nd_gate_best_location-54130843-17960-1.html
3 Marla Brand New Dream Home For Sale Modern Look New Trending Front Elevation,PKR 1.4 Crore,14000000,3,4,3 Marla,675.0,20740,House,True,38,super hot38Share on FacebookShare on TwitterShare on WhatsAppSend via GMailSend via E-Mail,90,Houses_Lahore,2026-07-24,https://www.zameen.com/Property/al_rehman_garden_al_rehman_garden_phase_2_3_marla_brand_new_dream_home_for_sale_modern_look_new_trending_front_elevation-54465694-4506-1.html
Beautiful Interior Designed 1 Kanal House Is Available In Phase 7 DHA,PKR 9 Crore,90000000,5,5,1 Kanal,4500.0,20000,House,True,41,super hot41Share on FacebookShare on TwitterShare on WhatsAppSend via GMailSend via E-Mail,90,Houses_Lahore,2026-07-24,https://www.zameen.com/Property/dha_defence_dha_phase_7_beautiful_interior_designed_1_kanal_house_is_available_in_phase_7_dha-54364116-1450-1.html
Luxury 1 Kanal Fully Furnished Spanish Villa for Sale in DHA Lahore Near Doleman mall,PKR 9.25 Crore,92500000,6,6,1 Kanal,4500.0,20555,House,True,21,super hot21Share on FacebookShare on TwitterShare on WhatsAppSend via GMailSend via E-Mail,90,Houses_Lahore,2026-07-24,https://www.zameen.com/Property/dha_phase_6_dha_phase_6_-_block_k_luxury_1_kanal_fully_furnished_spanish_villa_for_sale_in_dha_lahore_near_doleman_mall-53831642-1619-1.html
Fully Furnished House Available for Sale only in 9 Town Block A,PKR 2.8 Crore,28000000,3,4,5 Marla,1125.0,24888,House,True,14,super hot14Share on FacebookShare on TwitterShare on WhatsAppSend via GMailSend via E-Mail,90,Houses_Lahore,2026-07-24,https://www.zameen.com/Property/dha_9_town_dha_9_town_-_block_a_fully_furnished_house_available_for_sale_only_in_9_town_block_a-54509822-8173-1.html
8 Marla Ultra Modern Designer House With Double Height Lobby House For Sale In Dha 9 Town,PKR 4.5 Crore,45000000,4,6,8 Marla,1800.0,25000,House,True,25,hot25Share on FacebookShare on TwitterShare on WhatsAppSend via GMailSend via E-Mail,84,Houses_Lahore,2026-07-24,https://www.zameen.com/Property/dha_defence_dha_9_town_8_marla_ultra_modern_designer_house_with_double_height_lobby_house_for_sale_in_dha_9_town-54471797-1452-1.html
5 Marla Brand New Luxurious House For Sale In DHA Phase 9 Town,PKR 2.45 Crore,24500000,3,5,5 Marla,1125.0,21777,House,True,16,hot16Share on FacebookShare on TwitterShare on WhatsAppSend via GMailSend via E-Mail,84,Houses_Lahore,2026-07-24,https://www.zameen.com/Property/dha_defence_dha_9_town_5_marla_brand_new_luxurious_house_for_sale_in_dha_phase_9_town-54512487-1452-1.html
Modern Style Furnished Villa For Sale,PKR 21 Crore,210000000,6,6,1 Kanal,4500.0,46666,House,False,45,hot45Share on FacebookShare on TwitterShare on WhatsAppSend via GMailSend via E-Mail,84,Houses_Lahore,2026-07-24,https://www.zameen.com/Property/dha_defence_dha_phase_5_modern_style_furnished_villa_for_sale-53831453-1447-1.html
5 Marla Owner Built House For Sale,PKR 2.6 Crore,26000000,3,4,5 Marla,1125.0,23111,House,False,22,hot22Share on FacebookShare on TwitterShare on WhatsAppSend via GMailSend via E-Mail,84,Houses_Lahore,2026-07-24,https://www.zameen.com/Property/wapda_town_wapda_town_phase_1_5_marla_owner_built_house_for_sale-47439952-4307-1.html
5 Marla 2.5-Storey House Great Investment Opportunity In Shadab Garden Housing Society,PKR 2 Crore,20000000,6,7,5 Marla,1125.0,17777,House,False,28,hot28Share on FacebookShare on TwitterShare on WhatsAppSend via GMailSend via E-Mail,84,Houses_Lahore,2026-07-24,https://www.zameen.com/Property/lahore_shadab_garden_5_marla_2_5-storey_house_great_investment_opportunity_in_shadab_garden_housing_society-54165212-4451-1.html
10 Marla House Available For Sale In DHA,PKR 4.95 Crore,49500000,4,5,10 Marla,2250.0,22000,House,False,16,hot16Share on FacebookShare on TwitterShare on WhatsAppSend via GMailSend via E-Mail,84,Houses_Lahore,2026-07-24,https://www.zameen.com/Property/dha_defence_dha_9_town_10_marla_house_available_for_sale_in_dha-54478173-1452-1.html
8 Marla Beautiful House Available For Sale,PKR 3.5 Crore,35000000,5,6,8 Marla,1800.0,19444,House,False,10,hot10Share on FacebookShare on TwitterShare on WhatsAppSend via GMailSend via E-Mail,84,Houses_Lahore,2026-07-24,https://www.zameen.com/Property/lahore_airline_housing_society_8_marla_beautiful_house_available_for_sale-54351949-1290-1.html
Modern 5 Bedroom Designer House for Sale | DHA Phase 6 | Near McDonald's | 2 Servant Quarters,PKR 10.9 Crore,109000000,10,6,1 Kanal,4500.0,24222,House,True,18,18Share on FacebookShare on TwitterShare on WhatsAppSend via GMailSend via E-Mail,81,Houses_Lahore,2026-07-24,https://www.zameen.com/Property/dha_defence_dha_phase_6_modern_5_bedroom_designer_house_for_sale_dha_phase_6_near_mcdonald_s_2_servant_quarters-54511681-1448-1.html
3 Years Installment Plan Luxury 5 Marla Brand New House In Park View City Lahore,PKR 2 Crore,20000000,4,5,5 Marla,1125.0,17777,House,False,19,19Share on FacebookShare on TwitterShare on WhatsAppSend via GMailSend via E-Mail,81,Houses_Lahore,2026-07-24,https://www.zameen.com/Property/lahore_park_view_city_3_years_installment_plan_luxury_5_marla_brand_new_house_in_park_view_city_lahore-54081890-1466-1.html
3 Years Installments Plan 10 Marla Brand New House For Sale In Park View City,PKR 3.3 Crore,33000000,5,6,10 Marla,2250.0,14666,House,False,14,14Share on FacebookShare on TwitterShare on WhatsAppSend via GMailSend via E-Mail,81,Houses_Lahore,2026-07-24,https://www.zameen.com/Property/lahore_park_view_city_3_years_installments_plan_10_marla_brand_new_house_for_sale_in_park_view_city-54081886-1466-1.html
100% Original Deal 1 Kanal Ultra Modern Luxury House For Sale In DHA Phase 7 Direct Owner Deal Prime Location Serious Buyers Only,PKR 7.32 Crore,73200000,5,6,1 Kanal,4500.0,16266,House,True,36,36Share on FacebookShare on TwitterShare on WhatsAppSend via GMailSend via E-Mail,81,Houses_Lahore,2026-07-24,https://www.zameen.com/Property/dha_defence_dha_phase_7_100_original_deal_1_kanal_ultra_modern_luxury_house_for_sale_in_dha_phase_7_direct_owner_deal_prime_location_serious_buyers_only-51613122-1450-1.html
Ultra Top Notch Modern Luxury Bungalow | 20 KV Solar Installed | Prime Location Near Park & Mosque | A+ Construction & Elegant Design | 100% Original Deal | DHA Phase 6,PKR 8.89 Crore,88900000,5,6,1 Kanal,4500.0,19755,House,True,35,35Share on FacebookShare on TwitterShare on WhatsAppSend via GMailSend via E-Mail,81,Houses_Lahore,2026-07-24,https://www.zameen.com/Property/dha_defence_dha_phase_6_ultra_top_notch_modern_luxury_bungalow_20_kv_solar_installed_prime_location_near_park_mosque_a_construction_elegant_design_100_original_deal_dha_phase_6-53353504-1448-1.html
"5 Marla Brand New Modern Design Lavish House For Sale | Direct Meeting With Owner In Park View City | For Discounted Price And Original Pictures Download The App ""Signature Lands"".",PKR 2.2 Crore,22000000,4,4,5 Marla,1125.0,19555,House,True,16,16Share on FacebookShare on TwitterShare on WhatsAppSend via GMailSend via E-Mail,81,Houses_Lahore,2026-07-24,https://www.zameen.com/Property/park_view_city_park_view_city_-_diamond_block_5_marla_brand_new_modern_design_lavish_house_for_sale_direct_meeting_with_owner_in_park_view_city_for_discounted_price_and_original_pictures_download_the_app_signature_lands-53336885-17433-1.html
5 Marla Brand New House At 40ft Road For Sale And Direct Meeting With Owner In Park View City Lahore.,PKR 2.45 Crore,24500000,4,4,5 Marla,1125.0,21777,House,True,26,26Share on FacebookShare on TwitterShare on WhatsAppSend via GMailSend via E-Mail,81,Houses_Lahore,2026-07-24,https://www.zameen.com/Property/lahore_park_view_city_5_marla_brand_new_house_at_40ft_road_for_sale_and_direct_meeting_with_owner_in_park_view_city_lahore-53315376-1466-1.html
5 Marla Brand New Luxury Pair House For Sale And Direct Meeting With Owner In Park View City Lahore,PKR 2.45 Crore,24500000,4,4,5 Marla,1125.0,21777,House,True,37,37Share on FacebookShare on TwitterShare on WhatsAppSend via GMailSend via E-Mail,81,Houses_Lahore,2026-07-24,https://www.zameen.com/Property/lahore_park_view_city_5_marla_brand_new_luxury_pair_house_for_sale_and_direct_meeting_with_owner_in_park_view_city_lahore-53315373-1466-1.html
"Prime Location 250 Square Yards Modern Design House Available For Sale in Precinct-1 Near Bahria Main Gate, Bahria Town Karachi",PKR 2.9 Crore,29000000,5,5,250 Sq. Yd,2250.0,12888,House,True,14,"TitaniumPKR2.9 CroreBahria Town - Precinct 1, Bahria Town Karachi55250 Sq. Yd.Added: 14 hours ago(Updated: 14 hours ago)SMSCall",127,Houses_Karachi,2026-07-24,https://www.zameen.com/Property/bahria_town_karachi_bahria_town_-_precinct_1_prime_location_250_square_yards_modern_design_house_available_for_sale_in_precinct-1_near_bahria_main_gate_bahria_town_karachi-54418093-10007-1.html
House For Sale In Bahria Sports City,PKR 1.94 Crore,19400000,4,4,350 Sq. Yd,3150.0,6158,House,True,10,"TitaniumPKR1.94 CroreBahria Sports City, Bahria Town Karachi44350 Sq. Yd.Added: 14 hours ago(Updated: 14 hours ago)SMSCall",122,Houses_Karachi,2026-07-24,https://www.zameen.com/Property/bahria_town_karachi_bahria_sports_city_house_for_sale_in_bahria_sports_city-52914753-10061-1.html
Bahria Town - Ali Block 125 Square Yards House Up For sale,PKR 1.38 Crore,13799999,3,3,125 Sq. Yd,1125.0,12266,House,True,15,"TitaniumPKR1.38 CroreBahria Town - Ali Block, Bahria Town - Precinct 1233125 Sq. Yd.Added: 14 hours agoSMSCall",110,Houses_Karachi,2026-07-24,https://www.zameen.com/Property/bahria_town_precinct_12_bahria_town_-_ali_block_bahria_town_-_ali_block_125_square_yards_house_up_for_sale-52909555-10023-1.html
Brand New House For Sale Purpose,PKR 8 Crore,80000000,5,6,375 Sq. Yd,3375.0,23703,House,True,5,"TitaniumPKR8 CroreAskari 6, Malir Cantonment56375 Sq. Yd.Added: 15 hours agoSMSCall",83,Houses_Karachi,2026-07-24,https://www.zameen.com/Property/malir_cantonment_askari_6_brand_new_house_for_sale_purpose-44838384-21109-1.html
"125 Sq Yd Ali Block Villa For Sale Bahria Town Karachi. 3 Bedrooms | All Facilities Nearby Including Park, Mosque, Shopping Gallery & PSO Petrol Pump | Prime Location | Ready For Living.",PKR 1.38 Crore,13799999,3,3,125 Sq. Yd,1125.0,12266,House,True,20,"TitaniumPKR1.38 CroreBahria Town - Ali Block, Bahria Town - Precinct 1233125 Sq. Yd.Added: 17 hours ago(Updated: 17 hours ago)SMSCall",133,Houses_Karachi,2026-07-24,https://www.zameen.com/Property/bahria_town_precinct_12_bahria_town_-_ali_block_125_sq_yd_ali_block_villa_for_sale_bahria_town_karachi_3_bedrooms_all_facilities_nearby_including_park_mosque_shopping_gallery_pso_petrol_pump_prime_location_ready_for_living-54420156-10023-1.html
350 Sq Yards House For Sale Prime Location,PKR 9.1 Crore,91000000,4,5,350 Sq. Yd,3150.0,28888,House,True,13,"PKR9.1 CroreFalcon Complex New Malir, Malir45350 Sq. Yd.Added: 15 minutes agoSMSCall",84,Houses_Karachi,2026-07-24,https://www.zameen.com/Property/malir_falcon_complex_new_malir_350_sq_yards_house_for_sale_prime_location-54347555-9582-1.html
Precinct 6 272 Sq Yds Brand New Villa for Sale A++ Construction | Near Masjid & Park,PKR 3.25 Crore,32500000,6,6,272 Sq. Yd,2448.0,13276,House,True,8,"PKR3.25 CroreBahria Town - Precinct 6, Bahria Town Karachi66272 Sq. Yd.Added: 6 hours ago(Updated: 6 hours ago)SMSCall",118,Houses_Karachi,2026-07-24,https://www.zameen.com/Property/bahria_town_karachi_bahria_town_-_precinct_6_precinct_6_272_sq_yds_brand_new_villa_for_sale_a_construction_near_masjid_park-54252466-10014-1.html
Premium Corner House For Sale,PKR 15 Crore,150000000,5,5,500 Sq. Yd,4500.0,33333,House,True,12,"PKR15 CroreDHA Phase 6, DHA Defence55500 Sq. Yd.Added: 9 hours agoSMSCall",73,Houses_Karachi,2026-07-24,https://www.zameen.com/Property/dha_defence_dha_phase_6_premium_corner_house_for_sale-54427225-1483-1.html
40 Feet Road West Open SECTOR Q3 House For Sale prime location,PKR 1.95 Crore,19500000,4,6,120 Sq. Yd,1080.0,18055,House,True,47,"PKR1.95 CroreGulshan-e-Maymar, Gadap Town46120 Sq. Yd.Added: 10 hours agoSMSCallEmail",85,Houses_Karachi,2026-07-24,https://www.zameen.com/Property/gadap_town_gulshan-e-maymar_40_feet_road_west_open_sector_q3_house_for_sale_prime_location-54021961-680-1.html
600 Square Yard House For Sale In Gulistan E Jauhar Block 3,PKR 9.5 Crore,95000000,10,6,600 Sq. Yd,5400.0,17592,House,True,7,"PKR9.5 CroreGulistan-e-Jauhar, Karachi106600 Sq. Yd.Added: 11 hours agoSMSCall",78,Houses_Karachi,2026-07-24,https://www.zameen.com/Property/karachi_gulistan-e-jauhar_600_square_yard_house_for_sale_in_gulistan_e_jauhar_block_3-54031614-232-1.html
3 bed Drawing Dining,PKR 3 Crore,30000000,3,3,185 Sq. Yd,1665.0,18018,Unknown,True,6,"TitaniumPKR3 CroreCallachi Cooperative Housing Society, Gulshan-e-Iqbal - Block 10-A33185 Sq. Yd.Added: 6 hours agoSMSCall",122,Houses_Karachi,2026-07-24,https://www.zameen.com/Property/gulshan_e_iqbal_block_10_a_callachi_cooperative_housing_society_3_bed_drawing_dining-54505991-12954-1.html
4 bed Drawing Dining apartment,PKR 3.85 Crore,38500000,4,4,219 Sq. Yd,1971.0,19533,Flat,True,5,"TitaniumPKR3.85 CroreCallachi Cooperative Housing Society, Gulshan-e-Iqbal - Block 10-A44219 Sq. Yd.Added: 6 hours agoSMSCall",125,Houses_Karachi,2026-07-24,https://www.zameen.com/Property/gulshan_e_iqbal_block_10_a_callachi_cooperative_housing_society_4_bed_drawing_dining_apartment-54506280-12954-1.html
Stunning 500 Square Yards West Open Corner House For Sale A Dream Awaits In Falcon Complex New Malir,PKR 11.5 Crore,115000000,5,5,500 Sq. Yd,4500.0,25555,House,False,20,"PKR11.5 CroreFalcon Complex New Malir, Malir55500 Sq. Yd.Added: 10 minutes ago(Updated: 10 minutes ago)SMSCall",110,Houses_Karachi,2026-07-24,https://www.zameen.com/Property/malir_falcon_complex_new_malir_stunning_500_square_yards_west_open_corner_house_for_sale_a_dream_awaits_in_falcon_complex_new_malir-54194373-9582-1.html
Brand New 500 Square Yards House For Sale In Falcon Complex New Malir,PKR 12.8 Crore,128000000,5,5,500 Sq. Yd,4500.0,28444,House,False,19,"PKR12.8 CroreFalcon Complex New Malir, Malir55500 Sq. Yd.Added: 15 minutes agoSMSCall",85,Houses_Karachi,2026-07-24,https://www.zameen.com/Property/malir_falcon_complex_new_malir_brand_new_500_square_yards_house_for_sale_in_falcon_complex_new_malir-54347557-9582-1.html
300 Square Yard DUPLEX BUNGALOW AVAILABLE FOR SALE,PKR 10 Crore,100000000,4,5,300 Sq. Yd,2700.0,37037,House,False,15,"PKR10 CroreDHA Phase 4, DHA Defence45300 Sq. Yd.Added: 24 minutes agoSMSCall",76,Houses_Karachi,2026-07-24,https://www.zameen.com/Property/dha_defence_dha_phase_4_300_square_yard_duplex_bungalow_available_for_sale-51624164-1481-1.html
Saadi Garden Block 2 House For Sale,PKR 1.45 Crore,14500000,2,2,120 Sq. Yd,1080.0,13425,House,False,10,"PKR1.45 CroreSaadi Garden, Scheme 3322120 Sq. Yd.Added: 3 hours agoSMSCall",74,Houses_Karachi,2026-07-24,https://www.zameen.com/Property/scheme_33_saadi_garden_saadi_garden_block_2_house_for_sale-54452018-9087-1.html
Brand New 240 Single Storey House For Sale,PKR 2.85 Crore,28500000,3,5,240 Sq. Yd,2160.0,13194,House,False,10,"PKR2.85 CroreSaadi Garden - Block 4, Saadi Garden35240 Sq. Yd.Added: 3 hours agoSMSCallEmail",92,Houses_Karachi,2026-07-24,https://www.zameen.com/Property/saadi_garden_saadi_garden_-_block_4_brand_new_240_single_storey_house_for_sale-54164856-9328-1.html
Punjabi Saudagar Society Phase 1,PKR 5.5 Crore,55000000,6,6,240 Sq. Yd,2160.0,25462,Unknown,False,35,"PKR5.5 CroreScheme 33 - Sector 25-A, Scheme 3366240 Sq. Yd.Added: 1 minute agoSMSCall",85,Houses_Karachi,2026-07-24,https://www.zameen.com/Property/scheme_33_scheme_33_-_sector_25-a_punjabi_saudagar_society_phase_1-52976121-9315-1.html
House Is Avialble For Sale In Gulshan Block 5,PKR 6 Crore,60000000,3,3,210 Sq. Yd,1890.0,31746,House,False,15,"PKR6 CroreGulshan-e-Iqbal - Block 5, Gulshan-e-Iqbal33210 Sq. Yd.Added: 1 minute agoSMSCall",91,Houses_Karachi,2026-07-24,https://www.zameen.com/Property/gulshan_e_iqbal_gulshan-e-iqbal_-_block_5_house_is_avialble_for_sale_in_gulshan_block_5-54192150-6866-1.html
In DHA Phase 8 500 Square Yards House For sale,PKR 28 Crore,280000000,6,6,500 Sq. Yd,4500.0,62222,House,False,22,"PKR28 CroreDHA Phase 8, DHA Defence66500 Sq. Yd.Added: 5 minutes ago(Updated: 5 minutes ago)SMSCall",99,Houses_Karachi,2026-07-24,https://www.zameen.com/Property/dha_defence_dha_phase_8_in_dha_phase_8_500_square_yards_house_for_sale-54513154-1485-1.html
Good 666 Square Yards House For Sale In DHA Phase 8,PKR 28 Crore,280000000,6,7,666 Sq. Yd,5994.0,46713,House,False,17,"PKR28 CroreDHA Phase 8, DHA Defence67666 Sq. Yd.Added: 6 minutes ago(Updated: 6 minutes ago)SMSCall",99,Houses_Karachi,2026-07-24,https://www.zameen.com/Property/dha_defence_dha_phase_8_good_666_square_yards_house_for_sale_in_dha_phase_8-54513151-1485-1.html
Brand New 500 Square Yards House For Sale In Falcon Complex New Malir,PKR 11.8 Crore,118000000,5,5,500 Sq. Yd,4500.0,26222,House,False,23,"PKR11.8 CroreFalcon Complex New Malir, Malir55500 Sq. Yd.Added: 6 minutes agoSMSCall",84,Houses_Karachi,2026-07-24,https://www.zameen.com/Property/malir_falcon_complex_new_malir_brand_new_500_square_yards_house_for_sale_in_falcon_complex_new_malir-54096171-9582-1.html
Get In Touch Now To Buy A House In DHA Phase 8,PKR 1.35 Arab,1350000000,8,7,"3,000 Sq. Yd",27000.0,50000,House,False,5,"PKR1.35 ArabDHA Phase 8, DHA Defence873,000 Sq. Yd.Added: 6 minutes ago(Updated: 6 minutes ago)SMSCall",102,Houses_Karachi,2026-07-24,https://www.zameen.com/Property/dha_defence_dha_phase_8_get_in_touch_now_to_buy_a_house_in_dha_phase_8-54513150-1485-1.html
Reserve A Centrally Located House Of 500 Square Yards In DHA Phase 8,PKR 20 Crore,200000000,6,7,500 Sq. Yd,4500.0,44444,House,False,8,"PKR20 CroreDHA Phase 8, DHA Defence67500 Sq. Yd.Added: 7 minutes ago(Updated: 6 minutes ago)SMSCall",99,Houses_Karachi,2026-07-24,https://www.zameen.com/Property/dha_defence_dha_phase_8_reserve_a_centrally_located_house_of_500_square_yards_in_dha_phase_8-54513149-1485-1.html
"Brand New 500 Sq Yards House For Sale In Falcon Complex New Malir Good Location, Luxury Living!",PKR 12 Crore,120000000,5,5,500 Sq. Yd,4500.0,26666,House,False,19,"PKR12 CroreFalcon Complex New Malir, Malir55500 Sq. Yd.Added: 10 minutes agoSMSCall",83,Houses_Karachi,2026-07-24,https://www.zameen.com/Property/malir_falcon_complex_new_malir_brand_new_500_sq_yards_house_for_sale_in_falcon_complex_new_malir_good_location_luxury_living-54194371-9582-1.html
350 Square Yards Villas Available For Sale in Precinct 35 Bahria Sports City Bahria Town Karachi,PKR 1.8 Crore,18000000,4,4,350 Sq. Yd,3150.0,5714,House,True,16,super hot16Share on FacebookShare on TwitterShare on WhatsAppSend via GMailSend via E-Mail,90,Houses_Karachi,2026-07-24,https://www.zameen.com/Property/bahria_sports_city_bahria_town_-_precinct_35_350_square_yards_villas_available_for_sale_in_precinct_35_bahria_sports_city_bahria_town_karachi-54320926-11868-1.html
Chance Deal 1000 Sq. Yards Well-Maintained House for Sale DHA Phase 5,PKR 23 Crore,230000000,6,7,"1,000 Sq. Yd",9000.0,25555,House,True,28,super hot28Share on FacebookShare on TwitterShare on WhatsAppSend via GMailSend via E-Mail,90,Houses_Karachi,2026-07-24,https://www.zameen.com/Property/dha_defence_dha_phase_5_chance_deal_1000_sq_yards_well-maintained_house_for_sale_dha_phase_5-54510537-1482-1.html
200 Square Yards Villa Available For Sale In Precinct 10-A BAHRIA TOWN KARACHI,PKR 1.98 Crore,19800000,3,3,200 Sq. Yd,1800.0,11000,House,True,27,super hot271Share on FacebookShare on TwitterShare on WhatsAppSend via GMailSend via E-Mail,91,Houses_Karachi,2026-07-24,https://www.zameen.com/Property/bahria_town_karachi_bahria_town_-_precinct_10-a_200_square_yards_villa_available_for_sale_in_precinct_10-a_bahria_town_karachi-52907607-18125-1.html
A Well Designed Prime Location House Is Up For sale In An Ideal Location In Naya Nazimabad,PKR 4.5 Crore,45000000,4,4,120 Sq. Yd,1080.0,41666,House,True,16,super hot161VerifiedShare on FacebookShare on TwitterShare on WhatsAppSend via GMailSend via E-Mail,99,Houses_Karachi,2026-07-24,https://www.zameen.com/Property/karachi_naya_nazimabad_a_well_designed_prime_location_house_is_up_for_sale_in_an_ideal_location_in_naya_nazimabad-54508421-10079-1.html
Prime Location House Of 120 Square Yards Is Available For Sale,PKR 3.9 Crore,39000000,4,4,120 Sq. Yd,1080.0,36111,House,True,19,super hot191VerifiedShare on FacebookShare on TwitterShare on WhatsAppSend via GMailSend via E-Mail,99,Houses_Karachi,2026-07-24,https://www.zameen.com/Property/karachi_naya_nazimabad_prime_location_house_of_120_square_yards_is_available_for_sale-54508422-10079-1.html
"Exquisite Brand New 350 Sq Yards House For Sale In AFOHS Falcon Complex, New Malir",PKR 9.5 Crore,95000000,4,5,350 Sq. Yd,3150.0,30158,House,True,15,super hot15Share on FacebookShare on TwitterShare on WhatsAppSend via GMailSend via E-Mail,90,Houses_Karachi,2026-07-24,https://www.zameen.com/Property/malir_falcon_complex_new_malir_exquisite_brand_new_350_sq_yards_house_for_sale_in_afohs_falcon_complex_new_malir-53712882-9582-1.html
Beautiful House Is Available For Sale In Gulistan E Zafar,PKR 12.1 Crore,121000000,5,6,200 Sq. Yd,1800.0,67222,House,True,30,super hot301Share on FacebookShare on TwitterShare on WhatsAppSend via GMailSend via E-Mail,91,Houses_Karachi,2026-07-24,https://www.zameen.com/Property/jamshed_town_gulistan-e-zafar_beautiful_house_is_available_for_sale_in_gulistan_e_zafar-53626301-12003-1.html
Centrally Located House In North Nazimabad - Block N Is Available For sale,PKR 7.75 Crore,77500000,6,6,233 Sq. Yd,2097.0,36957,House,True,33,super hot33VerifiedShare on FacebookShare on TwitterShare on WhatsAppSend via GMailSend via E-Mail,98,Houses_Karachi,2026-07-24,https://www.zameen.com/Property/north_nazimabad_north_nazimabad_-_block_n_centrally_located_house_in_north_nazimabad_-_block_n_is_available_for_sale-54511632-7222-1.html
Beautiful Bungalow For Sale In Naya Nazimabad Block A,PKR 6.55 Crore,65500000,4,4,160 Sq. Yd,1440.0,45486,House,True,32,super hot32Share on FacebookShare on TwitterShare on WhatsAppSend via GMailSend via E-Mail,90,Houses_Karachi,2026-07-24,https://www.zameen.com/Property/naya_nazimabad_naya_nazimabad_-_block_a_beautiful_bungalow_for_sale_in_naya_nazimabad_block_a-53852448-14291-1.html
G+2 West Open Beautiful House For Sale In Madras Society Prime Location,PKR 6.1 Crore,61000000,9,6,200 Sq. Yd,1800.0,33888,House,True,14,super hot14Share on FacebookShare on TwitterShare on WhatsAppSend via GMailSend via E-Mail,90,Houses_Karachi,2026-07-24,https://www.zameen.com/Property/scheme_33_sector_17_a_madras_cooperative_housing_society_g_2_west_open_beautiful_house_for_sale_in_madras_society_prime_location-54423084-9183-1.html
"125 Sq Yd Ready-To-Move Luxury Villa For Sale Precinct 10B, Bahria Town Karachi A+ Construction | 3 Bedrooms, Drawing, Dining, TV Lounge & American Kitchen 10 Min From Main Gate | Near Park, Mosque, S",PKR 1.12 Crore,11200000,1,3,125 Sq. Yd,1125.0,9955,House,True,14,hot14Share on FacebookShare on TwitterShare on WhatsAppSend via GMailSend via E-Mail,84,Houses_Karachi,2026-07-24,https://www.zameen.com/Property/bahria_town_karachi_bahria_town_-_precinct_10-b_125_sq_yd_ready-to-move_luxury_villa_for_sale_precinct_10b_bahria_town_karachi_a_construction_3_bedrooms_drawing_dining_tv_lounge_american_kitchen_10_min_from_main_gate_near_park_mosque_schools_commercial-54419485-18126-1.html
Prime Location Ideal House For sale In Naya Nazimabad,PKR 3.7 Crore,37000000,4,4,108 Sq. Yd,972.0,38065,House,True,7,hot7VerifiedShare on FacebookShare on TwitterShare on WhatsAppSend via GMailSend via E-Mail,91,Houses_Karachi,2026-07-24,https://www.zameen.com/Property/karachi_naya_nazimabad_prime_location_ideal_house_for_sale_in_naya_nazimabad-54508791-10079-1.html
SAADI GARDEN GROUND+1 HOUSE 4 SALE,PKR 1.9 Crore,19000000,4,5,120 Sq. Yd,1080.0,17592,House,False,25,hot25Share on FacebookShare on TwitterShare on WhatsAppSend via GMailSend via E-Mail,84,Houses_Karachi,2026-07-24,https://www.zameen.com/Property/saadi_garden_saadi_garden_-_block_3_saadi_garden_ground_1_house_4_sale-53215877-9095-1.html
240 Single Storey House For Sale,PKR 2.4 Crore,24000000,3,4,240 Sq. Yd,2160.0,11111,House,False,9,hot9Share on FacebookShare on TwitterShare on WhatsAppSend via GMailSend via E-Mail,83,Houses_Karachi,2026-07-24,https://www.zameen.com/Property/saadi_garden_saadi_garden_-_block_4_240_single_storey_house_for_sale-53567890-9328-1.html
PIR AHMED ZAMAN TOWN Block 01 House For Sale Ground+ One 120 Square Yard,PKR 2 Crore,20000000,4,4,120 Sq. Yd,1080.0,18518,House,True,7,hot7Share on FacebookShare on TwitterShare on WhatsAppSend via GMailSend via E-Mail,83,Houses_Karachi,2026-07-24,https://www.zameen.com/Property/pir_ahmed_zaman_town_pir_ahmed_zaman_town_-_block_1_pir_ahmed_zaman_town_block_01_house_for_sale_ground_one_120_square_yard-54418003-6716-1.html
Saadi Garden House For Sale,PKR 1.75 Crore,17500000,2,3,120 Sq. Yd,1080.0,16203,House,False,16,hot16Share on FacebookShare on TwitterShare on WhatsAppSend via GMailSend via E-Mail,84,Houses_Karachi,2026-07-24,https://www.zameen.com/Property/scheme_33_saadi_garden_saadi_garden_house_for_sale-54405253-9087-1.html
Saadi Garden Block 4 House For Sale Ground+One,PKR 2.35 Crore,23500000,4,4,133 Sq. Yd,1197.0,19632,House,False,13,hot13Share on FacebookShare on TwitterShare on WhatsAppSend via GMailSend via E-Mail,84,Houses_Karachi,2026-07-24,https://www.zameen.com/Property/scheme_33_saadi_garden_saadi_garden_block_4_house_for_sale_ground_one-54442638-9087-1.html
"Brand New 500 Sq Yards House For Sale In Falcon Complex New Malir Good Location, Luxury Living!",PKR 12.75 Crore,127500000,5,5,500 Sq. Yd,4500.0,28333,House,False,15,15VerifiedShare on FacebookShare on TwitterShare on WhatsAppSend via GMailSend via E-Mail,89,Houses_Karachi,2026-07-24,https://www.zameen.com/Property/malir_falcon_complex_new_malir_brand_new_500_sq_yards_house_for_sale_in_falcon_complex_new_malir_good_location_luxury_living-54194365-9582-1.html
Brand New 500 Square Yards House For Sale In Falcon Complex New Malir,PKR 11.9 Crore,119000000,5,5,500 Sq. Yd,4500.0,26444,House,False,15,15VerifiedShare on FacebookShare on TwitterShare on WhatsAppSend via GMailSend via E-Mail,89,Houses_Karachi,2026-07-24,https://www.zameen.com/Property/malir_falcon_complex_new_malir_brand_new_500_square_yards_house_for_sale_in_falcon_complex_new_malir-54347559-9582-1.html
Prime Location Sale The Ideally Located House For An Incredible Price Of Pkr Rs. 31800000,PKR 3.18 Crore,31800000,4,6,200 Sq. Yd,1800.0,17666,House,False,27,27VerifiedShare on FacebookShare on TwitterShare on WhatsAppSend via GMailSend via E-Mail,89,Houses_Karachi,2026-07-24,https://www.zameen.com/Property/scheme_33_chapal_sun_city_prime_location_sale_the_ideally_located_house_for_an_incredible_price_of_pkr_rs_31800000-54383251-15265-1.html
Saadi Garden Block 3 House For Sale Single Storey House West Open,PKR 1.7 Crore,17000000,2,2,120 Sq. Yd,1080.0,15740,House,False,14,14Share on FacebookShare on TwitterShare on WhatsAppSend via GMailSend via E-Mail,81,Houses_Karachi,2026-07-24,https://www.zameen.com/Property/scheme_33_saadi_garden_saadi_garden_block_3_house_for_sale_single_storey_house_west_open-54452005-9087-1.html
Saadi Garden Block 3 House For Sale,PKR 1.65 Crore,16500000,2,3,120 Sq. Yd,1080.0,15277,House,False,11,11Share on FacebookShare on TwitterShare on WhatsAppSend via GMailSend via E-Mail,81,Houses_Karachi,2026-07-24,https://www.zameen.com/Property/scheme_33_saadi_garden_saadi_garden_block_3_house_for_sale-54417745-9087-1.html
House For Sale In Saadi Garden,PKR 1.6 Crore,16000000,2,4,120 Sq. Yd,1080.0,14814,House,False,21,21Share on FacebookShare on TwitterShare on WhatsAppSend via GMailSend via E-Mail,81,Houses_Karachi,2026-07-24,https://www.zameen.com/Property/scheme_33_saadi_garden_house_for_sale_in_saadi_garden-54483068-9087-1.html
"GROUND PLUS 1 HOUSE FOR SALE, NORTH NAZIMABAD BLOCK E",PKR 2.7 Crore,27000000,5,6,180 Sq. Yd,1620.0,16666,House,False,10,10Share on FacebookShare on TwitterShare on WhatsAppSend via GMailSend via E-Mail,81,Houses_Karachi,2026-07-24,https://www.zameen.com/Property/north_nazimabad_north_nazimabad_-_block_e_ground_plus_1_house_for_sale_north_nazimabad_block_e-54513047-7213-1.html
Precinct 10B 125 Sq. Yds Brand New Villa For Sale | A++ Construction | Most Prime Location | Near Masjid & Park,PKR 1.35 Crore,13500000,3,4,125 Sq. Yd,1125.0,12000,House,False,7,7Share on FacebookShare on TwitterShare on WhatsAppSend via GMailSend via E-Mail,80,Houses_Karachi,2026-07-24,https://www.zameen.com/Property/bahria_town_karachi_bahria_town_-_precinct_10-b_precinct_10b_125_sq_yds_brand_new_villa_for_sale_a_construction_most_prime_location_near_masjid_park-54259087-18126-1.html
500 Yards Bungalow For Sale in Phase 5,PKR 13 Crore,130000000,4,5,500 Sq. Yd,4500.0,28888,House,True,19,super hot19Share on FacebookShare on TwitterShare on WhatsAppSend via GMailSend via E-Mail,90,Houses_Karachi,2026-07-24,https://www.zameen.com/Property/dha_defence_dha_phase_5_500_yards_bungalow_for_sale_in_phase_5-54398298-1482-1.html
Corner 100 Yards Slightly Used West Open Bungalow For Sale DHA Phase 7 Extension.,PKR 5.5 Crore,55000000,4,4,100 Sq. Yd,900.0,61111,House,True,22,super hot22Share on FacebookShare on TwitterShare on WhatsAppSend via GMailSend via E-Mail,90,Houses_Karachi,2026-07-24,https://www.zameen.com/Property/dha_defence_dha_phase_7_extension_corner_100_yards_slightly_used_west_open_bungalow_for_sale_dha_phase_7_extension-54399337-1674-1.html
Naya Nazimabad Block C 120 Sqyd Bungalow For Sale,PKR 4.15 Crore,41500000,4,5,120 Sq. Yd,1080.0,38425,House,True,10,super hot10Share on FacebookShare on TwitterShare on WhatsAppSend via GMailSend via E-Mail,90,Houses_Karachi,2026-07-24,https://www.zameen.com/Property/naya_nazimabad_naya_nazimabad_-_block_c_naya_nazimabad_block_c_120_sqyd_bungalow_for_sale-54106456-14293-1.html
PRIME LOCATION CHANCE DEAL BRAND NEW House For Sale In ASKARI 6 Karachi,PKR 7.3 Crore,73000000,5,5,300 Sq. Yd,2700.0,27037,House,True,30,super hot301Share on FacebookShare on TwitterShare on WhatsAppSend via GMailSend via E-Mail,91,Houses_Karachi,2026-07-24,https://www.zameen.com/Property/malir_cantonment_askari_6_prime_location_chance_deal_brand_new_house_for_sale_in_askari_6_karachi-53957649-21109-1.html
WEST OPEN BRAND NEW SUH 375 SQY HOUSE ASK 6 AVAIALBE FOR SALE IN MALIR CANTT KARACHI,PKR 8.7 Crore,87000000,5,5,375 Sq. Yd,3375.0,25777,House,True,14,super hot141Share on FacebookShare on TwitterShare on WhatsAppSend via GMailSend via E-Mail,91,Houses_Karachi,2026-07-24,https://www.zameen.com/Property/malir_cantonment_askari_6_west_open_brand_new_suh_375_sqy_house_ask_6_avaialbe_for_sale_in_malir_cantt_karachi-51380378-21109-1.html
Corner Lease 325 Yards House For Sale In Capital Housing Society Scheme 33 Karachi,PKR 6.75 Crore,67500000,10,6,325 Sq. Yd,2925.0,23076,House,True,25,super hot25VerifiedShare on FacebookShare on TwitterShare on WhatsAppSend via GMailSend via E-Mail,98,Houses_Karachi,2026-07-24,https://www.zameen.com/Property/scheme_33_sector_35_a_capital_cooperative_housing_society_corner_lease_325_yards_house_for_sale_in_capital_housing_society_scheme_33_karachi-54077333-8908-1.html
FALCON COMPLEX BRAND NEW 350 SQYD HOUSE,PKR 9 Crore,90000000,4,5,350 Sq. Yd,3150.0,28571,House,True,12,super hot12Share on FacebookShare on TwitterShare on WhatsAppSend via GMailSend via E-Mail,90,Houses_Karachi,2026-07-24,https://www.zameen.com/Property/malir_falcon_complex_new_malir_falcon_complex_brand_new_350_sqyd_house-54482446-9582-1.html
1000 Square Yards House Up For sale In DHA Phase 7,PKR 45 Crore,450000000,6,6,"1,000 Sq. Yd",9000.0,50000,House,True,47,super hot471VerifiedShare on FacebookShare on TwitterShare on WhatsAppSend via GMailSend via E-Mail,99,Houses_Karachi,2026-07-24,https://www.zameen.com/Property/dha_defence_dha_phase_7_1000_square_yards_house_up_for_sale_in_dha_phase_7-54471158-1484-1.html
BRAND NEW Victorian Style 400 Sq. Yd BUNGALOW FOR SALE IN GULISTAN E JAUHAR,PKR 11.5 Crore,115000000,8,7,400 Sq. Yd,3600.0,31944,House,True,23,super hot23Share on FacebookShare on TwitterShare on WhatsAppSend via GMailSend via E-Mail,90,Houses_Karachi,2026-07-24,https://www.zameen.com/Property/karachi_gulistan-e-jauhar_brand_new_victorian_style_400_sq_yd_bungalow_for_sale_in_gulistan_e_jauhar-51576364-232-1.html
Brand new 300 Sq. Yd G+1 Bungalow For Sale In Gulistan-E-Jauhar block 14,PKR 8.1 Crore,81000000,6,7,300 Sq. Yd,2700.0,30000,House,True,11,super hot11Share on FacebookShare on TwitterShare on WhatsAppSend via GMailSend via E-Mail,90,Houses_Karachi,2026-07-24,https://www.zameen.com/Property/karachi_gulistan-e-jauhar_brand_new_300_sq_yd_g_1_bungalow_for_sale_in_gulistan-e-jauhar_block_14-54386656-232-1.html
Prime Location 350 Square Yard House Available For Sale in Precinct-35 | Bahria Town Karachi,PKR 1.7 Crore,17000000,4,4,350 Sq. Yd,3150.0,5396,House,True,15,hot15Share on FacebookShare on TwitterShare on WhatsAppSend via GMailSend via E-Mail,84,Houses_Karachi,2026-07-24,https://www.zameen.com/Property/bahria_sports_city_bahria_town_-_precinct_35_prime_location_350_square_yard_house_available_for_sale_in_precinct-35_bahria_town_karachi-54418095-11868-1.html
3Bed DDL 200sq yd Villa FOR SALE. Top Heighted Location near. Murree Point BTK (Hill View),PKR 1.9 Crore,19000000,1,3,200 Sq. Yd,1800.0,10555,House,True,17,hot17Share on FacebookShare on TwitterShare on WhatsAppSend via GMailSend via E-Mail,84,Houses_Karachi,2026-07-24,https://www.zameen.com/Property/bahria_town_precinct_11_bahria_town_-_precinct_11-a_3bed_ddl_200sq_yd_villa_for_sale_top_heighted_location_near_murree_point_btk_hill_view-54336856-10020-1.html
Saadi Garden House For Sale Ground+ One,PKR 2.25 Crore,22500000,4,4,120 Sq. Yd,1080.0,20833,House,False,10,hot10Share on FacebookShare on TwitterShare on WhatsAppSend via GMailSend via E-Mail,84,Houses_Karachi,2026-07-24,https://www.zameen.com/Property/saadi_garden_saadi_garden_-_block_5_saadi_garden_house_for_sale_ground_one-54459853-9089-1.html
Saadi Garden Block 3 House For Sale Single Story,PKR 1.75 Crore,17500000,2,2,120 Sq. Yd,1080.0,16203,House,False,9,hot9Share on FacebookShare on TwitterShare on WhatsAppSend via GMailSend via E-Mail,83,Houses_Karachi,2026-07-24,https://www.zameen.com/Property/saadi_garden_saadi_garden_-_block_3_saadi_garden_block_3_house_for_sale_single_story-54459864-9095-1.html
Ground Plus1 Structure For Sale Saadi Garden1,PKR 1.4 Crore,14000000,4,6,120 Sq. Yd,1080.0,12962,Unknown,False,5,hot5Share on FacebookShare on TwitterShare on WhatsAppSend via GMailSend via E-Mail,83,Houses_Karachi,2026-07-24,https://www.zameen.com/Property/saadi_garden_saadi_garden_-_block_1_ground_plus1_structure_for_sale_saadi_garden1-54462997-14103-1.html
Structure For Sale Ground+ One Saadi Garden Block 1,PKR 1.38 Crore,13799999,4,4,120 Sq. Yd,1080.0,12777,Unknown,False,9,hot9Share on FacebookShare on TwitterShare on WhatsAppSend via GMailSend via E-Mail,83,Houses_Karachi,2026-07-24,https://www.zameen.com/Property/saadi_garden_saadi_garden_-_block_1_structure_for_sale_ground_one_saadi_garden_block_1-54477117-14103-1.html
Saadi Garden Block 4 House For Sale Corner Ground+ One,PKR 2.9 Crore,29000000,4,4,135 Sq. Yd,1215.0,23868,House,False,6,hot6Share on FacebookShare on TwitterShare on WhatsAppSend via GMailSend via E-Mail,83,Houses_Karachi,2026-07-24,https://www.zameen.com/Property/saadi_garden_saadi_garden_-_block_4_saadi_garden_block_4_house_for_sale_corner_ground_one-54477198-9328-1.html
Precinct 11B 152 Sq. Yds Brand New Designer Villa for Sale | A++ Construction | Most Prime Location | Near Masjid & Park,PKR 1.45 Crore,14500000,3,4,152 Sq. Yd,1368.0,10599,House,False,6,6Share on FacebookShare on TwitterShare on WhatsAppSend via GMailSend via E-Mail,80,Houses_Karachi,2026-07-24,https://www.zameen.com/Property/bahria_town_precinct_11_bahria_town_-_precinct_11-b_precinct_11b_152_sq_yds_brand_new_designer_villa_for_sale_a_construction_most_prime_location_near_masjid_park-54259096-10021-1.html
"Bahria Hills, Precinct 9 500 Sq. Yds Designer Villa with Basement for Sale | Heighted Location | A++ Construction | Brand New",PKR 7 Crore,70000000,5,7,500 Sq. Yd,4500.0,15555,House,False,11,11Share on FacebookShare on TwitterShare on WhatsAppSend via GMailSend via E-Mail,81,Houses_Karachi,2026-07-24,https://www.zameen.com/Property/bahria_town_karachi_bahria_hills_bahria_hills_precinct_9_500_sq_yds_designer_villa_with_basement_for_sale_heighted_location_a_construction_brand_new-54261300-13173-1.html
Ali Block 125sq yds Ultra Luxury Designer Villa for Sale | Prime Location Brand New | A++ Construction,PKR 1.55 Crore,15500000,3,4,125 Sq. Yd,1125.0,13777,House,False,8,8Share on FacebookShare on TwitterShare on WhatsAppSend via GMailSend via E-Mail,80,Houses_Karachi,2026-07-24,https://www.zameen.com/Property/bahria_town_precinct_12_bahria_town_-_ali_block_ali_block_125sq_yds_ultra_luxury_designer_villa_for_sale_prime_location_brand_new_a_construction-54261289-10023-1.html
Precinct 9 Bahria Hills 500Sq. Yds Brand New Well Maintian Villa for Sale | A++ Construction | Most Prime Location | Near Masjid & Park,PKR 6.5 Crore,65000000,6,7,500 Sq. Yd,4500.0,14444,House,False,11,11Share on FacebookShare on TwitterShare on WhatsAppSend via GMailSend via E-Mail,81,Houses_Karachi,2026-07-24,https://www.zameen.com/Property/bahria_town_karachi_bahria_town_-_precinct_9_precinct_9_bahria_hills_500sq_yds_brand_new_well_maintian_villa_for_sale_a_construction_most_prime_location_near_masjid_park-54289047-10017-1.html
"Precinct 7, 1000 Sq Yds Ultra Luxury Brand New Villa For Sale With Basement Prime Location",PKR 15 Crore,150000000,6,7,"1,000 Sq. Yd",9000.0,16666,House,False,9,9Share on FacebookShare on TwitterShare on WhatsAppSend via GMailSend via E-Mail,80,Houses_Karachi,2026-07-24,https://www.zameen.com/Property/bahria_town_karachi_bahria_town_-_precinct_7_precinct_7_1000_sq_yds_ultra_luxury_brand_new_villa_for_sale_with_basement_prime_location-54288995-10015-1.html
Precinct 6 272 Sq Yds Brand New Villa for Sale | A++ Construction | Near Masjid & Park,PKR 3 Crore,30000000,5,6,272 Sq. Yd,2448.0,12254,House,False,8,8Share on FacebookShare on TwitterShare on WhatsAppSend via GMailSend via E-Mail,80,Houses_Karachi,2026-07-24,https://www.zameen.com/Property/bahria_town_karachi_bahria_town_-_precinct_6_precinct_6_272_sq_yds_brand_new_villa_for_sale_a_construction_near_masjid_park-54289003-10014-1.html
"Precinct 2, Quaid Villa 200sq Yds Brand New Villa With A++ Construction Near By Masjid &Amp; Park Prime Location",PKR 1.85 Crore,18500000,3,4,152 Sq. Yd,1368.0,13523,House,False,10,10Share on FacebookShare on TwitterShare on WhatsAppSend via GMailSend via E-Mail,81,Houses_Karachi,2026-07-24,https://www.zameen.com/Property/bahria_town_karachi_bahria_town_-_precinct_2_precinct_2_quaid_villa_200sq_yds_brand_new_villa_with_a_construction_near_by_masjid_amp_park_prime_location-54288938-10010-1.html
"Bahria Hills, P9-500sq Yards, Most Prime Location Designer Villa With Basement On Sale In Bahria Town Karachi",PKR 7 Crore,70000000,6,7,500 Sq. Yd,4500.0,15555,House,False,10,10Share on FacebookShare on TwitterShare on WhatsAppSend via GMailSend via E-Mail,81,Houses_Karachi,2026-07-24,https://www.zameen.com/Property/bahria_town_karachi_bahria_town_-_precinct_9_bahria_hills_p9-500sq_yards_most_prime_location_designer_villa_with_basement_on_sale_in_bahria_town_karachi-54359010-10017-1.html
"Classical Luxury Living | 1000 Yards Bungalow For Sale Main Ittehad, DHA Karachi",PKR 50 Crore,500000000,6,7,"1,000 Sq. Yd",9000.0,55555,House,True,50,super hot50Share on FacebookShare on TwitterShare on WhatsAppSend via GMailSend via E-Mail,90,Houses_Karachi,2026-07-24,https://www.zameen.com/Property/dha_defence_dha_phase_6_classical_luxury_living_1000_yards_bungalow_for_sale_main_ittehad_dha_karachi-54021431-1483-1.html
Bungalow for Sale 1000 Square yards in DHA phase 6,PKR 30 Crore,300000000,6,7,"1,000 Sq. Yd",9000.0,33333,House,True,23,super hot23Share on FacebookShare on TwitterShare on WhatsAppSend via GMailSend via E-Mail,90,Houses_Karachi,2026-07-24,https://www.zameen.com/Property/dha_defence_dha_phase_6_bungalow_for_sale_1000_square_yards_in_dha_phase_6-54504913-1483-1.html
You Can Find A Gorgeous Prime Location House For Sale In Askari 6,PKR 7.6 Crore,76000000,5,5,300 Sq. Yd,2700.0,28148,House,True,20,super hot20VerifiedShare on FacebookShare on TwitterShare on WhatsAppSend via GMailSend via E-Mail,98,Houses_Karachi,2026-07-24,https://www.zameen.com/Property/malir_cantonment_askari_6_you_can_find_a_gorgeous_prime_location_house_for_sale_in_askari_6-54481018-21109-1.html
CHANCE DEAL AT Prime Location In Askari 6 300 Square Yards House For Sale,PKR 7.8 Crore,78000000,5,5,300 Sq. Yd,2700.0,28888,House,True,25,super hot25VerifiedShare on FacebookShare on TwitterShare on WhatsAppSend via GMailSend via E-Mail,98,Houses_Karachi,2026-07-24,https://www.zameen.com/Property/malir_cantonment_askari_6_chance_deal_at_prime_location_in_askari_6_300_square_yards_house_for_sale-54481017-21109-1.html
350 Square Yards Fully Renovated House For Sale,PKR 8.55 Crore,85500000,4,5,350 Sq. Yd,3150.0,27142,House,True,36,super hot361VerifiedShare on FacebookShare on TwitterShare on WhatsAppSend via GMailSend via E-Mail,99,Houses_Karachi,2026-07-24,https://www.zameen.com/Property/malir_falcon_complex_new_malir_350_square_yards_fully_renovated_house_for_sale-45261204-9582-1.html
Your Dream Prime Location 120 Square Yards House Is Available In Saadi Garden - Block 5,PKR 1.7 Crore,17000000,2,3,120 Sq. Yd,1080.0,15740,House,True,15,super hot151VerifiedShare on FacebookShare on TwitterShare on WhatsAppSend via GMailSend via E-Mail,99,Houses_Karachi,2026-07-24,https://www.zameen.com/Property/saadi_garden_saadi_garden_-_block_5_your_dream_prime_location_120_square_yards_house_is_available_in_saadi_garden_-_block_5-54509134-9089-1.html
Prime Location House For sale In Rs. 52500000,PKR 5.25 Crore,52500000,5,5,160 Sq. Yd,1440.0,36458,House,True,22,super hot221VerifiedShare on FacebookShare on TwitterShare on WhatsAppSend via GMailSend via E-Mail,99,Houses_Karachi,2026-07-24,https://www.zameen.com/Property/naya_nazimabad_naya_nazimabad_-_block_d_prime_location_house_for_sale_in_rs_52500000-54508507-14294-1.html
Find Your Ideal Prime Location House In Karachi Under Rs. 42500000,PKR 4.25 Crore,42500000,4,4,120 Sq. Yd,1080.0,39351,House,True,16,super hot161VerifiedShare on FacebookShare on TwitterShare on WhatsAppSend via GMailSend via E-Mail,99,Houses_Karachi,2026-07-24,https://www.zameen.com/Property/naya_nazimabad_naya_nazimabad_-_block_c_find_your_ideal_prime_location_house_in_karachi_under_rs_42500000-54508506-14293-1.html
"120 SQ. YD GROUND + 2 HOUSE FOR SALE 5B1, North Karachi",PKR 1.85 Crore,18500000,11,7,120 Sq. Yd,1080.0,17129,House,True,27,super hot271VerifiedShare on FacebookShare on TwitterShare on WhatsAppSend via GMailSend via E-Mail,99,Houses_Karachi,2026-07-24,https://www.zameen.com/Property/north_karachi_north_karachi_-_sector_5-b1_120_sq_yd_ground_2_house_for_sale_5b1_north_karachi-54494199-19018-1.html
Brand New 400 Square Yards House Available In Capital Cooperative Housing Society For Sale,PKR 7.7 Crore,77000000,8,,400 Sq. Yd,3600.0,21388,House,True,21,super hot211VerifiedShare on FacebookShare on TwitterShare on WhatsAppSend via GMailSend via E-Mail,99,Houses_Karachi,2026-07-24,https://www.zameen.com/Property/scheme_33_sector_35_a_capital_cooperative_housing_society_brand_new_400_square_yards_house_available_in_capital_cooperative_housing_society_for_sale-54422365-8908-1.html
272 Sq Yd 4 &Amp; 5 Bedrooms Luxury Villa FOR SALE.,PKR 2.75 Crore,27500000,2,5,273 Sq. Yd,2457.0,11192,House,True,9,hot9Share on FacebookShare on TwitterShare on WhatsAppSend via GMailSend via E-Mail,83,Houses_Karachi,2026-07-24,https://www.zameen.com/Property/bahria_town_karachi_bahria_town_-_precinct_16_272_sq_yd_4_amp_5_bedrooms_luxury_villa_for_sale-54333558-10027-1.html
500 Yards Beautiful Bungalow With Basement Available For Sale,PKR 16.5 Crore,165000000,5,5,500 Sq. Yd,4500.0,36666,House,True,35,hot35Share on FacebookShare on TwitterShare on WhatsAppSend via GMailSend via E-Mail,84,Houses_Karachi,2026-07-24,https://www.zameen.com/Property/dha_defence_dha_phase_6_500_yards_beautiful_bungalow_with_basement_available_for_sale-54141263-1483-1.html
120 Ground Plus2 Structure For Sale,PKR 1.9 Crore,19000000,4,6,120 Sq. Yd,1080.0,17592,Unknown,False,4,hot4Share on FacebookShare on TwitterShare on WhatsAppSend via GMailSend via E-Mail,83,Houses_Karachi,2026-07-24,https://www.zameen.com/Property/scheme_33_saadi_garden_120_ground_plus2_structure_for_sale-54483445-9087-1.html
Saadi Garden  Brand New House For Sale 120 SQ,PKR 1.6 Crore,16000000,2,2,120 Sq. Yd,1080.0,14814,House,False,5,hot5Share on FacebookShare on TwitterShare on WhatsAppSend via GMailSend via E-Mail,83,Houses_Karachi,2026-07-24,https://www.zameen.com/Property/scheme_33_saadi_garden_saadi_garden_brand_new_house_for_sale_120_sq-54485093-9087-1.html
Brand new 120 yards single story house for sale,PKR 1.72 Crore,17200000,2,3,120 Sq. Yd,1080.0,15925,House,False,10,hot10Share on FacebookShare on TwitterShare on WhatsAppSend via GMailSend via E-Mail,84,Houses_Karachi,2026-07-24,https://www.zameen.com/Property/scheme_33_saadi_garden_brand_new_120_yards_single_story_house_for_sale-54499783-9087-1.html
Saadi Garden Block 05 Single Storey Brand New House 120 Square Yard,PKR 1.7 Crore,17000000,2,2,120 Sq. Yd,1080.0,15740,House,False,9,hot9Share on FacebookShare on TwitterShare on WhatsAppSend via GMailSend via E-Mail,83,Houses_Karachi,2026-07-24,https://www.zameen.com/Property/scheme_33_saadi_garden_saadi_garden_block_05_single_storey_brand_new_house_120_square_yard-54491094-9087-1.html
"Precinct 18, 1000sq yds Corner Brand New Designer Villa for Sale | With Luxury Swimming Pool & Basement | Prime Location",PKR 14 Crore,140000000,7,7,"1,000 Sq. Yd",9000.0,15555,House,False,11,hot11Share on FacebookShare on TwitterShare on WhatsAppSend via GMailSend via E-Mail,84,Houses_Karachi,2026-07-24,https://www.zameen.com/Property/bahria_town_karachi_bahria_town_-_precinct_18_precinct_18_1000sq_yds_corner_brand_new_designer_villa_for_sale_with_luxury_swimming_pool_basement_prime_location-54259067-10029-1.html
"Bahria Hills, P9-500sq Yds, Most Prime Location Villa On Sale In Bahria Town Karachi",PKR 5.5 Crore,55000000,5,6,500 Sq. Yd,4500.0,12222,House,False,8,8Share on FacebookShare on TwitterShare on WhatsAppSend via GMailSend via E-Mail,80,Houses_Karachi,2026-07-24,https://www.zameen.com/Property/bahria_town_karachi_bahria_hills_bahria_hills_p9-500sq_yds_most_prime_location_villa_on_sale_in_bahria_town_karachi-54358963-13173-1.html
Precinct 11A 200 Sq. Yds Brand New Villa for Sale | A++ Construction | Most Prime Location | Near Masjid & Park,PKR 2.05 Crore,20500000,3,4,200 Sq. Yd,1800.0,11388,House,False,6,6Share on FacebookShare on TwitterShare on WhatsAppSend via GMailSend via E-Mail,80,Houses_Karachi,2026-07-24,https://www.zameen.com/Property/bahria_town_precinct_11_bahria_town_-_precinct_11-a_precinct_11a_200_sq_yds_brand_new_villa_for_sale_a_construction_most_prime_location_near_masjid_park-54378037-10020-1.html
"3 Bed DDL 200 Sq Yard Villa Available FOR SALE IN PRECINCT 10-A. All Amenities Including Park Face, Mosques And Gallery",PKR 1.8 Crore,18000000,1,3,200 Sq. Yd,1800.0,10000,House,False,5,5VerifiedShare on FacebookShare on TwitterShare on WhatsAppSend via GMailSend via E-Mail,88,Houses_Karachi,2026-07-24,https://www.zameen.com/Property/bahria_town_karachi_bahria_town_-_precinct_10-a_3_bed_ddl_200_sq_yard_villa_available_for_sale_in_precinct_10-a_all_amenities_including_park_face_mosques_and_gallery-53892129-18125-1.html
BRAND NEW 100 YARDS HOUSE FOR SALE PHASE 8 STAFF LANE,PKR 8 Crore,80000000,5,6,100 Sq. Yd,900.0,88888,House,False,8,8Share on FacebookShare on TwitterShare on WhatsAppSend via GMailSend via E-Mail,80,Houses_Karachi,2026-07-24,https://www.zameen.com/Property/dha_defence_dha_phase_8_brand_new_100_yards_house_for_sale_phase_8_staff_lane-54327210-1485-1.html
OUTCLASS OWNER BUILD BRAND NEW 2 UNIT 500 YARDS BUBGALOW SALE PHASE 8 DHA,PKR 26 Crore,260000000,6,6,500 Sq. Yd,4500.0,57777,Unknown,False,22,22Share on FacebookShare on TwitterShare on WhatsAppSend via GMailSend via E-Mail,81,Houses_Karachi,2026-07-24,https://www.zameen.com/Property/dha_defence_dha_phase_8_outclass_owner_build_brand_new_2_unit_500_yards_bubgalow_sale_phase_8_dha-54394425-1485-1.html
FULLY RENOVATED 600 YARDS BUNGALOW FOR SALE PHASE 5 DHA,PKR 16.75 Crore,167500000,7,6,600 Sq. Yd,5400.0,31018,House,False,13,13Share on FacebookShare on TwitterShare on WhatsAppSend via GMailSend via E-Mail,81,Houses_Karachi,2026-07-24,https://www.zameen.com/Property/dha_defence_dha_phase_5_fully_renovated_600_yards_bungalow_for_sale_phase_5_dha-54326948-1482-1.html
MAGNIFICENT BRAND NEW 444 SQUARE YARD CORNER HOUSE | Contemporary Luxury Redefined,PKR 10.5 Crore,105000000,6,6,444 Sq. Yd,3996.0,26276,House,True,50,50Share on FacebookShare on TwitterShare on WhatsAppSend via GMailSend via E-Mail,81,Houses_Karachi,2026-07-24,https://www.zameen.com/Property/gulshan_e_maymar_gulshan-e-maymar_-_sector_w_magnificent_brand_new_444_square_yard_corner_house_contemporary_luxury_redefined-54512986-6759-1.html
"1,000 Sq. Yards Ultra Luxury Brand New Semi-Furnished Bungalow for Sale | DHA Phase 8",PKR 60 Crore,600000000,7,6,"1,000 Sq. Yd",9000.0,66666,House,False,8,8Share on FacebookShare on TwitterShare on WhatsAppSend via GMailSend via E-Mail,80,Houses_Karachi,2026-07-24,https://www.zameen.com/Property/dha_defence_dha_phase_8_1_000_sq_yards_ultra_luxury_brand_new_semi-furnished_bungalow_for_sale_dha_phase_8-54512980-1485-1.html
350 Square Yard 4 Bed DD Lounge Sports Villas With 100 Square Yard Back Yard LAWN At LOWEST RATE Of MARKET,PKR 2.15 Crore,21500000,2,4,350 Sq. Yd,3150.0,6825,House,True,14,super hot141Share on FacebookShare on TwitterShare on WhatsAppSend via GMailSend via E-Mail,91,Houses_Karachi,2026-07-24,https://www.zameen.com/Property/bahria_town_karachi_bahria_sports_city_350_square_yard_4_bed_dd_lounge_sports_villas_with_100_square_yard_back_yard_lawn_at_lowest_rate_of_market-53900199-10061-1.html
500 Yards Brand New 2 Unit Bungalow  Semi Furnished,PKR 25.7 Crore,257000000,6,6,500 Sq. Yd,4500.0,57111,House,True,14,super hot141Share on FacebookShare on TwitterShare on WhatsAppSend via GMailSend via E-Mail,91,Houses_Karachi,2026-07-24,https://www.zameen.com/Property/dha_defence_dha_phase_8_500_yards_brand_new_2_unit_bungalow_semi_furnished-54505127-1485-1.html
Looking For A Prime Location House In Askari 6,PKR 8.5 Crore,85000000,5,5,375 Sq. Yd,3375.0,25185,House,True,19,super hot19VerifiedShare on FacebookShare on TwitterShare on WhatsAppSend via GMailSend via E-Mail,98,Houses_Karachi,2026-07-24,https://www.zameen.com/Property/malir_cantonment_askari_6_looking_for_a_prime_location_house_in_askari_6-54481124-21109-1.html
Brand New House,PKR 24.5 Crore,245000000,6,6,500 Sq. Yd,4500.0,54444,House,True,11,super hot11Share on FacebookShare on TwitterShare on WhatsAppSend via GMailSend via E-Mail,90,Houses_Karachi,2026-07-24,https://www.zameen.com/Property/dha_defence_dha_phase_8_brand_new_house-54376829-1485-1.html
Ready To Buy A Prime Location House In Askari 6 Karachi,PKR 7.5 Crore,75000000,,,270 Sq. Yd,2430.0,30864,House,True,2,super hot2VerifiedShare on FacebookShare on TwitterShare on WhatsAppSend via GMailSend via E-Mail,97,Houses_Karachi,2026-07-24,https://www.zameen.com/Property/malir_cantonment_askari_6_ready_to_buy_a_prime_location_house_in_askari_6_karachi-54481779-21109-1.html
300 Square Yards House In Karachi Is Available For sale,PKR 14 Crore,140000000,5,5,300 Sq. Yd,2700.0,51851,House,True,2,super hot21VerifiedShare on FacebookShare on TwitterShare on WhatsAppSend via GMailSend via E-Mail,98,Houses_Karachi,2026-07-24,https://www.zameen.com/Property/dha_defence_dha_phase_8_300_square_yards_house_in_karachi_is_available_for_sale-54508957-1485-1.html
174 Sq. Yards House for Sale in Zubair Town High Rental Income Investment!,PKR 2.6 Crore,26000000,3,3,170 Sq. Yd,1530.0,16993,House,True,7,super hot7Share on FacebookShare on TwitterShare on WhatsAppSend via GMailSend via E-Mail,89,Houses_Karachi,2026-07-24,https://www.zameen.com/Property/shah_faisal_town_bagh-e-malir_174_sq_yards_house_for_sale_in_zubair_town_high_rental_income_investment-54125711-7307-1.html
A Prime Location 233 Square Yards House In Karachi Is On The Market For Sale,PKR 8.65 Crore,86500000,6,6,233 Sq. Yd,2097.0,41249,House,True,7,super hot71VerifiedShare on FacebookShare on TwitterShare on WhatsAppSend via GMailSend via E-Mail,98,Houses_Karachi,2026-07-24,https://www.zameen.com/Property/north_nazimabad_north_nazimabad_-_block_l_a_prime_location_233_square_yards_house_in_karachi_is_on_the_market_for_sale-53266864-7220-1.html
Brand New Town House Available For Sale At The Top Notch Location Of Pechs Block 2 Karachi,PKR 10.5 Crore,105000000,5,5,200 Sq. Yd,1800.0,58333,House,True,19,super hot19Share on FacebookShare on TwitterShare on WhatsAppSend via GMailSend via E-Mail,90,Houses_Karachi,2026-07-24,https://www.zameen.com/Property/jamshed_town_pechs_brand_new_town_house_available_for_sale_at_the_top_notch_location_of_pechs_block_2_karachi-53377892-403-1.html
Aesthetic Prime Location House Of 300 Square Yards For Sale Is Available,PKR 7.25 Crore,72500000,3,3,300 Sq. Yd,2700.0,26851,House,True,19,super hot19VerifiedShare on FacebookShare on TwitterShare on WhatsAppSend via GMailSend via E-Mail,98,Houses_Karachi,2026-07-24,https://www.zameen.com/Property/gulistan_e_jauhar_gulistan-e-jauhar_-_block_15_aesthetic_prime_location_house_of_300_square_yards_for_sale_is_available-54439417-6839-1.html
New House Available For Sale,PKR 8.25 Crore,82500000,5,6,375 Sq. Yd,3375.0,24444,House,True,16,hot16Share on FacebookShare on TwitterShare on WhatsAppSend via GMailSend via E-Mail,84,Houses_Karachi,2026-07-24,https://www.zameen.com/Property/malir_cantonment_askari_6_new_house_available_for_sale-45138560-21109-1.html
Prominently-Located 375 Square Yards House Available In Askari 6,PKR 8.2 Crore,82000000,5,6,375 Sq. Yd,3375.0,24296,House,True,26,hot26VerifiedShare on FacebookShare on TwitterShare on WhatsAppSend via GMailSend via E-Mail,92,Houses_Karachi,2026-07-24,https://www.zameen.com/Property/malir_cantonment_askari_6_prominently-located_375_square_yards_house_available_in_askari_6-48793750-21109-1.html
Saadi Garden Block 5 Single Story House For Sale,PKR 1.75 Crore,17500000,2,3,120 Sq. Yd,1080.0,16203,House,False,17,hot17Share on FacebookShare on TwitterShare on WhatsAppSend via GMailSend via E-Mail,84,Houses_Karachi,2026-07-24,https://www.zameen.com/Property/saadi_garden_saadi_garden_-_block_5_saadi_garden_block_5_single_story_house_for_sale-53813075-9089-1.html
240 Sq. Yd. Ground+1 House For Sale at Punjabi Saudagaran Society Near By Sumaira Chowk MALA SUPER MARET & ARAMCO PETROL PUMP Sector 25A Scheme 33 Karachi.,PKR 5.25 Crore,52500000,6,7,240 Sq. Yd,2160.0,24305,House,False,11,hot11Share on FacebookShare on TwitterShare on WhatsAppSend via GMailSend via E-Mail,84,Houses_Karachi,2026-07-24,https://www.zameen.com/Property/scheme_33_sector_25_a_sector_25-a_-_punjabi_saudagar_multi_purpose_society_240_sq_yd_ground_1_house_for_sale_at_punjabi_saudagaran_society_near_by_sumaira_chowk_mala_super_maret_aramco_petrol_pump_sector_25a_scheme_33_karachi-54512960-9145-1.html
Leased 120 Sq. Yd. Ground+1st Half House For Sale At Teacher Society Sector 19A Near By Sumaira Chowk & Opp. Halari Memon Society Sector 19 Scheme 33 Karachi.,PKR 1.85 Crore,18500000,3,3,120 Sq. Yd,1080.0,17129,House,False,7,hot7Share on FacebookShare on TwitterShare on WhatsAppSend via GMailSend via E-Mail,83,Houses_Karachi,2026-07-24,https://www.zameen.com/Property/scheme_33_sector_19_a_government_teacher_society_-_sector_19-a_leased_120_sq_yd_ground_1st_half_house_for_sale_at_teacher_society_sector_19a_near_by_sumaira_chowk_opp_halari_memon_society_sector_19_scheme_33_karachi-54512969-9191-1.html
SINGLE WEST OPEN HOUSE RESONABLE PRICE FOR SALE,PKR 95 Lakh,9500000,2,2,80 Sq. Yd,720.0,13194,House,False,9,hot9Share on FacebookShare on TwitterShare on WhatsAppSend via GMailSend via E-Mail,83,Houses_Karachi,2026-07-24,https://www.zameen.com/Property/gulshan_e_maymar_gulshan-e-maymar_-_sector_z_single_west_open_house_resonable_price_for_sale-53485814-6762-1.html
G+1 FLOOR OLD HOUSE BACK OFF BIN HASHIM SUPER MARKET SECTOR Z2,PKR 2.75 Crore,27500000,6,6,240 Sq. Yd,2160.0,12731,House,False,13,hot13Share on FacebookShare on TwitterShare on WhatsAppSend via GMailSend via E-Mail,84,Houses_Karachi,2026-07-24,https://www.zameen.com/Property/gadap_town_gulshan-e-maymar_g_1_floor_old_house_back_off_bin_hashim_super_market_sector_z2-53272373-680-1.html
Ground Plus Two West Open House Near To Masjid School And Market Sector R,PKR 2 Crore,20000000,6,6,120 Sq. Yd,1080.0,18518,House,False,18,18Share on FacebookShare on TwitterShare on WhatsAppSend via GMailSend via E-Mail,81,Houses_Karachi,2026-07-24,https://www.zameen.com/Property/gulshan_e_maymar_gulshan-e-maymar_-_sector_r_ground_plus_two_west_open_house_near_to_masjid_school_and_market_sector_r-50604559-6754-1.html
LEASD HOUSE GROUND +1 SECTOR Y,PKR 2.7 Crore,27000000,6,6,200 Sq. Yd,1800.0,15000,House,False,12,12Share on FacebookShare on TwitterShare on WhatsAppSend via GMailSend via E-Mail,81,Houses_Karachi,2026-07-24,https://www.zameen.com/Property/gadap_town_gulshan-e-maymar_leasd_house_ground_1_sector_y-52460796-680-1.html
Single Storey West Open Z SECTOR NEAR MASJID MARKET SCHOOL PARK RESTAURANT HOSPITAL IS JUST WALKING DISTANCE,PKR 1.5 Crore,15000000,4,3,120 Sq. Yd,1080.0,13888,House,False,7,7Share on FacebookShare on TwitterShare on WhatsAppSend via GMailSend via E-Mail,80,Houses_Karachi,2026-07-24,https://www.zameen.com/Property/gadap_town_gulshan-e-maymar_single_storey_west_open_z_sector_near_masjid_market_school_park_restaurant_hospital_is_just_walking_distance-53787412-680-1.html
PARK FACING SINGLE STOREY SLIGHTLY USE SECTOR X HOUSE FOR SALE,PKR 5 Crore,50000000,3,3,400 Sq. Yd,3600.0,13888,House,False,22,22Share on FacebookShare on TwitterShare on WhatsAppSend via GMailSend via E-Mail,81,Houses_Karachi,2026-07-24,https://www.zameen.com/Property/gadap_town_gulshan-e-maymar_park_facing_single_storey_slightly_use_sector_x_house_for_sale-53807725-680-1.html
CHANCE DEAL SINGLE STOREY SECTOR R NEAR TO PARK FACE Ideal Location Price Slightly Negotiable,PKR 1.35 Crore,13500000,2,2,120 Sq. Yd,1080.0,12500,Unknown,False,28,28Share on FacebookShare on TwitterShare on WhatsAppSend via GMailSend via E-Mail,81,Houses_Karachi,2026-07-24,https://www.zameen.com/Property/gadap_town_gulshan-e-maymar_chance_deal_single_storey_sector_r_near_to_park_face_ideal_location_price_slightly_negotiable-54076671-680-1.html
Leased 120 Sq. Yd. Ground+2 40ft Road House For Sale At Teacher Society Sector 19A Near By Sumaira Chowk & Opp. Halari Memon Society Sector 19 Scheme 33 Karachi.,PKR 3 Crore,30000000,6,7,120 Sq. Yd,1080.0,27777,House,False,8,8Share on FacebookShare on TwitterShare on WhatsAppSend via GMailSend via E-Mail,80,Houses_Karachi,2026-07-24,https://www.zameen.com/Property/scheme_33_scheme_33_-_sector_19-a_leased_120_sq_yd_ground_2_40ft_road_house_for_sale_at_teacher_society_sector_19a_near_by_sumaira_chowk_opp_halari_memon_society_sector_19_scheme_33_karachi-54512971-9304-1.html
Ground Plus two,PKR 1.65 Crore,16500000,6,6,80 Sq. Yd,720.0,22916,Unknown,False,6,6Share on FacebookShare on TwitterShare on WhatsAppSend via GMailSend via E-Mail,80,Houses_Karachi,2026-07-24,https://www.zameen.com/Property/north_karachi_north_karachi_-_sector_5l_ground_plus_two-54512965-19202-1.html
Most Luxury Bungalow,PKR 25 Crore,250000000,6,,500 Sq. Yd,4500.0,55555,House,False,22,22Share on FacebookShare on TwitterShare on WhatsAppSend via GMailSend via E-Mail,81,Houses_Karachi,2026-07-24,https://www.zameen.com/Property/dha_defence_dha_phase_8_most_luxury_bungalow-54377795-1485-1.html
500 Yards Brand New Bungalow Is Available For Sale,PKR 17 Crore,170000000,6,6,500 Sq. Yd,4500.0,37777,House,True,14,super hot14Share on FacebookShare on TwitterShare on WhatsAppSend via GMailSend via E-Mail,90,Houses_Karachi,2026-07-24,https://www.zameen.com/Property/dha_defence_dha_phase_7_500_yards_brand_new_bungalow_is_available_for_sale-54159362-1484-1.html
Townhouse For Sale,PKR 11 Crore,110000000,5,6,250 Sq. Yd,2250.0,48888,House,True,23,super hot23Share on FacebookShare on TwitterShare on WhatsAppSend via GMailSend via E-Mail,90,Houses_Karachi,2026-07-24,https://www.zameen.com/Property/gulshan_e_iqbal_town_bahadurabad_townhouse_for_sale-54495011-524-1.html
1085 Sq. Yards Luxury Mediterranean Spanish Villa for Sale DHA Phase 6.,PKR 45 Crore,450000000,6,7,"1,085 Sq. Yd",9765.0,46082,House,True,12,super hot12Share on FacebookShare on TwitterShare on WhatsAppSend via GMailSend via E-Mail,90,Houses_Karachi,2026-07-24,https://www.zameen.com/Property/dha_defence_dha_phase_6_1085_sq_yards_luxury_mediterranean_spanish_villa_for_sale_dha_phase_6-54408037-1483-1.html
500 yards well maintained bungalow,PKR 12.5 Crore,125000000,5,6,500 Sq. Yd,4500.0,27777,House,True,21,super hot21Share on FacebookShare on TwitterShare on WhatsAppSend via GMailSend via E-Mail,90,Houses_Karachi,2026-07-24,https://www.zameen.com/Property/dha_defence_dha_phase_6_500_yards_well_maintained_bungalow-54500471-1483-1.html
Ready To Move 272sq Yd 4 & 5 Bedroom DDL Luxury Villa FOR SALE.,PKR 3.2 Crore,32000000,3,5,273 Sq. Yd,2457.0,13024,House,True,14,super hot141Share on FacebookShare on TwitterShare on WhatsAppSend via GMailSend via E-Mail,91,Houses_Karachi,2026-07-24,https://www.zameen.com/Property/bahria_town_karachi_bahria_town_-_precinct_8_ready_to_move_272sq_yd_4_5_bedroom_ddl_luxury_villa_for_sale-54333521-10016-1.html
425 Sq. Yd Ground Plus One Luxurious Bunglow For Sale In Gulistan-E-Jauhar Block 14,PKR 11.5 Crore,115000000,6,7,425 Sq. Yd,3825.0,30065,Unknown,True,41,super hot41Share on FacebookShare on TwitterShare on WhatsAppSend via GMailSend via E-Mail,90,Houses_Karachi,2026-07-24,https://www.zameen.com/Property/karachi_gulistan-e-jauhar_425_sq_yd_ground_plus_one_luxurious_bunglow_for_sale_in_gulistan-e-jauhar_block_14-54507787-232-1.html
Brand New House Available For Sale,PKR 16 Crore,160000000,6,7,250 Sq. Yd,2250.0,71111,House,True,20,super hot20Share on FacebookShare on TwitterShare on WhatsAppSend via GMailSend via E-Mail,90,Houses_Karachi,2026-07-24,https://www.zameen.com/Property/gulshan_e_iqbal_town_dawood_society_brand_new_house_available_for_sale-54334701-6903-1.html
House For Sale In KDA Scheme 1,PKR 20 Crore,200000000,6,7,500 Sq. Yd,4500.0,44444,House,True,12,super hot12Share on FacebookShare on TwitterShare on WhatsAppSend via GMailSend via E-Mail,90,Houses_Karachi,2026-07-24,https://www.zameen.com/Property/karachi_kda_scheme_1_house_for_sale_in_kda_scheme_1-54334692-8292-1.html
Prime Location Askari 5 - Sector J House Sized 375 Square Yards Is Available,PKR 10 Crore,100000000,5,6,375 Sq. Yd,3375.0,29629,House,True,27,super hot271VerifiedShare on FacebookShare on TwitterShare on WhatsAppSend via GMailSend via E-Mail,99,Houses_Karachi,2026-07-24,https://www.zameen.com/Property/askari_5_askari_5_-_sector_j_prime_location_askari_5_-_sector_j_house_sized_375_square_yards_is_available-54415610-17289-1.html
Beautiful Luxury Brand New Bungalow,PKR 70 Crore,700000000,7,,"1,000 Sq. Yd",9000.0,77777,House,True,16,super hot16Share on FacebookShare on TwitterShare on WhatsAppSend via GMailSend via E-Mail,90,Houses_Karachi,2026-07-24,https://www.zameen.com/Property/dha_defence_dha_phase_8_beautiful_luxury_brand_new_bungalow-54506444-1485-1.html
Buy Your Ideal 375 Square Yards House In A Prime Location Of Karachi,PKR 8.1 Crore,81000000,5,6,375 Sq. Yd,3375.0,24000,House,True,17,hot17Share on FacebookShare on TwitterShare on WhatsAppSend via GMailSend via E-Mail,84,Houses_Karachi,2026-07-24,https://www.zameen.com/Property/malir_cantonment_askari_6_buy_your_ideal_375_square_yards_house_in_a_prime_location_of_karachi-48793752-21109-1.html
Brand New House For Sale,PKR 7.95 Crore,79500000,5,6,375 Sq. Yd,3375.0,23555,House,True,28,hot281Share on FacebookShare on TwitterShare on WhatsAppSend via GMailSend via E-Mail,85,Houses_Karachi,2026-07-24,https://www.zameen.com/Property/malir_cantonment_askari_6_brand_new_house_for_sale-48845733-21109-1.html
CORNER Park Face SINGLE STOREY HOUSE SECTOR X NEAR TAWWABEN MASJID Whear A Market School Masjid Park At Walking Distance,PKR 2.3 Crore,23000000,3,3,200 Sq. Yd,1800.0,12777,House,False,17,hot17Share on FacebookShare on TwitterShare on WhatsAppSend via GMailSend via E-Mail,84,Houses_Karachi,2026-07-24,https://www.zameen.com/Property/gadap_town_gulshan-e-maymar_corner_park_face_single_storey_house_sector_x_near_tawwaben_masjid_whear_a_market_school_masjid_park_at_walking_distance-53543274-680-1.html
RESONABLE PRICE SECTOR Z NEAR PARK MASJID MARKET SCHOOL HOSPITAL AT FEW STEPS SINGLE,PKR 1.95 Crore,19500000,4,4,200 Sq. Yd,1800.0,10833,Unknown,False,22,hot22Share on FacebookShare on TwitterShare on WhatsAppSend via GMailSend via E-Mail,84,Houses_Karachi,2026-07-24,https://www.zameen.com/Property/gadap_town_gulshan-e-maymar_resonable_price_sector_z_near_park_masjid_market_school_hospital_at_few_steps_single-54110948-680-1.html
"Main Khayaban E Roomi House For Sale 9,000 Square Feet Covered Area",PKR 29 Crore,290000000,7,,500 Sq. Yd,4500.0,64444,House,False,15,hot15Share on FacebookShare on TwitterShare on WhatsAppSend via GMailSend via E-Mail,84,Houses_Karachi,2026-07-24,https://www.zameen.com/Property/dha_defence_dha_phase_8_main_khayaban_e_roomi_house_for_sale_9_000_square_feet_covered_area-54196275-1485-1.html
Fully Renovated Bungalow For Sale With Dual Entrance,PKR 15 Crore,150000000,5,5,500 Sq. Yd,4500.0,33333,House,False,16,hot16Share on FacebookShare on TwitterShare on WhatsAppSend via GMailSend via E-Mail,84,Houses_Karachi,2026-07-24,https://www.zameen.com/Property/dha_defence_dha_phase_5_fully_renovated_bungalow_for_sale_with_dual_entrance-54427220-1482-1.html
House For Sale Ground +2 For Sale In Kda Society,PKR 6.1 Crore,61000000,9,7,280 Sq. Yd,2520.0,24206,House,False,5,hot5Share on FacebookShare on TwitterShare on WhatsAppSend via GMailSend via E-Mail,83,Houses_Karachi,2026-07-24,https://www.zameen.com/Property/scheme_33_sector_15_a_kda_employees_cooperative_housing_society_house_for_sale_ground_2_for_sale_in_kda_society-54305244-9077-1.html
Premium 666 Sq. Yards Semi-Furnished Luxury Bungalow for Sale in DHA Phase 8 Karachi,PKR 32 Crore,320000000,6,6,666 Sq. Yd,5994.0,53386,House,True,10,10Share on FacebookShare on TwitterShare on WhatsAppSend via GMailSend via E-Mail,81,Houses_Karachi,2026-07-24,https://www.zameen.com/Property/dha_defence_dha_phase_8_premium_666_sq_yards_semi-furnished_luxury_bungalow_for_sale_in_dha_phase_8_karachi-54512959-1485-1.html
120 Sq. Yd. Ground+1 House For Sale at Zeenatabad Society Near By Sumaira Chowk MALA SUPER MARET & ARAMCO PETROL PUMP Sector 19A Scheme 33 Karachi.,PKR 2.9 Crore,29000000,4,4,120 Sq. Yd,1080.0,26851,House,False,17,17Share on FacebookShare on TwitterShare on WhatsAppSend via GMailSend via E-Mail,81,Houses_Karachi,2026-07-24,https://www.zameen.com/Property/scheme_33_zeenatabad_120_sq_yd_ground_1_house_for_sale_at_zeenatabad_society_near_by_sumaira_chowk_mala_super_maret_aramco_petrol_pump_sector_19a_scheme_33_karachi-54512957-9195-1.html
Prime Location 240 Square Yards House For sale Is Available In Gulistan-e-Jauhar - Block 3,PKR 7 Crore,70000000,,,240 Sq. Yd,2160.0,32407,House,False,19,191VerifiedShare on FacebookShare on TwitterShare on WhatsAppSend via GMailSend via E-Mail,90,Houses_Karachi,2026-07-24,https://www.zameen.com/Property/gulistan_e_jauhar_gulistan-e-jauhar_-_block_3_prime_location_240_square_yards_house_for_sale_is_available_in_gulistan-e-jauhar_-_block_3-54140567-6826-1.html
"Premium Independent House for Sale Gulshan-e-Iqbal Block 7, Karachi A rare opportunity to own a 500 Sq. Yards",PKR 20 Crore,200000000,8,7,500 Sq. Yd,4500.0,44444,House,True,9,9Share on FacebookShare on TwitterShare on WhatsAppSend via GMailSend via E-Mail,80,Houses_Karachi,2026-07-24,https://www.zameen.com/Property/gulshan_e_iqbal_gulshan-e-iqbal_-_block_7_premium_independent_house_for_sale_gulshan-e-iqbal_block_7_karachi_a_rare_opportunity_to_own_a_500_sq_yards-54512914-6868-1.html
120 Sq Yrd Lease West open Corner AF Garden House For Sale Prime Corner Location Spacious & Beautiful House,PKR 2.25 Crore,22500000,5,6,13 Sq. Yd,117.0,192307,House,False,16,16Share on FacebookShare on TwitterShare on WhatsAppSend via GMailSend via E-Mail,81,Houses_Karachi,2026-07-24,https://www.zameen.com/Property/scheme_33_sector_24_a_af_garden_120_sq_yrd_lease_west_open_corner_af_garden_house_for_sale_prime_corner_location_spacious_beautiful_house-54512875-15066-1.html
Fully Furnished Quaid Villa (200 Sq Yds) For Sale 190 Series Direct Party Meeting,PKR 2.65 Crore,26500000,3,3,200 Sq. Yd,1800.0,14722,House,False,11,11Share on FacebookShare on TwitterShare on WhatsAppSend via GMailSend via E-Mail,81,Houses_Karachi,2026-07-24,https://www.zameen.com/Property/bahria_town_precinct_2_bahria_town_-_quaid_villas_fully_furnished_quaid_villa_200_sq_yds_for_sale_190_series_direct_party_meeting-54357720-10011-1.html
500 Square Yards Bungalow For Sale | Khayaban-E-Nishat | 3 Side Corner,PKR 13 Crore,130000000,4,4,500 Sq. Yd,4500.0,28888,House,False,,Share on FacebookShare on TwitterShare on WhatsAppSend via GMailSend via E-Mail,79,Houses_Karachi,2026-07-24,https://www.zameen.com/Property/dha_defence_dha_phase_6_500_square_yards_bungalow_for_sale_khayaban-e-nishat_3_side_corner-54512748-1483-1.html
Buy A Centrally Located East Open 120 Square Yards House In Naya Nazimabad - Block A,PKR 4.3 Crore,43000000,4,4,120 Sq. Yd,1080.0,39814,House,False,16,161VerifiedShare on FacebookShare on TwitterShare on WhatsAppSend via GMailSend via E-Mail,90,Houses_Karachi,2026-07-24,https://www.zameen.com/Property/naya_nazimabad_naya_nazimabad_-_block_a_buy_a_centrally_located_east_open_120_square_yards_house_in_naya_nazimabad_-_block_a-53511646-14291-1.html
"200sq yd Villa For Sale Precinct-10A near MOSQUE, Bahria Town Karachi. One Unit | 3 Bedrooms | Drawing, Dining, Closed Italian Kitchen & TV Lounge. All Amenities Nearby Including Parks, Mosques & Shop",PKR 1.95 Crore,19500000,1,3,200 Sq. Yd,1800.0,10833,House,True,18,super hot18Share on FacebookShare on TwitterShare on WhatsAppSend via GMailSend via E-Mail,90,Houses_Karachi,2026-07-24,https://www.zameen.com/Property/bahria_town_karachi_bahria_town_-_precinct_10-a_200sq_yd_villa_for_sale_precinct-10a_near_mosque_bahria_town_karachi_one_unit_3_bedrooms_drawing_dining_closed_italian_kitchen_tv_lounge_all_amenities_nearby_including_parks_mosques_shopping_gallery_just_8_min_drive_from_main_gate-54208397-18125-1.html
"152 Sq Yd Corner Iqbal Villa nearGALLERY, Precinct-2 Surrounded by Park, Mosque, Sports Complex & Shopping Gallery. Ideal for Living or Rental Investment. Call Now!",PKR 1.85 Crore,18500000,3,3,152 Sq. Yd,1368.0,13523,House,True,19,super hot19Share on FacebookShare on TwitterShare on WhatsAppSend via GMailSend via E-Mail,90,Houses_Karachi,2026-07-24,https://www.zameen.com/Property/bahria_town_precinct_2_bahria_homes_-_iqbal_villas_152_sq_yd_corner_iqbal_villa_neargallery_precinct-2_surrounded_by_park_mosque_sports_complex_shopping_gallery_ideal_for_living_or_rental_investment_call_now-54501772-9031-1.html
Bahria Town Karachi 5-Bed Luxury Designer Villa for Sale in Precinct-1 Overseas Block Near Main Entrance of Bahria Town Karachi!,PKR 3.85 Crore,38500000,3,5,272 Sq. Yd,2448.0,15727,House,True,45,super hot45Share on FacebookShare on TwitterShare on WhatsAppSend via GMailSend via E-Mail,90,Houses_Karachi,2026-07-24,https://www.zameen.com/Property/bahria_town_karachi_bahria_town_-_precinct_1_bahria_town_karachi_5-bed_luxury_designer_villa_for_sale_in_precinct-1_overseas_block_near_main_entrance_of_bahria_town_karachi-54501393-10007-1.html
500 Square Yards House In Bahria Hills,PKR 6.35 Crore,63500000,5,5,500 Sq. Yd,4500.0,14111,House,True,12,super hot121VerifiedShare on FacebookShare on TwitterShare on WhatsAppSend via GMailSend via E-Mail,99,Houses_Karachi,2026-07-24,https://www.zameen.com/Property/bahria_town_karachi_bahria_hills_500_square_yards_house_in_bahria_hills-52914760-13173-1.html
235 Square Yards House In Only Rs. 12900000,PKR 1.55 Crore,15500000,3,3,235 Sq. Yd,2115.0,7328,House,True,40,super hot401VerifiedShare on FacebookShare on TwitterShare on WhatsAppSend via GMailSend via E-Mail,99,Houses_Karachi,2026-07-24,https://www.zameen.com/Property/bahria_town_karachi_bahria_town_-_precinct_31_235_square_yards_house_in_only_rs_12900000-52914755-10045-1.html
Brand New 240 Sq Yrd G+1 House Gwalior Society Scheme 33,PKR 5.35 Crore,53500000,6,7,240 Sq. Yd,2160.0,24768,House,True,12,super hot12Share on FacebookShare on TwitterShare on WhatsAppSend via GMailSend via E-Mail,90,Houses_Karachi,2026-07-24,https://www.zameen.com/Property/scheme_33_gwalior_cooperative_housing_society_brand_new_240_sq_yrd_g_1_house_gwalior_society_scheme_33-54331928-9074-1.html
"Brand New 9 Marla Villa For Sale Bahria Town Karachi, Precinct 27",PKR 1.75 Crore,17500000,3,4,225 Sq. Yd,2025.0,8641,House,True,13,super hot131Share on FacebookShare on TwitterShare on WhatsAppSend via GMailSend via E-Mail,91,Houses_Karachi,2026-07-24,https://www.zameen.com/Property/bahria_town_karachi_bahria_town_-_precinct_27_brand_new_9_marla_villa_for_sale_bahria_town_karachi_precinct_27-54476257-10040-1.html
1000 Yards Brand New Khayaban E Qasim Designer Furniture Italian Kitchen With Italian Appliances Spanish Tiles And Intricate Marbles 2 Servent Quarters Swimming Pools And Also Lift.,PKR 52 Crore,520000000,6,6,"1,000 Sq. Yd",9000.0,57777,Unknown,True,24,super hot24Share on FacebookShare on TwitterShare on WhatsAppSend via GMailSend via E-Mail,90,Houses_Karachi,2026-07-24,https://www.zameen.com/Property/dha_defence_dha_phase_8_1000_yards_brand_new_khayaban_e_qasim_designer_furniture_italian_kitchen_with_italian_appliances_spanish_tiles_and_intricate_marbles_2_servent_quarters_swimming_pools_and_also_lift-54506244-1485-1.html
Own A House In 240 Square Yards Nazimabad,PKR 6.95 Crore,69500000,6,6,400 Sq. Yd,3600.0,19305,House,True,11,super hot11VerifiedShare on FacebookShare on TwitterShare on WhatsAppSend via GMailSend via E-Mail,98,Houses_Karachi,2026-07-24,https://www.zameen.com/Property/karachi_north_nazimabad_own_a_house_in_240_square_yards_nazimabad-54401246-11-1.html
ground plus 2 brand new available for sale on bank loan / staff loan,PKR 3 Crore,30000000,6,6,120 Sq. Yd,1080.0,27777,Unknown,True,17,super hot17Share on FacebookShare on TwitterShare on WhatsAppSend via GMailSend via E-Mail,90,Houses_Karachi,2026-07-24,https://www.zameen.com/Property/saadi_garden_saadi_garden_-_block_1_ground_plus_2_brand_new_available_for_sale_on_bank_loan_staff_loan-54505802-14103-1.html
Brand New House For Sale,PKR 7.95 Crore,79500000,5,6,375 Sq. Yd,3375.0,23555,House,True,11,hot11Share on FacebookShare on TwitterShare on WhatsAppSend via GMailSend via E-Mail,84,Houses_Karachi,2026-07-24,https://www.zameen.com/Property/malir_cantonment_askari_6_brand_new_house_for_sale-48845954-21109-1.html
Brand New Houses For Sale Purpose,PKR 6.8 Crore,68000000,4,5,300 Sq. Yd,2700.0,25185,House,True,22,hot221VerifiedShare on FacebookShare on TwitterShare on WhatsAppSend via GMailSend via E-Mail,93,Houses_Karachi,2026-07-24,https://www.zameen.com/Property/malir_cantonment_askari_6_brand_new_houses_for_sale_purpose-46178723-21109-1.html
House 500 Square Yards For Sale In DHA Phase 8,PKR 26 Crore,260000000,6,6,500 Sq. Yd,4500.0,57777,House,False,15,hot15Share on FacebookShare on TwitterShare on WhatsAppSend via GMailSend via E-Mail,84,Houses_Karachi,2026-07-24,https://www.zameen.com/Property/dha_defence_dha_phase_7_house_500_square_yards_for_sale_in_dha_phase_8-54437655-1484-1.html
"""LongLife"" Society House For Sale 240 Sqyds Gulistan e Johar block 17",PKR 5.6 Crore,56000000,5,6,240 Sq. Yd,2160.0,25925,House,False,22,hot22Share on FacebookShare on TwitterShare on WhatsAppSend via GMailSend via E-Mail,84,Houses_Karachi,2026-07-24,https://www.zameen.com/Property/gulistan_e_jauhar_gulistan-e-jauhar_-_block_17_longlife_society_house_for_sale_240_sqyds_gulistan_e_johar_block_17-48700723-6841-1.html
200 Sq Yard Ammar Villas House For Sale In Gulistan E Jauhar Block 2,PKR 4.2 Crore,42000000,4,4,200 Sq. Yd,1800.0,23333,House,False,8,hot8Share on FacebookShare on TwitterShare on WhatsAppSend via GMailSend via E-Mail,83,Houses_Karachi,2026-07-24,https://www.zameen.com/Property/karachi_gulistan-e-jauhar_200_sq_yard_ammar_villas_house_for_sale_in_gulistan_e_jauhar_block_2-54154131-232-1.html
Sadat E Amroha Coo Housing Society,PKR 3.6 Crore,36000000,6,6,240 Sq. Yd,2160.0,16666,Unknown,False,15,hot15Share on FacebookShare on TwitterShare on WhatsAppSend via GMailSend via E-Mail,84,Houses_Karachi,2026-07-24,https://www.zameen.com/Property/scheme_33_sadat-e-amroha_coop_housing_society_sadat_e_amroha_coo_housing_society-54437201-6854-1.html
500 Yards Bungalow For Sale in phase 6,PKR 12.5 Crore,125000000,5,6,500 Sq. Yd,4500.0,27777,House,False,11,hot11Share on FacebookShare on TwitterShare on WhatsAppSend via GMailSend via E-Mail,84,Houses_Karachi,2026-07-24,https://www.zameen.com/Property/dha_defence_dha_phase_6_500_yards_bungalow_for_sale_in_phase_6-53760524-1483-1.html
300 yards bungalow for sale,PKR 11 Crore,110000000,5,6,300 Sq. Yd,2700.0,40740,House,True,20,20Share on FacebookShare on TwitterShare on WhatsAppSend via GMailSend via E-Mail,81,Houses_Karachi,2026-07-24,https://www.zameen.com/Property/dha_defence_dha_phase_4_300_yards_bungalow_for_sale-54512634-1481-1.html
300 SQ YARDS GROUND +ONE HOUSE FOR SALE,PKR 7.4 Crore,74000000,6,6,300 Sq. Yd,2700.0,27407,House,False,19,19Share on FacebookShare on TwitterShare on WhatsAppSend via GMailSend via E-Mail,81,Houses_Karachi,2026-07-24,https://www.zameen.com/Property/gulistan_e_jauhar_gulistan-e-jauhar_-_block_15_300_sq_yards_ground_one_house_for_sale-53772215-6839-1.html
BRAND NEW LEASE 240 SQ YARDS G+1 HOUSE FOR SALE,PKR 6 Crore,60000000,6,6,240 Sq. Yd,2160.0,27777,House,False,30,30Share on FacebookShare on TwitterShare on WhatsAppSend via GMailSend via E-Mail,81,Houses_Karachi,2026-07-24,https://www.zameen.com/Property/gulistan_e_jauhar_gulistan-e-jauhar_-_block_7_brand_new_lease_240_sq_yards_g_1_house_for_sale-54257673-6831-1.html
240 SQ YARDS G+2 FULLY RENOVATED HOUSE FOR SALE,PKR 7.5 Crore,75000000,7,6,240 Sq. Yd,2160.0,34722,House,False,15,15Share on FacebookShare on TwitterShare on WhatsAppSend via GMailSend via E-Mail,81,Houses_Karachi,2026-07-24,https://www.zameen.com/Property/gulshan_e_iqbal_gulshan-e-iqbal_-_block_2_240_sq_yards_g_2_fully_renovated_house_for_sale-54340957-6862-1.html
600 SQ YARDS SINGLE STORY HOUSE FOR SALE,PKR 9.5 Crore,95000000,3,4,600 Sq. Yd,5400.0,17592,House,False,30,30Share on FacebookShare on TwitterShare on WhatsAppSend via GMailSend via E-Mail,81,Houses_Karachi,2026-07-24,https://www.zameen.com/Property/karachi_gulistan-e-jauhar_600_sq_yards_single_story_house_for_sale-54411041-232-1.html
400 Square Yards Double Storey House For Sale Block 3a Gulistan-e-Jauhar,PKR 8.5 Crore,85000000,6,6,400 Sq. Yd,3600.0,23611,House,False,24,24Share on FacebookShare on TwitterShare on WhatsAppSend via GMailSend via E-Mail,81,Houses_Karachi,2026-07-24,https://www.zameen.com/Property/gulistan_e_jauhar_gulistan-e-jauhar_-_block_3-a_400_square_yards_double_storey_house_for_sale_block_3a_gulistan-e-jauhar-53784072-6827-1.html
Prime Location In Gulistan-e-Jauhar - Block 14 House Sized 450 Square Yards For sale,PKR 11 Crore,110000000,6,6,450 Sq. Yd,4050.0,27160,House,False,25,251VerifiedShare on FacebookShare on TwitterShare on WhatsAppSend via GMailSend via E-Mail,90,Houses_Karachi,2026-07-24,https://www.zameen.com/Property/gulistan_e_jauhar_gulistan-e-jauhar_-_block_14_prime_location_in_gulistan-e-jauhar_-_block_14_house_sized_450_square_yards_for_sale-54247975-6838-1.html
400 Square Yards Owner Built House For Sale Block 3a Gulistan-E-Jauhar,PKR 8.5 Crore,85000000,8,6,400 Sq. Yd,3600.0,23611,House,False,31,31Share on FacebookShare on TwitterShare on WhatsAppSend via GMailSend via E-Mail,81,Houses_Karachi,2026-07-24,https://www.zameen.com/Property/gulistan_e_jauhar_gulistan-e-jauhar_-_block_3-a_400_square_yards_owner_built_house_for_sale_block_3a_gulistan-e-jauhar-54381928-6827-1.html
500 Yards Bahria Hills Villa With Full Basement 6 Bed DD A+ Solid Construction With Cinema Room Grand Mosque View For Sale in Bahria Town Karachi,PKR 8 Crore,80000000,8,6,500 Sq. Yd,4500.0,17777,House,True,23,super hot23Share on FacebookShare on TwitterShare on WhatsAppSend via GMailSend via E-Mail,90,Houses_Karachi,2026-07-24,https://www.zameen.com/Property/bahria_town_karachi_bahria_hills_500_yards_bahria_hills_villa_with_full_basement_6_bed_dd_a_solid_construction_with_cinema_room_grand_mosque_view_for_sale_in_bahria_town_karachi-53126049-13173-1.html
666 Square Yards Brand New Bungalow For Sale DHA Phase 8 Karachi,PKR 40 Crore,400000000,4,5,666 Sq. Yd,5994.0,66733,House,True,46,super hot46Share on FacebookShare on TwitterShare on WhatsAppSend via GMailSend via E-Mail,90,Houses_Karachi,2026-07-24,https://www.zameen.com/Property/dha_defence_dha_phase_8_666_square_yards_brand_new_bungalow_for_sale_dha_phase_8_karachi-54500693-1485-1.html
"500 Sq. Yards Brand New House for Sale Streets of Faisal, DHA Phase 8, Karachi",PKR 32 Crore,320000000,5,6,500 Sq. Yd,4500.0,71111,House,True,9,super hot9Share on FacebookShare on TwitterShare on WhatsAppSend via GMailSend via E-Mail,89,Houses_Karachi,2026-07-24,https://www.zameen.com/Property/dha_defence_dha_phase_8_500_sq_yards_brand_new_house_for_sale_streets_of_faisal_dha_phase_8_karachi-54500652-1485-1.html
500 Square Yards Gray Structure Villa Available For Sale In Precinct 04 BAHRIA TOWN KARACHI,PKR 2.9 Crore,29000000,5,5,500 Sq. Yd,4500.0,6444,House,True,17,super hot17Share on FacebookShare on TwitterShare on WhatsAppSend via GMailSend via E-Mail,90,Houses_Karachi,2026-07-24,https://www.zameen.com/Property/bahria_town_karachi_bahria_town_-_precinct_4_500_square_yards_gray_structure_villa_available_for_sale_in_precinct_04_bahria_town_karachi-54133048-10013-1.html
Well-Maintained Home For Sale In DHA Phase 4 Most Prime Location!,PKR 12.5 Crore,125000000,4,4,300 Sq. Yd,2700.0,46296,Unknown,True,7,super hot7Share on FacebookShare on TwitterShare on WhatsAppSend via GMailSend via E-Mail,89,Houses_Karachi,2026-07-24,https://www.zameen.com/Property/dha_defence_dha_phase_4_well-maintained_home_for_sale_in_dha_phase_4_most_prime_location-52735935-1481-1.html
"500 Sq. Yards Luxury Villa for Sale in Bahria Hills, Precinct 9 | 6 Bed | Street 6 | Demand PKR 7 Crore",PKR 7 Crore,70000000,7,6,500 Sq. Yd,4500.0,15555,House,True,15,super hot15Share on FacebookShare on TwitterShare on WhatsAppSend via GMailSend via E-Mail,90,Houses_Karachi,2026-07-24,https://www.zameen.com/Property/bahria_town_karachi_bahria_hills_500_sq_yards_luxury_villa_for_sale_in_bahria_hills_precinct_9_6_bed_street_6_demand_pkr_7_crore-54505209-13173-1.html
SAADI GARDEN LEASE HOUSE BANK LOAN BUNGALOW FOR SALE IN SCHEME 33 KARACHI,PKR 1.85 Crore,18500000,3,4,120 Sq. Yd,1080.0,17129,House,True,17,super hot17Share on FacebookShare on TwitterShare on WhatsAppSend via GMailSend via E-Mail,90,Houses_Karachi,2026-07-24,https://www.zameen.com/Property/saadi_garden_saadi_garden_-_block_5_saadi_garden_lease_house_bank_loan_bungalow_for_sale_in_scheme_33_karachi-54297533-9089-1.html
300 Sq. Yd Owner Build-Up Ground Plus One Bungalow For Sale In Gulistan-E-Jauhar Block 14,PKR 6.75 Crore,67500000,4,4,300 Sq. Yd,2700.0,25000,House,True,30,super hot30Share on FacebookShare on TwitterShare on WhatsAppSend via GMailSend via E-Mail,90,Houses_Karachi,2026-07-24,https://www.zameen.com/Property/karachi_gulistan-e-jauhar_300_sq_yd_owner_build-up_ground_plus_one_bungalow_for_sale_in_gulistan-e-jauhar_block_14-54436247-232-1.html
240 Sq. Yd Bungalow For Sale In Gulistan-E-Jauhar (VIP Block ),PKR 6.4 Crore,64000000,6,6,240 Sq. Yd,2160.0,29629,House,True,11,super hot11Share on FacebookShare on TwitterShare on WhatsAppSend via GMailSend via E-Mail,90,Houses_Karachi,2026-07-24,https://www.zameen.com/Property/karachi_gulistan-e-jauhar_240_sq_yd_bungalow_for_sale_in_gulistan-e-jauhar_vip_block-54396255-232-1.html
240 Sq. Yd G+1 Bungalow For Sale In Gulistan-E-Jauhar block 15 Mein 100FIT Road,PKR 7.75 Crore,77500000,6,7,240 Sq. Yd,2160.0,35879,House,True,7,super hot7Share on FacebookShare on TwitterShare on WhatsAppSend via GMailSend via E-Mail,89,Houses_Karachi,2026-07-24,https://www.zameen.com/Property/karachi_gulistan-e-jauhar_240_sq_yd_g_1_bungalow_for_sale_in_gulistan-e-jauhar_block_15_mein_100fit_road-54386712-232-1.html
BRAND NEW HOUSE FOR SALE PURPOSE,PKR 8.25 Crore,82500000,5,6,375 Sq. Yd,3375.0,24444,House,True,9,hot9Share on FacebookShare on TwitterShare on WhatsAppSend via GMailSend via E-Mail,83,Houses_Karachi,2026-07-24,https://www.zameen.com/Property/malir_cantonment_askari_6_brand_new_house_for_sale_purpose-48160207-21109-1.html
Brand New Bungalow For Sale In DHA Phase 8 Staff Lanes,PKR 8.5 Crore,85000000,3,4,100 Sq. Yd,900.0,94444,House,True,10,hot10Share on FacebookShare on TwitterShare on WhatsAppSend via GMailSend via E-Mail,84,Houses_Karachi,2026-07-24,https://www.zameen.com/Property/dha_phase_8_dha_phase_8_-_zone_b_brand_new_bungalow_for_sale_in_dha_phase_8_staff_lanes-54291360-6678-1.html
Vip House For Sale 240 Yards In Gulistan E Jauhar Block 15,PKR 6.1 Crore,61000000,6,6,240 Sq. Yd,2160.0,28240,House,False,27,hot27Share on FacebookShare on TwitterShare on WhatsAppSend via GMailSend via E-Mail,84,Houses_Karachi,2026-07-24,https://www.zameen.com/Property/karachi_gulistan-e-jauhar_vip_house_for_sale_240_yards_in_gulistan_e_jauhar_block_15-54076919-232-1.html
"Exquisite Brand New 350 Sq Yards House for Sale in AFOHS Falcon Complex, New Malir",PKR 8.5 Crore,85000000,4,5,350 Sq. Yd,3150.0,26984,House,False,17,hot17Share on FacebookShare on TwitterShare on WhatsAppSend via GMailSend via E-Mail,84,Houses_Karachi,2026-07-24,https://www.zameen.com/Property/malir_falcon_complex_new_malir_exquisite_brand_new_350_sq_yards_house_for_sale_in_afohs_falcon_complex_new_malir-53725050-9582-1.html
HOUSE FOR SALE 120 SQYDS CRYSTAL HOMES BLOCK 19 GULISTAN E JAUHER,PKR 2.6 Crore,26000000,3,3,120 Sq. Yd,1080.0,24074,House,False,5,hot5Share on FacebookShare on TwitterShare on WhatsAppSend via GMailSend via E-Mail,83,Houses_Karachi,2026-07-24,https://www.zameen.com/Property/karachi_gulistan-e-jauhar_house_for_sale_120_sqyds_crystal_homes_block_19_gulistan_e_jauher-54499053-232-1.html
"Magnificent Brand New 500 Sq Yards House For Sale In AFOHS Falcon Complex, New Malir",PKR 12.5 Crore,125000000,5,6,500 Sq. Yd,4500.0,27777,House,False,17,hot17Share on FacebookShare on TwitterShare on WhatsAppSend via GMailSend via E-Mail,84,Houses_Karachi,2026-07-24,https://www.zameen.com/Property/malir_falcon_complex_new_malir_magnificent_brand_new_500_sq_yards_house_for_sale_in_afohs_falcon_complex_new_malir-53712867-9582-1.html
BRAND NEW HOUSE FOR SALE SAADI GARDAN BLOCK 1  G+1 WEST OPEN CORNAR   40 FIT ROAD,PKR 2.9 Crore,29000000,4,6,120 Sq. Yd,1080.0,26851,House,False,15,hot15Share on FacebookShare on TwitterShare on WhatsAppSend via GMailSend via E-Mail,84,Houses_Karachi,2026-07-24,https://www.zameen.com/Property/saadi_garden_saadi_garden_-_block_1_brand_new_house_for_sale_saadi_gardan_block_1_g_1_west_open_cornar_40_fit_road-54273616-14103-1.html
240 Sq Yards G+1 House Corner 60 Yards Extra Land West Open For Sale,PKR 5.25 Crore,52500000,5,5,240 Sq. Yd,2160.0,24305,House,False,20,20Share on FacebookShare on TwitterShare on WhatsAppSend via GMailSend via E-Mail,81,Houses_Karachi,2026-07-24,https://www.zameen.com/Property/north_karachi_north_karachi_-_sector_11a_240_sq_yards_g_1_house_corner_60_yards_extra_land_west_open_for_sale-53282819-7184-1.html
240 Yards Bungalow Old Condition Banglow In Gulistan E Jauhar 15,PKR 5.35 Crore,53500000,6,7,240 Sq. Yd,2160.0,24768,House,False,6,6Share on FacebookShare on TwitterShare on WhatsAppSend via GMailSend via E-Mail,80,Houses_Karachi,2026-07-24,https://www.zameen.com/Property/gulistan_e_jauhar_gulistan-e-jauhar_-_block_15_240_yards_bungalow_old_condition_banglow_in_gulistan_e_jauhar_15-54311542-6839-1.html
3 Bed Dd Apartment Available For Sale In Kings Tower Gulistan E Jauhar Block 15,PKR 3.2 Crore,32000000,3,3,183 Sq. Yd,1647.0,19429,Flat,False,8,8Share on FacebookShare on TwitterShare on WhatsAppSend via GMailSend via E-Mail,80,Houses_Karachi,2026-07-24,https://www.zameen.com/Property/karachi_gulistan-e-jauhar_3_bed_dd_apartment_available_for_sale_in_kings_tower_gulistan_e_jauhar_block_15-54456094-232-1.html
80 Yards Ground Plus 2 House,PKR 2.1 Crore,21000000,3,6,80 Sq. Yd,720.0,29166,House,False,6,6Share on FacebookShare on TwitterShare on WhatsAppSend via GMailSend via E-Mail,80,Houses_Karachi,2026-07-24,https://www.zameen.com/Property/gulistan_e_jauhar_gulistan-e-jauhar_-_block_12_80_yards_ground_plus_2_house-53610171-6836-1.html
80 Yards House In Gulistan E Johar,PKR 2.25 Crore,22500000,5,5,80 Sq. Yd,720.0,31250,House,False,14,14Share on FacebookShare on TwitterShare on WhatsAppSend via GMailSend via E-Mail,81,Houses_Karachi,2026-07-24,https://www.zameen.com/Property/gulistan_e_jauhar_gulistan-e-jauhar_-_block_12_80_yards_house_in_gulistan_e_johar-53710551-6836-1.html
House For Sale In Johar,PKR 2.5 Crore,25000000,4,4,80 Sq. Yd,720.0,34722,House,False,12,12Share on FacebookShare on TwitterShare on WhatsAppSend via GMailSend via E-Mail,81,Houses_Karachi,2026-07-24,https://www.zameen.com/Property/gulistan_e_jauhar_gulistan-e-jauhar_-_block_12_house_for_sale_in_johar-54210418-6836-1.html
Brand New House 500 Yards Available For Sale With Basement Pool Theater Gym,PKR 22.5 Crore,225000000,6,6,500 Sq. Yd,4500.0,50000,House,False,11,11Share on FacebookShare on TwitterShare on WhatsAppSend via GMailSend via E-Mail,81,Houses_Karachi,2026-07-24,https://www.zameen.com/Property/dha_defence_dha_phase_8_brand_new_house_500_yards_available_for_sale_with_basement_pool_theater_gym-52327801-1485-1.html
BRAND NEW 150 YARDS BUILDING FOR SALE GROUND +2 FLOOR+ BASEMENT,PKR 3.9 Crore,39000000,10,6,150 Sq. Yd,1350.0,28888,Unknown,False,19,19Share on FacebookShare on TwitterShare on WhatsAppSend via GMailSend via E-Mail,81,Houses_Karachi,2026-07-24,https://www.zameen.com/Property/jamshed_town_akhtar_colony_brand_new_150_yards_building_for_sale_ground_2_floor_basement-54277838-6917-1.html
"Beautifully Renovated 500-Yard Bungalow for Sale DHA Phase 7, Badban Lanes",PKR 14.25 Crore,142500000,5,6,500 Sq. Yd,4500.0,31666,House,True,12,super hot12Share on FacebookShare on TwitterShare on WhatsAppSend via GMailSend via E-Mail,90,Houses_Karachi,2026-07-24,https://www.zameen.com/Property/dha_defence_dha_phase_7_beautifully_renovated_500-yard_bungalow_for_sale_dha_phase_7_badban_lanes-53547379-1484-1.html
500 Yards West Open Corner House Khayaban-E-Bukhari,PKR 16 Crore,160000000,6,7,500 Sq. Yd,4500.0,35555,House,True,34,super hot34Share on FacebookShare on TwitterShare on WhatsAppSend via GMailSend via E-Mail,90,Houses_Karachi,2026-07-24,https://www.zameen.com/Property/dha_defence_dha_phase_6_500_yards_west_open_corner_house_khayaban-e-bukhari-53608444-1483-1.html
500 Yards Rear House for Sale in DHA Phase 6 Karachi | Prime Khayaban-e-Seher Location,PKR 13.25 Crore,132500000,6,7,500 Sq. Yd,4500.0,29444,House,True,18,super hot18Share on FacebookShare on TwitterShare on WhatsAppSend via GMailSend via E-Mail,90,Houses_Karachi,2026-07-24,https://www.zameen.com/Property/dha_defence_dha_phase_6_500_yards_rear_house_for_sale_in_dha_phase_6_karachi_prime_khayaban-e-seher_location-54418135-1483-1.html
Luxury 500 Yards Bungalow For Sale | DHA Phase 7| Basement + Lift,PKR 18 Crore,180000000,6,6,500 Sq. Yd,4500.0,40000,House,True,23,super hot23Share on FacebookShare on TwitterShare on WhatsAppSend via GMailSend via E-Mail,90,Houses_Karachi,2026-07-24,https://www.zameen.com/Property/dha_defence_dha_phase_7_luxury_500_yards_bungalow_for_sale_dha_phase_7_basement_lift-54434599-1484-1.html
1000 Sq. Yards Luxury Bungalow For Sale | Pool | Full Basement | Solar | RO Plant,PKR 42 Crore,420000000,5,7,"1,000 Sq. Yd",9000.0,46666,House,True,30,super hot30Share on FacebookShare on TwitterShare on WhatsAppSend via GMailSend via E-Mail,90,Houses_Karachi,2026-07-24,https://www.zameen.com/Property/dha_defence_dha_phase_5_1000_sq_yards_luxury_bungalow_for_sale_pool_full_basement_solar_ro_plant-54462965-1482-1.html
"House For Sale in Federal B Area, Block 19",PKR 2.25 Crore,22500000,7,6,120 Sq. Yd,1080.0,20833,House,True,8,super hot8Share on FacebookShare on TwitterShare on WhatsAppSend via GMailSend via E-Mail,89,Houses_Karachi,2026-07-24,https://www.zameen.com/Property/federal_b_area_federal_b_area_-_block_19_house_for_sale_in_federal_b_area_block_19-54339031-6703-1.html
BRAND NEW BUNGALOW,PKR 31.95 Crore,319500000,6,6,600 Sq. Yd,5400.0,59166,House,True,7,super hot7Share on FacebookShare on TwitterShare on WhatsAppSend via GMailSend via E-Mail,89,Houses_Karachi,2026-07-24,https://www.zameen.com/Property/dha_defence_dha_phase_8_brand_new_bungalow-54504188-1485-1.html
200 Square Yards House For sale In Gulshan-e-Maymar - Sector X,PKR 4.35 Crore,43500000,6,6,200 Sq. Yd,1800.0,24166,House,True,22,super hot221VerifiedShare on FacebookShare on TwitterShare on WhatsAppSend via GMailSend via E-Mail,99,Houses_Karachi,2026-07-24,https://www.zameen.com/Property/gulshan_e_maymar_gulshan-e-maymar_-_sector_x_200_square_yards_house_for_sale_in_gulshan-e-maymar_-_sector_x-54480523-6760-1.html
Defence 500 viii brand new west open two unit bungalow for sale,PKR 26 Crore,260000000,6,6,500 Sq. Yd,4500.0,57777,House,True,11,super hot11Share on FacebookShare on TwitterShare on WhatsAppSend via GMailSend via E-Mail,90,Houses_Karachi,2026-07-24,https://www.zameen.com/Property/dha_defence_dha_phase_8_defence_500_viii_brand_new_west_open_two_unit_bungalow_for_sale-54511726-1485-1.html
Brand New 240 Square Yards Double Storey House For Sale In Capital Society Ready To Move,PKR 5.75 Crore,57500000,6,6,240 Sq. Yd,2160.0,26620,House,True,20,super hot201Share on FacebookShare on TwitterShare on WhatsAppSend via GMailSend via E-Mail,91,Houses_Karachi,2026-07-24,https://www.zameen.com/Property/scheme_33_sector_35_a_capital_cooperative_housing_society_brand_new_240_square_yards_double_storey_house_for_sale_in_capital_society_ready_to_move-54386528-8908-1.html
LUXURY BUNGALOW FOR SALE-2000 YARDS,PKR 1.05 Arab,1050000000,8,,"2,000 Sq. Yd",18000.0,58333,House,True,10,hot10Share on FacebookShare on TwitterShare on WhatsAppSend via GMailSend via E-Mail,84,Houses_Karachi,2026-07-24,https://www.zameen.com/Property/dha_defence_dha_phase_8_luxury_bungalow_for_sale-2000_yards-54338599-1485-1.html
BRAND NEW LUXURY BUNGALOW-FOR SALE,PKR 23 Crore,230000000,3,3,500 Sq. Yd,4500.0,51111,House,True,12,hot12Share on FacebookShare on TwitterShare on WhatsAppSend via GMailSend via E-Mail,84,Houses_Karachi,2026-07-24,https://www.zameen.com/Property/dha_defence_dha_phase_8_brand_new_luxury_bungalow-for_sale-54338737-1485-1.html
Near Zamzama Park 1000 Yards 90*100 Most Spacious House At Most Prime Location At Most Reasonable Price,PKR 26 Crore,260000000,7,7,"1,000 Sq. Yd",9000.0,28888,House,False,20,hot20Share on FacebookShare on TwitterShare on WhatsAppSend via GMailSend via E-Mail,84,Houses_Karachi,2026-07-24,https://www.zameen.com/Property/dha_defence_dha_phase_5_near_zamzama_park_1000_yards_90_100_most_spacious_house_at_most_prime_location_at_most_reasonable_price-54421041-1482-1.html
Brand New 240 Sqyd Double Storey House For Sale In Gulistan-e-Jauhar Block 13 Karachi | Leased,PKR 7.5 Crore,75000000,6,7,240 Sq. Yd,2160.0,34722,House,False,14,hot14Share on FacebookShare on TwitterShare on WhatsAppSend via GMailSend via E-Mail,84,Houses_Karachi,2026-07-24,https://www.zameen.com/Property/gulistan_e_jauhar_gulistan-e-jauhar_-_block_13_brand_new_240_sqyd_double_storey_house_for_sale_in_gulistan-e-jauhar_block_13_karachi_leased-54257931-6837-1.html
West Open Brand New 240 Sqyd Double Storey House For Sale In Jauhar Block 13 Karachi,PKR 7.5 Crore,75000000,7,7,240 Sq. Yd,2160.0,34722,House,False,13,hot13Share on FacebookShare on TwitterShare on WhatsAppSend via GMailSend via E-Mail,84,Houses_Karachi,2026-07-24,https://www.zameen.com/Property/gulistan_e_jauhar_gulistan-e-jauhar_-_block_13_west_open_brand_new_240_sqyd_double_storey_house_for_sale_in_jauhar_block_13_karachi-54258025-6837-1.html
600 Square Yard Corner One Unit House For Sale In Jauhar Block 13 Karachi Double Storey Transfer House,PKR 12 Crore,120000000,6,7,600 Sq. Yd,5400.0,22222,House,True,15,hot15Share on FacebookShare on TwitterShare on WhatsAppSend via GMailSend via E-Mail,84,Houses_Karachi,2026-07-24,https://www.zameen.com/Property/gulistan_e_jauhar_gulistan-e-jauhar_-_block_16_600_square_yard_corner_one_unit_house_for_sale_in_jauhar_block_13_karachi_double_storey_transfer_house-54258124-6840-1.html
240 Sq. Yards Premium G+1 House for Sale in Gulistan-e-Jauhar Block 7 | Leased | 6 Bed DD | Tile Flooring,PKR 6 Crore,60000000,6,6,240 Sq. Yd,2160.0,27777,House,True,22,hot22Share on FacebookShare on TwitterShare on WhatsAppSend via GMailSend via E-Mail,84,Houses_Karachi,2026-07-24,https://www.zameen.com/Property/gulistan_e_jauhar_gulistan-e-jauhar_-_block_7_240_sq_yards_premium_g_1_house_for_sale_in_gulistan-e-jauhar_block_7_leased_6_bed_dd_tile_flooring-54429675-6831-1.html
BRAND NEW HOUSE FOR SALE SAADI Town BLOCK 5,PKR 4.3 Crore,43000000,6,6,240 Sq. Yd,2160.0,19907,House,False,18,18Share on FacebookShare on TwitterShare on WhatsAppSend via GMailSend via E-Mail,81,Houses_Karachi,2026-07-24,https://www.zameen.com/Property/saadi_town_saadi_town_-_block_5_brand_new_house_for_sale_saadi_town_block_5-53900948-12971-1.html
"P-4 Villa. In Bahria Town . 500 Sq Yards One Unit House . 5 Bedrooms . 2 Kitchen. 2 Lounges, Drawing Room And Dining Room. 2 Stores Beautiful Green Lawn . 10 K. V. A. Solar On-Gride. Marble On The Roo",PKR 6.5 Crore,65000000,6,6,500 Sq. Yd,4500.0,14444,House,False,11,11Share on FacebookShare on TwitterShare on WhatsAppSend via GMailSend via E-Mail,81,Houses_Karachi,2026-07-24,https://www.zameen.com/Property/bahria_town_karachi_bahria_town_-_precinct_4_p-4_villa_in_bahria_town_500_sq_yards_one_unit_house_5_bedrooms_2_kitchen_2_lounges_drawing_room_and_dining_room_2_stores_beautiful_green_lawn_10_k_v_a_solar_on-gride_marble_on_the_roof_top_west_open_near_park_call_direct_owner-53622049-10013-1.html
"Bahria Homes 152 Sq Yd Villa For Sale Precinct-11B. 3 Bedrooms | Drawing, Dining, Closed Italian Kitchen & TV Lounge. Near Entrance | Near Murree Point | Huge Greenbelt | Close To Parks, Mosques & Sho",PKR 1.55 Crore,15500000,1,3,152 Sq. Yd,1368.0,11330,House,True,16,16Share on FacebookShare on TwitterShare on WhatsAppSend via GMailSend via E-Mail,81,Houses_Karachi,2026-07-24,https://www.zameen.com/Property/bahria_town_precinct_11_bahria_town_-_precinct_11-b_bahria_homes_152_sq_yd_villa_for_sale_precinct-11b_3_bedrooms_drawing_dining_closed_italian_kitchen_tv_lounge_near_entrance_near_murree_point_huge_greenbelt_close_to_parks_mosques_shopping_gallery_just_8_min_drive_from_main_gate-54417148-10021-1.html
"Precinct 31, 235sq yds Brand New Villa for Sale | Near by Masjid Prime Location Well Maintain Brand New",PKR 1.65 Crore,16500000,3,3,235 Sq. Yd,2115.0,7801,House,False,12,12Share on FacebookShare on TwitterShare on WhatsAppSend via GMailSend via E-Mail,81,Houses_Karachi,2026-07-24,https://www.zameen.com/Property/bahria_town_karachi_bahria_town_-_precinct_31_precinct_31_235sq_yds_brand_new_villa_for_sale_near_by_masjid_prime_location_well_maintain_brand_new-54382760-10045-1.html
"Sport City, 350sq yds Brand New With Key Villa for Sale | Prime Location Near by Masjid & Park | A+ Construction Well Maintain",PKR 2.12 Crore,21200000,4,4,350 Sq. Yd,3150.0,6730,House,False,11,11Share on FacebookShare on TwitterShare on WhatsAppSend via GMailSend via E-Mail,81,Houses_Karachi,2026-07-24,https://www.zameen.com/Property/bahria_town_karachi_bahria_sports_city_sport_city_350sq_yds_brand_new_with_key_villa_for_sale_prime_location_near_by_masjid_park_a_construction_well_maintain-54382786-10061-1.html
120 Square yards 3 side Corner house for Sale in Bufferzone 15-B,PKR 3.8 Crore,38000000,6,6,120 Sq. Yd,1080.0,35185,House,False,12,12Share on FacebookShare on TwitterShare on WhatsAppSend via GMailSend via E-Mail,81,Houses_Karachi,2026-07-24,https://www.zameen.com/Property/buffer_zone_bufferzone_-_sector_15-b_120_square_yards_3_side_corner_house_for_sale_in_bufferzone_15-b-54511927-8956-1.html
500 Sq Yard Demolish House Available For Sale In GULSHAN-E-IQBAL Block 7,PKR 9.8 Crore,98000000,5,6,500 Sq. Yd,4500.0,21777,House,False,6,6Share on FacebookShare on TwitterShare on WhatsAppSend via GMailSend via E-Mail,80,Houses_Karachi,2026-07-24,https://www.zameen.com/Property/gulshan_e_iqbal_gulshan-e-iqbal_-_block_7_500_sq_yard_demolish_house_available_for_sale_in_gulshan-e-iqbal_block_7-54037613-6868-1.html
120 Sq Yard G+2 Available For Sale In Metrovil 3 Block 1.,PKR 2.75 Crore,27500000,4,5,120 Sq. Yd,1080.0,25462,Unknown,False,17,17Share on FacebookShare on TwitterShare on WhatsAppSend via GMailSend via E-Mail,81,Houses_Karachi,2026-07-24,https://www.zameen.com/Property/metrovil_colony_metrovil_colony_-_block_3_1_120_sq_yard_g_2_available_for_sale_in_metrovil_3_block_1-54110998-14239-1.html
Luxury 260 Sq. Yd. Townhouse for Sale in Main Bahadurabad | 7 Bedrooms | Prime Location,PKR 11.5 Crore,115000000,11,7,260 Sq. Yd,2340.0,49145,House,True,7,super hot7Share on FacebookShare on TwitterShare on WhatsAppSend via GMailSend via E-Mail,89,Houses_Karachi,2026-07-24,https://www.zameen.com/Property/gulshan_e_iqbal_town_bahadurabad_luxury_260_sq_yd_townhouse_for_sale_in_main_bahadurabad_7_bedrooms_prime_location-54468007-524-1.html
235 Square Yard Villas At Precinct-31 Close To Gallery And Mosque Are Available FOR SALE,PKR 1.56 Crore,15600000,3,3,235 Sq. Yd,2115.0,7375,House,True,23,super hot23Share on FacebookShare on TwitterShare on WhatsAppSend via GMailSend via E-Mail,90,Houses_Karachi,2026-07-24,https://www.zameen.com/Property/bahria_town_karachi_bahria_town_-_precinct_31_235_square_yard_villas_at_precinct-31_close_to_gallery_and_mosque_are_available_for_sale-53351745-10045-1.html
Designed To Inspire Modern Brand New 500 Yards Bungalow For Sale in DHA Phase 8 Karachi,PKR 30 Crore,300000000,6,7,500 Sq. Yd,4500.0,66666,House,True,48,super hot48Share on FacebookShare on TwitterShare on WhatsAppSend via GMailSend via E-Mail,90,Houses_Karachi,2026-07-24,https://www.zameen.com/Property/dha_defence_dha_phase_8_designed_to_inspire_modern_brand_new_500_yards_bungalow_for_sale_in_dha_phase_8_karachi-54447821-1485-1.html
Where Art Meets Home Planned To Perfection 500 Yards Bungalow For Sale In DHA Phase 8 Karachi,PKR 28.5 Crore,285000000,6,7,500 Sq. Yd,4500.0,63333,House,True,47,super hot47Share on FacebookShare on TwitterShare on WhatsAppSend via GMailSend via E-Mail,90,Houses_Karachi,2026-07-24,https://www.zameen.com/Property/dha_defence_dha_phase_8_where_art_meets_home_planned_to_perfection_500_yards_bungalow_for_sale_in_dha_phase_8_karachi-53883744-1485-1.html
120 SQUARE YARDS BRAND NEW HOUSE FOR SALE IN GULSHAN E IQBAL,PKR 6.5 Crore,65000000,6,6,120 Sq. Yd,1080.0,60185,House,True,41,super hot411VerifiedShare on FacebookShare on TwitterShare on WhatsAppSend via GMailSend via E-Mail,99,Houses_Karachi,2026-07-24,https://www.zameen.com/Property/gulshan_e_iqbal_gulshan-e-iqbal_-_block_13_d-1_120_square_yards_brand_new_house_for_sale_in_gulshan_e_iqbal-54469132-6875-1.html
Saadi town block 5 west open G+1 house VIP block of Saadi town,PKR 3.9 Crore,39000000,6,7,240 Sq. Yd,2160.0,18055,House,True,8,super hot8Share on FacebookShare on TwitterShare on WhatsAppSend via GMailSend via E-Mail,89,Houses_Karachi,2026-07-24,https://www.zameen.com/Property/saadi_town_saadi_town_-_block_5_saadi_town_block_5_west_open_g_1_house_vip_block_of_saadi_town-54509643-12971-1.html
"400 SQ. YD LUXURY INDEPENDENT SINGLE STORY HOUSE FOR SALE*  *Location: Saadi Town, Scheme 33, Karachi | Near New Falcon Complex, Malir Cantt*",PKR 4.5 Crore,45000000,3,4,400 Sq. Yd,3600.0,12500,House,True,41,super hot41Share on FacebookShare on TwitterShare on WhatsAppSend via GMailSend via E-Mail,90,Houses_Karachi,2026-07-24,https://www.zameen.com/Property/scheme_33_saadi_town_400_sq_yd_luxury_independent_single_story_house_for_sale_location_saadi_town_scheme_33_karachi_near_new_falcon_complex_malir_cantt-54508024-6853-1.html
"SECTOR T OWNER CONSTRUCTED GROUND +1.2 BED DD EACH FLOOR. NEAR TO PARK , MASJID , MARKET , School . best safe n secure boundry waal sector t3",PKR 3.75 Crore,37500000,3,5,240 Sq. Yd,2160.0,17361,House,True,40,super hot40Share on FacebookShare on TwitterShare on WhatsAppSend via GMailSend via E-Mail,90,Houses_Karachi,2026-07-24,https://www.zameen.com/Property/gadap_town_gulshan-e-maymar_sector_t_owner_constructed_ground_1_2_bed_dd_each_floor_near_to_park_masjid_market_school_best_safe_n_secure_boundry_waal_sector_t3-54495981-680-1.html
500 yards brand new Bunglow on khyban e Muhafiz dha phase 6,PKR 55 Crore,550000000,6,6,"1,000 Sq. Yd",9000.0,61111,Unknown,True,20,super hot20Share on FacebookShare on TwitterShare on WhatsAppSend via GMailSend via E-Mail,90,Houses_Karachi,2026-07-24,https://www.zameen.com/Property/dha_defence_dha_phase_6_500_yards_brand_new_bunglow_on_khyban_e_muhafiz_dha_phase_6-54506617-1483-1.html
Beautiful house,PKR 5.5 Crore,55000000,3,3,240 Sq. Yd,2160.0,25462,House,True,6,super hot6Share on FacebookShare on TwitterShare on WhatsAppSend via GMailSend via E-Mail,89,Houses_Karachi,2026-07-24,https://www.zameen.com/Property/scheme_33_meerut_society_beautiful_house-54506267-9078-1.html
"272 Square Yard Luxury Villa For Sale Precinct 16, Bahria Town Karachi Near Grand Jamia Mosque 5 Bedrooms, Drawing, Dining, TV Lounge & American Kitchen 5 Mins From Main Gate | Near Commercial & Schoo",PKR 2.6 Crore,26000000,2,5,272 Sq. Yd,2448.0,10620,House,True,21,hot21Share on FacebookShare on TwitterShare on WhatsAppSend via GMailSend via E-Mail,84,Houses_Karachi,2026-07-24,https://www.zameen.com/Property/bahria_town_karachi_bahria_town_-_precinct_16_272_square_yard_luxury_villa_for_sale_precinct_16_bahria_town_karachi_near_grand_jamia_mosque_5_bedrooms_drawing_dining_tv_lounge_american_kitchen_5_mins_from_main_gate_near_commercial_schools-54414504-10027-1.html
"152 Sq Yd Corner Iqbal Villa For Sale Precinct-2, Bahria Town Karachi. Corner with Green Belt | Near Main Gate, Park, Mosque & Shopping Gallery. Call Now!",PKR 2.25 Crore,22500000,3,3,152 Sq. Yd,1368.0,16447,House,True,23,hot23Share on FacebookShare on TwitterShare on WhatsAppSend via GMailSend via E-Mail,84,Houses_Karachi,2026-07-24,https://www.zameen.com/Property/bahria_town_precinct_2_bahria_homes_-_iqbal_villas_152_sq_yd_corner_iqbal_villa_for_sale_precinct-2_bahria_town_karachi_corner_with_green_belt_near_main_gate_park_mosque_shopping_gallery_call_now-54412187-9031-1.html
400 Sq. Yards Single Storey House For Sale In Gulistan-E-Jauhar Block 15 | Transfer Property | 3 Bed DD | PKR 7.50 Crore,PKR 7.5 Crore,75000000,7,3,400 Sq. Yd,3600.0,20833,House,False,16,hot16Share on FacebookShare on TwitterShare on WhatsAppSend via GMailSend via E-Mail,84,Houses_Karachi,2026-07-24,https://www.zameen.com/Property/gulistan_e_jauhar_gulistan-e-jauhar_-_block_15_400_sq_yards_single_storey_house_for_sale_in_gulistan-e-jauhar_block_15_transfer_property_3_bed_dd_pkr_7_50_crore-54430643-6839-1.html
House for Sale in Gulistan-e-Jauhar Block 2 Karachi | 258 Sq Yards G+1 Transfer House | 3 Bed DD Each Floor,PKR 6.25 Crore,62500000,6,7,258 Sq. Yd,2322.0,26916,House,False,12,hot12Share on FacebookShare on TwitterShare on WhatsAppSend via GMailSend via E-Mail,84,Houses_Karachi,2026-07-24,https://www.zameen.com/Property/gulistan_e_jauhar_gulistan-e-jauhar_-_block_2_house_for_sale_in_gulistan-e-jauhar_block_2_karachi_258_sq_yards_g_1_transfer_house_3_bed_dd_each_floor-54446418-6825-1.html
Brand New 120 Sq Yards G+1 House for Sale in Gulistan-e-Jauhar Block 19 Karachi | Leased | 2 Bed DD Each Floor,PKR 4.5 Crore,45000000,4,7,120 Sq. Yd,1080.0,41666,House,False,14,hot14Share on FacebookShare on TwitterShare on WhatsAppSend via GMailSend via E-Mail,84,Houses_Karachi,2026-07-24,https://www.zameen.com/Property/gulistan_e_jauhar_gulistan-e-jauhar_-_block_19_brand_new_120_sq_yards_g_1_house_for_sale_in_gulistan-e-jauhar_block_19_karachi_leased_2_bed_dd_each_floor-54446486-6843-1.html
House for Sale in Gulistan-e-Jauhar Block 14 Karachi | 400 Sq Yards Single Story | 3 Bed DD | Marble Flooring,PKR 7 Crore,70000000,7,3,400 Sq. Yd,3600.0,19444,House,False,8,hot8Share on FacebookShare on TwitterShare on WhatsAppSend via GMailSend via E-Mail,83,Houses_Karachi,2026-07-24,https://www.zameen.com/Property/gulistan_e_jauhar_gulistan-e-jauhar_-_block_14_house_for_sale_in_gulistan-e-jauhar_block_14_karachi_400_sq_yards_single_story_3_bed_dd_marble_flooring-54446599-6838-1.html
200 Sq Yard Single Story House For Sale In Gulistan E Jauhar Block 14,PKR 3.6 Crore,36000000,3,3,200 Sq. Yd,1800.0,20000,House,False,5,hot5Share on FacebookShare on TwitterShare on WhatsAppSend via GMailSend via E-Mail,83,Houses_Karachi,2026-07-24,https://www.zameen.com/Property/gulistan_e_jauhar_gulistan-e-jauhar_-_block_14_200_sq_yard_single_story_house_for_sale_in_gulistan_e_jauhar_block_14-54511913-6838-1.html
Corner 240 Yards Ground Plus 2 Banglow For Sale In Gulistan-E-Jauhar Block 14,PKR 7.3 Crore,73000000,9,7,240 Sq. Yd,2160.0,33796,Unknown,False,10,10Share on FacebookShare on TwitterShare on WhatsAppSend via GMailSend via E-Mail,81,Houses_Karachi,2026-07-24,https://www.zameen.com/Property/gulistan_e_jauhar_gulistan-e-jauhar_-_block_14_corner_240_yards_ground_plus_2_banglow_for_sale_in_gulistan-e-jauhar_block_14-54198811-6838-1.html
Elegant 3 Bedroom Villa For Sale In Ali Block,PKR 1.45 Crore,14500000,1,3,125 Sq. Yd,1125.0,12888,House,False,20,20Share on FacebookShare on TwitterShare on WhatsAppSend via GMailSend via E-Mail,81,Houses_Karachi,2026-07-24,https://www.zameen.com/Property/bahria_town_precinct_12_bahria_town_-_ali_block_elegant_3_bedroom_villa_for_sale_in_ali_block-54446386-10023-1.html
ICONIC ULTRA-LUXURY MANSION FOR SALE Precinct 17 Bahria Town Karachi,PKR 15.5 Crore,155000000,8,7,"1,100 Sq. Yd",9900.0,15656,Unknown,False,31,31Share on FacebookShare on TwitterShare on WhatsAppSend via GMailSend via E-Mail,81,Houses_Karachi,2026-07-24,https://www.zameen.com/Property/bahria_town_karachi_bahria_town_-_precinct_17_iconic_ultra-luxury_mansion_for_sale_precinct_17_bahria_town_karachi-54446200-10028-1.html
500sq Yd Luxury Villa FOR SALE. 2km From Entrance Of BTK. 6 Bed DDL 2 Kitchens,PKR 6.77 Crore,67700000,6,6,500 Sq. Yd,4500.0,15044,House,False,41,41Share on FacebookShare on TwitterShare on WhatsAppSend via GMailSend via E-Mail,81,Houses_Karachi,2026-07-24,https://www.zameen.com/Property/bahria_town_karachi_bahria_town_-_precinct_4_500sq_yd_luxury_villa_for_sale_2km_from_entrance_of_btk_6_bed_ddl_2_kitchens-54446424-10013-1.html
3Bed DDL 152sq Yd Bahria Construction Villa Available FOR SALE At Minimum Price Of The Market.,PKR 1.3 Crore,13000000,1,3,152 Sq. Yd,1368.0,9502,House,False,27,27Share on FacebookShare on TwitterShare on WhatsAppSend via GMailSend via E-Mail,81,Houses_Karachi,2026-07-24,https://www.zameen.com/Property/bahria_town_karachi_bahria_town_-_precinct_10-b_3bed_ddl_152sq_yd_bahria_construction_villa_available_for_sale_at_minimum_price_of_the_market-54326339-18126-1.html
5 BedRoom Luxury Villas at Bahria Paradise (Bahria Homes). Exquisite Quality Construction with Lowest Budget,PKR 4.2 Crore,42000000,4,5,500 Sq. Yd,4500.0,9333,House,False,17,17Share on FacebookShare on TwitterShare on WhatsAppSend via GMailSend via E-Mail,81,Houses_Karachi,2026-07-24,https://www.zameen.com/Property/bahria_town_karachi_bahria_paradise_5_bedroom_luxury_villas_at_bahria_paradise_bahria_homes_exquisite_quality_construction_with_lowest_budget-54477444-11458-1.html
Iqbal Villas 152sq Yd Close To Entrance Of BTK 3Bed One Unit Villas FOR SALE,PKR 1.7 Crore,17000000,1,3,152 Sq. Yd,1368.0,12426,House,False,37,37Share on FacebookShare on TwitterShare on WhatsAppSend via GMailSend via E-Mail,81,Houses_Karachi,2026-07-24,https://www.zameen.com/Property/bahria_town_precinct_2_bahria_homes_-_iqbal_villas_iqbal_villas_152sq_yd_close_to_entrance_of_btk_3bed_one_unit_villas_for_sale-54477448-9031-1.html
235 Sq Yard Villas At Precinct-31 Close To Gallery And Mosque Are Available FOR SALE,PKR 1.45 Crore,14500000,3,3,235 Sq. Yd,2115.0,6855,House,False,33,33Share on FacebookShare on TwitterShare on WhatsAppSend via GMailSend via E-Mail,81,Houses_Karachi,2026-07-24,https://www.zameen.com/Property/bahria_town_karachi_bahria_town_-_precinct_31_235_sq_yard_villas_at_precinct-31_close_to_gallery_and_mosque_are_available_for_sale-54449333-10045-1.html
House For Sale In Bahria Town Rawalpindi Punjab,PKR 2.95 Crore,29500000,5,6,7 Marla,1575.0,18730,House,True,24,super hot24Share on FacebookShare on TwitterShare on WhatsAppSend via GMailSend via E-Mail,90,Houses_Rawalpindi,2026-07-24,https://www.zameen.com/Property/bahria_town_phase_8_safari_valley_bahria_town_phase_8_-_usman_block_house_for_sale_in_bahria_town_rawalpindi_punjab-54165885-3068-1.html
22 Marla Luxury House With Gas,PKR 11.25 Crore,112500000,6,6,1.1 Kanal,4950.0,22727,House,True,18,super hot18Share on FacebookShare on TwitterShare on WhatsAppSend via GMailSend via E-Mail,90,Houses_Rawalpindi,2026-07-24,https://www.zameen.com/Property/bahria_town_phase_8_bahria_town_phase_8_-_block_a_22_marla_luxury_house_with_gas-54477634-3049-1.html
Elegant 1 Kanal White House For Sale At Investor Price,PKR 7.95 Crore,79500000,5,6,1 Kanal,4500.0,17666,House,True,18,super hot18Share on FacebookShare on TwitterShare on WhatsAppSend via GMailSend via E-Mail,90,Houses_Rawalpindi,2026-07-24,https://www.zameen.com/Property/bahria_town_phase_8_bahria_greens_-_overseas_enclave_elegant_1_kanal_white_house_for_sale_at_investor_price-54442721-3081-1.html
Artistic 10 Marla Designer House For Sale In Bahria Phase 8,PKR 3.9 Crore,39000000,5,6,10 Marla,2250.0,17333,House,True,11,super hot11Share on FacebookShare on TwitterShare on WhatsAppSend via GMailSend via E-Mail,90,Houses_Rawalpindi,2026-07-24,https://www.zameen.com/Property/bahria_town_phase_8_bahria_town_phase_8_-_safari_valley_artistic_10_marla_designer_house_for_sale_in_bahria_phase_8-53746991-3074-1.html
Modern Design 6 Marla Luxury House For Sale,PKR 2.85 Crore,28500000,3,4,6 Marla,1350.0,21111,House,True,21,super hot211Share on FacebookShare on TwitterShare on WhatsAppSend via GMailSend via E-Mail,91,Houses_Rawalpindi,2026-07-24,https://www.zameen.com/Property/bahria_town_phase_8_bahria_town_phase_8_-_safari_valley_modern_design_6_marla_luxury_house_for_sale-54419022-3074-1.html
SD House 5 Bedroom Available In Askari 14 Sector C,PKR 6.5 Crore,65000000,6,6,10 Marla,2250.0,28888,House,True,17,super hot17Share on FacebookShare on TwitterShare on WhatsAppSend via GMailSend via E-Mail,90,Houses_Rawalpindi,2026-07-24,https://www.zameen.com/Property/rawalpindi_askari_14_sd_house_5_bedroom_available_in_askari_14_sector_c-48803893-1504-1.html
On Excellent Location Bahria Town Phase 8,PKR 5.9 Crore,59000000,5,6,12 Marla,2700.0,21851,House,True,43,super hot431Share on FacebookShare on TwitterShare on WhatsAppSend via GMailSend via E-Mail,91,Houses_Rawalpindi,2026-07-24,https://www.zameen.com/Property/bahria_town_phase_8_bahria_town_phase_8_-_block_c_on_excellent_location_bahria_town_phase_8-54476035-3051-1.html
10 Marla Brand New House At Unbeatable Price,PKR 3.5 Crore,35000000,5,6,10 Marla,2250.0,15555,House,True,13,super hot13Share on FacebookShare on TwitterShare on WhatsAppSend via GMailSend via E-Mail,90,Houses_Rawalpindi,2026-07-24,https://www.zameen.com/Property/bahria_town_rawalpindi_bahria_town_phase_8_10_marla_brand_new_house_at_unbeatable_price-54029195-3048-1.html
5 Marla Elegant Brand New House for Sale| Prime Location| Bahria Town,PKR 2.15 Crore,21500000,3,3,5 Marla,1125.0,19111,House,True,16,super hot16Share on FacebookShare on TwitterShare on WhatsAppSend via GMailSend via E-Mail,90,Houses_Rawalpindi,2026-07-24,https://www.zameen.com/Property/bahria_town_rawalpindi_bahria_town_phase_8_5_marla_elegant_brand_new_house_for_sale_prime_location_bahria_town-54372945-3048-1.html
Book A Prime Location House Of 10 Marla In Lalazar Lalazar,PKR 4.35 Crore,43500000,5,5,10 Marla,2250.0,19333,House,True,38,super hot381VerifiedShare on FacebookShare on TwitterShare on WhatsAppSend via GMailSend via E-Mail,99,Houses_Rawalpindi,2026-07-24,https://www.zameen.com/Property/rawalpindi_lalazar_book_a_prime_location_house_of_10_marla_in_lalazar_lalazar-54508287-576-1.html
House For Sale In Bahria Town Rawalpindi Islamabad,PKR 39 Crore,390000000,6,6,1.7 Kanal,7650.0,50980,House,True,50,hot50Share on FacebookShare on TwitterShare on WhatsAppSend via GMailSend via E-Mail,84,Houses_Rawalpindi,2026-07-24,https://www.zameen.com/Property/bahria_town_rawalpindi_bahria_intellectual_village_house_for_sale_in_bahria_town_rawalpindi_islamabad-54157220-8256-1.html
Elegant Designer House Gas Install,PKR 5.5 Crore,55000000,5,6,10 Marla,2250.0,24444,House,True,50,hot50Share on FacebookShare on TwitterShare on WhatsAppSend via GMailSend via E-Mail,84,Houses_Rawalpindi,2026-07-24,https://www.zameen.com/Property/bahria_town_rawalpindi_bahria_town_phase_8_elegant_designer_house_gas_install-53663814-3048-1.html
snober city 4.25 Marla dubl story house,PKR 1.35 Crore,13500000,4,4,4.2 Marla,945.0,14285,House,False,35,hot35Share on FacebookShare on TwitterShare on WhatsAppSend via GMailSend via E-Mail,84,Houses_Rawalpindi,2026-07-24,https://www.zameen.com/Property/snober_city_snober_city_-_green_villas_snober_city_4_25_marla_dubl_story_house-54489550-16235-1.html
Snober City 6 Marla Brand New House,PKR 1.55 Crore,15500000,3,3,6 Marla,1350.0,11481,House,False,10,hot10Share on FacebookShare on TwitterShare on WhatsAppSend via GMailSend via E-Mail,84,Houses_Rawalpindi,2026-07-24,https://www.zameen.com/Property/snober_city_snober_city_-_green_villas_snober_city_6_marla_brand_new_house-54489672-16235-1.html
5 Marla House for Sale | 8 kW Solar Installed | Prime Location,PKR 2 Crore,20000000,3,3,5 Marla,1125.0,17777,House,False,10,hot10Share on FacebookShare on TwitterShare on WhatsAppSend via GMailSend via E-Mail,84,Houses_Rawalpindi,2026-07-24,https://www.zameen.com/Property/bahria_town_phase_8_bahria_town_phase_8_-_rafi_block_5_marla_house_for_sale_8_kw_solar_installed_prime_location-54513090-3071-1.html
"Ideal 5 Marla House Has Landed On Market In Gulbahar Scheme - Sector 1, Rawalpindi",PKR 1.19 Crore,11900000,2,3,5.8 Marla,1305.0,9118,House,False,23,hot23Share on FacebookShare on TwitterShare on WhatsAppSend via GMailSend via E-Mail,84,Houses_Rawalpindi,2026-07-24,https://www.zameen.com/Property/gulbahar_scheme_gulbahar_scheme_-_sector_1_ideal_5_marla_house_has_landed_on_market_in_gulbahar_scheme_-_sector_1_rawalpindi-48139023-10428-1.html
Investor Rate Beautiful Location House Bahria Town Phase 4,PKR 3.88 Crore,38800000,5,5,10 Marla,2250.0,17244,House,False,12,hot12Share on FacebookShare on TwitterShare on WhatsAppSend via GMailSend via E-Mail,84,Houses_Rawalpindi,2026-07-24,https://www.zameen.com/Property/bahria_town_rawalpindi_bahria_town_phase_4_investor_rate_beautiful_location_house_bahria_town_phase_4-54371303-3041-1.html
Brand New House 6 Marla Double Storey House For Sale In Airport Housing Society Water Bore 24h Main Street,PKR 2.21 Crore,22100000,5,6,6 Marla,1350.0,16370,House,False,17,17VerifiedShare on FacebookShare on TwitterShare on WhatsAppSend via GMailSend via E-Mail,89,Houses_Rawalpindi,2026-07-24,https://www.zameen.com/Property/rawalpindi_airport_housing_society_brand_new_house_6_marla_double_storey_house_for_sale_in_airport_housing_society_water_bore_24h_main_street-54217965-426-1.html
5 Marla Dead Storey House For Sale New Brand Best Location Near Highway Islamabad,PKR 1.55 Crore,15500000,3,4,5 Marla,1125.0,13777,House,False,25,25Share on FacebookShare on TwitterShare on WhatsAppSend via GMailSend via E-Mail,81,Houses_Rawalpindi,2026-07-24,https://www.zameen.com/Property/rawalpindi_airport_housing_society_5_marla_dead_storey_house_for_sale_new_brand_best_location_near_highway_islamabad-50502890-426-1.html
6 Marla Beautiful House For Sale In Airport Housing Society Near To Islamabad Exp Way,PKR 2.3 Crore,23000000,5,6,6.7 Marla,1507.5,15257,House,False,16,16VerifiedShare on FacebookShare on TwitterShare on WhatsAppSend via GMailSend via E-Mail,89,Houses_Rawalpindi,2026-07-24,https://www.zameen.com/Property/airport_housing_society_airport_housing_society_-_sector_4_6_marla_beautiful_house_for_sale_in_airport_housing_society_near_to_islamabad_exp_way-54218020-9155-1.html
5 Marla 1.5 Storey House For Sale New Brand,PKR 1.45 Crore,14500000,3,3,5 Marla,1125.0,12888,House,False,26,26VerifiedShare on FacebookShare on TwitterShare on WhatsAppSend via GMailSend via E-Mail,89,Houses_Rawalpindi,2026-07-24,https://www.zameen.com/Property/islamabad_highway_wakeel_colony_5_marla_1_5_storey_house_for_sale_new_brand-54218025-12264-1.html
Westridge 1 House For Sale,PKR 7.15 Crore,71500000,5,6,1.2 Kanal,5400.0,13240,House,False,34,34Share on FacebookShare on TwitterShare on WhatsAppSend via GMailSend via E-Mail,81,Houses_Rawalpindi,2026-07-24,https://www.zameen.com/Property/westridge_westridge_1_westridge_1_house_for_sale-53781977-6053-1.html
10 Marla Beautiful Condition House Double Unit,PKR 4.7 Crore,47000000,5,5,10 Marla,2250.0,20888,House,False,13,13Share on FacebookShare on TwitterShare on WhatsAppSend via GMailSend via E-Mail,81,Houses_Rawalpindi,2026-07-24,https://www.zameen.com/Property/bahria_town_rawalpindi_bahria_town_phase_4_10_marla_beautiful_condition_house_double_unit-54364994-3041-1.html
Beautiful 11 Marla used house gulraiz phase 2.3,PKR 3.75 Crore,37500000,7,6,11 Marla,2475.0,15151,House,False,11,11Share on FacebookShare on TwitterShare on WhatsAppSend via GMailSend via E-Mail,81,Houses_Rawalpindi,2026-07-24,https://www.zameen.com/Property/gulraiz_housing_scheme_gulraiz_housing_society_phase_2_beautiful_11_marla_used_house_gulraiz_phase_2_3-54365002-14971-1.html
Your Dream Furnished 13 Marla House Is Available In Bahria Greens - Overseas Enclave - Sector 2,PKR 5.75 Crore,57500000,6,6,13 Marla,2925.0,19658,House,False,21,21VerifiedShare on FacebookShare on TwitterShare on WhatsAppSend via GMailSend via E-Mail,89,Houses_Rawalpindi,2026-07-24,https://www.zameen.com/Property/bahria_greens_overseas_enclave_bahria_greens_-_overseas_enclave_-_sector_2_your_dream_furnished_13_marla_house_is_available_in_bahria_greens_-_overseas_enclave_-_sector_2-54512728-8301-1.html
Luxurious Corner House With Two-Side Elevation,PKR 16.5 Crore,165000000,5,6,2 Kanal,9000.0,18333,House,True,50,super hot50Share on FacebookShare on TwitterShare on WhatsAppSend via GMailSend via E-Mail,90,Houses_Rawalpindi,2026-07-24,https://www.zameen.com/Property/bahria_town_phase_8_bahria_town_phase_8_-_block_a_luxurious_corner_house_with_two-side_elevation-51914137-3049-1.html
10 Marla Double Unit Overseas 5 Double-Heighted TV Lounge,PKR 5.75 Crore,57500000,5,5,10 Marla,2250.0,25555,House,True,40,super hot40Share on FacebookShare on TwitterShare on WhatsAppSend via GMailSend via E-Mail,90,Houses_Rawalpindi,2026-07-24,https://www.zameen.com/Property/bahria_greens_overseas_enclave_bahria_greens_-_overseas_enclave_-_sector_5_10_marla_double_unit_overseas_5_double-heighted_tv_lounge-52456241-8304-1.html
1 Kanal Brand New Luxury Designer House P Block Bahria Town Rawalpindi,PKR 7.9 Crore,79000000,6,7,1 Kanal,4500.0,17555,House,True,49,super hot49Share on FacebookShare on TwitterShare on WhatsAppSend via GMailSend via E-Mail,90,Houses_Rawalpindi,2026-07-24,https://www.zameen.com/Property/bahria_town_phase_8_bahria_town_phase_8_-_block_p_1_kanal_brand_new_luxury_designer_house_p_block_bahria_town_rawalpindi-54414316-3065-1.html
Luxury Designer House with Home Theatre & 15 kVA Solar,PKR 12.5 Crore,125000000,5,6,1 Kanal,4500.0,27777,House,True,50,super hot50Share on FacebookShare on TwitterShare on WhatsAppSend via GMailSend via E-Mail,90,Houses_Rawalpindi,2026-07-24,https://www.zameen.com/Property/bahria_greens_overseas_enclave_bahria_greens_-_overseas_enclave_-_sector_5_luxury_designer_house_with_home_theatre_15_kva_solar-54463554-8304-1.html
Very Low Price | Beautiful 7 Marla Designer House For Sale Bahria Town Phase 8 Abu Baker Block,PKR 2.98 Crore,29800000,5,6,7 Marla,1575.0,18920,House,True,22,super hot22Share on FacebookShare on TwitterShare on WhatsAppSend via GMailSend via E-Mail,90,Houses_Rawalpindi,2026-07-24,https://www.zameen.com/Property/bahria_town_phase_8_safari_valley_bahria_town_phase_8_-_abu_bakar_block_very_low_price_beautiful_7_marla_designer_house_for_sale_bahria_town_phase_8_abu_baker_block-54338899-3069-1.html
Buy A Prime Location 6 Marla House For sale In Snober City,PKR 1.55 Crore,15500000,3,3,6 Marla,1350.0,11481,House,True,27,super hot271VerifiedShare on FacebookShare on TwitterShare on WhatsAppSend via GMailSend via E-Mail,99,Houses_Rawalpindi,2026-07-24,https://www.zameen.com/Property/adiala_road_snober_city_buy_a_prime_location_6_marla_house_for_sale_in_snober_city-54508522-11748-1.html
Prime Location In Snober City 5 Marla House For sale,PKR 1.45 Crore,14500000,3,3,5 Marla,1125.0,12888,House,True,28,super hot281VerifiedShare on FacebookShare on TwitterShare on WhatsAppSend via GMailSend via E-Mail,99,Houses_Rawalpindi,2026-07-24,https://www.zameen.com/Property/adiala_road_snober_city_prime_location_in_snober_city_5_marla_house_for_sale-54508521-11748-1.html
Prime Location House Of 7 Marla Is Available For Sale,PKR 2.7 Crore,27000000,5,5,7 Marla,1575.0,17142,House,True,32,super hot321VerifiedShare on FacebookShare on TwitterShare on WhatsAppSend via GMailSend via E-Mail,99,Houses_Rawalpindi,2026-07-24,https://www.zameen.com/Property/rawalpindi_lalazar_estate_housing_society_prime_location_house_of_7_marla_is_available_for_sale-54508286-22388-1.html
On Excellent Location House Is Available In Bahria Town Rawalpindi Umer Block With Front Lawn Garden,PKR 3.3 Crore,33000000,5,6,6.9 Marla,1552.5,21256,House,True,39,super hot391VerifiedShare on FacebookShare on TwitterShare on WhatsAppSend via GMailSend via E-Mail,99,Houses_Rawalpindi,2026-07-24,https://www.zameen.com/Property/bahria_town_phase_8_safari_valley_bahria_town_phase_8_-_umer_block_on_excellent_location_house_is_available_in_bahria_town_rawalpindi_umer_block_with_front_lawn_garden-54398327-3067-1.html
Brand New Facing Lawn House Available In Bahria Town Phase 8 - Umer Block For Sale,PKR 3.3 Crore,33000000,5,6,6.9 Marla,1552.5,21256,House,True,37,super hot371VerifiedShare on FacebookShare on TwitterShare on WhatsAppSend via GMailSend via E-Mail,99,Houses_Rawalpindi,2026-07-24,https://www.zameen.com/Property/bahria_town_phase_8_safari_valley_bahria_town_phase_8_-_umer_block_brand_new_facing_lawn_house_available_in_bahria_town_phase_8_-_umer_block_for_sale-54398328-3067-1.html
Elegant 1 Kanal White House For Sale At Investor Price,PKR 8.5 Crore,85000000,5,6,1 Kanal,4500.0,18888,House,True,20,hot20Share on FacebookShare on TwitterShare on WhatsAppSend via GMailSend via E-Mail,84,Houses_Rawalpindi,2026-07-24,https://www.zameen.com/Property/bahria_town_phase_8_bahria_greens_-_overseas_enclave_elegant_1_kanal_white_house_for_sale_at_investor_price-54507873-3081-1.html
Beautifully Designed 11 Marla House For Sale,PKR 4.65 Crore,46500000,4,5,11 Marla,2475.0,18787,House,True,50,hot50Share on FacebookShare on TwitterShare on WhatsAppSend via GMailSend via E-Mail,84,Houses_Rawalpindi,2026-07-24,https://www.zameen.com/Property/bahria_greens_overseas_enclave_bahria_greens_-_overseas_enclave_-_sector_3_beautifully_designed_11_marla_house_for_sale-39549743-8302-1.html
SD House 5 Bedroom At Prime Location In Askari 14,PKR 6.6 Crore,66000000,6,6,10 Marla,2250.0,29333,House,False,19,hot19Share on FacebookShare on TwitterShare on WhatsAppSend via GMailSend via E-Mail,84,Houses_Rawalpindi,2026-07-24,https://www.zameen.com/Property/rawalpindi_askari_14_sd_house_5_bedroom_at_prime_location_in_askari_14-54280580-1504-1.html
Full Colonel Renovated House Available for Sale in Askari 14 Rawalpindi,PKR 7.6 Crore,76000000,5,6,12 Marla,2700.0,28148,House,False,34,hot341VerifiedShare on FacebookShare on TwitterShare on WhatsAppSend via GMailSend via E-Mail,93,Houses_Rawalpindi,2026-07-24,https://www.zameen.com/Property/rawalpindi_askari_14_full_colonel_renovated_house_available_for_sale_in_askari_14_rawalpindi-53719226-1504-1.html
7 Marla Full House Available For sale in Bahria town phase 8 Rawalpindi,PKR 2.55 Crore,25500000,5,6,7 Marla,1575.0,16190,House,False,12,hot12Share on FacebookShare on TwitterShare on WhatsAppSend via GMailSend via E-Mail,84,Houses_Rawalpindi,2026-07-24,https://www.zameen.com/Property/bahria_town_rawalpindi_bahria_town_phase_8_7_marla_full_house_available_for_sale_in_bahria_town_phase_8_rawalpindi-54352645-3048-1.html
7 Marla Full House Available For Sale In Bahria Town Phase 8 Rawalpindi,PKR 2.65 Crore,26500000,6,6,7 Marla,1575.0,16825,House,False,12,hot12Share on FacebookShare on TwitterShare on WhatsAppSend via GMailSend via E-Mail,84,Houses_Rawalpindi,2026-07-24,https://www.zameen.com/Property/bahria_town_rawalpindi_bahria_town_phase_8_7_marla_full_house_available_for_sale_in_bahria_town_phase_8_rawalpindi-54352566-3048-1.html
7 Marla Full House Available For sale in Bahria town phase 8 Rawalpindi,PKR 2.5 Crore,25000000,5,6,7 Marla,1575.0,15873,House,False,13,hot13Share on FacebookShare on TwitterShare on WhatsAppSend via GMailSend via E-Mail,84,Houses_Rawalpindi,2026-07-24,https://www.zameen.com/Property/bahria_town_rawalpindi_bahria_town_phase_8_7_marla_full_house_available_for_sale_in_bahria_town_phase_8_rawalpindi-54352554-3048-1.html
10 Marla house for sale in safari villas 1 Bahria town,PKR 4.35 Crore,43500000,4,5,10 Marla,2250.0,19333,House,False,11,11Share on FacebookShare on TwitterShare on WhatsAppSend via GMailSend via E-Mail,81,Houses_Rawalpindi,2026-07-24,https://www.zameen.com/Property/bahria_town_rawalpindi_bahria_town_-_safari_villas_10_marla_house_for_sale_in_safari_villas_1_bahria_town-54512713-3078-1.html
10 Marla House Available In Askari 14 Rawalpindi,PKR 6.5 Crore,65000000,5,5,10 Marla,2250.0,28888,House,False,23,23VerifiedShare on FacebookShare on TwitterShare on WhatsAppSend via GMailSend via E-Mail,89,Houses_Rawalpindi,2026-07-24,https://www.zameen.com/Property/rawalpindi_askari_14_10_marla_house_available_in_askari_14_rawalpindi-49196445-1504-1.html
7 Marla Brand New House Available For Sale In Bahria Town Phase 8 Rawalpindi,PKR 2.6 Crore,26000000,5,6,7 Marla,1575.0,16507,House,False,5,5Share on FacebookShare on TwitterShare on WhatsAppSend via GMailSend via E-Mail,80,Houses_Rawalpindi,2026-07-24,https://www.zameen.com/Property/bahria_town_rawalpindi_bahria_town_phase_8_7_marla_brand_new_house_available_for_sale_in_bahria_town_phase_8_rawalpindi-54396016-3048-1.html
7 Marla Brand New House Available For Sale in Bahria Town Phase 8 Rawalpindi,PKR 2.55 Crore,25500000,5,6,7 Marla,1575.0,16190,House,False,10,10Share on FacebookShare on TwitterShare on WhatsAppSend via GMailSend via E-Mail,81,Houses_Rawalpindi,2026-07-24,https://www.zameen.com/Property/bahria_town_rawalpindi_bahria_town_phase_8_7_marla_brand_new_house_available_for_sale_in_bahria_town_phase_8_rawalpindi-54396006-3048-1.html
7 Marla Full House Available For Sale in Bahria Town Phase 8 Rawalpindi,PKR 2.5 Crore,25000000,5,6,7 Marla,1575.0,15873,House,False,12,12Share on FacebookShare on TwitterShare on WhatsAppSend via GMailSend via E-Mail,81,Houses_Rawalpindi,2026-07-24,https://www.zameen.com/Property/bahria_town_rawalpindi_bahria_town_phase_8_7_marla_full_house_available_for_sale_in_bahria_town_phase_8_rawalpindi-54391233-3048-1.html
7 Marla Full House Available For Sale in Bahria Town Phase 8 Rawalpindi,PKR 2.55 Crore,25500000,5,6,7 Marla,1575.0,16190,House,False,11,11Share on FacebookShare on TwitterShare on WhatsAppSend via GMailSend via E-Mail,81,Houses_Rawalpindi,2026-07-24,https://www.zameen.com/Property/bahria_town_rawalpindi_bahria_town_phase_8_7_marla_full_house_available_for_sale_in_bahria_town_phase_8_rawalpindi-54391217-3048-1.html
7 Marla Full House Available For Sale in Bahria Town Phase 8 Rawalpindi,PKR 2.5 Crore,25000000,5,6,7 Marla,1575.0,15873,House,False,12,12Share on FacebookShare on TwitterShare on WhatsAppSend via GMailSend via E-Mail,81,Houses_Rawalpindi,2026-07-24,https://www.zameen.com/Property/bahria_town_rawalpindi_bahria_town_phase_8_7_marla_full_house_available_for_sale_in_bahria_town_phase_8_rawalpindi-54391204-3048-1.html
7 Marla Full House Available For sale in Bahria town phase 8 Rawalpindi,PKR 2.6 Crore,26000000,5,6,7 Marla,1575.0,16507,House,False,16,16Share on FacebookShare on TwitterShare on WhatsAppSend via GMailSend via E-Mail,81,Houses_Rawalpindi,2026-07-24,https://www.zameen.com/Property/bahria_town_rawalpindi_bahria_town_phase_8_7_marla_full_house_available_for_sale_in_bahria_town_phase_8_rawalpindi-54352657-3048-1.html
Very Low Price 10 KWA Solar Installed 10 Marla Brand New House For Sale Bahria Town Rawalpindi,PKR 3.7 Crore,37000000,5,6,10 Marla,2250.0,16444,House,True,15,super hot15Share on FacebookShare on TwitterShare on WhatsAppSend via GMailSend via E-Mail,90,Houses_Rawalpindi,2026-07-24,https://www.zameen.com/Property/bahria_town_phase_8_bahria_town_phase_8_-_block_i_very_low_price_10_kwa_solar_installed_10_marla_brand_new_house_for_sale_bahria_town_rawalpindi-54419286-3057-1.html
7 Marla Double Storey Double Unit House Available For Sale.,PKR 2.5 Crore,25000000,4,4,7 Marla,1575.0,15873,House,True,42,super hot42Share on FacebookShare on TwitterShare on WhatsAppSend via GMailSend via E-Mail,90,Houses_Rawalpindi,2026-07-24,https://www.zameen.com/Property/rawalpindi_punjab_government_servant_housing_foundation_pgshf_7_marla_double_storey_double_unit_house_available_for_sale-54332718-10424-1.html
10 Marla 5 Bedroom Double Unit House Supreme Location,PKR 4.6 Crore,46000000,4,6,10 Marla,2250.0,20444,House,True,29,super hot29Share on FacebookShare on TwitterShare on WhatsAppSend via GMailSend via E-Mail,90,Houses_Rawalpindi,2026-07-24,https://www.zameen.com/Property/bahria_town_rawalpindi_bahria_town_phase_6_10_marla_5_bedroom_double_unit_house_supreme_location-54504594-3046-1.html
11 Marla House For Sale In Bahria Town Phase 2,PKR 5.25 Crore,52500000,5,,11 Marla,2475.0,21212,House,True,18,super hot18VerifiedShare on FacebookShare on TwitterShare on WhatsAppSend via GMailSend via E-Mail,98,Houses_Rawalpindi,2026-07-24,https://www.zameen.com/Property/bahria_town_rawalpindi_bahria_town_phase_2_11_marla_house_for_sale_in_bahria_town_phase_2-53279141-3035-1.html
A Great Choice For A 1 Kanal House Available In Bahria Town Phase 5,PKR 16.25 Crore,162500000,6,,1 Kanal,4500.0,36111,House,True,18,super hot18Share on FacebookShare on TwitterShare on WhatsAppSend via GMailSend via E-Mail,90,Houses_Rawalpindi,2026-07-24,https://www.zameen.com/Property/bahria_town_rawalpindi_bahria_town_phase_5_a_great_choice_for_a_1_kanal_house_available_in_bahria_town_phase_5-54304607-3045-1.html
Prime Location House For Sale In Bahria Town Phase 8 - Umer Block,PKR 3.3 Crore,33000000,5,6,6.6 Marla,1485.0,22222,House,True,36,super hot361VerifiedShare on FacebookShare on TwitterShare on WhatsAppSend via GMailSend via E-Mail,99,Houses_Rawalpindi,2026-07-24,https://www.zameen.com/Property/bahria_town_phase_8_safari_valley_bahria_town_phase_8_-_umer_block_prime_location_house_for_sale_in_bahria_town_phase_8_-_umer_block-54398326-3067-1.html
"7 Marla House Available For Sale In Bahria Town Phase 8 - Abu Bakar Block, Rawalpindi",PKR 2.25 Crore,22500000,,,7 Marla,1575.0,14285,House,True,6,super hot6VerifiedShare on FacebookShare on TwitterShare on WhatsAppSend via GMailSend via E-Mail,97,Houses_Rawalpindi,2026-07-24,https://www.zameen.com/Property/bahria_town_phase_8_safari_valley_bahria_town_phase_8_-_abu_bakar_block_7_marla_house_available_for_sale_in_bahria_town_phase_8_-_abu_bakar_block_rawalpindi-53650865-3069-1.html
10 Marla Double Unit Brand New House For Sale  Prime Location  Near The Main Access,PKR 3.5 Crore,35000000,6,6,10 Marla,2250.0,15555,House,True,43,super hot43Share on FacebookShare on TwitterShare on WhatsAppSend via GMailSend via E-Mail,90,Houses_Rawalpindi,2026-07-24,https://www.zameen.com/Property/rawalpindi_gulshan_abad_10_marla_double_unit_brand_new_house_for_sale_prime_location_near_the_main_access-54064274-1058-1.html
10 Marla Double Unit Unfurnished House For Sale,PKR 4.75 Crore,47500000,5,6,10 Marla,2250.0,21111,House,True,9,super hot9Share on FacebookShare on TwitterShare on WhatsAppSend via GMailSend via E-Mail,89,Houses_Rawalpindi,2026-07-24,https://www.zameen.com/Property/bahria_town_rawalpindi_bahria_town_phase_3_10_marla_double_unit_unfurnished_house_for_sale-54151783-3036-1.html
10 Marla Unfurnished House,PKR 4.15 Crore,41500000,5,6,10 Marla,2250.0,18444,House,True,18,super hot181Share on FacebookShare on TwitterShare on WhatsAppSend via GMailSend via E-Mail,91,Houses_Rawalpindi,2026-07-24,https://www.zameen.com/Property/bahria_town_rawalpindi_bahria_town_phase_2_10_marla_unfurnished_house-54420139-3035-1.html
1 Kanal Double Unit Designer House,PKR 8.75 Crore,87500000,5,6,1 Kanal,4500.0,19444,House,True,50,hot50Share on FacebookShare on TwitterShare on WhatsAppSend via GMailSend via E-Mail,84,Houses_Rawalpindi,2026-07-24,https://www.zameen.com/Property/bahria_town_phase_8_bahria_town_phase_8_-_block_a1_1_kanal_double_unit_designer_house-49864360-12180-1.html
Brand New 16 Marla Corner House,PKR 7.95 Crore,79500000,5,6,16 Marla,3600.0,22083,House,True,49,hot49Share on FacebookShare on TwitterShare on WhatsAppSend via GMailSend via E-Mail,84,Houses_Rawalpindi,2026-07-24,https://www.zameen.com/Property/bahria_greens_overseas_enclave_bahria_greens_-_overseas_enclave_-_sector_2_brand_new_16_marla_corner_house-50170458-8301-1.html
7 Marla Brand New Luxury House Available For Sale in Bahria town phase 8 Rawalpindi,PKR 2.45 Crore,24500000,5,6,7 Marla,1575.0,15555,House,False,17,hot17Share on FacebookShare on TwitterShare on WhatsAppSend via GMailSend via E-Mail,84,Houses_Rawalpindi,2026-07-24,https://www.zameen.com/Property/bahria_town_rawalpindi_bahria_town_phase_8_7_marla_brand_new_luxury_house_available_for_sale_in_bahria_town_phase_8_rawalpindi-54352519-3048-1.html
Looking For A House In Rawalpindi,PKR 2.03 Crore,20299999,3,3,5 Marla,1125.0,18044,House,False,9,hot9Share on FacebookShare on TwitterShare on WhatsAppSend via GMailSend via E-Mail,83,Houses_Rawalpindi,2026-07-24,https://www.zameen.com/Property/bahria_town_phase_8_bahria_town_phase_8_-_block_m_looking_for_a_house_in_rawalpindi-54222054-3062-1.html
5 Marla House Situated In Bahria Town Phase 8 - Ali Block For sale,PKR 2.09 Crore,20900000,3,3,5 Marla,1125.0,18577,House,False,9,hot9Share on FacebookShare on TwitterShare on WhatsAppSend via GMailSend via E-Mail,83,Houses_Rawalpindi,2026-07-24,https://www.zameen.com/Property/bahria_town_phase_8_safari_valley_bahria_town_phase_8_-_ali_block_5_marla_house_situated_in_bahria_town_phase_8_-_ali_block_for_sale-54222048-3070-1.html
5 Marla Brand New House Available For Sale In Bahria Town Phase 8 Rawalpindi,PKR 2.05 Crore,20500000,3,4,5 Marla,1125.0,18222,House,False,11,hot11Share on FacebookShare on TwitterShare on WhatsAppSend via GMailSend via E-Mail,84,Houses_Rawalpindi,2026-07-24,https://www.zameen.com/Property/bahria_town_rawalpindi_bahria_town_phase_8_5_marla_brand_new_house_available_for_sale_in_bahria_town_phase_8_rawalpindi-54208551-3048-1.html
5 Marla Brand New House Available For Sale In Bahria Town Phase 8 Rawalpindi,PKR 2.08 Crore,20800000,3,4,5 Marla,1125.0,18488,House,False,14,hot14Share on FacebookShare on TwitterShare on WhatsAppSend via GMailSend via E-Mail,84,Houses_Rawalpindi,2026-07-24,https://www.zameen.com/Property/bahria_town_rawalpindi_bahria_town_phase_8_5_marla_brand_new_house_available_for_sale_in_bahria_town_phase_8_rawalpindi-54198876-3048-1.html
7 Marla Full House Available For Sale In Bahria Town Phase 8 Rawalpindi,PKR 2.6 Crore,26000000,5,6,7 Marla,1575.0,16507,House,False,19,19Share on FacebookShare on TwitterShare on WhatsAppSend via GMailSend via E-Mail,81,Houses_Rawalpindi,2026-07-24,https://www.zameen.com/Property/bahria_town_rawalpindi_bahria_town_phase_8_7_marla_full_house_available_for_sale_in_bahria_town_phase_8_rawalpindi-54352634-3048-1.html
7 Marla Full House Available For sale in Bahria town phase 8 Rawalpindi,PKR 2.5 Crore,25000000,5,6,7 Marla,1575.0,15873,House,False,10,10Share on FacebookShare on TwitterShare on WhatsAppSend via GMailSend via E-Mail,81,Houses_Rawalpindi,2026-07-24,https://www.zameen.com/Property/bahria_town_rawalpindi_bahria_town_phase_8_7_marla_full_house_available_for_sale_in_bahria_town_phase_8_rawalpindi-54352610-3048-1.html
7 Marla Full House Available For Sale In Bahria Town Phase 8 Rawalpindi,PKR 2.5 Crore,25000000,5,6,7 Marla,1575.0,15873,House,False,9,9Share on FacebookShare on TwitterShare on WhatsAppSend via GMailSend via E-Mail,80,Houses_Rawalpindi,2026-07-24,https://www.zameen.com/Property/bahria_town_rawalpindi_bahria_town_phase_8_7_marla_full_house_available_for_sale_in_bahria_town_phase_8_rawalpindi-54352547-3048-1.html
5 Marla House Ideally Situated In Bahria Town Phase 8 - Rafi Block,PKR 2.14 Crore,21400000,4,4,5 Marla,1125.0,19022,House,False,16,16Share on FacebookShare on TwitterShare on WhatsAppSend via GMailSend via E-Mail,81,Houses_Rawalpindi,2026-07-24,https://www.zameen.com/Property/bahria_town_phase_8_bahria_town_phase_8_-_rafi_block_5_marla_house_ideally_situated_in_bahria_town_phase_8_-_rafi_block-54222056-3071-1.html
5 Marla House In Rawalpindi Is On The Market For Sale,PKR 2 Crore,20000000,3,3,5 Marla,1125.0,17777,House,False,8,8Share on FacebookShare on TwitterShare on WhatsAppSend via GMailSend via E-Mail,80,Houses_Rawalpindi,2026-07-24,https://www.zameen.com/Property/bahria_town_phase_8_bahria_town_phase_8_-_block_m_5_marla_house_in_rawalpindi_is_on_the_market_for_sale-54222055-3062-1.html
House Of 5 Marla Available For Sale In Bahria Town Phase 8 - Ali Block,PKR 2.07 Crore,20700000,3,3,5 Marla,1125.0,18400,House,False,7,7Share on FacebookShare on TwitterShare on WhatsAppSend via GMailSend via E-Mail,80,Houses_Rawalpindi,2026-07-24,https://www.zameen.com/Property/bahria_town_phase_8_safari_valley_bahria_town_phase_8_-_ali_block_house_of_5_marla_available_for_sale_in_bahria_town_phase_8_-_ali_block-54222052-3070-1.html
Stunning And Affordable House Available For Sale In Bahria Town Phase 8 - Rafi Block,PKR 2.27 Crore,22700000,4,4,5 Marla,1125.0,20177,House,False,11,11Share on FacebookShare on TwitterShare on WhatsAppSend via GMailSend via E-Mail,81,Houses_Rawalpindi,2026-07-24,https://www.zameen.com/Property/bahria_town_phase_8_bahria_town_phase_8_-_rafi_block_stunning_and_affordable_house_available_for_sale_in_bahria_town_phase_8_-_rafi_block-54222051-3071-1.html
House Of 5 Marla In Bahria Town Phase 8 - Rafi Block For Sale,PKR 2.12 Crore,21200000,4,4,5 Marla,1125.0,18844,House,False,12,12Share on FacebookShare on TwitterShare on WhatsAppSend via GMailSend via E-Mail,81,Houses_Rawalpindi,2026-07-24,https://www.zameen.com/Property/bahria_town_phase_8_bahria_town_phase_8_-_rafi_block_house_of_5_marla_in_bahria_town_phase_8_-_rafi_block_for_sale-54222047-3071-1.html
Highly-Coveted 10 Marla House Is Available In Bahria Town Phase 4 For Sale,PKR 3.95 Crore,39500000,5,5,10 Marla,2250.0,17555,House,True,17,super hot17Share on FacebookShare on TwitterShare on WhatsAppSend via GMailSend via E-Mail,90,Houses_Rawalpindi,2026-07-24,https://www.zameen.com/Property/bahria_town_rawalpindi_bahria_town_phase_4_highly-coveted_10_marla_house_is_available_in_bahria_town_phase_4_for_sale-54285748-3041-1.html
1 Kanal Double Storey Double Unit House Available For Sale In Gulshan Abad,PKR 5.15 Crore,51500000,8,,1 Kanal,4500.0,11444,House,True,46,super hot46Share on FacebookShare on TwitterShare on WhatsAppSend via GMailSend via E-Mail,90,Houses_Rawalpindi,2026-07-24,https://www.zameen.com/Property/rawalpindi_gulshan_abad_1_kanal_double_storey_double_unit_house_available_for_sale_in_gulshan_abad-49318909-1058-1.html
House For Sale In Bahria Town Rawalpindi Islamabad,PKR 22.75 Crore,227500000,5,6,1.2 Kanal,5400.0,42129,House,True,31,super hot31Share on FacebookShare on TwitterShare on WhatsAppSend via GMailSend via E-Mail,90,Houses_Rawalpindi,2026-07-24,https://www.zameen.com/Property/bahria_town_phase_7_bahria_spring_north_house_for_sale_in_bahria_town_rawalpindi_islamabad-54158062-8322-1.html
10 Marla House With 10 KVA Solar B Block Bahria Town Rawalpindi,PKR 3.95 Crore,39500000,5,6,10 Marla,2250.0,17555,House,True,42,super hot42Share on FacebookShare on TwitterShare on WhatsAppSend via GMailSend via E-Mail,90,Houses_Rawalpindi,2026-07-24,https://www.zameen.com/Property/bahria_town_phase_8_bahria_town_phase_8_-_block_b_10_marla_house_with_10_kva_solar_b_block_bahria_town_rawalpindi-54429955-3050-1.html
Highly-Desirable House Available In Bahria Town Phase 3 For Sale,PKR 3.9 Crore,39000000,5,,10 Marla,2250.0,17333,House,True,22,super hot22VerifiedShare on FacebookShare on TwitterShare on WhatsAppSend via GMailSend via E-Mail,98,Houses_Rawalpindi,2026-07-24,https://www.zameen.com/Property/bahria_town_rawalpindi_bahria_town_phase_3_highly-desirable_house_available_in_bahria_town_phase_3_for_sale-54316980-3036-1.html
Ali Block Corner Triple Story Like a brand New Owner Build House Available For Sale at Bahria Town Phase 8 Rawalpindi Islamabad,PKR 2.1 Crore,21000000,3,4,5 Marla,1125.0,18666,House,True,26,super hot26Share on FacebookShare on TwitterShare on WhatsAppSend via GMailSend via E-Mail,90,Houses_Rawalpindi,2026-07-24,https://www.zameen.com/Property/bahria_town_phase_8_safari_valley_bahria_town_phase_8_-_ali_block_ali_block_corner_triple_story_like_a_brand_new_owner_build_house_available_for_sale_at_bahria_town_phase_8_rawalpindi_islamabad-54334681-3070-1.html
10Marla Brand new House for sale in Bahria Town Phase 2 Rawalpindi.,PKR 5.9 Crore,59000000,5,6,10 Marla,2250.0,26222,House,True,12,super hot12Share on FacebookShare on TwitterShare on WhatsAppSend via GMailSend via E-Mail,90,Houses_Rawalpindi,2026-07-24,https://www.zameen.com/Property/rawalpindi_bahria_town_rawalpindi_10marla_brand_new_house_for_sale_in_bahria_town_phase_2_rawalpindi-54507983-632-1.html
10 Marla House Urgent For Sale,PKR 8 Crore,80000000,5,6,10 Marla,2250.0,35555,House,True,29,super hot29Share on FacebookShare on TwitterShare on WhatsAppSend via GMailSend via E-Mail,90,Houses_Rawalpindi,2026-07-24,https://www.zameen.com/Property/satellite_town_satellite_town_-_block_e_10_marla_house_urgent_for_sale-50607778-10239-1.html
5 Marla Luxury Single Story House For Sale In Airport Housing Society,PKR 1.4 Crore,14000000,2,3,5 Marla,1125.0,12444,House,True,11,super hot11Share on FacebookShare on TwitterShare on WhatsAppSend via GMailSend via E-Mail,90,Houses_Rawalpindi,2026-07-24,https://www.zameen.com/Property/airport_housing_society_airport_housing_society_-_sector_4_5_marla_luxury_single_story_house_for_sale_in_airport_housing_society-54507864-9155-1.html
Spacious 1 Kanal Used House in Prime Location,PKR 7.5 Crore,75000000,6,6,1 Kanal,4500.0,16666,House,True,15,super hot15Share on FacebookShare on TwitterShare on WhatsAppSend via GMailSend via E-Mail,90,Houses_Rawalpindi,2026-07-24,https://www.zameen.com/Property/bahria_town_rawalpindi_bahria_town_phase_7_spacious_1_kanal_used_house_in_prime_location-54507038-3047-1.html
16 Marla Home For Sale In Prime Bahria Town Location,PKR 7.85 Crore,78500000,5,6,16 Marla,3600.0,21805,House,True,48,hot48Share on FacebookShare on TwitterShare on WhatsAppSend via GMailSend via E-Mail,84,Houses_Rawalpindi,2026-07-24,https://www.zameen.com/Property/bahria_town_rawalpindi_bahria_intellectual_village_16_marla_home_for_sale_in_prime_bahria_town_location-51438661-8256-1.html
1 Kanal House For Sale In Overseas 5,PKR 9.5 Crore,95000000,5,6,1 Kanal,4500.0,21111,House,True,49,hot49Share on FacebookShare on TwitterShare on WhatsAppSend via GMailSend via E-Mail,84,Houses_Rawalpindi,2026-07-24,https://www.zameen.com/Property/bahria_greens_overseas_enclave_bahria_greens_-_overseas_enclave_-_sector_5_1_kanal_house_for_sale_in_overseas_5-52103070-8304-1.html
7 Marla Full House Available For sale in Bahria town phase 8 Rawalpindi,PKR 2.7 Crore,27000000,5,6,7 Marla,1575.0,17142,House,False,15,hot15Share on FacebookShare on TwitterShare on WhatsAppSend via GMailSend via E-Mail,84,Houses_Rawalpindi,2026-07-24,https://www.zameen.com/Property/bahria_town_phase_8_safari_valley_bahria_town_phase_8_-_abu_bakar_block_7_marla_full_house_available_for_sale_in_bahria_town_phase_8_rawalpindi-54182491-3069-1.html
7 Marla Full House Available For sale in Bahria town phase 8 Rawalpindi,PKR 2.45 Crore,24500000,5,6,7 Marla,1575.0,15555,House,False,15,hot15Share on FacebookShare on TwitterShare on WhatsAppSend via GMailSend via E-Mail,84,Houses_Rawalpindi,2026-07-24,https://www.zameen.com/Property/bahria_town_phase_8_safari_valley_bahria_town_phase_8_-_usman_block_7_marla_full_house_available_for_sale_in_bahria_town_phase_8_rawalpindi-54171454-3068-1.html
5 Marla Brand New House Available For Sale In Bahria Town Phase 8 Rawalpindi,PKR 2.2 Crore,22000000,3,4,5 Marla,1125.0,19555,House,False,25,hot25Share on FacebookShare on TwitterShare on WhatsAppSend via GMailSend via E-Mail,84,Houses_Rawalpindi,2026-07-24,https://www.zameen.com/Property/bahria_town_rawalpindi_bahria_town_phase_8_5_marla_brand_new_house_available_for_sale_in_bahria_town_phase_8_rawalpindi-54160409-3048-1.html
5 Marla Brand New House Available For sale In Bahria town phase 8 Rawalpindi,PKR 2.15 Crore,21500000,4,5,5 Marla,1125.0,19111,House,False,12,hot12Share on FacebookShare on TwitterShare on WhatsAppSend via GMailSend via E-Mail,84,Houses_Rawalpindi,2026-07-24,https://www.zameen.com/Property/bahria_town_phase_8_bahria_town_phase_8_-_block_m_5_marla_brand_new_house_available_for_sale_in_bahria_town_phase_8_rawalpindi-54153573-3062-1.html
10 Marla Double Storey House For Sale Gulraiz Rawalpindi,PKR 4.75 Crore,47500000,6,7,12 Marla,2700.0,17592,House,False,9,hot9Share on FacebookShare on TwitterShare on WhatsAppSend via GMailSend via E-Mail,83,Houses_Rawalpindi,2026-07-24,https://www.zameen.com/Property/rawalpindi_gulraiz_housing_scheme_10_marla_double_storey_house_for_sale_gulraiz_rawalpindi-54198479-438-1.html
Bahria Town Phase 8 - Block M House Sized 5 Marla For sale,PKR 2.05 Crore,20500000,3,3,5 Marla,1125.0,18222,House,False,14,14Share on FacebookShare on TwitterShare on WhatsAppSend via GMailSend via E-Mail,81,Houses_Rawalpindi,2026-07-24,https://www.zameen.com/Property/bahria_town_phase_8_bahria_town_phase_8_-_block_m_bahria_town_phase_8_-_block_m_house_sized_5_marla_for_sale-54222046-3062-1.html
Best Options For House Is Available For sale In Bahria Town Phase 8 - Rafi Block,PKR 2.16 Crore,21600000,4,4,5 Marla,1125.0,19200,House,False,12,12Share on FacebookShare on TwitterShare on WhatsAppSend via GMailSend via E-Mail,81,Houses_Rawalpindi,2026-07-24,https://www.zameen.com/Property/bahria_town_phase_8_bahria_town_phase_8_-_rafi_block_best_options_for_house_is_available_for_sale_in_bahria_town_phase_8_-_rafi_block-54222044-3071-1.html
Get In Touch Now To Buy A 5 Marla House In Rawalpindi,PKR 2.1 Crore,21000000,3,3,5 Marla,1125.0,18666,House,False,9,9Share on FacebookShare on TwitterShare on WhatsAppSend via GMailSend via E-Mail,80,Houses_Rawalpindi,2026-07-24,https://www.zameen.com/Property/bahria_town_phase_8_safari_valley_bahria_town_phase_8_-_ali_block_get_in_touch_now_to_buy_a_5_marla_house_in_rawalpindi-54222045-3070-1.html
In Bahria Town Phase 8 - Block M 5 Marla House For sale,PKR 2.18 Crore,21800000,4,4,5 Marla,1125.0,19377,House,False,5,5VerifiedShare on FacebookShare on TwitterShare on WhatsAppSend via GMailSend via E-Mail,88,Houses_Rawalpindi,2026-07-24,https://www.zameen.com/Property/bahria_town_phase_8_bahria_town_phase_8_-_block_m_in_bahria_town_phase_8_-_block_m_5_marla_house_for_sale-54222043-3062-1.html
5 Marla House Up For sale In Bahria Town Phase 8 - Ali Block,PKR 2.3 Crore,23000000,4,4,5 Marla,1125.0,20444,House,False,11,11Share on FacebookShare on TwitterShare on WhatsAppSend via GMailSend via E-Mail,81,Houses_Rawalpindi,2026-07-24,https://www.zameen.com/Property/bahria_town_phase_8_safari_valley_bahria_town_phase_8_-_ali_block_5_marla_house_up_for_sale_in_bahria_town_phase_8_-_ali_block-54222042-3070-1.html
House Is Available For sale In Bahria Town Phase 8 - Block M,PKR 2.22 Crore,22200000,4,4,5 Marla,1125.0,19733,House,False,5,5VerifiedShare on FacebookShare on TwitterShare on WhatsAppSend via GMailSend via E-Mail,88,Houses_Rawalpindi,2026-07-24,https://www.zameen.com/Property/bahria_town_phase_8_bahria_town_phase_8_-_block_m_house_is_available_for_sale_in_bahria_town_phase_8_-_block_m-54222040-3062-1.html
5 Marla House For sale In Bahria Town Phase 8 - Rafi Block Rawalpindi,PKR 2.25 Crore,22500000,4,4,5 Marla,1125.0,20000,House,False,9,9Share on FacebookShare on TwitterShare on WhatsAppSend via GMailSend via E-Mail,80,Houses_Rawalpindi,2026-07-24,https://www.zameen.com/Property/bahria_town_phase_8_bahria_town_phase_8_-_rafi_block_5_marla_house_for_sale_in_bahria_town_phase_8_-_rafi_block_rawalpindi-54222041-3071-1.html
sale The Ideally Located House For An Incredible Price Of Pkr Rs. 22000000,PKR 2.2 Crore,22000000,4,4,5 Marla,1125.0,19555,House,False,12,12Share on FacebookShare on TwitterShare on WhatsAppSend via GMailSend via E-Mail,81,Houses_Rawalpindi,2026-07-24,https://www.zameen.com/Property/bahria_town_phase_8_safari_valley_bahria_town_phase_8_-_ali_block_sale_the_ideally_located_house_for_an_incredible_price_of_pkr_rs_22000000-54222039-3070-1.html
Designer Luxury House Available For Sale,PKR 5.3 Crore,53000000,4,6,10 Marla,2250.0,23555,House,True,35,super hot35Share on FacebookShare on TwitterShare on WhatsAppSend via GMailSend via E-Mail,90,Houses_Rawalpindi,2026-07-24,https://www.zameen.com/Property/bahria_town_rawalpindi_bahria_town_phase_7_designer_luxury_house_available_for_sale-54499117-3047-1.html
Designer House 7 bedroom Investor Rate,PKR 7.95 Crore,79500000,7,6,1 Kanal,4500.0,17666,House,True,35,super hot351Share on FacebookShare on TwitterShare on WhatsAppSend via GMailSend via E-Mail,91,Houses_Rawalpindi,2026-07-24,https://www.zameen.com/Property/bahria_greens_overseas_enclave_bahria_greens_-_overseas_enclave_-_sector_5_designer_house_7_bedroom_investor_rate-54498943-8304-1.html
Luxurious Designer House available For Sale,PKR 6.3 Crore,63000000,5,6,10 Marla,2250.0,28000,House,True,50,super hot50Share on FacebookShare on TwitterShare on WhatsAppSend via GMailSend via E-Mail,90,Houses_Rawalpindi,2026-07-24,https://www.zameen.com/Property/bahria_greens_overseas_enclave_bahria_greens_-_overseas_enclave_-_sector_2_luxurious_designer_house_available_for_sale-54499804-8301-1.html
Modern Designer Fully Furnished House For Sale Bharia Town Phase 2,PKR 14.8 Crore,148000000,5,6,1 Kanal,4500.0,32888,House,True,49,super hot491Share on FacebookShare on TwitterShare on WhatsAppSend via GMailSend via E-Mail,91,Houses_Rawalpindi,2026-07-24,https://www.zameen.com/Property/bahria_town_rawalpindi_bahria_town_phase_2_modern_designer_fully_furnished_house_for_sale_bharia_town_phase_2-51847077-3035-1.html
1 Kanal House For Sale,PKR 6.5 Crore,65000000,5,6,1 Kanal,4500.0,14444,House,True,32,super hot32Share on FacebookShare on TwitterShare on WhatsAppSend via GMailSend via E-Mail,90,Houses_Rawalpindi,2026-07-24,https://www.zameen.com/Property/bahria_town_rawalpindi_bahria_town_phase_6_1_kanal_house_for_sale-54499007-3046-1.html
12 Marla House In Bahria Greens - Overseas Enclave - Sector 6 Is Available,PKR 5.5 Crore,55000000,5,5,12 Marla,2700.0,20370,House,True,14,super hot14VerifiedShare on FacebookShare on TwitterShare on WhatsAppSend via GMailSend via E-Mail,98,Houses_Rawalpindi,2026-07-24,https://www.zameen.com/Property/bahria_greens_overseas_enclave_bahria_greens_-_overseas_enclave_-_sector_6_12_marla_house_in_bahria_greens_-_overseas_enclave_-_sector_6_is_available-54457918-8305-1.html
1 Kanal Designer House In Bahria Phase 6 (Under CDA) For Sale,PKR 8 Crore,80000000,6,6,1 Kanal,4500.0,17777,House,True,17,super hot17Share on FacebookShare on TwitterShare on WhatsAppSend via GMailSend via E-Mail,90,Houses_Rawalpindi,2026-07-24,https://www.zameen.com/Property/bahria_town_rawalpindi_bahria_town_phase_6_1_kanal_designer_house_in_bahria_phase_6_under_cda_for_sale-54095309-3046-1.html
9 Bedroom Brand New 16 Marla House,PKR 5.5 Crore,55000000,5,6,16 Marla,3600.0,15277,House,True,45,super hot45Share on FacebookShare on TwitterShare on WhatsAppSend via GMailSend via E-Mail,90,Houses_Rawalpindi,2026-07-24,https://www.zameen.com/Property/bahria_town_phase_8_bahria_town_phase_8_-_block_l_9_bedroom_brand_new_16_marla_house-54182248-3061-1.html
new 10 marla house for sale 5 bed room 2 drawing 2 kitchen 5 both,PKR 5.4 Crore,54000000,5,5,12.1 Marla,2722.5,19834,House,True,5,super hot5Share on FacebookShare on TwitterShare on WhatsAppSend via GMailSend via E-Mail,89,Houses_Rawalpindi,2026-07-24,https://www.zameen.com/Property/rawalpindi_peshawar_road_new_10_marla_house_for_sale_5_bed_room_2_drawing_2_kitchen_5_both-54510544-517-1.html
Beautiful 6 Marla House For Sale,PKR 3.25 Crore,32500000,5,3,6 Marla,1350.0,24074,House,True,8,super hot8Share on FacebookShare on TwitterShare on WhatsAppSend via GMailSend via E-Mail,89,Houses_Rawalpindi,2026-07-24,https://www.zameen.com/Property/gulraiz_housing_scheme_gulraiz_housing_society_phase_3_beautiful_6_marla_house_for_sale-54469265-14973-1.html
Luxurious Kanal House For Sale With Lawn Sector A,PKR 11 Crore,110000000,7,7,1 Kanal,4500.0,24444,House,True,49,hot49Share on FacebookShare on TwitterShare on WhatsAppSend via GMailSend via E-Mail,84,Houses_Rawalpindi,2026-07-24,https://www.zameen.com/Property/bahria_town_phase_8_bahria_town_phase_8_-_block_a_luxurious_kanal_house_for_sale_with_lawn_sector_a-52362597-3049-1.html
24 Marla Luxury House Intellectual Village,PKR 16.25 Crore,162500000,6,6,1.2 Kanal,5400.0,30092,House,True,50,hot50Share on FacebookShare on TwitterShare on WhatsAppSend via GMailSend via E-Mail,84,Houses_Rawalpindi,2026-07-24,https://www.zameen.com/Property/bahria_town_rawalpindi_bahria_intellectual_village_24_marla_luxury_house_intellectual_village-52456170-8256-1.html
10 Marla Used House for Sale| Prime Location| Bahria Town,PKR 3.8 Crore,38000000,5,6,10 Marla,2250.0,16888,House,False,17,hot17Share on FacebookShare on TwitterShare on WhatsAppSend via GMailSend via E-Mail,84,Houses_Rawalpindi,2026-07-24,https://www.zameen.com/Property/bahria_town_rawalpindi_bahria_town_phase_8_10_marla_used_house_for_sale_prime_location_bahria_town-54511086-3048-1.html
7 Marla House For Sale In Very Decent Price,PKR 2.3 Crore,23000000,5,5,7 Marla,1575.0,14603,House,False,24,hot24Share on FacebookShare on TwitterShare on WhatsAppSend via GMailSend via E-Mail,84,Houses_Rawalpindi,2026-07-24,https://www.zameen.com/Property/bahria_town_rawalpindi_bahria_town_phase_8_7_marla_house_for_sale_in_very_decent_price-53585299-3048-1.html
5 Marla Modren House For Sale In Very Reasonable Price With Solar System,PKR 1.75 Crore,17500000,4,5,5 Marla,1125.0,15555,House,False,12,hot12Share on FacebookShare on TwitterShare on WhatsAppSend via GMailSend via E-Mail,84,Houses_Rawalpindi,2026-07-24,https://www.zameen.com/Property/bahria_town_rawalpindi_bahria_town_phase_8_5_marla_modren_house_for_sale_in_very_reasonable_price_with_solar_system-53490053-3048-1.html
House Available For Sale In Bahria Town Phase 3,PKR 8.5 Crore,85000000,6,6,1 Kanal,4500.0,18888,House,False,6,hot6Share on FacebookShare on TwitterShare on WhatsAppSend via GMailSend via E-Mail,83,Houses_Rawalpindi,2026-07-24,https://www.zameen.com/Property/bahria_town_rawalpindi_bahria_town_phase_3_house_available_for_sale_in_bahria_town_phase_3-47775642-3036-1.html
16 Marla Corner Modern House With Lawn For Sale At Very Reasonable Price,PKR 4 Crore,40000000,5,6,16 Marla,3600.0,11111,House,False,11,hot11Share on FacebookShare on TwitterShare on WhatsAppSend via GMailSend via E-Mail,84,Houses_Rawalpindi,2026-07-24,https://www.zameen.com/Property/bahria_town_rawalpindi_bahria_town_phase_8_16_marla_corner_modern_house_with_lawn_for_sale_at_very_reasonable_price-54029159-3048-1.html
5 Marla Brand New House Available For Sale In Bahria Town Phase 8 Rawalpindi,PKR 2.1 Crore,21000000,3,4,5 Marla,1125.0,18666,House,False,11,11Share on FacebookShare on TwitterShare on WhatsAppSend via GMailSend via E-Mail,81,Houses_Rawalpindi,2026-07-24,https://www.zameen.com/Property/bahria_town_rawalpindi_bahria_town_phase_8_5_marla_brand_new_house_available_for_sale_in_bahria_town_phase_8_rawalpindi-54208467-3048-1.html
5 Marla Brand New House Available For Sale In Bahria Town Phase 8 Rawalpindi,PKR 2.1 Crore,21000000,3,4,5 Marla,1125.0,18666,House,False,10,10Share on FacebookShare on TwitterShare on WhatsAppSend via GMailSend via E-Mail,81,Houses_Rawalpindi,2026-07-24,https://www.zameen.com/Property/bahria_town_rawalpindi_bahria_town_phase_8_5_marla_brand_new_house_available_for_sale_in_bahria_town_phase_8_rawalpindi-54198833-3048-1.html
5 Marla Brand New House Available For Sale In Bahria Town Phase 8 Rawalpindi,PKR 2.1 Crore,21000000,4,4,5 Marla,1125.0,18666,House,False,17,17Share on FacebookShare on TwitterShare on WhatsAppSend via GMailSend via E-Mail,81,Houses_Rawalpindi,2026-07-24,https://www.zameen.com/Property/bahria_town_rawalpindi_bahria_town_phase_8_5_marla_brand_new_house_available_for_sale_in_bahria_town_phase_8_rawalpindi-54198675-3048-1.html
5 Marla Brand New House Available For sale In Bahria town phase 8 Rawalpindi,PKR 2.1 Crore,21000000,4,4,5 Marla,1125.0,18666,House,False,18,18Share on FacebookShare on TwitterShare on WhatsAppSend via GMailSend via E-Mail,81,Houses_Rawalpindi,2026-07-24,https://www.zameen.com/Property/bahria_town_rawalpindi_bahria_town_phase_8_5_marla_brand_new_house_available_for_sale_in_bahria_town_phase_8_rawalpindi-54198472-3048-1.html
5 Marla Brand New House Available For sale In Bahria town phase 8 Rawalpindi,PKR 2.25 Crore,22500000,3,3,5 Marla,1125.0,20000,House,False,21,21Share on FacebookShare on TwitterShare on WhatsAppSend via GMailSend via E-Mail,81,Houses_Rawalpindi,2026-07-24,https://www.zameen.com/Property/bahria_town_phase_8_bahria_town_phase_8_-_block_m_5_marla_brand_new_house_available_for_sale_in_bahria_town_phase_8_rawalpindi-54198455-3062-1.html
7 Marla Full House Available For Sale In Bahria Town Phase 8 Rawalpindi,PKR 2.55 Crore,25500000,5,6,7 Marla,1575.0,16190,House,False,10,10Share on FacebookShare on TwitterShare on WhatsAppSend via GMailSend via E-Mail,81,Houses_Rawalpindi,2026-07-24,https://www.zameen.com/Property/bahria_town_phase_8_safari_valley_bahria_town_phase_8_-_ali_block_7_marla_full_house_available_for_sale_in_bahria_town_phase_8_rawalpindi-54187083-3070-1.html
7 Marla Full House Available For sale in Bahria town phase 8 Rawalpindi,PKR 2.7 Crore,27000000,5,6,7 Marla,1575.0,17142,House,False,13,13Share on FacebookShare on TwitterShare on WhatsAppSend via GMailSend via E-Mail,81,Houses_Rawalpindi,2026-07-24,https://www.zameen.com/Property/bahria_town_phase_8_safari_valley_bahria_town_phase_8_-_umer_block_7_marla_full_house_available_for_sale_in_bahria_town_phase_8_rawalpindi-54182518-3067-1.html
7 Marla Full House Available For sale in Bahria town phase 8 Rawalpindi,PKR 2.5 Crore,25000000,5,6,7 Marla,1575.0,15873,House,False,12,12Share on FacebookShare on TwitterShare on WhatsAppSend via GMailSend via E-Mail,81,Houses_Rawalpindi,2026-07-24,https://www.zameen.com/Property/bahria_town_phase_8_safari_valley_bahria_town_phase_8_-_umer_block_7_marla_full_house_available_for_sale_in_bahria_town_phase_8_rawalpindi-54182489-3067-1.html
10 Marla Brand New House Available For Sale.,PKR 3.75 Crore,37500000,7,,10 Marla,2250.0,16666,House,True,48,super hot481Share on FacebookShare on TwitterShare on WhatsAppSend via GMailSend via E-Mail,91,Houses_Rawalpindi,2026-07-24,https://www.zameen.com/Property/rawalpindi_gulshan_abad_10_marla_brand_new_house_available_for_sale-53941994-1058-1.html
Slightly Used Designer House At Investor Price,PKR 9.5 Crore,95000000,5,6,1 Kanal,4500.0,21111,House,True,49,super hot49Share on FacebookShare on TwitterShare on WhatsAppSend via GMailSend via E-Mail,90,Houses_Rawalpindi,2026-07-24,https://www.zameen.com/Property/bahria_town_rawalpindi_bahria_town_phase_3_slightly_used_designer_house_at_investor_price-47465238-3036-1.html
"Special Area, Phase 2 Bahria Town Brand New Designer 5-Bed Double-Unit House For Sale At A Prime Location",PKR 14.9 Crore,149000000,14,6,1 Kanal,4500.0,33111,House,True,50,super hot50Share on FacebookShare on TwitterShare on WhatsAppSend via GMailSend via E-Mail,90,Houses_Rawalpindi,2026-07-24,https://www.zameen.com/Property/bahria_town_rawalpindi_bahria_town_phase_2_special_area_phase_2_bahria_town_brand_new_designer_5-bed_double-unit_house_for_sale_at_a_prime_location-52364728-3035-1.html
Investor Rate Brand New House Back Open,PKR 4.25 Crore,42500000,5,6,12 Marla,2700.0,15740,House,True,46,super hot46Share on FacebookShare on TwitterShare on WhatsAppSend via GMailSend via E-Mail,90,Houses_Rawalpindi,2026-07-24,https://www.zameen.com/Property/bahria_town_phase_8_bahria_town_phase_8_-_block_c_investor_rate_brand_new_house_back_open-54357034-3051-1.html
12 Marla Designer House With Solar,PKR 4.65 Crore,46500000,4,6,12 Marla,2700.0,17222,House,True,48,super hot48Share on FacebookShare on TwitterShare on WhatsAppSend via GMailSend via E-Mail,90,Houses_Rawalpindi,2026-07-24,https://www.zameen.com/Property/bahria_greens_overseas_enclave_bahria_greens_-_overseas_enclave_-_sector_3_12_marla_designer_house_with_solar-54173803-8302-1.html
Your Dream Home for sale,PKR 3.7 Crore,37000000,5,6,10 Marla,2250.0,16444,Unknown,True,8,super hot8Share on FacebookShare on TwitterShare on WhatsAppSend via GMailSend via E-Mail,89,Houses_Rawalpindi,2026-07-24,https://www.zameen.com/Property/bahria_town_phase_8_bahria_town_phase_8_-_sector_f-1_your_dream_home_for_sale-54508066-3095-1.html
Brand New Designer House For Sale,PKR 6.1 Crore,61000000,5,6,5 Marla,1125.0,54222,House,True,7,super hot7Share on FacebookShare on TwitterShare on WhatsAppSend via GMailSend via E-Mail,89,Houses_Rawalpindi,2026-07-24,https://www.zameen.com/Property/rawalpindi_satellite_town_brand_new_designer_house_for_sale-54507998-433-1.html
Buying A Prime Location House In Caltex Road?,PKR 2.4 Crore,24000000,4,4,5 Marla,1125.0,21333,House,True,21,super hot21Share on FacebookShare on TwitterShare on WhatsAppSend via GMailSend via E-Mail,90,Houses_Rawalpindi,2026-07-24,https://www.zameen.com/Property/rawalpindi_caltex_road_buying_a_prime_location_house_in_caltex_road-53936847-9457-1.html
10 Marla House For Sale In Bahria Town Rawalpindi Phase 3,PKR 3.75 Crore,37500000,,,10 Marla,2250.0,16666,House,True,18,super hot18Share on FacebookShare on TwitterShare on WhatsAppSend via GMailSend via E-Mail,90,Houses_Rawalpindi,2026-07-24,https://www.zameen.com/Property/bahria_town_rawalpindi_bahria_town_phase_3_10_marla_house_for_sale_in_bahria_town_rawalpindi_phase_3-54420533-3036-1.html
5 marla brandnew top location registery area,PKR 2.45 Crore,24500000,4,4,5 Marla,1125.0,21777,House,True,15,super hot15Share on FacebookShare on TwitterShare on WhatsAppSend via GMailSend via E-Mail,90,Houses_Rawalpindi,2026-07-24,https://www.zameen.com/Property/bahria_town_phase_8_safari_valley_bahria_town_phase_8_-_ali_block_5_marla_brandnew_top_location_registery_area-54502292-3070-1.html
1.5 Kanal Corner House Bahria Town Phase 8,PKR 15 Crore,150000000,6,7,1 Kanal,4500.0,33333,House,True,50,hot50Share on FacebookShare on TwitterShare on WhatsAppSend via GMailSend via E-Mail,84,Houses_Rawalpindi,2026-07-24,https://www.zameen.com/Property/bahria_town_phase_8_bahria_town_phase_8_-_block_h_1_5_kanal_corner_house_bahria_town_phase_8-52785148-3056-1.html
10 Marla Modern House Overseas 2 Bahria Town Phase 8,PKR 4.9 Crore,49000000,5,6,10 Marla,2250.0,21777,House,True,48,hot48Share on FacebookShare on TwitterShare on WhatsAppSend via GMailSend via E-Mail,84,Houses_Rawalpindi,2026-07-24,https://www.zameen.com/Property/bahria_greens_overseas_enclave_bahria_greens_-_overseas_enclave_-_sector_2_10_marla_modern_house_overseas_2_bahria_town_phase_8-53010971-8301-1.html
Brand New Luxury 10 Marla House with 10kw Solar System for Sale| Prime Location| Bahria Town,PKR 3.7 Crore,37000000,5,6,10 Marla,2250.0,16444,House,False,16,hot16Share on FacebookShare on TwitterShare on WhatsAppSend via GMailSend via E-Mail,84,Houses_Rawalpindi,2026-07-24,https://www.zameen.com/Property/bahria_town_rawalpindi_bahria_town_phase_8_brand_new_luxury_10_marla_house_with_10kw_solar_system_for_sale_prime_location_bahria_town-54331420-3048-1.html
5.5 Marla Corner Brand New House for Sale! Prime location! Bahria town,PKR 2.5 Crore,25000000,3,4,5.5 Marla,1237.5,20202,House,False,11,hot11Share on FacebookShare on TwitterShare on WhatsAppSend via GMailSend via E-Mail,84,Houses_Rawalpindi,2026-07-24,https://www.zameen.com/Property/bahria_town_rawalpindi_bahria_town_phase_7_5_5_marla_corner_brand_new_house_for_sale_prime_location_bahria_town-54350461-3047-1.html
1 Kanal with 10 Marla lawn and 15kW Solar Installed House for Sale| Prime Location| Bahria Town,PKR 7.7 Crore,77000000,6,6,1.5 Kanal,6750.0,11407,House,False,13,hot13Share on FacebookShare on TwitterShare on WhatsAppSend via GMailSend via E-Mail,84,Houses_Rawalpindi,2026-07-24,https://www.zameen.com/Property/bahria_town_rawalpindi_bahria_town_phase_8_1_kanal_with_10_marla_lawn_and_15kw_solar_installed_house_for_sale_prime_location_bahria_town-54338622-3048-1.html
7 Marla Used House for Sale in Unbeatable price!,PKR 2.4 Crore,24000000,4,5,7 Marla,1575.0,15238,House,False,14,hot14Share on FacebookShare on TwitterShare on WhatsAppSend via GMailSend via E-Mail,84,Houses_Rawalpindi,2026-07-24,https://www.zameen.com/Property/bahria_town_rawalpindi_bahria_town_phase_8_7_marla_used_house_for_sale_in_unbeatable_price-54338498-3048-1.html
5 Marla Park Face Brand New House For Sale At Very Economical Price!,PKR 1.85 Crore,18500000,3,4,5 Marla,1125.0,16444,House,False,7,hot7Share on FacebookShare on TwitterShare on WhatsAppSend via GMailSend via E-Mail,83,Houses_Rawalpindi,2026-07-24,https://www.zameen.com/Property/bahria_town_rawalpindi_bahria_town_phase_8_5_marla_park_face_brand_new_house_for_sale_at_very_economical_price-54355752-3048-1.html
7 Marla Full House Available For Sale In Bahria Town Phase 8 Rawalpindi,PKR 2.6 Crore,26000000,5,6,7 Marla,1575.0,16507,House,False,12,12Share on FacebookShare on TwitterShare on WhatsAppSend via GMailSend via E-Mail,81,Houses_Rawalpindi,2026-07-24,https://www.zameen.com/Property/bahria_town_phase_8_safari_valley_bahria_town_phase_8_-_usman_block_7_marla_full_house_available_for_sale_in_bahria_town_phase_8_rawalpindi-54182488-3068-1.html
7 Marla Brand New House Available For sale In Bahria town phase 8 Rawalpindi,PKR 2.4 Crore,24000000,5,6,7 Marla,1575.0,15238,House,False,9,9Share on FacebookShare on TwitterShare on WhatsAppSend via GMailSend via E-Mail,80,Houses_Rawalpindi,2026-07-24,https://www.zameen.com/Property/bahria_town_phase_8_safari_valley_bahria_town_phase_8_-_abu_bakar_block_7_marla_brand_new_house_available_for_sale_in_bahria_town_phase_8_rawalpindi-54171444-3069-1.html
7 Marla Brand New House Available For Sale In Bahria Town Phase 8 Rawalpindi,PKR 2.45 Crore,24500000,5,6,7 Marla,1575.0,15555,House,False,11,11Share on FacebookShare on TwitterShare on WhatsAppSend via GMailSend via E-Mail,81,Houses_Rawalpindi,2026-07-24,https://www.zameen.com/Property/bahria_town_phase_8_safari_valley_bahria_town_phase_8_-_usman_block_7_marla_brand_new_house_available_for_sale_in_bahria_town_phase_8_rawalpindi-54171441-3068-1.html
7 Marla Full House Available For sale in Bahria town phase 8 Rawalpindi,PKR 2.4 Crore,24000000,5,6,7 Marla,1575.0,15238,House,False,13,13Share on FacebookShare on TwitterShare on WhatsAppSend via GMailSend via E-Mail,81,Houses_Rawalpindi,2026-07-24,https://www.zameen.com/Property/bahria_town_phase_8_safari_valley_bahria_town_phase_8_-_usman_block_7_marla_full_house_available_for_sale_in_bahria_town_phase_8_rawalpindi-54171439-3068-1.html
5 Marla Brand New House Available For sale In Bahria town phase 8 Rawalpindi,PKR 2.02 Crore,20200000,3,4,5 Marla,1125.0,17955,House,False,12,12Share on FacebookShare on TwitterShare on WhatsAppSend via GMailSend via E-Mail,81,Houses_Rawalpindi,2026-07-24,https://www.zameen.com/Property/bahria_town_rawalpindi_bahria_town_phase_8_5_marla_brand_new_house_available_for_sale_in_bahria_town_phase_8_rawalpindi-54171428-3048-1.html
5 Marla Brand New House Available For sale In Bahria town phase 8 Rawalpindi,PKR 2.02 Crore,20200000,3,4,5 Marla,1125.0,17955,House,False,16,16Share on FacebookShare on TwitterShare on WhatsAppSend via GMailSend via E-Mail,81,Houses_Rawalpindi,2026-07-24,https://www.zameen.com/Property/bahria_town_rawalpindi_bahria_town_phase_8_5_marla_brand_new_house_available_for_sale_in_bahria_town_phase_8_rawalpindi-54160394-3048-1.html
5 Marla Brand New House Available For Sale In Bahria Town Phase 8 Rawalpindi,PKR 1.98 Crore,19800000,3,4,5 Marla,1125.0,17600,House,False,14,14Share on FacebookShare on TwitterShare on WhatsAppSend via GMailSend via E-Mail,81,Houses_Rawalpindi,2026-07-24,https://www.zameen.com/Property/bahria_town_rawalpindi_bahria_town_phase_8_5_marla_brand_new_house_available_for_sale_in_bahria_town_phase_8_rawalpindi-54160382-3048-1.html
5 Marla Brand New House Available For Sale In Bahria Town Phase 8 Rawalpindi,PKR 2.05 Crore,20500000,3,4,5 Marla,1125.0,18222,House,False,15,15Share on FacebookShare on TwitterShare on WhatsAppSend via GMailSend via E-Mail,81,Houses_Rawalpindi,2026-07-24,https://www.zameen.com/Property/bahria_town_rawalpindi_bahria_town_phase_8_5_marla_brand_new_house_available_for_sale_in_bahria_town_phase_8_rawalpindi-54160363-3048-1.html
Brand New Park Face Modern Designer House For Sale,PKR 16.25 Crore,162500000,6,6,1 Kanal,4500.0,36111,House,True,50,super hot50Share on FacebookShare on TwitterShare on WhatsAppSend via GMailSend via E-Mail,90,Houses_Rawalpindi,2026-07-24,https://www.zameen.com/Property/bahria_town_rawalpindi_bahria_town_phase_5_brand_new_park_face_modern_designer_house_for_sale-54276141-3045-1.html
Designer Luxury 1 Kanal Brand New House,PKR 12.8 Crore,128000000,5,6,1 Kanal,4500.0,28444,House,True,41,super hot411Share on FacebookShare on TwitterShare on WhatsAppSend via GMailSend via E-Mail,91,Houses_Rawalpindi,2026-07-24,https://www.zameen.com/Property/bahria_town_rawalpindi_bahria_town_phase_8_designer_luxury_1_kanal_brand_new_house-54154815-3048-1.html
1 Kanal house for sale in phase 6 bahria town Rawalpindi,PKR 6.75 Crore,67500000,5,6,18 Marla,4050.0,16666,House,True,31,super hot31Share on FacebookShare on TwitterShare on WhatsAppSend via GMailSend via E-Mail,90,Houses_Rawalpindi,2026-07-24,https://www.zameen.com/Property/bahria_town_rawalpindi_bahria_town_phase_6_1_kanal_house_for_sale_in_phase_6_bahria_town_rawalpindi-54462906-3046-1.html
Beautiful House In Media Town,PKR 5.15 Crore,51500000,6,6,12 Marla,2700.0,19074,House,True,12,super hot12Share on FacebookShare on TwitterShare on WhatsAppSend via GMailSend via E-Mail,90,Houses_Rawalpindi,2026-07-24,https://www.zameen.com/Property/media_town_media_town_-_block_c_beautiful_house_in_media_town-54160399-16392-1.html
1 KANAL BEAUTIFUL DESIGNER HOUSE,PKR 9 Crore,90000000,5,6,1 Kanal,4500.0,20000,House,True,36,super hot36Share on FacebookShare on TwitterShare on WhatsAppSend via GMailSend via E-Mail,90,Houses_Rawalpindi,2026-07-24,https://www.zameen.com/Property/bahria_town_rawalpindi_bahria_town_phase_5_1_kanal_beautiful_designer_house-54403080-3045-1.html
Prime Location House Of 5 Marla In Snober City Is Available,PKR 1.45 Crore,14500000,3,3,5 Marla,1125.0,12888,House,True,28,super hot281VerifiedShare on FacebookShare on TwitterShare on WhatsAppSend via GMailSend via E-Mail,99,Houses_Rawalpindi,2026-07-24,https://www.zameen.com/Property/adiala_road_snober_city_prime_location_house_of_5_marla_in_snober_city_is_available-54508480-11748-1.html
Affordable Prime Location House For sale In Airport Housing Society,PKR 1.65 Crore,16500000,3,4,5 Marla,1125.0,14666,House,True,27,super hot271VerifiedShare on FacebookShare on TwitterShare on WhatsAppSend via GMailSend via E-Mail,99,Houses_Rawalpindi,2026-07-24,https://www.zameen.com/Property/rawalpindi_airport_housing_society_affordable_prime_location_house_for_sale_in_airport_housing_society-54508248-426-1.html
Prime Location 10 Marla House For sale In Airport Housing Society Airport Housing Society In Only Rs. 40000000,PKR 4 Crore,40000000,6,6,10 Marla,2250.0,17777,House,True,28,super hot281VerifiedShare on FacebookShare on TwitterShare on WhatsAppSend via GMailSend via E-Mail,99,Houses_Rawalpindi,2026-07-24,https://www.zameen.com/Property/rawalpindi_airport_housing_society_prime_location_10_marla_house_for_sale_in_airport_housing_society_airport_housing_society_in_only_rs_40000000-54508280-426-1.html
Prime Location 12 Marla House For Sale In The Perfect Location Of Airport Housing Society - Sector 3,PKR 5.5 Crore,55000000,6,6,12 Marla,2700.0,20370,House,True,24,super hot241VerifiedShare on FacebookShare on TwitterShare on WhatsAppSend via GMailSend via E-Mail,99,Houses_Rawalpindi,2026-07-24,https://www.zameen.com/Property/airport_housing_society_airport_housing_society_-_sector_3_prime_location_12_marla_house_for_sale_in_the_perfect_location_of_airport_housing_society_-_sector_3-54508260-9154-1.html
"Reasonably-Priced 12 Marla House In Airport Housing Society - Sector 3, Rawalpindi Is Available As Of Now",PKR 5.5 Crore,55000000,6,6,12 Marla,2700.0,20370,House,True,24,super hot241VerifiedShare on FacebookShare on TwitterShare on WhatsAppSend via GMailSend via E-Mail,99,Houses_Rawalpindi,2026-07-24,https://www.zameen.com/Property/airport_housing_society_airport_housing_society_-_sector_3_reasonably-priced_12_marla_house_in_airport_housing_society_-_sector_3_rawalpindi_is_available_as_of_now-54508269-9154-1.html
12 Marla Modern House With Lawn Overseas 2 Bahria Town Phase 8,PKR 5.25 Crore,52500000,4,5,12 Marla,2700.0,19444,House,True,46,hot46Share on FacebookShare on TwitterShare on WhatsAppSend via GMailSend via E-Mail,84,Houses_Rawalpindi,2026-07-24,https://www.zameen.com/Property/bahria_greens_overseas_enclave_bahria_greens_-_overseas_enclave_-_sector_2_12_marla_modern_house_with_lawn_overseas_2_bahria_town_phase_8-53269697-8301-1.html
23 Marla Triple-Storey Fully Furnished Designer House,PKR 15 Crore,150000000,5,6,1 Kanal,4500.0,33333,House,True,49,hot49Share on FacebookShare on TwitterShare on WhatsAppSend via GMailSend via E-Mail,84,Houses_Rawalpindi,2026-07-24,https://www.zameen.com/Property/bahria_greens_overseas_enclave_bahria_greens_-_overseas_enclave_-_sector_3_23_marla_triple-storey_fully_furnished_designer_house-53396890-8302-1.html
1 Kanal Luxurious Brand New House for Sale| Prime Location| Bahria Town,PKR 7.95 Crore,79500000,7,6,1 Kanal,4500.0,17666,House,False,40,hot40Share on FacebookShare on TwitterShare on WhatsAppSend via GMailSend via E-Mail,84,Houses_Rawalpindi,2026-07-24,https://www.zameen.com/Property/bahria_town_rawalpindi_bahria_town_phase_8_1_kanal_luxurious_brand_new_house_for_sale_prime_location_bahria_town-54510558-3048-1.html
1 Kanal Triple Storey House For Sale,PKR 7.2 Crore,72000000,10,6,1 Kanal,4500.0,16000,House,False,21,hot21Share on FacebookShare on TwitterShare on WhatsAppSend via GMailSend via E-Mail,84,Houses_Rawalpindi,2026-07-24,https://www.zameen.com/Property/rawalpindi_judicial_colony_1_kanal_triple_storey_house_for_sale-53799445-1266-1.html
5 Marla Double Storey House For Sale,PKR 2.1 Crore,21000000,4,4,5 Marla,1125.0,18666,House,False,7,hot7Share on FacebookShare on TwitterShare on WhatsAppSend via GMailSend via E-Mail,83,Houses_Rawalpindi,2026-07-24,https://www.zameen.com/Property/airport_housing_society_airport_housing_society_-_sector_2_5_marla_double_storey_house_for_sale-53917788-9153-1.html
6 Marla Corner House Available For Sale,PKR 1.8 Crore,18000000,2,3,6 Marla,1350.0,13333,House,False,7,hot7Share on FacebookShare on TwitterShare on WhatsAppSend via GMailSend via E-Mail,83,Houses_Rawalpindi,2026-07-24,https://www.zameen.com/Property/rawalpindi_faisal_colony_6_marla_corner_house_available_for_sale-54364039-6012-1.html
6 Marla Brand New Double Storey House For Sale,PKR 2.3 Crore,23000000,4,6,6 Marla,1350.0,17037,House,False,11,hot11Share on FacebookShare on TwitterShare on WhatsAppSend via GMailSend via E-Mail,84,Houses_Rawalpindi,2026-07-24,https://www.zameen.com/Property/airport_housing_society_airport_housing_society_-_sector_4_6_marla_brand_new_double_storey_house_for_sale-54468516-9155-1.html
5 Marla Brand New House Available For Sale In Bahria Town Phase 8 Rawalpindi,PKR 1.95 Crore,19500000,3,4,5 Marla,1125.0,17333,House,False,11,11Share on FacebookShare on TwitterShare on WhatsAppSend via GMailSend via E-Mail,81,Houses_Rawalpindi,2026-07-24,https://www.zameen.com/Property/bahria_town_phase_8_safari_valley_bahria_town_phase_8_-_ali_block_5_marla_brand_new_house_available_for_sale_in_bahria_town_phase_8_rawalpindi-54157352-3070-1.html
5 Marla Brand New House Available For Sale In Bahria Town Phase 8 Rawalpindi,PKR 2.05 Crore,20500000,4,4,5 Marla,1125.0,18222,House,False,14,14Share on FacebookShare on TwitterShare on WhatsAppSend via GMailSend via E-Mail,81,Houses_Rawalpindi,2026-07-24,https://www.zameen.com/Property/bahria_town_phase_8_bahria_town_phase_8_-_block_m_5_marla_brand_new_house_available_for_sale_in_bahria_town_phase_8_rawalpindi-54153644-3062-1.html
5 Marla Brand New House Available For sale In Bahria town phase 8 Rawalpindi,PKR 2.15 Crore,21500000,3,4,5 Marla,1125.0,19111,House,False,16,16Share on FacebookShare on TwitterShare on WhatsAppSend via GMailSend via E-Mail,81,Houses_Rawalpindi,2026-07-24,https://www.zameen.com/Property/bahria_town_phase_8_bahria_town_phase_8_-_block_m_5_marla_brand_new_house_available_for_sale_in_bahria_town_phase_8_rawalpindi-54153614-3062-1.html
5 Marla Brand New House Available For Sale In Bahria Town Phase 8 Rawalpindi,PKR 2.2 Crore,22000000,3,4,5 Marla,1125.0,19555,House,False,13,13Share on FacebookShare on TwitterShare on WhatsAppSend via GMailSend via E-Mail,81,Houses_Rawalpindi,2026-07-24,https://www.zameen.com/Property/bahria_town_phase_8_bahria_town_phase_8_-_block_m_5_marla_brand_new_house_available_for_sale_in_bahria_town_phase_8_rawalpindi-54153598-3062-1.html
5 Marla Brand New House Available For sale In Bahria town phase 8 Rawalpindi,PKR 2.15 Crore,21500000,4,5,5 Marla,1125.0,19111,House,False,13,13Share on FacebookShare on TwitterShare on WhatsAppSend via GMailSend via E-Mail,81,Houses_Rawalpindi,2026-07-24,https://www.zameen.com/Property/bahria_town_phase_8_bahria_town_phase_8_-_block_m_5_marla_brand_new_house_available_for_sale_in_bahria_town_phase_8_rawalpindi-54153582-3062-1.html
5 Marla Brand New House Available For sale In Bahria town phase 8 Rawalpindi,PKR 2.08 Crore,20800000,3,4,5 Marla,1125.0,18488,House,False,10,10Share on FacebookShare on TwitterShare on WhatsAppSend via GMailSend via E-Mail,81,Houses_Rawalpindi,2026-07-24,https://www.zameen.com/Property/bahria_town_phase_8_bahria_town_phase_8_-_block_m_5_marla_brand_new_house_available_for_sale_in_bahria_town_phase_8_rawalpindi-54153546-3062-1.html
5 Marla Brand New House Available For sale In Bahria town phase 8 Rawalpindi,PKR 2.1 Crore,21000000,4,4,5 Marla,1125.0,18666,House,False,16,16Share on FacebookShare on TwitterShare on WhatsAppSend via GMailSend via E-Mail,81,Houses_Rawalpindi,2026-07-24,https://www.zameen.com/Property/bahria_town_phase_8_bahria_town_phase_8_-_block_m_5_marla_brand_new_house_available_for_sale_in_bahria_town_phase_8_rawalpindi-54153542-3062-1.html
5 Marla Brand New House Available For sale In Bahria town phase 8 Rawalpindi,PKR 2.08 Crore,20800000,4,4,5 Marla,1125.0,18488,House,False,7,7Share on FacebookShare on TwitterShare on WhatsAppSend via GMailSend via E-Mail,80,Houses_Rawalpindi,2026-07-24,https://www.zameen.com/Property/bahria_town_phase_8_bahria_town_phase_8_-_block_m_5_marla_brand_new_house_available_for_sale_in_bahria_town_phase_8_rawalpindi-54153527-3062-1.html
Used House is Available for Sale,PKR 4.15 Crore,41500000,5,6,10 Marla,2250.0,18444,House,True,18,super hot181Share on FacebookShare on TwitterShare on WhatsAppSend via GMailSend via E-Mail,91,Houses_Rawalpindi,2026-07-24,https://www.zameen.com/Property/bahria_town_rawalpindi_bahria_town_phase_2_used_house_is_available_for_sale-54439178-3035-1.html
Kanal House For Sale In Phaee 5 Bahria Town Rawalpindi,PKR 9 Crore,90000000,5,6,1 Kanal,4500.0,20000,House,True,22,super hot22Share on FacebookShare on TwitterShare on WhatsAppSend via GMailSend via E-Mail,90,Houses_Rawalpindi,2026-07-24,https://www.zameen.com/Property/bahria_town_rawalpindi_bahria_town_phase_5_kanal_house_for_sale_in_phaee_5_bahria_town_rawalpindi-54462757-3045-1.html
10 Marla Double Storey Double Unit Brand New House Available For Sale.,PKR 3.45 Crore,34500000,6,6,10 Marla,2250.0,15333,House,True,45,super hot45Share on FacebookShare on TwitterShare on WhatsAppSend via GMailSend via E-Mail,90,Houses_Rawalpindi,2026-07-24,https://www.zameen.com/Property/gulshan_abad_gulshan_abad_sector_2_10_marla_double_storey_double_unit_brand_new_house_available_for_sale-54301097-14739-1.html
Amazing House Is Available For Sale,PKR 5.45 Crore,54500000,6,6,12 Marla,2700.0,20185,House,True,25,super hot25Share on FacebookShare on TwitterShare on WhatsAppSend via GMailSend via E-Mail,90,Houses_Rawalpindi,2026-07-24,https://www.zameen.com/Property/media_town_media_town_-_block_c_amazing_house_is_available_for_sale-54457996-16392-1.html
Amazing House is Available For sale,PKR 6.9 Crore,69000000,6,6,12 Marla,2700.0,25555,House,True,31,super hot311Share on FacebookShare on TwitterShare on WhatsAppSend via GMailSend via E-Mail,91,Houses_Rawalpindi,2026-07-24,https://www.zameen.com/Property/media_town_media_town_-_block_d_amazing_house_is_available_for_sale-54456463-16393-1.html
10 Marla House In Airport Housing Society - Sector 4 For Sale At Good Location,PKR 3.8 Crore,38000000,6,6,10 Marla,2250.0,16888,House,True,25,super hot251VerifiedShare on FacebookShare on TwitterShare on WhatsAppSend via GMailSend via E-Mail,99,Houses_Rawalpindi,2026-07-24,https://www.zameen.com/Property/airport_housing_society_airport_housing_society_-_sector_4_10_marla_house_in_airport_housing_society_-_sector_4_for_sale_at_good_location-54508268-9155-1.html
Beautiful Location 5 Marla Double Storey House For Sale In Rafi Block,PKR 1.9 Crore,19000000,3,4,5 Marla,1125.0,16888,House,True,19,super hot19Share on FacebookShare on TwitterShare on WhatsAppSend via GMailSend via E-Mail,90,Houses_Rawalpindi,2026-07-24,https://www.zameen.com/Property/bahria_town_phase_8_bahria_town_phase_8_-_rafi_block_beautiful_location_5_marla_double_storey_house_for_sale_in_rafi_block-53345580-3071-1.html
"Luxurious 1-Kanal House For Sale Race Course Road (Street 11), Westridge, Rawalpindi",PKR 7.45 Crore,74500000,3,3,1 Kanal,4500.0,16555,House,True,13,super hot13VerifiedShare on FacebookShare on TwitterShare on WhatsAppSend via GMailSend via E-Mail,98,Houses_Rawalpindi,2026-07-24,https://www.zameen.com/Property/rawalpindi_westridge_luxurious_1-kanal_house_for_sale_race_course_road_street_11_westridge_rawalpindi-54397893-574-1.html
House Available For Sale,PKR 2.5 Crore,25000000,5,5,6 Marla,1350.0,18518,House,True,,super hotShare on FacebookShare on TwitterShare on WhatsAppSend via GMailSend via E-Mail,88,Houses_Rawalpindi,2026-07-24,https://www.zameen.com/Property/rawalpindi_ayub_colony_house_available_for_sale-54474256-10641-1.html
10 Marla Double Gate Corner Designer Brand New House for Sale| Prime Location| Bahria Town,PKR 3.95 Crore,39500000,5,6,10 Marla,2250.0,17555,House,True,22,super hot22Share on FacebookShare on TwitterShare on WhatsAppSend via GMailSend via E-Mail,90,Houses_Rawalpindi,2026-07-24,https://www.zameen.com/Property/bahria_town_rawalpindi_bahria_town_phase_8_10_marla_double_gate_corner_designer_brand_new_house_for_sale_prime_location_bahria_town-54404968-3048-1.html
31 Marla House For Sale,PKR 39 Crore,390000000,6,7,1.6 Kanal,7200.0,54166,House,True,50,hot50Share on FacebookShare on TwitterShare on WhatsAppSend via GMailSend via E-Mail,84,Houses_Rawalpindi,2026-07-24,https://www.zameen.com/Property/bahria_town_rawalpindi_bahria_intellectual_village_31_marla_house_for_sale-53418966-8256-1.html
1 Kanal Luxury Designer House A Block Bahria Town Rawalpindi,PKR 8.65 Crore,86500000,5,6,1 Kanal,4500.0,19222,House,True,43,hot43Share on FacebookShare on TwitterShare on WhatsAppSend via GMailSend via E-Mail,84,Houses_Rawalpindi,2026-07-24,https://www.zameen.com/Property/bahria_town_phase_8_bahria_town_phase_8_-_block_a_1_kanal_luxury_designer_house_a_block_bahria_town_rawalpindi-53705020-3049-1.html
10 Marla Triple Story Spanish Fully Deisgner House Islamabad With Swimming Pool And Solar Bahria Town Islamabad,PKR 5.5 Crore,55000000,5,6,10 Marla,2250.0,24444,House,False,34,hot34Share on FacebookShare on TwitterShare on WhatsAppSend via GMailSend via E-Mail,84,Houses_Rawalpindi,2026-07-24,https://www.zameen.com/Property/bahria_town_rawalpindi_bahria_town_phase_8_10_marla_triple_story_spanish_fully_deisgner_house_islamabad_with_swimming_pool_and_solar_bahria_town_islamabad-54446810-3048-1.html
5 MARLA HOUSE IN PRIME LOCATION Best Opportunity in Rawalpindi Dont Miss,PKR 2.24 Crore,22400000,4,4,5 Marla,1125.0,19911,House,False,22,hot22Share on FacebookShare on TwitterShare on WhatsAppSend via GMailSend via E-Mail,84,Houses_Rawalpindi,2026-07-24,https://www.zameen.com/Property/airport_housing_society_airport_housing_society_-_sector_4_5_marla_house_in_prime_location_best_opportunity_in_rawalpindi_dont_miss-54505808-9155-1.html
"URGENT SALE 5 MARLA SINGLE STORY HOUSE IN PRIME LOCATION Best Opportunity in Rawalpindi Dont Miss! Airport Employees Cooperative Housing Society (Sector 4 Block Opposite Gulberg Greens Islamabad, Near",PKR 1.39 Crore,13899999,2,2,5 Marla,1125.0,12355,House,False,14,hot14Share on FacebookShare on TwitterShare on WhatsAppSend via GMailSend via E-Mail,84,Houses_Rawalpindi,2026-07-24,https://www.zameen.com/Property/airport_housing_society_airport_housing_society_-_sector_4_urgent_sale_5_marla_single_story_house_in_prime_location_best_opportunity_in_rawalpindi_dont_miss_airport_employees_cooperative_housing_society_sector_4_block_opposite_gulberg_greens_islamabad_near_gulzar-e-quaid_society-54505626-9155-1.html
1 Kanal House Available For Sale,PKR 10 Crore,100000000,5,6,1 Kanal,4500.0,22222,House,False,26,hot26Share on FacebookShare on TwitterShare on WhatsAppSend via GMailSend via E-Mail,84,Houses_Rawalpindi,2026-07-24,https://www.zameen.com/Property/bahria_town_rawalpindi_bahria_town_phase_2_1_kanal_house_available_for_sale-54409674-3035-1.html
10 MARLA HUGE 2.5 STORY BEAUTIFUL HOUSE FOR SALE AT PRIME LOCATION OF CHAKLALA SCHEME 3 RAWALPINDI,PKR 3.5 Crore,35000000,6,7,10 Marla,2250.0,15555,House,False,14,hot14Share on FacebookShare on TwitterShare on WhatsAppSend via GMailSend via E-Mail,84,Houses_Rawalpindi,2026-07-24,https://www.zameen.com/Property/chaklala_scheme_chaklala_scheme_3_10_marla_huge_2_5_story_beautiful_house_for_sale_at_prime_location_of_chaklala_scheme_3_rawalpindi-54510502-1312-1.html
5 Marla Brand New House Available For sale In Bahria town phase 8 Rawalpindi,PKR 2.05 Crore,20500000,4,4,5 Marla,1125.0,18222,House,False,12,12Share on FacebookShare on TwitterShare on WhatsAppSend via GMailSend via E-Mail,81,Houses_Rawalpindi,2026-07-24,https://www.zameen.com/Property/bahria_town_rawalpindi_bahria_town_phase_8_5_marla_brand_new_house_available_for_sale_in_bahria_town_phase_8_rawalpindi-54153498-3048-1.html
Phase 8 House Available For Sale,PKR 10 Crore,100000000,10,7,1.2 Kanal,5400.0,18518,House,False,24,24Share on FacebookShare on TwitterShare on WhatsAppSend via GMailSend via E-Mail,81,Houses_Rawalpindi,2026-07-24,https://www.zameen.com/Property/bahria_town_rawalpindi_bahria_town_phase_8_phase_8_house_available_for_sale-53800006-3048-1.html
7 Marla House Available For Sale In Bahria Town Phase 8 Usman Block,PKR 2.9 Crore,29000000,5,6,7 Marla,1575.0,18412,House,False,9,9Share on FacebookShare on TwitterShare on WhatsAppSend via GMailSend via E-Mail,80,Houses_Rawalpindi,2026-07-24,https://www.zameen.com/Property/bahria_town_phase_8_safari_valley_bahria_town_phase_8_-_usman_block_7_marla_house_available_for_sale_in_bahria_town_phase_8_usman_block-54191771-3068-1.html
7 Marla House Available For Sale In Usman Block,PKR 2.7 Crore,27000000,5,7,7 Marla,1575.0,17142,House,False,15,15Share on FacebookShare on TwitterShare on WhatsAppSend via GMailSend via E-Mail,81,Houses_Rawalpindi,2026-07-24,https://www.zameen.com/Property/bahria_town_phase_8_safari_valley_bahria_town_phase_8_-_usman_block_7_marla_house_available_for_sale_in_usman_block-54287538-3068-1.html
10 Marla Traple Unit House Available For Sale In Bahria Town Ph8 Sctor L,PKR 3.9 Crore,39000000,8,7,10 Marla,2250.0,17333,House,False,20,20Share on FacebookShare on TwitterShare on WhatsAppSend via GMailSend via E-Mail,81,Houses_Rawalpindi,2026-07-24,https://www.zameen.com/Property/bahria_town_phase_8_bahria_town_phase_8_-_block_l_10_marla_traple_unit_house_available_for_sale_in_bahria_town_ph8_sctor_l-54327298-3061-1.html
7marla House Available For Sale In Bahria Town,PKR 3.1 Crore,31000000,5,7,7 Marla,1575.0,19682,House,False,15,15Share on FacebookShare on TwitterShare on WhatsAppSend via GMailSend via E-Mail,81,Houses_Rawalpindi,2026-07-24,https://www.zameen.com/Property/bahria_town_phase_8_safari_valley_bahria_town_phase_8_-_abu_bakar_block_7marla_house_available_for_sale_in_bahria_town-54369140-3069-1.html
House Available For Sale In Bahria Town Ph8 Sctor M,PKR 2.35 Crore,23500000,3,5,6 Marla,1350.0,17407,House,False,28,28Share on FacebookShare on TwitterShare on WhatsAppSend via GMailSend via E-Mail,81,Houses_Rawalpindi,2026-07-24,https://www.zameen.com/Property/bahria_town_phase_8_bahria_town_phase_8_-_block_m_house_available_for_sale_in_bahria_town_ph8_sctor_m-54371376-3062-1.html
7 Marla House Available For Sale In Abu Baker Block,PKR 3.35 Crore,33500000,5,,7 Marla,1575.0,21269,House,False,20,20Share on FacebookShare on TwitterShare on WhatsAppSend via GMailSend via E-Mail,81,Houses_Rawalpindi,2026-07-24,https://www.zameen.com/Property/bahria_town_phase_8_safari_valley_bahria_town_phase_8_-_abu_bakar_block_7_marla_house_available_for_sale_in_abu_baker_block-54374137-3069-1.html
5 Marla Brand New Luxury House For Sale Bahria Town Phase 8 Rawalpindi,PKR 2.05 Crore,20500000,3,4,5 Marla,1125.0,18222,House,True,19,super hot19Share on FacebookShare on TwitterShare on WhatsAppSend via GMailSend via E-Mail,90,Houses_Rawalpindi,2026-07-24,https://www.zameen.com/Property/bahria_town_rawalpindi_bahria_town_phase_8_5_marla_brand_new_luxury_house_for_sale_bahria_town_phase_8_rawalpindi-53700208-3048-1.html
Good Location 7 Marla House For sale In Gulshan Abad Sector 3,PKR 2.55 Crore,25500000,6,,7 Marla,1575.0,16190,House,True,46,super hot461VerifiedShare on FacebookShare on TwitterShare on WhatsAppSend via GMailSend via E-Mail,99,Houses_Rawalpindi,2026-07-24,https://www.zameen.com/Property/gulshan_abad_gulshan_abad_sector_3_good_location_7_marla_house_for_sale_in_gulshan_abad_sector_3-53844526-14741-1.html
House Is Available For Sale,PKR 4.75 Crore,47500000,5,6,10 Marla,2250.0,21111,House,True,14,super hot14Share on FacebookShare on TwitterShare on WhatsAppSend via GMailSend via E-Mail,90,Houses_Rawalpindi,2026-07-24,https://www.zameen.com/Property/bahria_town_rawalpindi_bahria_town_phase_3_house_is_available_for_sale-54438870-3036-1.html
Fully Furnished Bahira Town Phase 2 Double Unit House For Sale,PKR 9 Crore,90000000,6,6,1 Kanal,4500.0,20000,House,True,36,super hot36Share on FacebookShare on TwitterShare on WhatsAppSend via GMailSend via E-Mail,90,Houses_Rawalpindi,2026-07-24,https://www.zameen.com/Property/bahria_town_rawalpindi_bahria_town_phase_2_fully_furnished_bahira_town_phase_2_double_unit_house_for_sale-53206734-3035-1.html
12 Marla Brand New Designer House For Sale in Media town Rawalpindi.,PKR 6.9 Crore,69000000,6,6,12 Marla,2700.0,25555,House,True,27,super hot271Share on FacebookShare on TwitterShare on WhatsAppSend via GMailSend via E-Mail,91,Houses_Rawalpindi,2026-07-24,https://www.zameen.com/Property/rawalpindi_media_town_12_marla_brand_new_designer_house_for_sale_in_media_town_rawalpindi-54099680-8157-1.html
10 Marla Brand New House Up for Sale,PKR 3.55 Crore,35500000,5,6,10 Marla,2250.0,15777,House,True,24,super hot24Share on FacebookShare on TwitterShare on WhatsAppSend via GMailSend via E-Mail,90,Houses_Rawalpindi,2026-07-24,https://www.zameen.com/Property/bahria_town_rawalpindi_bahria_town_phase_8_10_marla_brand_new_house_up_for_sale-54441136-3048-1.html
Beautiful 10 Marla Bungalow In Top City-1,PKR 5.1 Crore,51000000,5,6,10 Marla,2250.0,22666,House,True,16,super hot16Share on FacebookShare on TwitterShare on WhatsAppSend via GMailSend via E-Mail,90,Houses_Rawalpindi,2026-07-24,https://www.zameen.com/Property/rawalpindi_top_city-1_beautiful_10_marla_bungalow_in_top_city-1-54172756-10910-1.html
5 Marla Corner Double Unit House,PKR 1.85 Crore,18500000,4,6,5 Marla,1125.0,16444,House,True,17,super hot17Share on FacebookShare on TwitterShare on WhatsAppSend via GMailSend via E-Mail,90,Houses_Rawalpindi,2026-07-24,https://www.zameen.com/Property/rawalpindi_range_road_5_marla_corner_double_unit_house-49403082-8129-1.html
6 Marla House Is Available For Sale,PKR 7 Crore,70000000,2,2,6 Marla,1350.0,51851,House,True,6,super hot6Share on FacebookShare on TwitterShare on WhatsAppSend via GMailSend via E-Mail,89,Houses_Rawalpindi,2026-07-24,https://www.zameen.com/Property/satellite_town_satellite_town_-_block_f_6_marla_house_is_available_for_sale-53977577-10240-1.html
End Your Search For House Here And Sale Now,PKR 1.2 Crore,12000000,2,3,5.8 Marla,1305.0,9195,House,True,7,super hot7Share on FacebookShare on TwitterShare on WhatsAppSend via GMailSend via E-Mail,89,Houses_Rawalpindi,2026-07-24,https://www.zameen.com/Property/rawalpindi_gulbahar_scheme_end_your_search_for_house_here_and_sale_now-54426363-10427-1.html
15 Marla Luxury Designer House Overseas 5,PKR 8.25 Crore,82500000,5,6,15 Marla,3375.0,24444,House,True,48,hot48Share on FacebookShare on TwitterShare on WhatsAppSend via GMailSend via E-Mail,84,Houses_Rawalpindi,2026-07-24,https://www.zameen.com/Property/bahria_greens_overseas_enclave_bahria_greens_-_overseas_enclave_-_sector_5_15_marla_luxury_designer_house_overseas_5-53705056-8304-1.html
10 Marla Designer House With Gas Meter Installed Overseas 5 Bahria Town Phase 8,PKR 5.7 Crore,57000000,5,6,10 Marla,2250.0,25333,House,True,49,hot49Share on FacebookShare on TwitterShare on WhatsAppSend via GMailSend via E-Mail,84,Houses_Rawalpindi,2026-07-24,https://www.zameen.com/Property/bahria_greens_overseas_enclave_bahria_greens_-_overseas_enclave_-_sector_5_10_marla_designer_house_with_gas_meter_installed_overseas_5_bahria_town_phase_8-53837014-8304-1.html
Brand New Designer House For Sale,PKR 3.25 Crore,32500000,5,6,7 Marla,1575.0,20634,House,False,37,hot37Share on FacebookShare on TwitterShare on WhatsAppSend via GMailSend via E-Mail,84,Houses_Rawalpindi,2026-07-24,https://www.zameen.com/Property/bahria_town_phase_8_bahria_town_phase_8_-_safari_valley_brand_new_designer_house_for_sale-54345188-3074-1.html
Phase 8 10m House for sale,PKR 3.8 Crore,38000000,5,6,10 Marla,2250.0,16888,House,False,7,hot7Share on FacebookShare on TwitterShare on WhatsAppSend via GMailSend via E-Mail,83,Houses_Rawalpindi,2026-07-24,https://www.zameen.com/Property/bahria_town_rawalpindi_bahria_town_phase_8_phase_8_10m_house_for_sale-54509966-3048-1.html
Premium 20 Marla House Is Available For Sale In Rawalpindi,PKR 5.5 Crore,55000000,,,1 Kanal,4500.0,12222,House,True,18,hot18Share on FacebookShare on TwitterShare on WhatsAppSend via GMailSend via E-Mail,84,Houses_Rawalpindi,2026-07-24,https://www.zameen.com/Property/bahria_town_rawalpindi_bahria_town_phase_2_premium_20_marla_house_is_available_for_sale_in_rawalpindi-54250405-3035-1.html
Investor rate 10 Marla used beautiful house Bahria town 7,PKR 3.65 Crore,36500000,5,6,10 Marla,2250.0,16222,House,False,25,hot25Share on FacebookShare on TwitterShare on WhatsAppSend via GMailSend via E-Mail,84,Houses_Rawalpindi,2026-07-24,https://www.zameen.com/Property/bahria_town_rawalpindi_bahria_town_phase_7_investor_rate_10_marla_used_beautiful_house_bahria_town_7-54510288-3047-1.html
6 Marla house for sale in airport housing society Rawalpindi,PKR 2.2 Crore,22000000,4,5,6 Marla,1350.0,16296,House,False,12,hot12Share on FacebookShare on TwitterShare on WhatsAppSend via GMailSend via E-Mail,84,Houses_Rawalpindi,2026-07-24,https://www.zameen.com/Property/airport_housing_society_airport_housing_society_-_sector_4_6_marla_house_for_sale_in_airport_housing_society_rawalpindi-54507110-9155-1.html
50 Marla House Available For Sale In Bahria Town Overseas Block,PKR 22 Crore,220000000,6,7,2.5 Kanal,11250.0,19555,House,False,44,44Share on FacebookShare on TwitterShare on WhatsAppSend via GMailSend via E-Mail,81,Houses_Rawalpindi,2026-07-24,https://www.zameen.com/Property/bahria_greens_overseas_enclave_bahria_greens_-_overseas_enclave_-_sector_1_50_marla_house_available_for_sale_in_bahria_town_overseas_block-54458884-8300-1.html
11 Marla Corner House For Sale In Overseas 6,PKR 4.3 Crore,43000000,5,7,11 Marla,2475.0,17373,House,False,32,32Share on FacebookShare on TwitterShare on WhatsAppSend via GMailSend via E-Mail,81,Houses_Rawalpindi,2026-07-24,https://www.zameen.com/Property/bahria_greens_overseas_enclave_bahria_greens_-_overseas_enclave_-_sector_6_11_marla_corner_house_for_sale_in_overseas_6-54458906-8305-1.html
Spacious 7 Marla House Available For Sale In Lalazar2,PKR 1.55 Crore,15500000,3,4,7 Marla,1575.0,9841,House,False,39,39Share on FacebookShare on TwitterShare on WhatsAppSend via GMailSend via E-Mail,81,Houses_Rawalpindi,2026-07-24,https://www.zameen.com/Property/rawalpindi_lalazar_2_spacious_7_marla_house_available_for_sale_in_lalazar2-54511541-13657-1.html
Prime Location 10 Marla House In Rawalpindi Is Available For sale,PKR 5.6 Crore,56000000,8,6,10 Marla,2250.0,24888,House,False,31,311VerifiedShare on FacebookShare on TwitterShare on WhatsAppSend via GMailSend via E-Mail,90,Houses_Rawalpindi,2026-07-24,https://www.zameen.com/Property/gulraiz_housing_scheme_gulraiz_housing_society_phase_2_prime_location_10_marla_house_in_rawalpindi_is_available_for_sale-54033292-14971-1.html
7 Marla Double Storey House For Sale Gullriaz Rawalpindi,PKR 3.4 Crore,34000000,5,5,8 Marla,1800.0,18888,House,False,46,46Share on FacebookShare on TwitterShare on WhatsAppSend via GMailSend via E-Mail,81,Houses_Rawalpindi,2026-07-24,https://www.zameen.com/Property/rawalpindi_gulraiz_housing_scheme_7_marla_double_storey_house_for_sale_gullriaz_rawalpindi-54115708-438-1.html
Rawalpindi Bahria Town Phase 8  7 Marla single unit House For Sale,PKR 2.6 Crore,26000000,4,4,7 Marla,1575.0,16507,House,False,13,13Share on FacebookShare on TwitterShare on WhatsAppSend via GMailSend via E-Mail,81,Houses_Rawalpindi,2026-07-24,https://www.zameen.com/Property/bahria_town_rawalpindi_bahria_town_phase_8_rawalpindi_bahria_town_phase_8_7_marla_single_unit_house_for_sale-54511445-3048-1.html
Beautiful 823 Sq Yd House Available For Sale In Prime Location Of Bahria Town Phase 2,PKR 16 Crore,160000000,8,6,1.6 Kanal,7200.0,22222,House,False,35,35Share on FacebookShare on TwitterShare on WhatsAppSend via GMailSend via E-Mail,81,Houses_Rawalpindi,2026-07-24,https://www.zameen.com/Property/bahria_town_rawalpindi_bahria_town_phase_2_beautiful_823_sq_yd_house_available_for_sale_in_prime_location_of_bahria_town_phase_2-49977466-3035-1.html
Kanal House Available On Invester Price In Bahria Town Phase 4,PKR 7 Crore,70000000,6,7,1 Kanal,4500.0,15555,House,False,9,9Share on FacebookShare on TwitterShare on WhatsAppSend via GMailSend via E-Mail,80,Houses_Rawalpindi,2026-07-24,https://www.zameen.com/Property/bahria_town_rawalpindi_bahria_town_phase_4_kanal_house_available_on_invester_price_in_bahria_town_phase_4-52088084-3041-1.html
4 Marla Brand New House For Sale,PKR 1.35 Crore,13500000,4,4,4 Marla,900.0,15000,House,True,12,super hot12Share on FacebookShare on TwitterShare on WhatsAppSend via GMailSend via E-Mail,90,Houses_Faisalabad,2026-07-24,https://www.zameen.com/Property/lower_canal_road_green_orchard_4_marla_brand_new_house_for_sale-53959991-15298-1.html
10 Marla Brand New House For Sale B Block Wapda City,PKR 3.8 Crore,38000000,5,6,10 Marla,2250.0,16888,House,True,16,super hot16Share on FacebookShare on TwitterShare on WhatsAppSend via GMailSend via E-Mail,90,Houses_Faisalabad,2026-07-24,https://www.zameen.com/Property/wapda_city_wapda_city_-_block_b_10_marla_brand_new_house_for_sale_b_block_wapda_city-54459035-5067-1.html
In Eden Valley You Can Find The Perfect House For Sale,PKR 4.25 Crore,42500000,,,7 Marla,1575.0,26984,House,True,20,super hot201VerifiedShare on FacebookShare on TwitterShare on WhatsAppSend via GMailSend via E-Mail,99,Houses_Faisalabad,2026-07-24,https://www.zameen.com/Property/faisalabad_eden_valley_in_eden_valley_you_can_find_the_perfect_house_for_sale-54497801-8917-1.html
Centrally Located House Available In Eden Valley For Sale,PKR 4 Crore,40000000,,,7 Marla,1575.0,25396,House,True,32,super hot321VerifiedShare on FacebookShare on TwitterShare on WhatsAppSend via GMailSend via E-Mail,99,Houses_Faisalabad,2026-07-24,https://www.zameen.com/Property/faisalabad_eden_valley_centrally_located_house_available_in_eden_valley_for_sale-54497802-8917-1.html
5 Marla House Is Available For sale,PKR 2.6 Crore,26000000,,,5 Marla,1125.0,23111,House,True,16,super hot161VerifiedShare on FacebookShare on TwitterShare on WhatsAppSend via GMailSend via E-Mail,99,Houses_Faisalabad,2026-07-24,https://www.zameen.com/Property/faisalabad_eden_valley_5_marla_house_is_available_for_sale-54497804-8917-1.html
New house,PKR 5.5 Crore,55000000,6,7,9 Marla,2025.0,27160,House,True,34,super hot34Share on FacebookShare on TwitterShare on WhatsAppSend via GMailSend via E-Mail,90,Houses_Faisalabad,2026-07-24,https://www.zameen.com/Property/riaz_ul_jannah_riaz_ul_jannah_-_umer_block_new_house-53848307-18504-1.html
Brand New House Is Available For Sale,PKR 2.85 Crore,28500000,5,6,6 Marla,1350.0,21111,House,True,16,super hot16Share on FacebookShare on TwitterShare on WhatsAppSend via GMailSend via E-Mail,90,Houses_Faisalabad,2026-07-24,https://www.zameen.com/Property/riaz_ul_jannah_riaz_ul_jannah_-_umer_block_brand_new_house_is_available_for_sale-53826993-18504-1.html
1 KANAL BRAND NEW LUXURY HOUSE AVAILABLE FOR SALE IN AYESHA BLOCK ABDULLAH GARDEN EAST CANAL ROAD FAISALABAD,PKR 16 Crore,160000000,5,6,1 Kanal,4500.0,35555,House,True,10,super hot10Share on FacebookShare on TwitterShare on WhatsAppSend via GMailSend via E-Mail,90,Houses_Faisalabad,2026-07-24,https://www.zameen.com/Property/east_canal_road_abdullah_gardens_1_kanal_brand_new_luxury_house_available_for_sale_in_ayesha_block_abdullah_garden_east_canal_road_faisalabad-53442482-4890-1.html
6.5 Marla Beautiful New Modern House Available For Sale,PKR 3.95 Crore,39500000,4,7,6.5 Marla,1462.5,27008,House,True,46,super hot461VerifiedShare on FacebookShare on TwitterShare on WhatsAppSend via GMailSend via E-Mail,99,Houses_Faisalabad,2026-07-24,https://www.zameen.com/Property/canal_road_divine_enclave_6_5_marla_beautiful_new_modern_house_available_for_sale-53518093-21698-1.html
"5 Marla Brand New Double Storey House Available For Sale In ""Eden Orchard Lasani Puli "" Sargodha Road",PKR 2.6 Crore,26000000,3,4,5 Marla,1125.0,23111,House,True,32,super hot32Share on FacebookShare on TwitterShare on WhatsAppSend via GMailSend via E-Mail,90,Houses_Faisalabad,2026-07-24,https://www.zameen.com/Property/faisalabad_eden_orchard_5_marla_brand_new_double_storey_house_available_for_sale_in_eden_orchard_lasani_puli_sargodha_road-54391165-11162-1.html
10 Marla East Open Wireless Near Park House For Sale In K Block,PKR 4.5 Crore,45000000,5,6,10 Marla,2250.0,20000,House,True,16,hot16Share on FacebookShare on TwitterShare on WhatsAppSend via GMailSend via E-Mail,84,Houses_Faisalabad,2026-07-24,https://www.zameen.com/Property/wapda_city_wapda_city_-_block_k_10_marla_east_open_wireless_near_park_house_for_sale_in_k_block-54491087-5075-1.html
10 Marla Luxury House For Sale In M Block,PKR 4.6 Crore,46000000,4,5,10 Marla,2250.0,20444,House,True,29,hot29VerifiedShare on FacebookShare on TwitterShare on WhatsAppSend via GMailSend via E-Mail,92,Houses_Faisalabad,2026-07-24,https://www.zameen.com/Property/faisalabad_wapda_city_10_marla_luxury_house_for_sale_in_m_block-54373390-501-1.html
10 Marla Double Storey New Brand Luxury House For Sale In Eden Orchard Sargodha,PKR 5.25 Crore,52500000,5,6,10 Marla,2250.0,23333,House,False,47,hot47VerifiedShare on FacebookShare on TwitterShare on WhatsAppSend via GMailSend via E-Mail,92,Houses_Faisalabad,2026-07-24,https://www.zameen.com/Property/faisalabad_eden_orchard_10_marla_double_storey_new_brand_luxury_house_for_sale_in_eden_orchard_sargodha-54508741-11162-1.html
4 Marla park facing good condition house for sale,PKR 1.7 Crore,17000000,3,4,4 Marla,900.0,18888,House,False,17,hot17Share on FacebookShare on TwitterShare on WhatsAppSend via GMailSend via E-Mail,84,Houses_Faisalabad,2026-07-24,https://www.zameen.com/Property/faisalabad_ghalib_city_4_marla_park_facing_good_condition_house_for_sale-54510271-10165-1.html
5 Marla Brand New House For Sale In Eden Valley Extra Odinary Beautiful Having 3 Beds 4 Washrooms Store 2 Kicthen 2 Living,PKR 2.6 Crore,26000000,2,2,5 Marla,1125.0,23111,House,False,16,hot16Share on FacebookShare on TwitterShare on WhatsAppSend via GMailSend via E-Mail,84,Houses_Faisalabad,2026-07-24,https://www.zameen.com/Property/faisalabad_eden_valley_5_marla_brand_new_house_for_sale_in_eden_valley_extra_odinary_beautiful_having_3_beds_4_washrooms_store_2_kicthen_2_living-53124569-8917-1.html
2.75 Marla Brand New House For Sale For In Eden Executive Golden Chance To Purchase This House,PKR 1.25 Crore,12500000,3,4,2.7 Marla,607.5,20576,House,False,12,hot12Share on FacebookShare on TwitterShare on WhatsAppSend via GMailSend via E-Mail,84,Houses_Faisalabad,2026-07-24,https://www.zameen.com/Property/eden_gardens_eden_executive_2_75_marla_brand_new_house_for_sale_for_in_eden_executive_golden_chance_to_purchase_this_house-54227860-10765-1.html
5 Marla House For Sale In Beautiful Eden Valley,PKR 2.8 Crore,28000000,3,4,5 Marla,1125.0,24888,House,False,12,hot12Share on FacebookShare on TwitterShare on WhatsAppSend via GMailSend via E-Mail,84,Houses_Faisalabad,2026-07-24,https://www.zameen.com/Property/faisalabad_eden_valley_5_marla_house_for_sale_in_beautiful_eden_valley-54227864-8917-1.html
Brand New house,PKR 1.25 Crore,12500000,4,4,3 Marla,675.0,18518,House,False,18,18Share on FacebookShare on TwitterShare on WhatsAppSend via GMailSend via E-Mail,81,Houses_Faisalabad,2026-07-24,https://www.zameen.com/Property/faisalabad_kareem_city_brand_new_house-54066974-9452-1.html
Get This Amazing 3 Marla House Available In Rehman Gardens - Executive Block For Sale,PKR 1 Crore,10000000,3,4,3 Marla,675.0,14814,House,False,26,26Share on FacebookShare on TwitterShare on WhatsAppSend via GMailSend via E-Mail,81,Houses_Faisalabad,2026-07-24,https://www.zameen.com/Property/rehman_gardens_rehman_gardens_-_executive_block_get_this_amazing_3_marla_house_available_in_rehman_gardens_-_executive_block_for_sale-53549764-21703-1.html
Brand New Modern House,PKR 3.5 Crore,35000000,4,5,6 Marla,1350.0,25925,House,False,28,28Share on FacebookShare on TwitterShare on WhatsAppSend via GMailSend via E-Mail,81,Houses_Faisalabad,2026-07-24,https://www.zameen.com/Property/riaz_ul_jannah_riaz_ul_jannah_-_umer_block_brand_new_modern_house-54171490-18504-1.html
14 Marla Luxury House With 10 KVA Solar Install Available For Sale In Eden Valley Canal Road Faisalabad,PKR 5.95 Crore,59500000,4,5,14 Marla,3150.0,18888,House,False,13,13Share on FacebookShare on TwitterShare on WhatsAppSend via GMailSend via E-Mail,81,Houses_Faisalabad,2026-07-24,https://www.zameen.com/Property/faisalabad_eden_valley_14_marla_luxury_house_with_10_kva_solar_install_available_for_sale_in_eden_valley_canal_road_faisalabad-54161315-8917-1.html
10 MARLA MODERN LUXURIOUS HOUSE AVAILABLE FOR SALE IN ABDULLAH GARDEN AYESHA BLOCK EAST CANAL ROAD FAISALABAD,PKR 6.25 Crore,62500000,4,5,10 Marla,2250.0,27777,House,False,8,8Share on FacebookShare on TwitterShare on WhatsAppSend via GMailSend via E-Mail,80,Houses_Faisalabad,2026-07-24,https://www.zameen.com/Property/east_canal_road_abdullah_gardens_10_marla_modern_luxurious_house_available_for_sale_in_abdullah_garden_ayesha_block_east_canal_road_faisalabad-53956709-4890-1.html
8.50 Marla Ultra Modern Brand New House For Sale In Divine Enclave East Canal Road Faisalabad,PKR 5.85 Crore,58500000,5,6,8.5 Marla,1912.5,30588,House,False,10,10Share on FacebookShare on TwitterShare on WhatsAppSend via GMailSend via E-Mail,81,Houses_Faisalabad,2026-07-24,https://www.zameen.com/Property/canal_road_divine_enclave_8_50_marla_ultra_modern_brand_new_house_for_sale_in_divine_enclave_east_canal_road_faisalabad-53494406-21698-1.html
"11.50 Marla Luxury Brand New House In Divine Enclave East Canal Road, Best Option To Purchase in Faisalabad",PKR 7 Crore,70000000,5,6,11.5 Marla,2587.5,27053,House,False,11,11Share on FacebookShare on TwitterShare on WhatsAppSend via GMailSend via E-Mail,81,Houses_Faisalabad,2026-07-24,https://www.zameen.com/Property/canal_road_divine_enclave_11_50_marla_luxury_brand_new_house_in_divine_enclave_east_canal_road_best_option_to_purchase_in_faisalabad-52946396-21698-1.html
Good 6 Marla House For Sale In Divine Enclave,PKR 3.85 Crore,38500000,4,5,6 Marla,1350.0,28518,House,False,7,7Share on FacebookShare on TwitterShare on WhatsAppSend via GMailSend via E-Mail,80,Houses_Faisalabad,2026-07-24,https://www.zameen.com/Property/canal_road_divine_enclave_good_6_marla_house_for_sale_in_divine_enclave-52946389-21698-1.html
5 Marla House Available In Eden Valley For sale,PKR 2.7 Crore,27000000,,,5 Marla,1125.0,24000,House,True,16,super hot161VerifiedShare on FacebookShare on TwitterShare on WhatsAppSend via GMailSend via E-Mail,99,Houses_Faisalabad,2026-07-24,https://www.zameen.com/Property/faisalabad_eden_valley_5_marla_house_available_in_eden_valley_for_sale-54497803-8917-1.html
Fair-Priced 5 Marla House Available In Wapda City - Block L,PKR 2 Crore,20000000,,,5 Marla,1125.0,17777,House,True,10,super hot10VerifiedShare on FacebookShare on TwitterShare on WhatsAppSend via GMailSend via E-Mail,98,Houses_Faisalabad,2026-07-24,https://www.zameen.com/Property/wapda_city_wapda_city_-_block_l_fair-priced_5_marla_house_available_in_wapda_city_-_block_l-54487554-5076-1.html
3 Marla Brand New Good Location House For Sale,PKR 1.3 Crore,13000000,3,3,3 Marla,675.0,19259,House,True,21,super hot21Share on FacebookShare on TwitterShare on WhatsAppSend via GMailSend via E-Mail,90,Houses_Faisalabad,2026-07-24,https://www.zameen.com/Property/faisalabad_al_noor_garden_3_marla_brand_new_good_location_house_for_sale-54485968-8916-1.html
3 Marla Brand New House For Sale,PKR 1.2 Crore,12000000,3,3,3 Marla,675.0,17777,House,True,6,super hot6Share on FacebookShare on TwitterShare on WhatsAppSend via GMailSend via E-Mail,89,Houses_Faisalabad,2026-07-24,https://www.zameen.com/Property/faisalabad_gulberg_valley_3_marla_brand_new_house_for_sale-54139501-10823-1.html
Corner House For Sale In Beautiful Wapda City - Block C,PKR 3.95 Crore,39500000,4,5,15 Marla,3375.0,11703,House,True,7,super hot7VerifiedShare on FacebookShare on TwitterShare on WhatsAppSend via GMailSend via E-Mail,97,Houses_Faisalabad,2026-07-24,https://www.zameen.com/Property/wapda_city_wapda_city_-_block_c_corner_house_for_sale_in_beautiful_wapda_city_-_block_c-54471768-5068-1.html
11 marla Brand New luxurious House Available For Sale in Eden orchard lasani Pulli sargodha road,PKR 5.5 Crore,55000000,6,6,11 Marla,2475.0,22222,House,True,18,super hot18Share on FacebookShare on TwitterShare on WhatsAppSend via GMailSend via E-Mail,90,Houses_Faisalabad,2026-07-24,https://www.zameen.com/Property/faisalabad_eden_orchard_11_marla_brand_new_luxurious_house_available_for_sale_in_eden_orchard_lasani_pulli_sargodha_road-54490064-11162-1.html
10 Marla Brand New Luxury House For Sale In Eden Orchard Sarghodha Road Faisalabad,PKR 5.25 Crore,52500000,5,6,10 Marla,2250.0,23333,House,True,44,super hot44Share on FacebookShare on TwitterShare on WhatsAppSend via GMailSend via E-Mail,90,Houses_Faisalabad,2026-07-24,https://www.zameen.com/Property/faisalabad_eden_orchard_10_marla_brand_new_luxury_house_for_sale_in_eden_orchard_sarghodha_road_faisalabad-54176884-11162-1.html
5 Marla Brand New Luxury House For Sale In Eden Orchard Lasani Pulli Sarghodha Road Faisalabad,PKR 2.6 Crore,26000000,3,4,5 Marla,1125.0,23111,House,True,21,super hot21Share on FacebookShare on TwitterShare on WhatsAppSend via GMailSend via E-Mail,90,Houses_Faisalabad,2026-07-24,https://www.zameen.com/Property/faisalabad_eden_orchard_5_marla_brand_new_luxury_house_for_sale_in_eden_orchard_lasani_pulli_sarghodha_road_faisalabad-54419057-11162-1.html
5 Marla Used House For Sale In Eden Velly,PKR 2.25 Crore,22500000,3,4,5 Marla,1125.0,20000,House,True,16,super hot16Share on FacebookShare on TwitterShare on WhatsAppSend via GMailSend via E-Mail,90,Houses_Faisalabad,2026-07-24,https://www.zameen.com/Property/faisalabad_eden_valley_5_marla_used_house_for_sale_in_eden_velly-54419138-8917-1.html
3.3 Marla Eden executive,PKR 1.6 Crore,16000000,3,4,3.3 Marla,742.5,21548,House,True,16,super hot16Share on FacebookShare on TwitterShare on WhatsAppSend via GMailSend via E-Mail,90,Houses_Faisalabad,2026-07-24,https://www.zameen.com/Property/eden_gardens_eden_executive_3_3_marla_eden_executive-54496249-10765-1.html
Wapda City - Block B House Sized 10 Marla Is Available,PKR 3.97 Crore,39700000,5,7,10 Marla,2250.0,17644,House,True,26,hot26VerifiedShare on FacebookShare on TwitterShare on WhatsAppSend via GMailSend via E-Mail,92,Houses_Faisalabad,2026-07-24,https://www.zameen.com/Property/wapda_city_wapda_city_-_block_b_wapda_city_-_block_b_house_sized_10_marla_is_available-54447227-5067-1.html
15 Marla Beautiful House Available for Sale,PKR 5.25 Crore,52500000,5,5,15 Marla,3375.0,15555,House,True,8,hot8Share on FacebookShare on TwitterShare on WhatsAppSend via GMailSend via E-Mail,83,Houses_Faisalabad,2026-07-24,https://www.zameen.com/Property/wapda_city_wapda_city_-_block_d_15_marla_beautiful_house_available_for_sale-54495701-5069-1.html
7 Marla Brand New House For Sale In Eden Valley At Very Resonable Price Its Limited Time Offer,PKR 3.6 Crore,36000000,4,5,7 Marla,1575.0,22857,House,False,46,hot46Share on FacebookShare on TwitterShare on WhatsAppSend via GMailSend via E-Mail,84,Houses_Faisalabad,2026-07-24,https://www.zameen.com/Property/faisalabad_eden_valley_7_marla_brand_new_house_for_sale_in_eden_valley_at_very_resonable_price_its_limited_time_offer-53493139-8917-1.html
5 Marla Brand New House For Sale In Eden Valley,PKR 2.65 Crore,26500000,3,4,5 Marla,1125.0,23555,House,False,6,hot6Share on FacebookShare on TwitterShare on WhatsAppSend via GMailSend via E-Mail,83,Houses_Faisalabad,2026-07-24,https://www.zameen.com/Property/faisalabad_eden_valley_5_marla_brand_new_house_for_sale_in_eden_valley-54280009-8917-1.html
5 Marla Brand New House Uktra Moderen Having 4 Beds For Details Plz Contact,PKR 2.95 Crore,29500000,2,5,5 Marla,1125.0,26222,House,False,33,hot33Share on FacebookShare on TwitterShare on WhatsAppSend via GMailSend via E-Mail,84,Houses_Faisalabad,2026-07-24,https://www.zameen.com/Property/faisalabad_eden_valley_5_marla_brand_new_house_uktra_moderen_having_4_beds_for_details_plz_contact-54433991-8917-1.html
Beautiful New House For Sale,PKR 3.85 Crore,38500000,5,6,10 Marla,2250.0,17111,House,False,21,hot21Share on FacebookShare on TwitterShare on WhatsAppSend via GMailSend via E-Mail,84,Houses_Faisalabad,2026-07-24,https://www.zameen.com/Property/faisalabad_wapda_city_beautiful_new_house_for_sale-54239031-501-1.html
A Stunning House Is Up For Grabs In Citi Housing,PKR 3 Crore,30000000,,,10 Marla,2250.0,13333,House,False,6,hot6VerifiedShare on FacebookShare on TwitterShare on WhatsAppSend via GMailSend via E-Mail,91,Houses_Faisalabad,2026-07-24,https://www.zameen.com/Property/faisalabad_citi_housing_a_stunning_house_is_up_for_grabs_in_citi_housing-54275009-8358-1.html
"20 Marla Luxury House For Sale In Abdullah Garden, Ayesha Block, East Canal Road Faisalabad",PKR 10.75 Crore,107500000,6,6,1 Kanal,4500.0,23888,House,False,7,7Share on FacebookShare on TwitterShare on WhatsAppSend via GMailSend via E-Mail,80,Houses_Faisalabad,2026-07-24,https://www.zameen.com/Property/east_canal_road_abdullah_gardens_20_marla_luxury_house_for_sale_in_abdullah_garden_ayesha_block_east_canal_road_faisalabad-46985035-4890-1.html
7 Marla Corner House For Sale,PKR 2.7 Crore,27000000,4,4,7 Marla,1575.0,17142,House,False,9,9Share on FacebookShare on TwitterShare on WhatsAppSend via GMailSend via E-Mail,80,Houses_Faisalabad,2026-07-24,https://www.zameen.com/Property/faisalabad_al_noor_garden_7_marla_corner_house_for_sale-54250601-8916-1.html
New House For Sale,PKR 2.75 Crore,27500000,5,6,7 Marla,1575.0,17460,House,False,10,10Share on FacebookShare on TwitterShare on WhatsAppSend via GMailSend via E-Mail,81,Houses_Faisalabad,2026-07-24,https://www.zameen.com/Property/faisalabad_sargodha_road_new_house_for_sale-54437068-768-1.html
11.25 Marla House Available In Khayaban Garden,PKR 4.75 Crore,47500000,,5,11 Marla,2475.0,19191,House,False,19,19Share on FacebookShare on TwitterShare on WhatsAppSend via GMailSend via E-Mail,81,Houses_Faisalabad,2026-07-24,https://www.zameen.com/Property/faisalabad_khayaban_gardens_11_25_marla_house_available_in_khayaban_garden-54401394-4981-1.html
7.5 Marla Brand New House Available For Sale In Divine Enclave Canal Road,PKR 4.25 Crore,42500000,5,6,7.5 Marla,1687.5,25185,House,False,21,21Share on FacebookShare on TwitterShare on WhatsAppSend via GMailSend via E-Mail,81,Houses_Faisalabad,2026-07-24,https://www.zameen.com/Property/canal_road_divine_enclave_7_5_marla_brand_new_house_available_for_sale_in_divine_enclave_canal_road-53924887-21698-1.html
5.5 Marla Used Neat And Clean House Available For Sale On Very Reasonable Price,PKR 1.65 Crore,16500000,3,4,5.5 Marla,1237.5,13333,House,False,13,13Share on FacebookShare on TwitterShare on WhatsAppSend via GMailSend via E-Mail,81,Houses_Faisalabad,2026-07-24,https://www.zameen.com/Property/model_city_1_model_city_1_-_block_f_5_5_marla_used_neat_and_clean_house_available_for_sale_on_very_reasonable_price-53914746-21119-1.html
7.5 Marla East Open House Available For Sale,PKR 4.5 Crore,45000000,5,7,7.5 Marla,1687.5,26666,House,False,34,341VerifiedShare on FacebookShare on TwitterShare on WhatsAppSend via GMailSend via E-Mail,90,Houses_Faisalabad,2026-07-24,https://www.zameen.com/Property/canal_road_divine_enclave_7_5_marla_east_open_house_available_for_sale-53313382-21698-1.html
7 Marla beautiful house available for sale In Divine enclave,PKR 4.25 Crore,42500000,4,6,7 Marla,1575.0,26984,House,False,39,39Share on FacebookShare on TwitterShare on WhatsAppSend via GMailSend via E-Mail,81,Houses_Faisalabad,2026-07-24,https://www.zameen.com/Property/canal_road_divine_enclave_7_marla_beautiful_house_available_for_sale_in_divine_enclave-54025667-21698-1.html
Spacious House Is Available For Sale In Ideal Location Of Wapda City - Block M,PKR 4.5 Crore,45000000,5,6,10 Marla,2250.0,20000,House,True,,super hotShare on FacebookShare on TwitterShare on WhatsAppSend via GMailSend via E-Mail,88,Houses_Faisalabad,2026-07-24,https://www.zameen.com/Property/wapda_city_wapda_city_-_block_m_spacious_house_is_available_for_sale_in_ideal_location_of_wapda_city_-_block_m-54491096-5077-1.html
20 Marla Very Beautiful Brand New House Available In Abdullah Gardens Canal Road,PKR 12.5 Crore,125000000,6,6,1 Kanal,4500.0,27777,House,True,11,super hot11Share on FacebookShare on TwitterShare on WhatsAppSend via GMailSend via E-Mail,90,Houses_Faisalabad,2026-07-24,https://www.zameen.com/Property/east_canal_road_abdullah_gardens_20_marla_very_beautiful_brand_new_house_available_in_abdullah_gardens_canal_road-54452433-4890-1.html
Fair-Priced 15 Marla House Available In Wapda City,PKR 4.3 Crore,43000000,6,6,10 Marla,2250.0,19111,House,True,7,super hot7Share on FacebookShare on TwitterShare on WhatsAppSend via GMailSend via E-Mail,89,Houses_Faisalabad,2026-07-24,https://www.zameen.com/Property/faisalabad_wapda_city_fair-priced_15_marla_house_available_in_wapda_city-54381608-501-1.html
Wapda City - Block B House Sized 10 Marla Is Available,PKR 3.97 Crore,39700000,5,7,10 Marla,2250.0,17644,House,True,25,super hot25VerifiedShare on FacebookShare on TwitterShare on WhatsAppSend via GMailSend via E-Mail,98,Houses_Faisalabad,2026-07-24,https://www.zameen.com/Property/wapda_city_wapda_city_-_block_b_wapda_city_-_block_b_house_sized_10_marla_is_available-54438682-5067-1.html
4 Marla Barnd New House In Eden Executive,PKR 1.95 Crore,19500000,3,4,4 Marla,900.0,21666,House,True,17,super hot17Share on FacebookShare on TwitterShare on WhatsAppSend via GMailSend via E-Mail,90,Houses_Faisalabad,2026-07-24,https://www.zameen.com/Property/eden_gardens_eden_executive_4_marla_barnd_new_house_in_eden_executive-54491231-10765-1.html
17 Marla Construction 17 Marla Registry Price Triple Storey House Available For Sale In New Garden Block,PKR 7 Crore,70000000,5,6,17 Marla,3825.0,18300,House,True,40,super hot40Share on FacebookShare on TwitterShare on WhatsAppSend via GMailSend via E-Mail,90,Houses_Faisalabad,2026-07-24,https://www.zameen.com/Property/saeed_colony_saeed_colony_-_new_garden_block_17_marla_construction_17_marla_registry_price_triple_storey_house_available_for_sale_in_new_garden_block-53938292-11202-1.html
Beauty Ful New House Modern Design,PKR 2.45 Crore,24500000,4,5,5 Marla,1125.0,21777,House,True,10,super hot10Share on FacebookShare on TwitterShare on WhatsAppSend via GMailSend via E-Mail,90,Houses_Faisalabad,2026-07-24,https://www.zameen.com/Property/faisalabad_wapda_city_beauty_ful_new_house_modern_design-54410257-501-1.html
7 Marla Luxury House Available For Sale,PKR 4.4 Crore,44000000,4,5,7 Marla,1575.0,27936,House,True,46,super hot46VerifiedShare on FacebookShare on TwitterShare on WhatsAppSend via GMailSend via E-Mail,98,Houses_Faisalabad,2026-07-24,https://www.zameen.com/Property/canal_road_divine_enclave_7_marla_luxury_house_available_for_sale-53199013-21698-1.html
11.25 Marla Beautiful Double Height House Available For Sale,PKR 4.45 Crore,44500000,5,6,11.4 Marla,2565.0,17348,House,True,28,super hot28VerifiedShare on FacebookShare on TwitterShare on WhatsAppSend via GMailSend via E-Mail,98,Houses_Faisalabad,2026-07-24,https://www.zameen.com/Property/faisalabad_khayaban_gardens_11_25_marla_beautiful_double_height_house_available_for_sale-53877745-4981-1.html
5 Marla Brand New Double Storey Double Height House Available For Sale,PKR 2.6 Crore,26000000,3,5,5 Marla,1125.0,23111,House,True,21,super hot21VerifiedShare on FacebookShare on TwitterShare on WhatsAppSend via GMailSend via E-Mail,98,Houses_Faisalabad,2026-07-24,https://www.zameen.com/Property/faisalabad_eden_orchard_5_marla_brand_new_double_storey_double_height_house_available_for_sale-54494648-11162-1.html
Wapda City - Block B House Sized 10 Marla Is Available,PKR 3.97 Crore,39700000,5,7,10 Marla,2250.0,17644,House,True,26,hot26VerifiedShare on FacebookShare on TwitterShare on WhatsAppSend via GMailSend via E-Mail,92,Houses_Faisalabad,2026-07-24,https://www.zameen.com/Property/wapda_city_wapda_city_-_block_b_wapda_city_-_block_b_house_sized_10_marla_is_available-54459696-5067-1.html
Wapda City - Block B House Sized 10 Marla For sale,PKR 4.25 Crore,42500000,,,10 Marla,2250.0,18888,House,True,5,hot5VerifiedShare on FacebookShare on TwitterShare on WhatsAppSend via GMailSend via E-Mail,91,Houses_Faisalabad,2026-07-24,https://www.zameen.com/Property/wapda_city_wapda_city_-_block_b_wapda_city_-_block_b_house_sized_10_marla_for_sale-54304542-5067-1.html
20 Marla New House For Sale In Eden Orchard Sarghodha Road Faisalabad,PKR 8 Crore,80000000,6,6,1 Kanal,4500.0,17777,House,False,11,hot11VerifiedShare on FacebookShare on TwitterShare on WhatsAppSend via GMailSend via E-Mail,92,Houses_Faisalabad,2026-07-24,https://www.zameen.com/Property/faisalabad_eden_orchard_20_marla_new_house_for_sale_in_eden_orchard_sarghodha_road_faisalabad-54391153-11162-1.html
11 Marla Brand New House For Sale Sarghodha Road Eden Orchard,PKR 5.3 Crore,53000000,5,6,11 Marla,2475.0,21414,House,False,28,hot28VerifiedShare on FacebookShare on TwitterShare on WhatsAppSend via GMailSend via E-Mail,92,Houses_Faisalabad,2026-07-24,https://www.zameen.com/Property/faisalabad_eden_orchard_11_marla_brand_new_house_for_sale_sarghodha_road_eden_orchard-54391155-11162-1.html
6.3 Marla Luxury House For Sale In Hassan Block Khyaban Gardens Sarghodha Road Faisalabad,PKR 2.6 Crore,26000000,4,5,6.3 Marla,1417.5,18342,House,False,23,hot23VerifiedShare on FacebookShare on TwitterShare on WhatsAppSend via GMailSend via E-Mail,92,Houses_Faisalabad,2026-07-24,https://www.zameen.com/Property/faisalabad_khayaban_gardens_6_3_marla_luxury_house_for_sale_in_hassan_block_khyaban_gardens_sarghodha_road_faisalabad-54427948-4981-1.html
"04 Marla House For Sale In Rehman Garden, Styana Road, Near Fish Farm,Faisalabad.",PKR 1.89 Crore,18900000,,,4 Marla,900.0,21000,House,False,7,hot7Share on FacebookShare on TwitterShare on WhatsAppSend via GMailSend via E-Mail,83,Houses_Faisalabad,2026-07-24,https://www.zameen.com/Property/faisalabad_rehman_gardens_04_marla_house_for_sale_in_rehman_garden_styana_road_near_fish_farm_faisalabad-54507340-5037-1.html
Ideal House For Sale In Wapda City,PKR 2.5 Crore,25000000,5,5,5 Marla,1125.0,22222,House,False,2,hot2Share on FacebookShare on TwitterShare on WhatsAppSend via GMailSend via E-Mail,83,Houses_Faisalabad,2026-07-24,https://www.zameen.com/Property/faisalabad_wapda_city_ideal_house_for_sale_in_wapda_city-53902263-501-1.html
10 Marla Beautiful Designer House Available For Sale In Eden Exective J Block Canal Road Faiaslabad,PKR 5.9 Crore,59000000,5,6,10 Marla,2250.0,26222,House,False,26,26Share on FacebookShare on TwitterShare on WhatsAppSend via GMailSend via E-Mail,81,Houses_Faisalabad,2026-07-24,https://www.zameen.com/Property/eden_gardens_eden_executive_10_marla_beautiful_designer_house_available_for_sale_in_eden_exective_j_block_canal_road_faiaslabad-54048923-10765-1.html
10 Marla House Available For Sale On 50 Feet Wide Road Techtown Satiana Road Faisalabad,PKR 3.15 Crore,31500000,4,5,10 Marla,2250.0,14000,House,False,11,11Share on FacebookShare on TwitterShare on WhatsAppSend via GMailSend via E-Mail,81,Houses_Faisalabad,2026-07-24,https://www.zameen.com/Property/satiana_road_tech_town_tnt_colony_10_marla_house_available_for_sale_on_50_feet_wide_road_techtown_satiana_road_faisalabad-54266049-419-1.html
8.67 Marla East Open Beautiful Modern New Conditioned House Available For Sale In Divine Enclave Canal Road Faisalabad,PKR 4.9 Crore,49000000,5,6,8.7 Marla,1957.4999999999998,25031,House,False,32,32Share on FacebookShare on TwitterShare on WhatsAppSend via GMailSend via E-Mail,81,Houses_Faisalabad,2026-07-24,https://www.zameen.com/Property/canal_road_divine_enclave_8_67_marla_east_open_beautiful_modern_new_conditioned_house_available_for_sale_in_divine_enclave_canal_road_faisalabad-54273909-21698-1.html
16 Marla Beautiful Lavish House For Sale Near Kohinoor Commercial Area Faisalabad,PKR 8.5 Crore,85000000,6,5,16 Marla,3600.0,23611,House,True,18,18Share on FacebookShare on TwitterShare on WhatsAppSend via GMailSend via E-Mail,81,Houses_Faisalabad,2026-07-24,https://www.zameen.com/Property/faisalabad_kohinoor_city_16_marla_beautiful_lavish_house_for_sale_near_kohinoor_commercial_area_faisalabad-54070243-1360-1.html
Designer House For Sale,PKR 9.5 Crore,95000000,6,5,1 Kanal,4500.0,21111,House,False,8,8VerifiedShare on FacebookShare on TwitterShare on WhatsAppSend via GMailSend via E-Mail,88,Houses_Faisalabad,2026-07-24,https://www.zameen.com/Property/citi_housing_sargodha_road_citi_housing_sargodha_road_-_block_b_designer_house_for_sale-54508499-14610-1.html
Corner Houses For Sale,PKR 1.85 Crore,18500000,3,4,7 Marla,1575.0,11746,House,False,5,5VerifiedShare on FacebookShare on TwitterShare on WhatsAppSend via GMailSend via E-Mail,88,Houses_Faisalabad,2026-07-24,https://www.zameen.com/Property/citi_housing_citi_housing_sargodha_road_corner_houses_for_sale-54508498-11229-1.html
Corner 2 Kanal House For Sale,PKR 11 Crore,110000000,5,6,2 Kanal,9000.0,12222,House,False,5,5VerifiedShare on FacebookShare on TwitterShare on WhatsAppSend via GMailSend via E-Mail,88,Houses_Faisalabad,2026-07-24,https://www.zameen.com/Property/citi_housing_citi_housing_sargodha_road_corner_2_kanal_house_for_sale-54508497-11229-1.html
4 Marla Cornor Fair-Priced 4 Marla House Available In Gulberg Valley,PKR 1.3 Crore,13000000,2,3,4 Marla,900.0,14444,House,False,9,9Share on FacebookShare on TwitterShare on WhatsAppSend via GMailSend via E-Mail,80,Houses_Faisalabad,2026-07-24,https://www.zameen.com/Property/faisalabad_gulberg_valley_4_marla_cornor_fair-priced_4_marla_house_available_in_gulberg_valley-54507526-10823-1.html
Brand New House For Sale At Al Noor Garden,PKR 1.3 Crore,13000000,3,4,3 Marla,675.0,19259,House,True,,super hotShare on FacebookShare on TwitterShare on WhatsAppSend via GMailSend via E-Mail,88,Houses_Faisalabad,2026-07-24,https://www.zameen.com/Property/faisalabad_al_noor_garden_brand_new_house_for_sale_at_al_noor_garden-54388969-8916-1.html
House For Sale In Gulistan Colony Block 'H' Opposite Aziz Fatima Hospital Faislabad,PKR 2.15 Crore,21500000,4,3,8.2 Marla,1844.9999999999998,11653,House,True,25,super hot251Share on FacebookShare on TwitterShare on WhatsAppSend via GMailSend via E-Mail,91,Houses_Faisalabad,2026-07-24,https://www.zameen.com/Property/faisalabad_gulistan_colony_no_1_house_for_sale_in_gulistan_colony_block_h_opposite_aziz_fatima_hospital_faislabad-51997375-1073-1.html
Stunning House Is Available For Sale In Model City 1,PKR 1.3 Crore,13000000,3,4,5 Marla,1125.0,11555,House,True,14,super hot14Share on FacebookShare on TwitterShare on WhatsAppSend via GMailSend via E-Mail,90,Houses_Faisalabad,2026-07-24,https://www.zameen.com/Property/canal_road_model_city_1_stunning_house_is_available_for_sale_in_model_city_1-54491955-8590-1.html
LUXURY HOUSE FOR SALE,PKR 9 Crore,90000000,7,7,1 Kanal,4500.0,20000,House,True,19,super hot19Share on FacebookShare on TwitterShare on WhatsAppSend via GMailSend via E-Mail,90,Houses_Faisalabad,2026-07-24,https://www.zameen.com/Property/canal_road_east_canal_road_luxury_house_for_sale-54496762-9506-1.html
12 Marla East Open Real Beauty Brand New House Available For Sale In Divine Enclave Canal Road Faisalabad,PKR 8 Crore,80000000,5,6,12 Marla,2700.0,29629,House,True,40,super hot40Share on FacebookShare on TwitterShare on WhatsAppSend via GMailSend via E-Mail,90,Houses_Faisalabad,2026-07-24,https://www.zameen.com/Property/canal_road_divine_enclave_12_marla_east_open_real_beauty_brand_new_house_available_for_sale_in_divine_enclave_canal_road_faisalabad-54330784-21698-1.html
10 MARLA HOUSE AVAILABLE FOR SALE,PKR 3.25 Crore,32500000,5,6,10 Marla,2250.0,14444,House,True,21,super hot21Share on FacebookShare on TwitterShare on WhatsAppSend via GMailSend via E-Mail,90,Houses_Faisalabad,2026-07-24,https://www.zameen.com/Property/wapda_city_wapda_city_-_block_a_10_marla_house_available_for_sale-54309400-5066-1.html
4 Marla Brand New Luxurious Home For Sale,PKR 1.95 Crore,19500000,3,4,4 Marla,900.0,21666,Unknown,True,24,super hot24Share on FacebookShare on TwitterShare on WhatsAppSend via GMailSend via E-Mail,90,Houses_Faisalabad,2026-07-24,https://www.zameen.com/Property/eden_gardens_eden_executive_4_marla_brand_new_luxurious_home_for_sale-54479529-10765-1.html
A House Of 5 Marla For Sale,PKR 2.25 Crore,22500000,,,5 Marla,1125.0,20000,House,True,25,super hot25Share on FacebookShare on TwitterShare on WhatsAppSend via GMailSend via E-Mail,90,Houses_Faisalabad,2026-07-24,https://www.zameen.com/Property/canal_road_model_city_1_a_house_of_5_marla_for_sale-54442149-8590-1.html
5 Marla House For Sale Available In Eden Gardens,PKR 2.25 Crore,22500000,,,5 Marla,1125.0,20000,House,True,6,super hot6VerifiedShare on FacebookShare on TwitterShare on WhatsAppSend via GMailSend via E-Mail,97,Houses_Faisalabad,2026-07-24,https://www.zameen.com/Property/eden_gardens_eden_executive_5_marla_house_for_sale_available_in_eden_gardens-54442146-10765-1.html
Newly Constructed 5 Marla House for Sale C Block Citi Housing Sargodha Road Faisalabad,PKR 1.78 Crore,17800000,3,4,5 Marla,1125.0,15822,House,True,48,super hot481Share on FacebookShare on TwitterShare on WhatsAppSend via GMailSend via E-Mail,91,Houses_Faisalabad,2026-07-24,https://www.zameen.com/Property/citi_housing_citi_housing_sargodha_road_newly_constructed_5_marla_house_for_sale_c_block_citi_housing_sargodha_road_faisalabad-53491169-11229-1.html
Wapda City - Block B 10 Marla House Up For Sale,PKR 3.75 Crore,37500000,,,10 Marla,2250.0,16666,House,True,7,hot7VerifiedShare on FacebookShare on TwitterShare on WhatsAppSend via GMailSend via E-Mail,91,Houses_Faisalabad,2026-07-24,https://www.zameen.com/Property/wapda_city_wapda_city_-_block_b_wapda_city_-_block_b_10_marla_house_up_for_sale-54304544-5067-1.html
Luxury 4 Marla Brand New House For Sale,PKR 1.58 Crore,15800000,3,3,4 Marla,900.0,17555,House,True,16,hot16Share on FacebookShare on TwitterShare on WhatsAppSend via GMailSend via E-Mail,84,Houses_Faisalabad,2026-07-24,https://www.zameen.com/Property/lower_canal_road_green_orchard_luxury_4_marla_brand_new_house_for_sale-54333361-15298-1.html
5 Marla Beautiful East Open House,PKR 1.4 Crore,14000000,3,4,5 Marla,1125.0,12444,House,False,5,hot5Share on FacebookShare on TwitterShare on WhatsAppSend via GMailSend via E-Mail,83,Houses_Faisalabad,2026-07-24,https://www.zameen.com/Property/jaranwala_road_pine_garden_5_marla_beautiful_east_open_house-54507263-13824-1.html
6.1 Marla 2 story house for sale in Muhammad Abad Satyana Road Faisalabad,PKR 2.45 Crore,24500000,5,5,6 Marla,1350.0,18148,House,False,1,hot1Share on FacebookShare on TwitterShare on WhatsAppSend via GMailSend via E-Mail,83,Houses_Faisalabad,2026-07-24,https://www.zameen.com/Property/faisalabad_satiana_road_6_1_marla_2_story_house_for_sale_in_muhammad_abad_satyana_road_faisalabad-54072204-534-1.html
New House For Sale,PKR 95 Lakh,9500000,3,3,2 Marla,450.0,21111,House,False,29,hot29Share on FacebookShare on TwitterShare on WhatsAppSend via GMailSend via E-Mail,84,Houses_Faisalabad,2026-07-24,https://www.zameen.com/Property/faisalabad_lasani_garden_new_house_for_sale-53030810-4984-1.html
9 MARLA LUXURY HOUSE FOR SALE IN DIVINE ENCLAVE EAST CANAL ROAD FAISALABAD,PKR 5.75 Crore,57500000,5,6,9 Marla,2025.0,28395,House,False,8,hot8Share on FacebookShare on TwitterShare on WhatsAppSend via GMailSend via E-Mail,83,Houses_Faisalabad,2026-07-24,https://www.zameen.com/Property/canal_road_east_canal_road_9_marla_luxury_house_for_sale_in_divine_enclave_east_canal_road_faisalabad-53961624-9506-1.html
10 MARLA BRAND ULTRA MODERN HOUSE FOR SALE,PKR 4 Crore,40000000,4,5,10 Marla,2250.0,17777,House,False,38,hot38Share on FacebookShare on TwitterShare on WhatsAppSend via GMailSend via E-Mail,84,Houses_Faisalabad,2026-07-24,https://www.zameen.com/Property/faisalabad_wapda_city_10_marla_brand_ultra_modern_house_for_sale-54125220-501-1.html
3 Marla House For Sale,PKR 1.1 Crore,11000000,3,3,3 Marla,675.0,16296,House,True,9,9Share on FacebookShare on TwitterShare on WhatsAppSend via GMailSend via E-Mail,80,Houses_Faisalabad,2026-07-24,https://www.zameen.com/Property/lower_canal_road_green_orchard_3_marla_house_for_sale-53988042-15298-1.html
3 Marla Brand New House For Sale,PKR 1.1 Crore,11000000,3,3,3 Marla,675.0,16296,House,True,15,15Share on FacebookShare on TwitterShare on WhatsAppSend via GMailSend via E-Mail,81,Houses_Faisalabad,2026-07-24,https://www.zameen.com/Property/faisalabad_gulberg_valley_3_marla_brand_new_house_for_sale-53986895-10823-1.html
3.5 Marla House For Sale,PKR 1.15 Crore,11500000,4,4,3.5 Marla,787.5,14603,House,True,14,14Share on FacebookShare on TwitterShare on WhatsAppSend via GMailSend via E-Mail,81,Houses_Faisalabad,2026-07-24,https://www.zameen.com/Property/lower_canal_road_green_orchard_3_5_marla_house_for_sale-53982348-15298-1.html
Luxury 7 Marla Brand New House For Sale,PKR 4.25 Crore,42500000,5,5,7 Marla,1575.0,26984,House,True,30,30Share on FacebookShare on TwitterShare on WhatsAppSend via GMailSend via E-Mail,81,Houses_Faisalabad,2026-07-24,https://www.zameen.com/Property/faisalabad_eden_valley_luxury_7_marla_brand_new_house_for_sale-53960088-8917-1.html
10 Marla Brand New House For Sale,PKR 4.1 Crore,41000000,4,5,10 Marla,2250.0,18222,House,True,17,17Share on FacebookShare on TwitterShare on WhatsAppSend via GMailSend via E-Mail,81,Houses_Faisalabad,2026-07-24,https://www.zameen.com/Property/faisalabad_wapda_city_10_marla_brand_new_house_for_sale-53960285-501-1.html
10 Marla Brand New House For Sale Wapda City,PKR 4.15 Crore,41500000,5,6,10 Marla,2250.0,18444,House,False,29,29VerifiedShare on FacebookShare on TwitterShare on WhatsAppSend via GMailSend via E-Mail,89,Houses_Faisalabad,2026-07-24,https://www.zameen.com/Property/wapda_city_wapda_city_-_block_m_10_marla_brand_new_house_for_sale_wapda_city-54101484-5077-1.html
Prime Location FDA City - Block A2 House Sized 10 Marla,PKR 1.9 Crore,19000000,9,,10 Marla,2250.0,8444,House,False,6,6VerifiedShare on FacebookShare on TwitterShare on WhatsAppSend via GMailSend via E-Mail,88,Houses_Faisalabad,2026-07-24,https://www.zameen.com/Property/fda_city_fda_city_-_block_a2_prime_location_fda_city_-_block_a2_house_sized_10_marla-54427547-14147-1.html
Prime Location FDA City - Block A2 House Sized 10 Marla,PKR 1.9 Crore,19000000,9,,10 Marla,2250.0,8444,House,False,6,6VerifiedShare on FacebookShare on TwitterShare on WhatsAppSend via GMailSend via E-Mail,88,Houses_Faisalabad,2026-07-24,https://www.zameen.com/Property/fda_city_fda_city_-_block_a2_prime_location_fda_city_-_block_a2_house_sized_10_marla-54427550-14147-1.html
5.10 Marla Main Boulevard Building,PKR 6 Crore,60000000,,,5.1 Marla,1147.5,52287,Unknown,True,7,super hot7Share on FacebookShare on TwitterShare on WhatsAppSend via GMailSend via E-Mail,89,Houses_Faisalabad,2026-07-24,https://www.zameen.com/Property/faisalabad_samanabad_road_5_10_marla_main_boulevard_building-54453755-12756-1.html
A 10 Marla House Located In Wapda City Is Available For Sale,PKR 3.65 Crore,36500000,,,10 Marla,2250.0,16222,House,True,22,super hot22VerifiedShare on FacebookShare on TwitterShare on WhatsAppSend via GMailSend via E-Mail,98,Houses_Faisalabad,2026-07-24,https://www.zameen.com/Property/faisalabad_wapda_city_a_10_marla_house_located_in_wapda_city_is_available_for_sale-54428141-501-1.html
Beautiful House 5 Marla Rachna Town 3 Faisalabad For Sale,PKR 1.5 Crore,15000000,5,3,5 Marla,1125.0,13333,House,True,42,super hot42Share on FacebookShare on TwitterShare on WhatsAppSend via GMailSend via E-Mail,90,Houses_Faisalabad,2026-07-24,https://www.zameen.com/Property/faisalabad_rachna_town_beautiful_house_5_marla_rachna_town_3_faisalabad_for_sale-53148170-5029-1.html
House For Sale In Eden Executive,PKR 3.8 Crore,38000000,,,7 Marla,1575.0,24126,House,True,7,super hot7VerifiedShare on FacebookShare on TwitterShare on WhatsAppSend via GMailSend via E-Mail,97,Houses_Faisalabad,2026-07-24,https://www.zameen.com/Property/eden_gardens_eden_executive_house_for_sale_in_eden_executive-54329125-10765-1.html
10-Marla Brand new house For sale,PKR 3.5 Crore,35000000,5,5,10 Marla,2250.0,15555,House,True,15,super hot15Share on FacebookShare on TwitterShare on WhatsAppSend via GMailSend via E-Mail,90,Houses_Faisalabad,2026-07-24,https://www.zameen.com/Property/faisalabad_wapda_city_10-marla_brand_new_house_for_sale-53799953-501-1.html
Get In Touch Now To Buy A 5 Marla House In Citi Housing Sargodha Road - Block C,PKR 1.7 Crore,17000000,,,5 Marla,1125.0,15111,House,True,16,super hot16VerifiedShare on FacebookShare on TwitterShare on WhatsAppSend via GMailSend via E-Mail,98,Houses_Faisalabad,2026-07-24,https://www.zameen.com/Property/citi_housing_sargodha_road_citi_housing_sargodha_road_-_block_c_get_in_touch_now_to_buy_a_5_marla_house_in_citi_housing_sargodha_road_-_block_c-54397974-14611-1.html
HOT DEAL-Furnished Kanal House For Sale,PKR 15 Crore,150000000,5,7,1 Kanal,4500.0,33333,House,True,31,super hot31Share on FacebookShare on TwitterShare on WhatsAppSend via GMailSend via E-Mail,90,Houses_Faisalabad,2026-07-24,https://www.zameen.com/Property/faisalabad_wapda_city_hot_deal-furnished_kanal_house_for_sale-54414130-501-1.html
Prime Location House For sale In Model City 2 Faisalabad,PKR 1.99 Crore,19900000,3,4,5 Marla,1125.0,17688,House,True,28,super hot281VerifiedShare on FacebookShare on TwitterShare on WhatsAppSend via GMailSend via E-Mail,99,Houses_Faisalabad,2026-07-24,https://www.zameen.com/Property/satiana_road_model_city_2_prime_location_house_for_sale_in_model_city_2_faisalabad-54408661-11572-1.html
5 Marla Double Story House Available For Sale,PKR 1.55 Crore,15500000,4,4,5 Marla,1125.0,13777,House,True,12,super hot12Share on FacebookShare on TwitterShare on WhatsAppSend via GMailSend via E-Mail,90,Houses_Faisalabad,2026-07-24,https://www.zameen.com/Property/fda_city_fda_city_-_block_f1_5_marla_double_story_house_available_for_sale-54390635-14171-1.html
10 Marla Investor Rate House For Sale,PKR 2.5 Crore,25000000,4,5,10 Marla,2250.0,11111,House,True,5,super hot5Share on FacebookShare on TwitterShare on WhatsAppSend via GMailSend via E-Mail,89,Houses_Faisalabad,2026-07-24,https://www.zameen.com/Property/citi_housing_sargodha_road_citi_housing_sargodha_road_-_block_d_10_marla_investor_rate_house_for_sale-54435412-18976-1.html
Corner 3 Kanal Gray House For Sale Wapda City,PKR 25 Crore,250000000,10,6,3 Kanal,13500.0,18518,House,True,11,hot11Share on FacebookShare on TwitterShare on WhatsAppSend via GMailSend via E-Mail,84,Houses_Faisalabad,2026-07-24,https://www.zameen.com/Property/faisalabad_wapda_city_corner_3_kanal_gray_house_for_sale_wapda_city-54064273-501-1.html
"10 Marla Beautiful Used House Available For Sale In Abdullah Gardens , Price Is Almost Final Please Don'T Bargain",PKR 4.95 Crore,49500000,4,6,10 Marla,2250.0,22000,House,True,9,hot9Share on FacebookShare on TwitterShare on WhatsAppSend via GMailSend via E-Mail,83,Houses_Faisalabad,2026-07-24,https://www.zameen.com/Property/east_canal_road_abdullah_gardens_10_marla_beautiful_used_house_available_for_sale_in_abdullah_gardens_price_is_almost_final_please_don_t_bargain-54393663-4890-1.html
1.5-Kanal House With Beautiful Garden Near Lassani Pulli,PKR 7.5 Crore,75000000,4,5,1.5 Kanal,6750.0,11111,House,False,17,hot17Share on FacebookShare on TwitterShare on WhatsAppSend via GMailSend via E-Mail,84,Houses_Faisalabad,2026-07-24,https://www.zameen.com/Property/faisalabad_muslim_town_1_5-kanal_house_with_beautiful_garden_near_lassani_pulli-54509451-1156-1.html
Park Facing House,PKR 3 Crore,30000000,4,5,10 Marla,2250.0,13333,House,False,5,hot5VerifiedShare on FacebookShare on TwitterShare on WhatsAppSend via GMailSend via E-Mail,91,Houses_Faisalabad,2026-07-24,https://www.zameen.com/Property/faisalabad_wapda_city_park_facing_house-54428114-501-1.html
3 Marla House In TECH Town (TNT Colony) For sale At Good Location,PKR 85 Lakh,8500000,3,3,3 Marla,675.0,12592,House,False,17,hot17Share on FacebookShare on TwitterShare on WhatsAppSend via GMailSend via E-Mail,84,Houses_Faisalabad,2026-07-24,https://www.zameen.com/Property/satiana_road_tech_town_tnt_colony_3_marla_house_in_tech_town_tnt_colony_for_sale_at_good_location-54238801-419-1.html
Double Storey House Is Available For Sale,PKR 1.8 Crore,18000000,3,3,5 Marla,1125.0,16000,House,False,,hotVerifiedShare on FacebookShare on TwitterShare on WhatsAppSend via GMailSend via E-Mail,90,Houses_Faisalabad,2026-07-24,https://www.zameen.com/Property/faisalabad_al_najaf_colony_double_storey_house_is_available_for_sale-54323392-4902-1.html
Single Storey House For Sale,PKR 95 Lakh,9500000,2,2,3 Marla,675.0,14074,House,False,,hotVerifiedShare on FacebookShare on TwitterShare on WhatsAppSend via GMailSend via E-Mail,90,Houses_Faisalabad,2026-07-24,https://www.zameen.com/Property/faisalabad_al_najaf_colony_single_storey_house_for_sale-54352843-4902-1.html
5 Marla House In Central FDA City - Block F1 For Sale,PKR 70 Lakh,7000000,,,5 Marla,1125.0,6222,House,False,5,5VerifiedShare on FacebookShare on TwitterShare on WhatsAppSend via GMailSend via E-Mail,88,Houses_Faisalabad,2026-07-24,https://www.zameen.com/Property/fda_city_fda_city_-_block_f1_5_marla_house_in_central_fda_city_-_block_f1_for_sale-54427582-14171-1.html
Prime Location FDA City - Block A2 House Sized 10 Marla,PKR 1.9 Crore,19000000,9,,10 Marla,2250.0,8444,House,False,6,6VerifiedShare on FacebookShare on TwitterShare on WhatsAppSend via GMailSend via E-Mail,88,Houses_Faisalabad,2026-07-24,https://www.zameen.com/Property/fda_city_fda_city_-_block_a2_prime_location_fda_city_-_block_a2_house_sized_10_marla-54485183-14147-1.html
House Of 20 Marla Available In FDA City - Block A3,PKR 4.5 Crore,45000000,,,1 Kanal,4500.0,10000,House,False,7,7VerifiedShare on FacebookShare on TwitterShare on WhatsAppSend via GMailSend via E-Mail,88,Houses_Faisalabad,2026-07-24,https://www.zameen.com/Property/fda_city_fda_city_-_block_a3_house_of_20_marla_available_in_fda_city_-_block_a3-54485182-14148-1.html
House Of 20 Marla Available In FDA City - Block A3,PKR 4.5 Crore,45000000,,,1 Kanal,4500.0,10000,House,False,7,7VerifiedShare on FacebookShare on TwitterShare on WhatsAppSend via GMailSend via E-Mail,88,Houses_Faisalabad,2026-07-24,https://www.zameen.com/Property/fda_city_fda_city_-_block_a3_house_of_20_marla_available_in_fda_city_-_block_a3-54427597-14148-1.html
Stunning House Is Available For sale In FDA City - Block A4,PKR 3 Crore,30000000,,,10 Marla,2250.0,13333,House,False,6,6VerifiedShare on FacebookShare on TwitterShare on WhatsAppSend via GMailSend via E-Mail,88,Houses_Faisalabad,2026-07-24,https://www.zameen.com/Property/fda_city_fda_city_-_block_a4_stunning_house_is_available_for_sale_in_fda_city_-_block_a4-54485185-14149-1.html
House Of 20 Marla Available In FDA City - Block A3,PKR 4.5 Crore,45000000,,,1 Kanal,4500.0,10000,House,False,7,7VerifiedShare on FacebookShare on TwitterShare on WhatsAppSend via GMailSend via E-Mail,88,Houses_Faisalabad,2026-07-24,https://www.zameen.com/Property/fda_city_fda_city_-_block_a3_house_of_20_marla_available_in_fda_city_-_block_a3-54485184-14148-1.html
10 Marla Luxury House For Sale In Block E WAPDA City Faisalabad,PKR 4.35 Crore,43500000,5,5,10 Marla,2250.0,19333,House,True,5,5VerifiedShare on FacebookShare on TwitterShare on WhatsAppSend via GMailSend via E-Mail,88,Houses_Faisalabad,2026-07-24,https://www.zameen.com/Property/wapda_city_wapda_city_-_block_e_10_marla_luxury_house_for_sale_in_block_e_wapda_city_faisalabad-54498658-5070-1.html
To Sale You Can Find Spacious House In Wapda City,PKR 3.5 Crore,35000000,,,10 Marla,2250.0,15555,House,False,5,5VerifiedShare on FacebookShare on TwitterShare on WhatsAppSend via GMailSend via E-Mail,88,Houses_Faisalabad,2026-07-24,https://www.zameen.com/Property/faisalabad_wapda_city_to_sale_you_can_find_spacious_house_in_wapda_city-54485308-501-1.html
Get An Attractive House In Faisalabad Under Rs. 39000000,PKR 3.9 Crore,39000000,5,7,10 Marla,2250.0,17333,House,True,19,hot19Share on FacebookShare on TwitterShare on WhatsAppSend via GMailSend via E-Mail,84,Houses_Faisalabad,2026-07-24,https://www.zameen.com/Property/wapda_city_wapda_city_-_block_b_get_an_attractive_house_in_faisalabad_under_rs_39000000-54438724-5067-1.html
Get An Attractive House In Faisalabad Under Rs. 39000000,PKR 3.9 Crore,39000000,5,7,10 Marla,2250.0,17333,House,True,19,hot19VerifiedShare on FacebookShare on TwitterShare on WhatsAppSend via GMailSend via E-Mail,92,Houses_Faisalabad,2026-07-24,https://www.zameen.com/Property/wapda_city_wapda_city_-_block_b_get_an_attractive_house_in_faisalabad_under_rs_39000000-54447223-5067-1.html
Luxurious 4 Kanal Modern State Of The Art Bungalow For Sale In Abdullah Garden Faisalabad,PKR 45 Crore,450000000,6,7,4 Kanal,18000.0,25000,House,True,10,hot101Share on FacebookShare on TwitterShare on WhatsAppSend via GMailSend via E-Mail,85,Houses_Faisalabad,2026-07-24,https://www.zameen.com/Property/east_canal_road_abdullah_gardens_luxurious_4_kanal_modern_state_of_the_art_bungalow_for_sale_in_abdullah_garden_faisalabad-52047039-4890-1.html
1 Kanal Luxury House For Sale In Judicial Housing Society Faisalabad,PKR 5.5 Crore,55000000,4,5,1 Kanal,4500.0,12222,House,True,9,hot9Share on FacebookShare on TwitterShare on WhatsAppSend via GMailSend via E-Mail,83,Houses_Faisalabad,2026-07-24,https://www.zameen.com/Property/faisalabad_judicial_employees_coop_housing_society_1_kanal_luxury_house_for_sale_in_judicial_housing_society_faisalabad-53886789-4969-1.html
Luxury 10 Marla Magnificent House For Sale In Wapda City Canal Expressway Faisalabad,PKR 3.5 Crore,35000000,4,4,10 Marla,2250.0,15555,House,True,19,hot19Share on FacebookShare on TwitterShare on WhatsAppSend via GMailSend via E-Mail,84,Houses_Faisalabad,2026-07-24,https://www.zameen.com/Property/faisalabad_wapda_city_luxury_10_marla_magnificent_house_for_sale_in_wapda_city_canal_expressway_faisalabad-53885901-501-1.html
Brand New Corner Furnished 13.5 Marla House For Sale in Wadie Sitara Faisalabad,PKR 8 Crore,80000000,4,5,13 Marla,2925.0,27350,House,True,32,hot321Share on FacebookShare on TwitterShare on WhatsAppSend via GMailSend via E-Mail,85,Houses_Faisalabad,2026-07-24,https://www.zameen.com/Property/faisalabad_canal_road_brand_new_corner_furnished_13_5_marla_house_for_sale_in_wadie_sitara_faisalabad-53874404-1140-1.html
4 Bed House 5 Marla Luxury House,PKR 2.7 Crore,27000000,2,5,5 Marla,1125.0,24000,House,True,40,hot40Share on FacebookShare on TwitterShare on WhatsAppSend via GMailSend via E-Mail,84,Houses_Faisalabad,2026-07-24,https://www.zameen.com/Property/faisalabad_eden_valley_4_bed_house_5_marla_luxury_house-53689373-8917-1.html
7 Marla Brand New House Eden Valley,PKR 4 Crore,40000000,4,5,7 Marla,1575.0,25396,House,True,18,hot18Share on FacebookShare on TwitterShare on WhatsAppSend via GMailSend via E-Mail,84,Houses_Faisalabad,2026-07-24,https://www.zameen.com/Property/faisalabad_eden_valley_7_marla_brand_new_house_eden_valley-53934858-8917-1.html
7 Marla Brand New House,PKR 4.1 Crore,41000000,5,6,7 Marla,1575.0,26031,House,True,40,hot40Share on FacebookShare on TwitterShare on WhatsAppSend via GMailSend via E-Mail,84,Houses_Faisalabad,2026-07-24,https://www.zameen.com/Property/faisalabad_eden_valley_7_marla_brand_new_house-53938787-8917-1.html
5 Marla Eden Valley Brand New House,PKR 2.65 Crore,26500000,3,4,5 Marla,1125.0,23555,House,True,19,hot19Share on FacebookShare on TwitterShare on WhatsAppSend via GMailSend via E-Mail,84,Houses_Faisalabad,2026-07-24,https://www.zameen.com/Property/faisalabad_eden_valley_5_marla_eden_valley_brand_new_house-53938992-8917-1.html
7 Marla Brand New House Divine Enclave,PKR 4 Crore,40000000,4,5,7 Marla,1575.0,25396,House,True,11,hot11Share on FacebookShare on TwitterShare on WhatsAppSend via GMailSend via E-Mail,84,Houses_Faisalabad,2026-07-24,https://www.zameen.com/Property/faisalabad_canal_road_7_marla_brand_new_house_divine_enclave-53993481-1140-1.html
7. MARLA HOUSE Double Storey Registry,PKR 3.5 Crore,35000000,4,5,7 Marla,1575.0,22222,House,True,30,hot30Share on FacebookShare on TwitterShare on WhatsAppSend via GMailSend via E-Mail,84,Houses_Faisalabad,2026-07-24,https://www.zameen.com/Property/canal_road_model_city_1_7_marla_house_double_storey_registry-54150958-8590-1.html
1 kanal House Available For Sale officer colony no 2,PKR 5 Crore,50000000,5,6,1 Kanal,4500.0,11111,House,False,,hotShare on FacebookShare on TwitterShare on WhatsAppSend via GMailSend via E-Mail,82,Houses_Faisalabad,2026-07-24,https://www.zameen.com/Property/faisalabad_officers_colony_2_1_kanal_house_available_for_sale_officer_colony_no_2-54502353-15304-1.html
Full Furnished House in Eden Valley Available For Sale 208 chak Road FSD,PKR 6.1 Crore,61000000,5,6,8 Marla,1800.0,33888,House,False,22,hot22Share on FacebookShare on TwitterShare on WhatsAppSend via GMailSend via E-Mail,84,Houses_Faisalabad,2026-07-24,https://www.zameen.com/Property/faisalabad_eden_valley_full_furnished_house_in_eden_valley_available_for_sale_208_chak_road_fsd-54365019-8917-1.html
Brand New House C Block For Sale,PKR 3.2 Crore,32000000,5,6,10 Marla,2250.0,14222,House,False,9,hot9Share on FacebookShare on TwitterShare on WhatsAppSend via GMailSend via E-Mail,83,Houses_Faisalabad,2026-07-24,https://www.zameen.com/Property/citi_housing_sargodha_road_citi_housing_sargodha_road_-_block_c_brand_new_house_c_block_for_sale-54232380-14611-1.html
Centrally Located House In Citi Housing Sargodha Road - Block C Is Available For sale,PKR 1.95 Crore,19500000,,,5 Marla,1125.0,17333,House,False,17,hot17VerifiedShare on FacebookShare on TwitterShare on WhatsAppSend via GMailSend via E-Mail,92,Houses_Faisalabad,2026-07-24,https://www.zameen.com/Property/citi_housing_sargodha_road_citi_housing_sargodha_road_-_block_c_centrally_located_house_in_citi_housing_sargodha_road_-_block_c_is_available_for_sale-54500333-14611-1.html
2.5 Marla beautiful house in Eden executive,PKR 1.25 Crore,12500000,3,3,2.5 Marla,562.5,22222,House,False,14,hot14Share on FacebookShare on TwitterShare on WhatsAppSend via GMailSend via E-Mail,84,Houses_Faisalabad,2026-07-24,https://www.zameen.com/Property/eden_gardens_eden_executive_2_5_marla_beautiful_house_in_eden_executive-54495639-10765-1.html
Perfect 10 Marla House In Wapda City For Sale,PKR 3 Crore,30000000,,,10 Marla,2250.0,13333,House,False,5,5VerifiedShare on FacebookShare on TwitterShare on WhatsAppSend via GMailSend via E-Mail,88,Houses_Faisalabad,2026-07-24,https://www.zameen.com/Property/faisalabad_wapda_city_perfect_10_marla_house_in_wapda_city_for_sale-54485309-501-1.html
10 Marla Luxury Brand New House For Sale,PKR 3.6 Crore,36000000,5,6,10 Marla,2250.0,16000,House,False,20,20VerifiedShare on FacebookShare on TwitterShare on WhatsAppSend via GMailSend via E-Mail,89,Houses_Faisalabad,2026-07-24,https://www.zameen.com/Property/faisalabad_wapda_city_10_marla_luxury_brand_new_house_for_sale-54485311-501-1.html
To Sale You Can Find Spacious House In Wapda City,PKR 3.5 Crore,35000000,,,10 Marla,2250.0,15555,House,False,5,5VerifiedShare on FacebookShare on TwitterShare on WhatsAppSend via GMailSend via E-Mail,88,Houses_Faisalabad,2026-07-24,https://www.zameen.com/Property/faisalabad_wapda_city_to_sale_you_can_find_spacious_house_in_wapda_city-54485312-501-1.html
B Block. 1 Kanal House Is For Sale,PKR 8.5 Crore,85000000,6,6,1 Kanal,4500.0,18888,House,False,21,21VerifiedShare on FacebookShare on TwitterShare on WhatsAppSend via GMailSend via E-Mail,89,Houses_Faisalabad,2026-07-24,https://www.zameen.com/Property/citi_housing_sargodha_road_citi_housing_sargodha_road_-_block_b_b_block_1_kanal_house_is_for_sale-54494489-14610-1.html
House Available For Sale,PKR 8 Crore,80000000,5,6,12 Marla,2700.0,29629,House,False,10,10Share on FacebookShare on TwitterShare on WhatsAppSend via GMailSend via E-Mail,81,Houses_Faisalabad,2026-07-24,https://www.zameen.com/Property/faisalabad_canal_road_house_available_for_sale-54436035-1140-1.html
A Near to Park 15 Marla House Has Landed On Market In Wapda City - Block D Of Faisalabad,PKR 5 Crore,50000000,,,15 Marla,3375.0,14814,House,False,41,41VerifiedShare on FacebookShare on TwitterShare on WhatsAppSend via GMailSend via E-Mail,89,Houses_Faisalabad,2026-07-24,https://www.zameen.com/Property/wapda_city_wapda_city_-_block_d_a_near_to_park_15_marla_house_has_landed_on_market_in_wapda_city_-_block_d_of_faisalabad-54471201-5069-1.html
"10 Marla House For Sale Near 50 Feet Wide Road WAPDA City, Block A Faisalabad",PKR 3.15 Crore,31500000,5,5,10 Marla,2250.0,14000,House,False,5,5VerifiedShare on FacebookShare on TwitterShare on WhatsAppSend via GMailSend via E-Mail,88,Houses_Faisalabad,2026-07-24,https://www.zameen.com/Property/faisalabad_wapda_city_10_marla_house_for_sale_near_50_feet_wide_road_wapda_city_block_a_faisalabad-54471202-501-1.html
2 Kanal Luxurious House For Sale In Wapda City,PKR 12 Crore,120000000,7,6,2 Kanal,9000.0,13333,House,True,22,22VerifiedShare on FacebookShare on TwitterShare on WhatsAppSend via GMailSend via E-Mail,89,Houses_Faisalabad,2026-07-24,https://www.zameen.com/Property/wapda_city_wapda_city_-_block_b_2_kanal_luxurious_house_for_sale_in_wapda_city-54503294-5067-1.html
7 Marla Brand new House Model city 1 For Sale,PKR 3.5 Crore,35000000,4,5,7 Marla,1575.0,22222,House,True,17,hot17Share on FacebookShare on TwitterShare on WhatsAppSend via GMailSend via E-Mail,84,Houses_Faisalabad,2026-07-24,https://www.zameen.com/Property/canal_road_model_city_1_7_marla_brand_new_house_model_city_1_for_sale-54306077-8590-1.html
6 Marla 5 Bed House For Sale In Eden Valley,PKR 3.6 Crore,36000000,3,6,6 Marla,1350.0,26666,House,True,39,hot39Share on FacebookShare on TwitterShare on WhatsAppSend via GMailSend via E-Mail,84,Houses_Faisalabad,2026-07-24,https://www.zameen.com/Property/faisalabad_eden_valley_6_marla_5_bed_house_for_sale_in_eden_valley-54318366-8917-1.html
Eden Valley 6 Marla House,PKR 3.6 Crore,36000000,5,6,6 Marla,1350.0,26666,House,True,6,hot6Share on FacebookShare on TwitterShare on WhatsAppSend via GMailSend via E-Mail,83,Houses_Faisalabad,2026-07-24,https://www.zameen.com/Property/faisalabad_eden_valley_eden_valley_6_marla_house-54369558-8917-1.html
Eden Valley 7 Marla Brand New House For Sale,PKR 3.8 Crore,38000000,4,6,7 Marla,1575.0,24126,House,True,39,hot39Share on FacebookShare on TwitterShare on WhatsAppSend via GMailSend via E-Mail,84,Houses_Faisalabad,2026-07-24,https://www.zameen.com/Property/faisalabad_eden_valley_eden_valley_7_marla_brand_new_house_for_sale-53198898-8917-1.html
Model City 10 Marla House,PKR 5.5 Crore,55000000,5,6,10 Marla,2250.0,24444,House,True,1,hot1Share on FacebookShare on TwitterShare on WhatsAppSend via GMailSend via E-Mail,83,Houses_Faisalabad,2026-07-24,https://www.zameen.com/Property/faisalabad_eden_valley_model_city_10_marla_house-53012405-8917-1.html
5.25 Marla House 4 Bed New Garden Block,PKR 2.7 Crore,27000000,2,5,5.2 Marla,1170.0,23076,House,True,1,hot1Share on FacebookShare on TwitterShare on WhatsAppSend via GMailSend via E-Mail,83,Houses_Faisalabad,2026-07-24,https://www.zameen.com/Property/saeed_colony_saeed_colony_-_new_garden_block_5_25_marla_house_4_bed_new_garden_block-54145599-11202-1.html
20 Marla House 5 Bedrooms,PKR 6.5 Crore,65000000,6,6,1 Kanal,4500.0,14444,House,True,,hotShare on FacebookShare on TwitterShare on WhatsAppSend via GMailSend via E-Mail,82,Houses_Faisalabad,2026-07-24,https://www.zameen.com/Property/faisalabad_canal_road_20_marla_house_5_bedrooms-54161223-1140-1.html
20 Marla Fully Furnished Modern House For Sale In Abdullah Garden Main Canal Road,PKR 14 Crore,140000000,5,6,1 Kanal,4500.0,31111,House,True,18,hot18VerifiedShare on FacebookShare on TwitterShare on WhatsAppSend via GMailSend via E-Mail,92,Houses_Faisalabad,2026-07-24,https://www.zameen.com/Property/faisalabad_abdullah_garden_20_marla_fully_furnished_modern_house_for_sale_in_abdullah_garden_main_canal_road-53482264-15268-1.html
10 Marla Modern Brand New House For Sale In Canal Garden Main Canal Road Faisalabad,PKR 5.15 Crore,51500000,4,5,10 Marla,2250.0,22888,House,True,14,hot14VerifiedShare on FacebookShare on TwitterShare on WhatsAppSend via GMailSend via E-Mail,92,Houses_Faisalabad,2026-07-24,https://www.zameen.com/Property/faisalabad_canal_road_10_marla_modern_brand_new_house_for_sale_in_canal_garden_main_canal_road_faisalabad-53482339-1140-1.html
7 Marla Facing Park Eden Executive,PKR 3.6 Crore,36000000,4,5,7 Marla,1575.0,22857,Unknown,True,37,hot37Share on FacebookShare on TwitterShare on WhatsAppSend via GMailSend via E-Mail,84,Houses_Faisalabad,2026-07-24,https://www.zameen.com/Property/eden_gardens_eden_executive_7_marla_facing_park_eden_executive-53766148-10765-1.html
14 Marla House For Sale In Saed Colony 2,PKR 5 Crore,50000000,6,6,14 Marla,3150.0,15873,House,True,3,hot3Share on FacebookShare on TwitterShare on WhatsAppSend via GMailSend via E-Mail,83,Houses_Faisalabad,2026-07-24,https://www.zameen.com/Property/faisalabad_saeed_colony_14_marla_house_for_sale_in_saed_colony_2-54415432-582-1.html
5 Marla House 208 Chak Societies,PKR 2.1 Crore,21000000,3,4,5 Marla,1125.0,18666,House,True,1,hot1Share on FacebookShare on TwitterShare on WhatsAppSend via GMailSend via E-Mail,83,Houses_Faisalabad,2026-07-24,https://www.zameen.com/Property/faisalabad_canal_road_5_marla_house_208_chak_societies-53938897-1140-1.html
7 Marla Double Storey House For Sale,PKR 2.82 Crore,28200000,6,6,7 Marla,1575.0,17904,House,False,18,hot18Share on FacebookShare on TwitterShare on WhatsAppSend via GMailSend via E-Mail,84,Houses_Faisalabad,2026-07-24,https://www.zameen.com/Property/faisalabad_sargodha_road_7_marla_double_storey_house_for_sale-54495010-768-1.html
House Available For Sale,PKR 2.3 Crore,23000000,5,4,5 Marla,1125.0,20444,House,False,3,hot3Share on FacebookShare on TwitterShare on WhatsAppSend via GMailSend via E-Mail,83,Houses_Faisalabad,2026-07-24,https://www.zameen.com/Property/faisalabad_gulistan_colony_no_1_house_available_for_sale-54451624-1073-1.html
A Stunning House Is Up For Grabs In Wapda City Wapda City,PKR 2 Crore,20000000,,,5 Marla,1125.0,17777,House,False,9,hot9VerifiedShare on FacebookShare on TwitterShare on WhatsAppSend via GMailSend via E-Mail,91,Houses_Faisalabad,2026-07-24,https://www.zameen.com/Property/faisalabad_wapda_city_a_stunning_house_is_up_for_grabs_in_wapda_city_wapda_city-54477551-501-1.html
Stunning 10 Marla House In Wapda City Available,PKR 3.5 Crore,35000000,,,10 Marla,2250.0,15555,House,False,5,hot5VerifiedShare on FacebookShare on TwitterShare on WhatsAppSend via GMailSend via E-Mail,91,Houses_Faisalabad,2026-07-24,https://www.zameen.com/Property/faisalabad_wapda_city_stunning_10_marla_house_in_wapda_city_available-54492611-501-1.html
"Ideal 5 Marla House Available In Eden Valley - Block C, Faisalabad For Sale",PKR 2.35 Crore,23500000,3,4,5 Marla,1125.0,20888,House,False,26,hot26VerifiedShare on FacebookShare on TwitterShare on WhatsAppSend via GMailSend via E-Mail,92,Houses_Faisalabad,2026-07-24,https://www.zameen.com/Property/eden_valley_eden_valley_-_block_c_ideal_5_marla_house_available_in_eden_valley_-_block_c_faisalabad_for_sale-54498504-19078-1.html
A Spacious 5 Marla House In Model City 1,PKR 2.2 Crore,22000000,,,5 Marla,1125.0,19555,House,False,19,19VerifiedShare on FacebookShare on TwitterShare on WhatsAppSend via GMailSend via E-Mail,89,Houses_Faisalabad,2026-07-24,https://www.zameen.com/Property/canal_road_model_city_1_a_spacious_5_marla_house_in_model_city_1-54442144-8590-1.html
Model City 1 House Sized 5 Marla Is Available,PKR 1.8 Crore,18000000,,,5 Marla,1125.0,16000,House,False,5,5VerifiedShare on FacebookShare on TwitterShare on WhatsAppSend via GMailSend via E-Mail,88,Houses_Faisalabad,2026-07-24,https://www.zameen.com/Property/canal_road_model_city_1_model_city_1_house_sized_5_marla_is_available-54442145-8590-1.html
A 5 Marla House Is Up For Grabs In Eden Gardens,PKR 1.7 Crore,17000000,,,5 Marla,1125.0,15111,House,False,6,6VerifiedShare on FacebookShare on TwitterShare on WhatsAppSend via GMailSend via E-Mail,88,Houses_Faisalabad,2026-07-24,https://www.zameen.com/Property/eden_gardens_eden_executive_a_5_marla_house_is_up_for_grabs_in_eden_gardens-54442147-10765-1.html
Looking For A House In Ghalib City,PKR 4.5 Crore,45000000,,,10 Marla,2250.0,20000,House,False,15,15VerifiedShare on FacebookShare on TwitterShare on WhatsAppSend via GMailSend via E-Mail,89,Houses_Faisalabad,2026-07-24,https://www.zameen.com/Property/faisalabad_ghalib_city_looking_for_a_house_in_ghalib_city-54442148-10165-1.html
Near To Park Model City 1 House Sized 5 Marla For Sale,PKR 1.8 Crore,18000000,,,5 Marla,1125.0,16000,House,False,5,5VerifiedShare on FacebookShare on TwitterShare on WhatsAppSend via GMailSend via E-Mail,88,Houses_Faisalabad,2026-07-24,https://www.zameen.com/Property/canal_road_model_city_1_near_to_park_model_city_1_house_sized_5_marla_for_sale-54442150-8590-1.html
Prominently-Located 5 Marla House Available In Model City 1,PKR 1.75 Crore,17500000,,,5 Marla,1125.0,15555,House,False,5,5VerifiedShare on FacebookShare on TwitterShare on WhatsAppSend via GMailSend via E-Mail,88,Houses_Faisalabad,2026-07-24,https://www.zameen.com/Property/canal_road_model_city_1_prominently-located_5_marla_house_available_in_model_city_1-54442151-8590-1.html
House In Eden Valley For Sale,PKR 2 Crore,20000000,,,5 Marla,1125.0,17777,House,False,7,7VerifiedShare on FacebookShare on TwitterShare on WhatsAppSend via GMailSend via E-Mail,88,Houses_Faisalabad,2026-07-24,https://www.zameen.com/Property/faisalabad_eden_valley_house_in_eden_valley_for_sale-54442152-8917-1.html
4 Marla House For Sale In Model City 1 Faisalabad,PKR 1.5 Crore,15000000,3,4,4 Marla,900.0,16666,House,False,21,21VerifiedShare on FacebookShare on TwitterShare on WhatsAppSend via GMailSend via E-Mail,89,Houses_Faisalabad,2026-07-24,https://www.zameen.com/Property/canal_road_model_city_1_4_marla_house_for_sale_in_model_city_1_faisalabad-54471690-8590-1.html
7 Marla Brand New Stylish & Solid House,PKR 4.1 Crore,41000000,5,6,7 Marla,1575.0,26031,House,True,40,hot40Share on FacebookShare on TwitterShare on WhatsAppSend via GMailSend via E-Mail,84,Houses_Faisalabad,2026-07-24,https://www.zameen.com/Property/faisalabad_canal_road_7_marla_brand_new_stylish_solid_house-53938934-1140-1.html
Canal Road Brand New House Sized 6 Marla Is Available For Sale,PKR 3.6 Crore,36000000,5,6,6 Marla,1350.0,26666,House,True,39,hot39Share on FacebookShare on TwitterShare on WhatsAppSend via GMailSend via E-Mail,84,Houses_Faisalabad,2026-07-24,https://www.zameen.com/Property/faisalabad_canal_road_canal_road_brand_new_house_sized_6_marla_is_available_for_sale-54233339-1140-1.html
Get A 15 Marla House For Sale In Wapda City - Block D,PKR 4.5 Crore,45000000,,,15 Marla,3375.0,13333,House,True,30,hot30VerifiedShare on FacebookShare on TwitterShare on WhatsAppSend via GMailSend via E-Mail,92,Houses_Faisalabad,2026-07-24,https://www.zameen.com/Property/wapda_city_wapda_city_-_block_d_get_a_15_marla_house_for_sale_in_wapda_city_-_block_d-54413120-5069-1.html
19 Marla Used Beautiful House Available For Sale In Z Block Madina Town,PKR 6.25 Crore,62500000,8,6,19 Marla,4275.0,14619,House,True,7,hot7Share on FacebookShare on TwitterShare on WhatsAppSend via GMailSend via E-Mail,83,Houses_Faisalabad,2026-07-24,https://www.zameen.com/Property/faisalabad_madina_town_19_marla_used_beautiful_house_available_for_sale_in_z_block_madina_town-54452457-533-1.html
"3 Marla Brand New House Eden Executive, Price Is Almost Final Please Don't Negotiate Maybe Slightly Negotiable On Tokan But It'S Not Confirmed",PKR 1.2 Crore,12000000,3,4,3 Marla,675.0,17777,House,True,11,hot11Share on FacebookShare on TwitterShare on WhatsAppSend via GMailSend via E-Mail,84,Houses_Faisalabad,2026-07-24,https://www.zameen.com/Property/faisalabad_canal_road_3_marla_brand_new_house_eden_executive_price_is_almost_final_please_don_t_negotiate_maybe_slightly_negotiable_on_tokan_but_it_s_not_confirmed-54393657-1140-1.html
House Of 10 Marla Available In Wapda City - Block K,PKR 4 Crore,40000000,5,6,10 Marla,2250.0,17777,House,True,5,hot5VerifiedShare on FacebookShare on TwitterShare on WhatsAppSend via GMailSend via E-Mail,91,Houses_Faisalabad,2026-07-24,https://www.zameen.com/Property/wapda_city_wapda_city_-_block_k_house_of_10_marla_available_in_wapda_city_-_block_k-54329072-5075-1.html
15 Marla House Hot location Main Double Road Wapda City,PKR 4.5 Crore,45000000,,,15 Marla,3375.0,13333,House,True,17,hot17VerifiedShare on FacebookShare on TwitterShare on WhatsAppSend via GMailSend via E-Mail,92,Houses_Faisalabad,2026-07-24,https://www.zameen.com/Property/faisalabad_wapda_city_15_marla_house_hot_location_main_double_road_wapda_city-54397601-501-1.html
Prime Location In Four Season Housing 5 Marla House For sale,PKR 2.77 Crore,27700000,,,5 Marla,1125.0,24622,House,False,9,hot9VerifiedShare on FacebookShare on TwitterShare on WhatsAppSend via GMailSend via E-Mail,91,Houses_Faisalabad,2026-07-24,https://www.zameen.com/Property/faisalabad_four_season_housing_prime_location_in_four_season_housing_5_marla_house_for_sale-54206652-4945-1.html
House For Sale In Wapda City,PKR 2 Crore,20000000,,,5 Marla,1125.0,17777,House,False,6,hot6VerifiedShare on FacebookShare on TwitterShare on WhatsAppSend via GMailSend via E-Mail,91,Houses_Faisalabad,2026-07-24,https://www.zameen.com/Property/faisalabad_wapda_city_house_for_sale_in_wapda_city-54492610-501-1.html
Buy A House Of 20 Marla In Wapda City,PKR 11 Crore,110000000,,,1 Kanal,4500.0,24444,House,False,6,hot6VerifiedShare on FacebookShare on TwitterShare on WhatsAppSend via GMailSend via E-Mail,91,Houses_Faisalabad,2026-07-24,https://www.zameen.com/Property/faisalabad_wapda_city_buy_a_house_of_20_marla_in_wapda_city-54477558-501-1.html
Good Location House For Sale In City Villas,PKR 1.72 Crore,17200000,4,5,5 Marla,1125.0,15288,House,False,,hotVerifiedShare on FacebookShare on TwitterShare on WhatsAppSend via GMailSend via E-Mail,90,Houses_Faisalabad,2026-07-24,https://www.zameen.com/Property/samundari_road_city_villas_housing_scheme_good_location_house_for_sale_in_city_villas-54352786-11567-1.html
4 Marla House For Sale In Model City Faisalabad,PKR 1.85 Crore,18500000,,,4 Marla,900.0,20555,House,False,12,hot12Share on FacebookShare on TwitterShare on WhatsAppSend via GMailSend via E-Mail,84,Houses_Faisalabad,2026-07-24,https://www.zameen.com/Property/eden_gardens_eden_executive_4_marla_house_for_sale_in_model_city_faisalabad-54342287-10765-1.html
5 Marla Beautiful House In Canal Villas,PKR 2.5 Crore,25000000,3,4,5 Marla,1125.0,22222,House,False,9,hot9Share on FacebookShare on TwitterShare on WhatsAppSend via GMailSend via E-Mail,83,Houses_Faisalabad,2026-07-24,https://www.zameen.com/Property/faisalabad_canal_road_5_marla_beautiful_house_in_canal_villas-54357817-1140-1.html
5 Marla Corner House In Khyaban 2 For Sale,PKR 2 Crore,20000000,4,5,5 Marla,1125.0,17777,House,False,8,hot8Share on FacebookShare on TwitterShare on WhatsAppSend via GMailSend via E-Mail,83,Houses_Faisalabad,2026-07-24,https://www.zameen.com/Property/faisalabad_madina_town_5_marla_corner_house_in_khyaban_2_for_sale-54419019-533-1.html
16 Marla Beautiful House In New Garden Block,PKR 7 Crore,70000000,5,6,16 Marla,3600.0,19444,House,False,14,hot14Share on FacebookShare on TwitterShare on WhatsAppSend via GMailSend via E-Mail,84,Houses_Faisalabad,2026-07-24,https://www.zameen.com/Property/saeed_colony_saeed_colony_-_new_garden_block_16_marla_beautiful_house_in_new_garden_block-54419069-11202-1.html
20 Marla House for sale in People's colony,PKR 11 Crore,110000000,6,6,1 Kanal,4500.0,24444,House,False,11,hot11Share on FacebookShare on TwitterShare on WhatsAppSend via GMailSend via E-Mail,84,Houses_Faisalabad,2026-07-24,https://www.zameen.com/Property/peoples_colony_no_1_peoples_colony_-_block_d_20_marla_house_for_sale_in_people_s_colony-54419177-11505-1.html
4 Marla brand new house in Eden executive,PKR 1.95 Crore,19500000,3,4,4 Marla,900.0,21666,House,False,9,hot9Share on FacebookShare on TwitterShare on WhatsAppSend via GMailSend via E-Mail,83,Houses_Faisalabad,2026-07-24,https://www.zameen.com/Property/eden_gardens_eden_executive_4_marla_brand_new_house_in_eden_executive-54419155-10765-1.html
"Ideal 5 Marla House Has Landed On Market In Eden Executive, Faisalabad",PKR 2.25 Crore,22500000,,,5 Marla,1125.0,20000,House,False,31,31VerifiedShare on FacebookShare on TwitterShare on WhatsAppSend via GMailSend via E-Mail,89,Houses_Faisalabad,2026-07-24,https://www.zameen.com/Property/eden_gardens_eden_executive_ideal_5_marla_house_has_landed_on_market_in_eden_executive_faisalabad-54471691-10765-1.html
"House Of 3 Marla Is Available For Sale In Eden Gardens, Eden Gardens",PKR 1.2 Crore,12000000,,,3 Marla,675.0,17777,House,False,5,5VerifiedShare on FacebookShare on TwitterShare on WhatsAppSend via GMailSend via E-Mail,88,Houses_Faisalabad,2026-07-24,https://www.zameen.com/Property/faisalabad_eden_gardens_house_of_3_marla_is_available_for_sale_in_eden_gardens_eden_gardens-54503220-8296-1.html
3 Marla 3 Bed Attached Bathroom Tv Lunch Kitchen Near Park Market Masjid,PKR 1.15 Crore,11500000,1,1,3.1 Marla,697.5,16487,Unknown,False,15,15VerifiedShare on FacebookShare on TwitterShare on WhatsAppSend via GMailSend via E-Mail,89,Houses_Faisalabad,2026-07-24,https://www.zameen.com/Property/faisalabad_madina_green_valley_3_marla_3_bed_attached_bathroom_tv_lunch_kitchen_near_park_market_masjid-54503218-13205-1.html
Your Dream 3 Marla House Is Available In Model City 1,PKR 90 Lakh,9000000,,,3 Marla,675.0,13333,House,False,9,9VerifiedShare on FacebookShare on TwitterShare on WhatsAppSend via GMailSend via E-Mail,88,Houses_Faisalabad,2026-07-24,https://www.zameen.com/Property/canal_road_model_city_1_your_dream_3_marla_house_is_available_in_model_city_1-54503217-8590-1.html
In Gulberg Valley House For sale Sized 3 Marla,PKR 1.2 Crore,12000000,,,3 Marla,675.0,17777,House,False,6,6VerifiedShare on FacebookShare on TwitterShare on WhatsAppSend via GMailSend via E-Mail,88,Houses_Faisalabad,2026-07-24,https://www.zameen.com/Property/faisalabad_gulberg_valley_in_gulberg_valley_house_for_sale_sized_3_marla-54479360-10823-1.html
Buy A Centrally Located Prime Location 4 Marla House In Oasis One,PKR 1.3 Crore,13000000,,,4 Marla,900.0,14444,House,False,9,9VerifiedShare on FacebookShare on TwitterShare on WhatsAppSend via GMailSend via E-Mail,88,Houses_Faisalabad,2026-07-24,https://www.zameen.com/Property/lower_canal_road_oasis_one_buy_a_centrally_located_prime_location_4_marla_house_in_oasis_one-54479364-19684-1.html
Affordable Prime Location House For sale In Gulberg Valley,PKR 85 Lakh,8500000,,,2 Marla,450.0,18888,House,False,10,10VerifiedShare on FacebookShare on TwitterShare on WhatsAppSend via GMailSend via E-Mail,89,Houses_Faisalabad,2026-07-24,https://www.zameen.com/Property/faisalabad_gulberg_valley_affordable_prime_location_house_for_sale_in_gulberg_valley-54487831-10823-1.html
Reserve A House Of 2 Marla Now In Gulberg Valley,PKR 80 Lakh,8000000,,,2 Marla,450.0,17777,House,False,14,14VerifiedShare on FacebookShare on TwitterShare on WhatsAppSend via GMailSend via E-Mail,89,Houses_Faisalabad,2026-07-24,https://www.zameen.com/Property/faisalabad_gulberg_valley_reserve_a_house_of_2_marla_now_in_gulberg_valley-54487832-10823-1.html
3.5 Marla Beautiful House In Galib City,PKR 1.35 Crore,13500000,3,4,3 Marla,675.0,20000,House,False,18,hot18Share on FacebookShare on TwitterShare on WhatsAppSend via GMailSend via E-Mail,84,Houses_Faisalabad,2026-07-24,https://www.zameen.com/Property/faisalabad_ghalib_city_3_5_marla_beautiful_house_in_galib_city-54488423-10165-1.html
5 Marla Double Storey NEW Brand House Available For Sale In Eden Orchard Sargodha Road,PKR 2.25 Crore,22500000,3,5,5 Marla,1125.0,20000,House,False,19,hot19VerifiedShare on FacebookShare on TwitterShare on WhatsAppSend via GMailSend via E-Mail,92,Houses_Faisalabad,2026-07-24,https://www.zameen.com/Property/faisalabad_eden_orchard_5_marla_double_storey_new_brand_house_available_for_sale_in_eden_orchard_sargodha_road-54280797-11162-1.html
10 Marla Brand New Double Storey House Available For Sale In Gulshan E Madina Phase 1 Sargodha Road,PKR 4.4 Crore,44000000,5,6,10 Marla,2250.0,19555,House,False,12,hot12VerifiedShare on FacebookShare on TwitterShare on WhatsAppSend via GMailSend via E-Mail,92,Houses_Faisalabad,2026-07-24,https://www.zameen.com/Property/gulshan_e_madina_gulshan_e_madina_phase_1_10_marla_brand_new_double_storey_house_available_for_sale_in_gulshan_e_madina_phase_1_sargodha_road-54280801-18300-1.html
For Sale 7 Marla House Conner Brand New Double Hight Eden Orchard Sargodha,PKR 3.35 Crore,33500000,4,5,7 Marla,1575.0,21269,House,False,10,hot10Share on FacebookShare on TwitterShare on WhatsAppSend via GMailSend via E-Mail,84,Houses_Faisalabad,2026-07-24,https://www.zameen.com/Property/faisalabad_eden_orchard_for_sale_7_marla_house_conner_brand_new_double_hight_eden_orchard_sargodha-54444127-11162-1.html
1 Kanal Beautiful And Maintained House For Sale In University Town,PKR 6.6 Crore,66000000,6,6,1 Kanal,4500.0,14666,House,False,6,hot6Share on FacebookShare on TwitterShare on WhatsAppSend via GMailSend via E-Mail,83,Houses_Faisalabad,2026-07-24,https://www.zameen.com/Property/faisalabad_university_town_1_kanal_beautiful_and_maintained_house_for_sale_in_university_town-54488770-5063-1.html
20 Marla House In Raza Garden,PKR 6 Crore,60000000,5,4,1 Kanal,4500.0,13333,House,False,20,hot20Share on FacebookShare on TwitterShare on WhatsAppSend via GMailSend via E-Mail,84,Houses_Faisalabad,2026-07-24,https://www.zameen.com/Property/faisalabad_canal_road_20_marla_house_in_raza_garden-54271700-1140-1.html
11 Marla Luxurious House Available For Sale in Eden Orchard lasani Pulli sargodha road,PKR 4.75 Crore,47500000,3,4,11 Marla,2475.0,19191,House,False,8,hot8VerifiedShare on FacebookShare on TwitterShare on WhatsAppSend via GMailSend via E-Mail,91,Houses_Faisalabad,2026-07-24,https://www.zameen.com/Property/faisalabad_eden_orchard_11_marla_luxurious_house_available_for_sale_in_eden_orchard_lasani_pulli_sargodha_road-53436683-11162-1.html
5 Marla Brand New Luxurious House Available For Sale In Eden Orchard,PKR 2.4 Crore,24000000,3,4,5 Marla,1125.0,21333,House,False,27,hot27Share on FacebookShare on TwitterShare on WhatsAppSend via GMailSend via E-Mail,84,Houses_Faisalabad,2026-07-24,https://www.zameen.com/Property/faisalabad_eden_orchard_5_marla_brand_new_luxurious_house_available_for_sale_in_eden_orchard-54391163-11162-1.html
House For Sale In Ismail Valley,PKR 3.1 Crore,31000000,,,8 Marla,1800.0,17222,House,False,24,hot24VerifiedShare on FacebookShare on TwitterShare on WhatsAppSend via GMailSend via E-Mail,92,Houses_Faisalabad,2026-07-24,https://www.zameen.com/Property/faisalabad_ismail_valley_house_for_sale_in_ismail_valley-53970555-10709-1.html
5 MARLA ULTRA MODERN NEW HOUSE AVAILABLE FOR SALE,PKR 2.45 Crore,24500000,3,4,5 Marla,1125.0,21777,House,False,23,hot23Share on FacebookShare on TwitterShare on WhatsAppSend via GMailSend via E-Mail,84,Houses_Faisalabad,2026-07-24,https://www.zameen.com/Property/wapda_city_wapda_city_-_block_l_5_marla_ultra_modern_new_house_available_for_sale-54290807-5076-1.html
"10 MARLA BRAND NEW ULTRA MODERN, LUXURY HOUSE FOR SALE",PKR 4.5 Crore,45000000,4,5,10 Marla,2250.0,20000,House,False,15,hot15Share on FacebookShare on TwitterShare on WhatsAppSend via GMailSend via E-Mail,84,Houses_Faisalabad,2026-07-24,https://www.zameen.com/Property/faisalabad_wapda_city_10_marla_brand_new_ultra_modern_luxury_house_for_sale-54297349-501-1.html
5 Marla Brand New House Available For Sale,PKR 2.65 Crore,26500000,3,4,5 Marla,1125.0,23555,House,False,15,hot15Share on FacebookShare on TwitterShare on WhatsAppSend via GMailSend via E-Mail,84,Houses_Faisalabad,2026-07-24,https://www.zameen.com/Property/faisalabad_eden_orchard_5_marla_brand_new_house_available_for_sale-54426382-11162-1.html
5 Marla House In Beautiful Location Of Citi Housing Sargodha Road In Faisalabad,PKR 1.55 Crore,15500000,,,5 Marla,1125.0,13777,House,False,10,hot10VerifiedShare on FacebookShare on TwitterShare on WhatsAppSend via GMailSend via E-Mail,92,Houses_Faisalabad,2026-07-24,https://www.zameen.com/Property/citi_housing_citi_housing_sargodha_road_5_marla_house_in_beautiful_location_of_citi_housing_sargodha_road_in_faisalabad-54207315-11229-1.html
House For Sale In Citi Housing Sargodha Road,PKR 10 Crore,100000000,,,1 Kanal,4500.0,22222,House,False,6,hot6VerifiedShare on FacebookShare on TwitterShare on WhatsAppSend via GMailSend via E-Mail,91,Houses_Faisalabad,2026-07-24,https://www.zameen.com/Property/citi_housing_citi_housing_sargodha_road_house_for_sale_in_citi_housing_sargodha_road-54275008-11229-1.html
10 Marla House For Sale,PKR 2.5 Crore,25000000,5,6,10 Marla,2250.0,11111,House,False,11,hot11Share on FacebookShare on TwitterShare on WhatsAppSend via GMailSend via E-Mail,84,Houses_Faisalabad,2026-07-24,https://www.zameen.com/Property/citi_housing_citi_housing_sargodha_road_10_marla_house_for_sale-53754067-11229-1.html
1.5-Kanal House with Beautiful Garden Near Lassani pulli,PKR 7.5 Crore,75000000,4,5,1.5 Kanal,6750.0,11111,House,False,17,hot17Share on FacebookShare on TwitterShare on WhatsAppSend via GMailSend via E-Mail,84,Houses_Faisalabad,2026-07-24,https://www.zameen.com/Property/faisalabad_sargodha_road_1_5-kanal_house_with_beautiful_garden_near_lassani_pulli-54476649-768-1.html
2.7 Marla 2 Story Brand New Corner House For Sale In Khyban E Green Satyana Road Faisalabad,PKR 1.1 Crore,11000000,3,3,2.7 Marla,607.5,18106,House,False,10,hot10Share on FacebookShare on TwitterShare on WhatsAppSend via GMailSend via E-Mail,84,Houses_Faisalabad,2026-07-24,https://www.zameen.com/Property/faisalabad_satiana_road_2_7_marla_2_story_brand_new_corner_house_for_sale_in_khyban_e_green_satyana_road_faisalabad-54288915-534-1.html
In Gulberg Valley House For Sale Sized 3 Marla,PKR 1.2 Crore,12000000,,,3 Marla,675.0,17777,House,False,6,6VerifiedShare on FacebookShare on TwitterShare on WhatsAppSend via GMailSend via E-Mail,88,Houses_Faisalabad,2026-07-24,https://www.zameen.com/Property/faisalabad_gulberg_valley_in_gulberg_valley_house_for_sale_sized_3_marla-54487834-10823-1.html
Prime Location House For sale In TECH Town (TNT Colony),PKR 1.1 Crore,11000000,3,3,5 Marla,1125.0,9777,House,False,11,11Share on FacebookShare on TwitterShare on WhatsAppSend via GMailSend via E-Mail,81,Houses_Faisalabad,2026-07-24,https://www.zameen.com/Property/satiana_road_tech_town_tnt_colony_prime_location_house_for_sale_in_tech_town_tnt_colony-54478402-419-1.html
5.3 Marla 2 Storey House For Sale In Sitara Gold City Satyana Road Faisalabad,PKR 2.38 Crore,23800000,4,4,5 Marla,1125.0,21155,House,False,18,18Share on FacebookShare on TwitterShare on WhatsAppSend via GMailSend via E-Mail,81,Houses_Faisalabad,2026-07-24,https://www.zameen.com/Property/satiana_road_sitara_gold_city_5_3_marla_2_storey_house_for_sale_in_sitara_gold_city_satyana_road_faisalabad-53410867-10822-1.html
7 Marla 2 Storey Brand New House For Sale In Punjab Housing Society Satyana Road Faisalabad,PKR 2.28 Crore,22799999,5,4,7 Marla,1575.0,14476,House,False,34,34Share on FacebookShare on TwitterShare on WhatsAppSend via GMailSend via E-Mail,81,Houses_Faisalabad,2026-07-24,https://www.zameen.com/Property/faisalabad_satiana_road_7_marla_2_storey_brand_new_house_for_sale_in_punjab_housing_society_satyana_road_faisalabad-53545052-534-1.html
7 Marla 2 Storey Brand New House For Sale In Sitara Gold City Satyana Road Faisalabad,PKR 3.45 Crore,34500000,5,5,7 Marla,1575.0,21904,House,False,10,10Share on FacebookShare on TwitterShare on WhatsAppSend via GMailSend via E-Mail,81,Houses_Faisalabad,2026-07-24,https://www.zameen.com/Property/satiana_road_sitara_gold_city_7_marla_2_storey_brand_new_house_for_sale_in_sitara_gold_city_satyana_road_faisalabad-53549520-10822-1.html
7 Marla 2 Storey Brand New Corner House For Sale In TNT Colony Satyana Road Faisalabad,PKR 1.85 Crore,18500000,4,5,7 Marla,1575.0,11746,House,False,14,14Share on FacebookShare on TwitterShare on WhatsAppSend via GMailSend via E-Mail,81,Houses_Faisalabad,2026-07-24,https://www.zameen.com/Property/faisalabad_satiana_road_7_marla_2_storey_brand_new_corner_house_for_sale_in_tnt_colony_satyana_road_faisalabad-53865350-534-1.html
5 Marla House For Sale In Image Villas Satiana Road Faisalabad,PKR 1.25 Crore,12500000,3,3,5 Marla,1125.0,11111,House,False,9,9Share on FacebookShare on TwitterShare on WhatsAppSend via GMailSend via E-Mail,80,Houses_Faisalabad,2026-07-24,https://www.zameen.com/Property/faisalabad_satiana_road_5_marla_house_for_sale_in_image_villas_satiana_road_faisalabad-53865358-534-1.html
3.5 Marla 2 Storey House For Sale In Khyban E Green Satyana Road Faisalabad,PKR 1.4 Crore,14000000,4,4,3 Marla,675.0,20740,House,False,12,12Share on FacebookShare on TwitterShare on WhatsAppSend via GMailSend via E-Mail,81,Houses_Faisalabad,2026-07-24,https://www.zameen.com/Property/faisalabad_satiana_road_3_5_marla_2_storey_house_for_sale_in_khyban_e_green_satyana_road_faisalabad-53869243-534-1.html
8 Marla House For Sale In Beautiful Green Valley,PKR 3.95 Crore,39500000,,,8 Marla,1800.0,21944,House,False,5,hot5VerifiedShare on FacebookShare on TwitterShare on WhatsAppSend via GMailSend via E-Mail,91,Houses_Faisalabad,2026-07-24,https://www.zameen.com/Property/samundari_road_green_valley_8_marla_house_for_sale_in_beautiful_green_valley-54391263-11199-1.html
1 Kanal Lavish House For Sale,PKR 7.5 Crore,75000000,6,6,1 Kanal,4500.0,16666,House,False,12,hot12Share on FacebookShare on TwitterShare on WhatsAppSend via GMailSend via E-Mail,84,Houses_Faisalabad,2026-07-24,https://www.zameen.com/Property/citi_housing_citi_housing_sargodha_road_1_kanal_lavish_house_for_sale-53754072-11229-1.html
"10 MARLA ULTRA MODERN, NEW HOUSE AVAILABLE FOR SALE",PKR 4.75 Crore,47500000,4,5,10 Marla,2250.0,21111,House,False,32,hot32Share on FacebookShare on TwitterShare on WhatsAppSend via GMailSend via E-Mail,84,Houses_Faisalabad,2026-07-24,https://www.zameen.com/Property/faisalabad_wapda_city_10_marla_ultra_modern_new_house_available_for_sale-54470253-501-1.html
5 Marla Victorian Style House Available For Sale In CITI HOUSING Sargodha Road Faisalabad,PKR 1.7 Crore,17000000,3,4,5 Marla,1125.0,15111,House,False,30,hot30VerifiedShare on FacebookShare on TwitterShare on WhatsAppSend via GMailSend via E-Mail,92,Houses_Faisalabad,2026-07-24,https://www.zameen.com/Property/citi_housing_citi_housing_sargodha_road_5_marla_victorian_style_house_available_for_sale_in_citi_housing_sargodha_road_faisalabad-53918986-11229-1.html
3.5 Marla Residential House,PKR 1.2 Crore,12000000,,,3 Marla,675.0,17777,House,False,21,hot21Share on FacebookShare on TwitterShare on WhatsAppSend via GMailSend via E-Mail,84,Houses_Faisalabad,2026-07-24,https://www.zameen.com/Property/satiana_road_sitara_diamond_city_3_5_marla_residential_house-54126924-10729-1.html
Eden Executive 2.5marly Brand New House Available For Sale,PKR 1.25 Crore,12500000,3,3,2.9 Marla,652.5,19157,House,False,6,hot6Share on FacebookShare on TwitterShare on WhatsAppSend via GMailSend via E-Mail,83,Houses_Faisalabad,2026-07-24,https://www.zameen.com/Property/eden_gardens_eden_executive_eden_executive_2_5marly_brand_new_house_available_for_sale-54450548-10765-1.html
Gullberg Velly Lower Canal 3 Marla Brand New House Available For Sale,PKR 1.1 Crore,11000000,3,4,3 Marla,675.0,16296,House,False,7,hot7Share on FacebookShare on TwitterShare on WhatsAppSend via GMailSend via E-Mail,83,Houses_Faisalabad,2026-07-24,https://www.zameen.com/Property/faisalabad_gulberg_valley_gullberg_velly_lower_canal_3_marla_brand_new_house_available_for_sale-54450565-10823-1.html
5 Marla Brand New Luxury House For Sale In Eden Orchard Lasani Pulli Sarghodha Road Faisalabad,PKR 2.5 Crore,25000000,3,4,5 Marla,1125.0,22222,House,False,25,hot25VerifiedShare on FacebookShare on TwitterShare on WhatsAppSend via GMailSend via E-Mail,92,Houses_Faisalabad,2026-07-24,https://www.zameen.com/Property/faisalabad_eden_orchard_5_marla_brand_new_luxury_house_for_sale_in_eden_orchard_lasani_pulli_sarghodha_road_faisalabad-54427950-11162-1.html
House Available For Sale,PKR 1.65 Crore,16500000,3,4,4 Marla,900.0,18333,House,False,6,hot6VerifiedShare on FacebookShare on TwitterShare on WhatsAppSend via GMailSend via E-Mail,91,Houses_Faisalabad,2026-07-24,https://www.zameen.com/Property/faisalabad_lower_canal_road_house_available_for_sale-54436034-12189-1.html
Luxury Brand New House Available For Sale,PKR 1.75 Crore,17500000,3,4,3 Marla,675.0,25925,House,False,9,hot9VerifiedShare on FacebookShare on TwitterShare on WhatsAppSend via GMailSend via E-Mail,91,Houses_Faisalabad,2026-07-24,https://www.zameen.com/Property/faisalabad_gulistan_colony_no_1_luxury_brand_new_house_available_for_sale-54313919-1073-1.html
Al Najaf Colony House Sized 11 Marla Is Available Single Storey Lanter,PKR 3.5 Crore,35000000,3,3,11 Marla,2475.0,14141,House,False,15,hot15Share on FacebookShare on TwitterShare on WhatsAppSend via GMailSend via E-Mail,84,Houses_Faisalabad,2026-07-24,https://www.zameen.com/Property/faisalabad_al_najaf_colony_al_najaf_colony_house_sized_11_marla_is_available_single_storey_lanter-54274299-4902-1.html
5 Marla Double Hight Facing Park,PKR 1.95 Crore,19500000,3,4,5 Marla,1125.0,17333,Unknown,False,2,hot2Share on FacebookShare on TwitterShare on WhatsAppSend via GMailSend via E-Mail,83,Houses_Faisalabad,2026-07-24,https://www.zameen.com/Property/citi_housing_citi_housing_samundri_road_5_marla_double_hight_facing_park-54456264-11230-1.html
5 Marla Beautiful Brand New House For Sale In Eden Velley,PKR 2.75 Crore,27500000,3,4,5 Marla,1125.0,24444,House,False,21,hot21Share on FacebookShare on TwitterShare on WhatsAppSend via GMailSend via E-Mail,84,Houses_Faisalabad,2026-07-24,https://www.zameen.com/Property/faisalabad_eden_valley_5_marla_beautiful_brand_new_house_for_sale_in_eden_velley-54394674-8917-1.html
Brand New 6 Marla Double Storey House For Sale Khayaban Garden Near Main Gate,PKR 3 Crore,30000000,5,6,6 Marla,1350.0,22222,House,False,25,hot25Share on FacebookShare on TwitterShare on WhatsAppSend via GMailSend via E-Mail,84,Houses_Faisalabad,2026-07-24,https://www.zameen.com/Property/faisalabad_khayaban_gardens_brand_new_6_marla_double_storey_house_for_sale_khayaban_garden_near_main_gate-54438518-4981-1.html
12 Marla Good Condition Hoses For Sale In Faisal Town,PKR 3.75 Crore,37500000,5,6,12 Marla,2700.0,13888,Unknown,False,22,hot22Share on FacebookShare on TwitterShare on WhatsAppSend via GMailSend via E-Mail,84,Houses_Faisalabad,2026-07-24,https://www.zameen.com/Property/faisalabad_faisal_town_12_marla_good_condition_hoses_for_sale_in_faisal_town-54436099-1361-1.html
5 Marla House Available For Sale In Citi Housing Sargodha Road,PKR 1.7 Crore,17000000,3,4,5 Marla,1125.0,15111,House,False,38,hot38Share on FacebookShare on TwitterShare on WhatsAppSend via GMailSend via E-Mail,84,Houses_Faisalabad,2026-07-24,https://www.zameen.com/Property/citi_housing_citi_housing_sargodha_road_5_marla_house_available_for_sale_in_citi_housing_sargodha_road-53958683-11229-1.html
7 Marla Double Storey House For Sale,PKR 1.65 Crore,16500000,4,4,7 Marla,1575.0,10476,House,False,49,hot49Share on FacebookShare on TwitterShare on WhatsAppSend via GMailSend via E-Mail,84,Houses_Faisalabad,2026-07-24,https://www.zameen.com/Property/faisalabad_lahore_-_sheikhupura_-_faisalabad_road_7_marla_double_storey_house_for_sale-54425282-8542-1.html
5 Marla 2 Storey House For Sale In Sitara Gold City Satyana Road Faisalabad,PKR 2.4 Crore,24000000,4,4,5 Marla,1125.0,21333,House,False,11,11Share on FacebookShare on TwitterShare on WhatsAppSend via GMailSend via E-Mail,81,Houses_Faisalabad,2026-07-24,https://www.zameen.com/Property/faisalabad_satiana_road_5_marla_2_storey_house_for_sale_in_sitara_gold_city_satyana_road_faisalabad-53869536-534-1.html
5 Marla 2 Story New House For Sale In Khayaban E Green Satiana Road Faisalabad,PKR 1.58 Crore,15800000,4,4,5 Marla,1125.0,14044,House,False,13,13Share on FacebookShare on TwitterShare on WhatsAppSend via GMailSend via E-Mail,81,Houses_Faisalabad,2026-07-24,https://www.zameen.com/Property/faisalabad_satiana_road_5_marla_2_story_new_house_for_sale_in_khayaban_e_green_satiana_road_faisalabad-53881543-534-1.html
7 Marla 2nd storey house for sale in Alraheem valley Satyana Road Faisalabad,PKR 3.15 Crore,31500000,4,4,7 Marla,1575.0,20000,House,False,14,14Share on FacebookShare on TwitterShare on WhatsAppSend via GMailSend via E-Mail,81,Houses_Faisalabad,2026-07-24,https://www.zameen.com/Property/faisalabad_satiana_road_7_marla_2nd_storey_house_for_sale_in_alraheem_valley_satyana_road_faisalabad-54075024-534-1.html
5 Marla 2 Story Brand New House For Sale In Sitara Gold City Satyana Road Faisalabad,PKR 2.65 Crore,26500000,5,5,5 Marla,1125.0,23555,House,False,38,38Share on FacebookShare on TwitterShare on WhatsAppSend via GMailSend via E-Mail,81,Houses_Faisalabad,2026-07-24,https://www.zameen.com/Property/faisalabad_satiana_road_5_marla_2_story_brand_new_house_for_sale_in_sitara_gold_city_satyana_road_faisalabad-54075065-534-1.html
4 Marla 2 Storey Brand New House For Sale In Khyban E Green Satyana Road Faisalabad,PKR 1.45 Crore,14500000,4,4,4 Marla,900.0,16111,House,False,15,15Share on FacebookShare on TwitterShare on WhatsAppSend via GMailSend via E-Mail,81,Houses_Faisalabad,2026-07-24,https://www.zameen.com/Property/faisalabad_satiana_road_4_marla_2_storey_brand_new_house_for_sale_in_khyban_e_green_satyana_road_faisalabad-54077015-534-1.html
2.5 Marla 2 Story House For Sale In Rachna Town 3 Extension Satyana Road Faisalabad,PKR 80 Lakh,8000000,3,3,2.5 Marla,562.5,14222,House,False,9,9Share on FacebookShare on TwitterShare on WhatsAppSend via GMailSend via E-Mail,80,Houses_Faisalabad,2026-07-24,https://www.zameen.com/Property/faisalabad_satiana_road_2_5_marla_2_story_house_for_sale_in_rachna_town_3_extension_satyana_road_faisalabad-54077099-534-1.html
7 Marla 2 Storey Brand New House For Sale In Punjab Housing Society Satyana Road Faisalabad,PKR 2.25 Crore,22500000,5,5,7 Marla,1575.0,14285,House,False,14,14Share on FacebookShare on TwitterShare on WhatsAppSend via GMailSend via E-Mail,81,Houses_Faisalabad,2026-07-24,https://www.zameen.com/Property/faisalabad_satiana_road_7_marla_2_storey_brand_new_house_for_sale_in_punjab_housing_society_satyana_road_faisalabad-54150098-534-1.html
7 Marla 2 Story Brand New House For Sale In Punjab Housing Society Satiana Road Faisalabad,PKR 2.49 Crore,24900000,5,5,7 Marla,1575.0,15809,House,False,10,10Share on FacebookShare on TwitterShare on WhatsAppSend via GMailSend via E-Mail,81,Houses_Faisalabad,2026-07-24,https://www.zameen.com/Property/faisalabad_satiana_road_7_marla_2_story_brand_new_house_for_sale_in_punjab_housing_society_satiana_road_faisalabad-54150104-534-1.html
1 Kanal Modern Elevation Brand New Beautiful House Prime Location House Available For sale In Royal Orchard,PKR 7.15 Crore,71500000,6,6,1 Kanal,4500.0,15888,House,True,43,super hot43Share on FacebookShare on TwitterShare on WhatsAppSend via GMailSend via E-Mail,90,Houses_Multan,2026-07-24,https://www.zameen.com/Property/multan_public_school_road_royal_orchard_1_kanal_modern_elevation_brand_new_beautiful_house_prime_location_house_available_for_sale_in_royal_orchard-54402240-9492-1.html
5.1 Marla Most Beautiful Double Heighted House For sale Buch Executive villas,PKR 1.75 Crore,17500000,4,5,5 Marla,1125.0,15555,House,True,21,super hot21Share on FacebookShare on TwitterShare on WhatsAppSend via GMailSend via E-Mail,90,Houses_Multan,2026-07-24,https://www.zameen.com/Property/multan_buch_executive_villas_5_1_marla_most_beautiful_double_heighted_house_for_sale_buch_executive_villas-52893642-8627-1.html
Hot location House For Sale,PKR 6.2 Crore,62000000,,5,1 Kanal,4500.0,13777,House,True,22,super hot22Share on FacebookShare on TwitterShare on WhatsAppSend via GMailSend via E-Mail,90,Houses_Multan,2026-07-24,https://www.zameen.com/Property/dha_phase_1_dha_phase_1_-_sector_m_hot_location_house_for_sale-54507387-14312-1.html
20 Marla Brand New Luxury House For Sale | Royal Orchard Multan (Prime Location) 5 Spacious Bedrooms with attached luxury washrooms,PKR 7.15 Crore,71500000,7,7,1 Kanal,4500.0,15888,House,True,38,super hot381Share on FacebookShare on TwitterShare on WhatsAppSend via GMailSend via E-Mail,91,Houses_Multan,2026-07-24,https://www.zameen.com/Property/multan_public_school_road_royal_orchard_20_marla_brand_new_luxury_house_for_sale_royal_orchard_multan_prime_location_5_spacious_bedrooms_with_attached_luxury_washrooms-54405238-9492-1.html
"Royal Orchard, Multan. 20 Marla House For Sale",PKR 7.65 Crore,76500000,7,6,1 Kanal,4500.0,17000,House,True,40,super hot401Share on FacebookShare on TwitterShare on WhatsAppSend via GMailSend via E-Mail,91,Houses_Multan,2026-07-24,https://www.zameen.com/Property/multan_public_school_road_royal_orchard_royal_orchard_multan_20_marla_house_for_sale-54373079-9492-1.html
10 Marla Brand New House For Sale In Royal Orchard Multan | Demand 3.80 Crore*,PKR 3.8 Crore,38000000,5,6,10 Marla,2250.0,16888,House,True,33,super hot33Share on FacebookShare on TwitterShare on WhatsAppSend via GMailSend via E-Mail,90,Houses_Multan,2026-07-24,https://www.zameen.com/Property/multan_public_school_road_royal_orchard_10_marla_brand_new_house_for_sale_in_royal_orchard_multan_demand_3_80_crore-54504680-9492-1.html
10 Marla Brand New Triple Storey House For Sale Buch Executive Villas Multan,PKR 3.9 Crore,39000000,6,6,10 Marla,2250.0,17333,House,True,18,super hot18Share on FacebookShare on TwitterShare on WhatsAppSend via GMailSend via E-Mail,90,Houses_Multan,2026-07-24,https://www.zameen.com/Property/buch_executive_villas_phase_2_buch_villas_phase_2_-_manik_block_10_marla_brand_new_triple_storey_house_for_sale_buch_executive_villas_multan-54463550-22186-1.html
Facing Park 10 Marla Spacious House Available In Royal Orchard - Block C For Sale,PKR 3.49 Crore,34900000,5,6,10 Marla,2250.0,15511,House,True,23,super hot23Share on FacebookShare on TwitterShare on WhatsAppSend via GMailSend via E-Mail,90,Houses_Multan,2026-07-24,https://www.zameen.com/Property/royal_orchard_royal_orchard_-_block_c_facing_park_10_marla_spacious_house_available_in_royal_orchard_-_block_c_for_sale-54200003-9496-1.html
1 Kanal Luxury Semi Furnished House In Royal Orchard Multan,PKR 7.15 Crore,71500000,5,5,1 Kanal,4500.0,15888,House,True,21,super hot21Share on FacebookShare on TwitterShare on WhatsAppSend via GMailSend via E-Mail,90,Houses_Multan,2026-07-24,https://www.zameen.com/Property/multan_public_school_road_royal_orchard_1_kanal_luxury_semi_furnished_house_in_royal_orchard_multan-54395703-9492-1.html
Brand New House* *Royal Orchard Multan* ki behtareen location par *10 Marla brand new luxury house* for sale hai.,PKR 3.8 Crore,38000000,5,6,10 Marla,2250.0,16888,House,True,40,super hot40Share on FacebookShare on TwitterShare on WhatsAppSend via GMailSend via E-Mail,90,Houses_Multan,2026-07-24,https://www.zameen.com/Property/multan_multan_public_school_road_brand_new_house_royal_orchard_multan_ki_behtareen_location_par_10_marla_brand_new_luxury_house_for_sale_hai-54508262-8902-1.html
"*Alfalah Model City, Multan*  *5 Marla Most Beautiful House for Sale*",PKR 1.45 Crore,14500000,5,6,5 Marla,1125.0,12888,House,True,21,hot21Share on FacebookShare on TwitterShare on WhatsAppSend via GMailSend via E-Mail,84,Houses_Multan,2026-07-24,https://www.zameen.com/Property/multan_al_falah_modern_city_alfalah_model_city_multan_5_marla_most_beautiful_house_for_sale-54511963-8615-1.html
5 Marla Good Location Beautiful Modern Elevation House For Sale Buch Executive Villas,PKR 1.77 Crore,17700000,4,5,5 Marla,1125.0,15733,House,True,26,hot26Share on FacebookShare on TwitterShare on WhatsAppSend via GMailSend via E-Mail,84,Houses_Multan,2026-07-24,https://www.zameen.com/Property/buch_executive_villas_buch_executive_villas_-_phase_1_5_marla_good_location_beautiful_modern_elevation_house_for_sale_buch_executive_villas-52866289-19719-1.html
10 Marla Brand New House For Sale in Royal Orchard Multan | Demand 3.80 Crore*,PKR 3.8 Crore,38000000,5,6,10 Marla,2250.0,16888,House,False,39,hot39Share on FacebookShare on TwitterShare on WhatsAppSend via GMailSend via E-Mail,84,Houses_Multan,2026-07-24,https://www.zameen.com/Property/multan_public_school_road_royal_orchard_10_marla_brand_new_house_for_sale_in_royal_orchard_multan_demand_3_80_crore-54504984-9492-1.html
Fully Furnished 7 Marla House For Sale In Serene Villas Multan,PKR 2.9 Crore,29000000,3,4,7 Marla,1575.0,18412,House,False,43,hot43Share on FacebookShare on TwitterShare on WhatsAppSend via GMailSend via E-Mail,84,Houses_Multan,2026-07-24,https://www.zameen.com/Property/jinnah_avenue_serene_villas_fully_furnished_7_marla_house_for_sale_in_serene_villas_multan-53950269-22097-1.html
Double Storey 20 Marla House For Sale In DHA Phase 1 - Sector H Multan,PKR 3.25 Crore,32500000,5,6,1 Kanal,4500.0,7222,House,False,8,hot8Share on FacebookShare on TwitterShare on WhatsAppSend via GMailSend via E-Mail,83,Houses_Multan,2026-07-24,https://www.zameen.com/Property/dha_phase_1_dha_phase_1_-_sector_h_double_storey_20_marla_house_for_sale_in_dha_phase_1_-_sector_h_multan-54194407-14307-1.html
Well-Constructed Brand New House Available For Sale In Nawabpur Road,PKR 95 Lakh,9500000,3,3,3 Marla,675.0,14074,House,False,6,hot6VerifiedShare on FacebookShare on TwitterShare on WhatsAppSend via GMailSend via E-Mail,91,Houses_Multan,2026-07-24,https://www.zameen.com/Property/multan_nawabpur_road_well-constructed_brand_new_house_available_for_sale_in_nawabpur_road-54454167-8728-1.html
A Palatial Residence For Sale In Royal Orchard - Block G Multan,PKR 1.45 Crore,14500000,3,4,5 Marla,1125.0,12888,Unknown,False,14,hot14VerifiedShare on FacebookShare on TwitterShare on WhatsAppSend via GMailSend via E-Mail,92,Houses_Multan,2026-07-24,https://www.zameen.com/Property/royal_orchard_royal_orchard_-_block_g_a_palatial_residence_for_sale_in_royal_orchard_-_block_g_multan-54454944-9500-1.html
House Is Available For Sale,PKR 1.8 Crore,18000000,3,5,5 Marla,1125.0,16000,House,False,28,28Share on FacebookShare on TwitterShare on WhatsAppSend via GMailSend via E-Mail,81,Houses_Multan,2026-07-24,https://www.zameen.com/Property/royal_orchard_royal_orchard_-_block_f_house_is_available_for_sale-53120645-9499-1.html
5 Marla Triple Storey House For Sale In Multan,PKR 2.15 Crore,21500000,5,5,5 Marla,1125.0,19111,House,False,44,44Share on FacebookShare on TwitterShare on WhatsAppSend via GMailSend via E-Mail,81,Houses_Multan,2026-07-24,https://www.zameen.com/Property/multan_buch_executive_villas_5_marla_triple_storey_house_for_sale_in_multan-53517948-8627-1.html
Double Storey 10 Marla House For sale In Dream Garden Multan,PKR 4.25 Crore,42500000,5,6,10 Marla,2250.0,18888,House,False,28,28Share on FacebookShare on TwitterShare on WhatsAppSend via GMailSend via E-Mail,81,Houses_Multan,2026-07-24,https://www.zameen.com/Property/purana_shujabad_road_dream_garden_double_storey_10_marla_house_for_sale_in_dream_garden_multan-53860384-8903-1.html
Unoccupied House Of 22 Marla Is Available For Sale In Bosan Road,PKR 5.5 Crore,55000000,6,6,1.1 Kanal,4950.0,11111,House,False,6,6VerifiedShare on FacebookShare on TwitterShare on WhatsAppSend via GMailSend via E-Mail,88,Houses_Multan,2026-07-24,https://www.zameen.com/Property/multan_bosan_road_unoccupied_house_of_22_marla_is_available_for_sale_in_bosan_road-54332014-5705-1.html
37 Marla Corner House For sale,PKR 3.5 Crore,35000000,5,5,1.8 Kanal,8100.0,4320,House,False,9,9Share on FacebookShare on TwitterShare on WhatsAppSend via GMailSend via E-Mail,80,Houses_Multan,2026-07-24,https://www.zameen.com/Property/multan_gulgasht_colony_37_marla_corner_house_for_sale-54139333-664-1.html
3 Year Installment - House For Sale,PKR 1.5 Crore,15000000,3,4,5 Marla,1125.0,13333,House,False,13,13Share on FacebookShare on TwitterShare on WhatsAppSend via GMailSend via E-Mail,81,Houses_Multan,2026-07-24,https://www.zameen.com/Property/dha_phase_1_dha_phase_1_-_sector_t_3_year_installment_-_house_for_sale-52707055-14319-1.html
8 Marla Brand New Modern Elevation House Available For Sale In DHA Multan,PKR 2.5 Crore,25000000,4,5,8 Marla,1800.0,13888,House,True,23,23Share on FacebookShare on TwitterShare on WhatsAppSend via GMailSend via E-Mail,81,Houses_Multan,2026-07-24,https://www.zameen.com/Property/dha_phase_1_dha_phase_1_-_sector_v_8_marla_brand_new_modern_elevation_house_available_for_sale_in_dha_multan-54053824-14321-1.html
Get In Touch Now To Buy A Prime Location 21 Marla House In Gulgasht Colony,PKR 2.7 Crore,27000000,5,6,1 Kanal,4500.0,6000,House,False,30,30VerifiedShare on FacebookShare on TwitterShare on WhatsAppSend via GMailSend via E-Mail,89,Houses_Multan,2026-07-24,https://www.zameen.com/Property/multan_gulgasht_colony_get_in_touch_now_to_buy_a_prime_location_21_marla_house_in_gulgasht_colony-54412069-664-1.html
10 Marla Ultra-Modern & Most Elegant House For Sale In Royal Orchard Multan,PKR 5.5 Crore,55000000,6,6,1 Kanal,4500.0,12222,House,True,29,super hot29Share on FacebookShare on TwitterShare on WhatsAppSend via GMailSend via E-Mail,90,Houses_Multan,2026-07-24,https://www.zameen.com/Property/multan_dha_defence_10_marla_ultra-modern_most_elegant_house_for_sale_in_royal_orchard_multan-54215489-8581-1.html
5 Marla Brand New Triple Story Luxury House For Sale in Buch Villas,PKR 1.75 Crore,17500000,4,5,5 Marla,1125.0,15555,House,True,14,super hot14Share on FacebookShare on TwitterShare on WhatsAppSend via GMailSend via E-Mail,90,Houses_Multan,2026-07-24,https://www.zameen.com/Property/multan_buch_executive_villas_5_marla_brand_new_triple_story_luxury_house_for_sale_in_buch_villas-54429444-8627-1.html
Best Options For House Is Available For Sale In Askari 3,PKR 5.5 Crore,55000000,5,5,1 Kanal,4500.0,12222,House,True,13,super hot13Share on FacebookShare on TwitterShare on WhatsAppSend via GMailSend via E-Mail,90,Houses_Multan,2026-07-24,https://www.zameen.com/Property/dha_defence_askari_3_best_options_for_house_is_available_for_sale_in_askari_3-52626223-17156-1.html
Property For sale In Askari 3 Multan Is Available Under Rs. 31000000,PKR 3.1 Crore,31000000,4,4,10 Marla,2250.0,13777,Unknown,True,11,super hot11Share on FacebookShare on TwitterShare on WhatsAppSend via GMailSend via E-Mail,90,Houses_Multan,2026-07-24,https://www.zameen.com/Property/dha_defence_askari_3_property_for_sale_in_askari_3_multan_is_available_under_rs_31000000-53718216-17156-1.html
Your Dream Brand New 20 Marla House Is Available In DHA Phase 1 - Sector M,PKR 6.25 Crore,62500000,5,6,1 Kanal,4500.0,13888,House,True,17,super hot17VerifiedShare on FacebookShare on TwitterShare on WhatsAppSend via GMailSend via E-Mail,98,Houses_Multan,2026-07-24,https://www.zameen.com/Property/dha_phase_1_dha_phase_1_-_sector_m_your_dream_brand_new_20_marla_house_is_available_in_dha_phase_1_-_sector_m-54499922-14312-1.html
Brand New 5.23 Marla house Manik Block Buch villas,PKR 1.98 Crore,19800000,4,5,5.2 Marla,1170.0,16923,House,True,17,super hot17Share on FacebookShare on TwitterShare on WhatsAppSend via GMailSend via E-Mail,90,Houses_Multan,2026-07-24,https://www.zameen.com/Property/multan_buch_executive_villas_brand_new_5_23_marla_house_manik_block_buch_villas-54501765-8627-1.html
1 kanal luxury House Available For Sale,PKR 5.75 Crore,57500000,6,5,1 Kanal,4500.0,12777,House,True,31,super hot31Share on FacebookShare on TwitterShare on WhatsAppSend via GMailSend via E-Mail,90,Houses_Multan,2026-07-24,https://www.zameen.com/Property/dha_phase_1_dha_phase_1_-_sector_h_1_kanal_luxury_house_available_for_sale-54506939-14307-1.html
Semi Furnished 20 Marla House Available In Royal Orchard - Block E For Sale,PKR 7.15 Crore,71500000,5,6,1 Kanal,4500.0,15888,House,True,21,super hot21VerifiedShare on FacebookShare on TwitterShare on WhatsAppSend via GMailSend via E-Mail,98,Houses_Multan,2026-07-24,https://www.zameen.com/Property/royal_orchard_royal_orchard_-_block_e_semi_furnished_20_marla_house_available_in_royal_orchard_-_block_e_for_sale-54438129-9497-1.html
Centrally Located Prime Location House For sale In Wapda Town Phase 1 - Block D Available,PKR 2.5 Crore,25000000,4,4,5 Marla,1125.0,22222,House,True,31,super hot311VerifiedShare on FacebookShare on TwitterShare on WhatsAppSend via GMailSend via E-Mail,99,Houses_Multan,2026-07-24,https://www.zameen.com/Property/wapda_town_phase_1_wapda_town_phase_1_-_block_d_centrally_located_prime_location_house_for_sale_in_wapda_town_phase_1_-_block_d_available-54433278-14203-1.html
Your Dream Brand New 3 Marla House Is Available In Multan Public School Road,PKR 1.1 Crore,11000000,3,4,3 Marla,675.0,16296,House,True,15,super hot15Share on FacebookShare on TwitterShare on WhatsAppSend via GMailSend via E-Mail,90,Houses_Multan,2026-07-24,https://www.zameen.com/Property/multan_multan_public_school_road_your_dream_brand_new_3_marla_house_is_available_in_multan_public_school_road-54471273-8902-1.html
Teacher colony phase 2,PKR 4.15 Crore,41500000,5,5,17 Marla,3825.0,10849,Unknown,True,20,hot20Share on FacebookShare on TwitterShare on WhatsAppSend via GMailSend via E-Mail,84,Houses_Multan,2026-07-24,https://www.zameen.com/Property/multan_public_school_road_teachers_colony_teacher_colony_phase_2-54375797-12478-1.html
5 Marla House Is Available For Sale In Citi Housing,PKR 1.15 Crore,11500000,4,5,5 Marla,1125.0,10222,House,True,16,hot16Share on FacebookShare on TwitterShare on WhatsAppSend via GMailSend via E-Mail,84,Houses_Multan,2026-07-24,https://www.zameen.com/Property/multan_citi_housing_5_marla_house_is_available_for_sale_in_citi_housing-54384339-12544-1.html
Well-Constructed Brand New House Available For Sale In DHA Phase 1 - Sector B1,PKR 3.2 Crore,32000000,4,5,10 Marla,2250.0,14222,House,False,25,hot25VerifiedShare on FacebookShare on TwitterShare on WhatsAppSend via GMailSend via E-Mail,92,Houses_Multan,2026-07-24,https://www.zameen.com/Property/dha_phase_1_dha_phase_1_-_sector_b1_well-constructed_brand_new_house_available_for_sale_in_dha_phase_1_-_sector_b1-54476550-14300-1.html
7.5 Marla Brand New Duble Story House Available For Sale Buch Villas Multan. . .  Main Boulevards Aproch,PKR 3.25 Crore,32500000,5,6,7 Marla,1575.0,20634,House,False,17,hot17Share on FacebookShare on TwitterShare on WhatsAppSend via GMailSend via E-Mail,84,Houses_Multan,2026-07-24,https://www.zameen.com/Property/buch_executive_villas_buch_executive_villas_-_phase_2_7_5_marla_brand_new_duble_story_house_available_for_sale_buch_villas_multan_main_boulevards_aproch-54496512-19720-1.html
10 Marla Modern Elevation House Available For Sale Mujahid Green Valley Multan,PKR 2.7 Crore,27000000,5,6,10 Marla,2250.0,12000,House,False,23,hot23Share on FacebookShare on TwitterShare on WhatsAppSend via GMailSend via E-Mail,84,Houses_Multan,2026-07-24,https://www.zameen.com/Property/multan_bypass_mujahid_green_valley_10_marla_modern_elevation_house_available_for_sale_mujahid_green_valley_multan-54473919-17264-1.html
DHA Multan 1Kanal Hot Location,PKR 4 Crore,40000000,6,6,1 Kanal,4500.0,8888,House,False,16,hot16Share on FacebookShare on TwitterShare on WhatsAppSend via GMailSend via E-Mail,84,Houses_Multan,2026-07-24,https://www.zameen.com/Property/dha_phase_1_dha_phase_1_-_sector_q_dha_multan_1kanal_hot_location-54429921-14316-1.html
Prime Location House For sale In Beautiful Buch Villas Phase 2 - Manik Block,PKR 2.25 Crore,22500000,4,4,5 Marla,1125.0,20000,House,False,23,hot23Share on FacebookShare on TwitterShare on WhatsAppSend via GMailSend via E-Mail,84,Houses_Multan,2026-07-24,https://www.zameen.com/Property/buch_executive_villas_phase_2_buch_villas_phase_2_-_manik_block_prime_location_house_for_sale_in_beautiful_buch_villas_phase_2_-_manik_block-54486542-22186-1.html
In Multan You Can Find The Perfect House For Sale,PKR 6 Crore,60000000,5,6,1 Kanal,4500.0,13333,House,False,16,16Share on FacebookShare on TwitterShare on WhatsAppSend via GMailSend via E-Mail,81,Houses_Multan,2026-07-24,https://www.zameen.com/Property/royal_orchard_royal_orchard_-_block_e_in_multan_you_can_find_the_perfect_house_for_sale-54454970-9497-1.html
Double Storey 23 Marla House For Sale In Mehmoodabad Multan,PKR 4.5 Crore,45000000,4,4,1.2 Kanal,5400.0,8333,House,False,20,20VerifiedShare on FacebookShare on TwitterShare on WhatsAppSend via GMailSend via E-Mail,89,Houses_Multan,2026-07-24,https://www.zameen.com/Property/khanewal_road_mehmoodabad_double_storey_23_marla_house_for_sale_in_mehmoodabad_multan-54495176-13816-1.html
10 Marla House In Stunning Gulshan-e-Wahid Is Available For sale,PKR 2.3 Crore,23000000,6,6,10 Marla,2250.0,10222,House,False,18,18Share on FacebookShare on TwitterShare on WhatsAppSend via GMailSend via E-Mail,81,Houses_Multan,2026-07-24,https://www.zameen.com/Property/multan_gulshan-e-wahid_10_marla_house_in_stunning_gulshan-e-wahid_is_available_for_sale-54476426-5747-1.html
Brand New 8 Marla House For sale In Royal Orchard - Block E Multan,PKR 2.6 Crore,26000000,4,6,8 Marla,1800.0,14444,House,False,18,18Share on FacebookShare on TwitterShare on WhatsAppSend via GMailSend via E-Mail,81,Houses_Multan,2026-07-24,https://www.zameen.com/Property/royal_orchard_royal_orchard_-_block_e_brand_new_8_marla_house_for_sale_in_royal_orchard_-_block_e_multan-54405845-9497-1.html
Double Storey 5 Marla House For sale In New Shalimar Colony New Shalimar Colony,PKR 1.25 Crore,12500000,3,4,5 Marla,1125.0,11111,House,False,6,6VerifiedShare on FacebookShare on TwitterShare on WhatsAppSend via GMailSend via E-Mail,88,Houses_Multan,2026-07-24,https://www.zameen.com/Property/multan_new_shalimar_colony_double_storey_5_marla_house_for_sale_in_new_shalimar_colony_new_shalimar_colony-54403259-12124-1.html
Tripple Storey 10 Marla House For Sale In Ghagra Villas Multan,PKR 3.5 Crore,35000000,5,6,10 Marla,2250.0,15555,House,False,12,12VerifiedShare on FacebookShare on TwitterShare on WhatsAppSend via GMailSend via E-Mail,89,Houses_Multan,2026-07-24,https://www.zameen.com/Property/multan_public_school_road_ghagra_villas_tripple_storey_10_marla_house_for_sale_in_ghagra_villas_multan-54401041-14255-1.html
Double Storey 24 Marla House For Sale In Bahadurpur Bahadurpur,PKR 2.7 Crore,27000000,4,5,1.2 Kanal,5400.0,5000,House,False,17,17VerifiedShare on FacebookShare on TwitterShare on WhatsAppSend via GMailSend via E-Mail,89,Houses_Multan,2026-07-24,https://www.zameen.com/Property/multan_bahadurpur_double_storey_24_marla_house_for_sale_in_bahadurpur_bahadurpur-54315411-8620-1.html
Your Dream Fully Furnished 9 Marla House Is Available In DHA Defence,PKR 4 Crore,40000000,4,5,9 Marla,2025.0,19753,House,False,17,17VerifiedShare on FacebookShare on TwitterShare on WhatsAppSend via GMailSend via E-Mail,89,Houses_Multan,2026-07-24,https://www.zameen.com/Property/multan_dha_defence_your_dream_fully_furnished_9_marla_house_is_available_in_dha_defence-54302970-8581-1.html
17 Marla executive House available,PKR 6.25 Crore,62500000,5,6,17 Marla,3825.0,16339,House,True,28,super hot28Share on FacebookShare on TwitterShare on WhatsAppSend via GMailSend via E-Mail,90,Houses_Multan,2026-07-24,https://www.zameen.com/Property/multan_buch_executive_villas_17_marla_executive_house_available-54468413-8627-1.html
1 Kanal 80 Feet Road Sector M Most Beautiful Modern Elevation House For Sale DHA Multan On Good Location,PKR 6.4 Crore,64000000,6,6,1 Kanal,4500.0,14222,House,True,32,super hot32Share on FacebookShare on TwitterShare on WhatsAppSend via GMailSend via E-Mail,90,Houses_Multan,2026-07-24,https://www.zameen.com/Property/multan_dha_defence_1_kanal_80_feet_road_sector_m_most_beautiful_modern_elevation_house_for_sale_dha_multan_on_good_location-54260779-8581-1.html
Brand New Luxury House Available For Sale,PKR 3.1 Crore,31000000,6,6,8 Marla,1800.0,17222,House,True,45,super hot45Share on FacebookShare on TwitterShare on WhatsAppSend via GMailSend via E-Mail,90,Houses_Multan,2026-07-24,https://www.zameen.com/Property/multan_buch_executive_villas_brand_new_luxury_house_available_for_sale-52306382-8627-1.html
Step Inside This Beautiful 1 Kanal Designer House,PKR 4.3 Crore,43000000,5,6,1 Kanal,4500.0,9555,House,True,7,super hot7Share on FacebookShare on TwitterShare on WhatsAppSend via GMailSend via E-Mail,89,Houses_Multan,2026-07-24,https://www.zameen.com/Property/multan_dha_defence_step_inside_this_beautiful_1_kanal_designer_house-54479813-8581-1.html
5 Marla Luxury House for Sale in Buch Executive Villas Multan | 4 Bed Beautiful Home,PKR 1.7 Crore,17000000,1,5,5 Marla,1125.0,15111,House,True,50,super hot50Share on FacebookShare on TwitterShare on WhatsAppSend via GMailSend via E-Mail,90,Houses_Multan,2026-07-24,https://www.zameen.com/Property/multan_buch_executive_villas_5_marla_luxury_house_for_sale_in_buch_executive_villas_multan_4_bed_beautiful_home-54460093-8627-1.html
Your Dream Brand New 5 Marla House Is Available In Royal Orchard,PKR 1.95 Crore,19500000,4,4,5 Marla,1125.0,17333,House,True,5,super hot5VerifiedShare on FacebookShare on TwitterShare on WhatsAppSend via GMailSend via E-Mail,97,Houses_Multan,2026-07-24,https://www.zameen.com/Property/multan_public_school_road_royal_orchard_your_dream_brand_new_5_marla_house_is_available_in_royal_orchard-54508344-9492-1.html
Prime Location 8 Marla House For Sale In Rs. 37000000 Only,PKR 3.6 Crore,36000000,6,6,8 Marla,1800.0,20000,House,True,20,super hot20Share on FacebookShare on TwitterShare on WhatsAppSend via GMailSend via E-Mail,90,Houses_Multan,2026-07-24,https://www.zameen.com/Property/buch_executive_villas_phase_2_buch_villas_phase_2_-_manik_block_prime_location_8_marla_house_for_sale_in_rs_37000000_only-54195439-22186-1.html
A 20 Marla House For Sale At Bosan Road Multan,PKR 3.85 Crore,38500000,5,5,1 Kanal,4500.0,8555,House,True,17,super hot171VerifiedShare on FacebookShare on TwitterShare on WhatsAppSend via GMailSend via E-Mail,99,Houses_Multan,2026-07-24,https://www.zameen.com/Property/multan_bosan_road_a_20_marla_house_for_sale_at_bosan_road_multan-53927818-5705-1.html
5 MARLA HOUSES AVAILABLE FOR SALE,PKR 1.85 Crore,18500000,4,5,5 Marla,1125.0,16444,House,True,12,super hot12Share on FacebookShare on TwitterShare on WhatsAppSend via GMailSend via E-Mail,90,Houses_Multan,2026-07-24,https://www.zameen.com/Property/multan_buch_executive_villas_5_marla_houses_available_for_sale-54494504-8627-1.html
Prime Location 5 Marla House In Royal Orchard For Sale At Good Location,PKR 1.85 Crore,18500000,3,3,5 Marla,1125.0,16444,House,True,13,super hot13Share on FacebookShare on TwitterShare on WhatsAppSend via GMailSend via E-Mail,90,Houses_Multan,2026-07-24,https://www.zameen.com/Property/multan_public_school_road_royal_orchard_prime_location_5_marla_house_in_royal_orchard_for_sale_at_good_location-54492735-9492-1.html
Royal Orchid Multan 10 Marla Fully Ultra Modern And Luxurious House,PKR 3.5 Crore,35000000,6,5,10 Marla,2250.0,15555,House,True,32,hot32Share on FacebookShare on TwitterShare on WhatsAppSend via GMailSend via E-Mail,84,Houses_Multan,2026-07-24,https://www.zameen.com/Property/multan_public_school_road_royal_orchard_royal_orchid_multan_10_marla_fully_ultra_modern_and_luxurious_house-53525052-9492-1.html
5 Marla Ultra Modern Luxurious House for Sale on MPS Road,PKR 1.55 Crore,15500000,4,5,5 Marla,1125.0,13777,House,True,24,hot24Share on FacebookShare on TwitterShare on WhatsAppSend via GMailSend via E-Mail,84,Houses_Multan,2026-07-24,https://www.zameen.com/Property/multan_multan_public_school_road_5_marla_ultra_modern_luxurious_house_for_sale_on_mps_road-53619821-8902-1.html
"10 Marla Brand New Triple Storey Luxury House for Sale in Buch Villas, Multan",PKR 3.85 Crore,38500000,6,6,10 Marla,2250.0,17111,House,False,28,hot28Share on FacebookShare on TwitterShare on WhatsAppSend via GMailSend via E-Mail,84,Houses_Multan,2026-07-24,https://www.zameen.com/Property/buch_executive_villas_buch_executive_villas_-_phase_2_10_marla_brand_new_triple_storey_luxury_house_for_sale_in_buch_villas_multan-54503702-19720-1.html
Aesthetic Prime Location House Of 7 Marla For Sale Is Available,PKR 3.25 Crore,32500000,5,5,7 Marla,1575.0,20634,House,False,23,hot23Share on FacebookShare on TwitterShare on WhatsAppSend via GMailSend via E-Mail,84,Houses_Multan,2026-07-24,https://www.zameen.com/Property/multan_buch_executive_villas_aesthetic_prime_location_house_of_7_marla_for_sale_is_available-54492362-8627-1.html
Double Storey 5 Marla House Available In Multan Public School Road For Sale,PKR 1.4 Crore,14000000,4,5,5 Marla,1125.0,12444,House,False,11,hot11VerifiedShare on FacebookShare on TwitterShare on WhatsAppSend via GMailSend via E-Mail,92,Houses_Multan,2026-07-24,https://www.zameen.com/Property/multan_multan_public_school_road_double_storey_5_marla_house_available_in_multan_public_school_road_for_sale-54208461-8902-1.html
Brand New 4 Marla House For Sale In Fatima Avenue Multan,PKR 1.4 Crore,14000000,3,5,4 Marla,900.0,15555,House,False,17,hot17VerifiedShare on FacebookShare on TwitterShare on WhatsAppSend via GMailSend via E-Mail,92,Houses_Multan,2026-07-24,https://www.zameen.com/Property/multan_public_school_road_fatima_avenue_brand_new_4_marla_house_for_sale_in_fatima_avenue_multan-54454881-21808-1.html
10 Marla Luxury Modern House For Sale In Royal Orchard Multan,PKR 3.5 Crore,35000000,5,6,10 Marla,2250.0,15555,House,False,24,hot24Share on FacebookShare on TwitterShare on WhatsAppSend via GMailSend via E-Mail,84,Houses_Multan,2026-07-24,https://www.zameen.com/Property/multan_public_school_road_royal_orchard_10_marla_luxury_modern_house_for_sale_in_royal_orchard_multan-54395615-9492-1.html
Brand New 10 Marla House Available In New Shalimar Colony For sale,PKR 2.15 Crore,21500000,5,6,10 Marla,2250.0,9555,House,False,10,10VerifiedShare on FacebookShare on TwitterShare on WhatsAppSend via GMailSend via E-Mail,89,Houses_Multan,2026-07-24,https://www.zameen.com/Property/multan_new_shalimar_colony_brand_new_10_marla_house_available_in_new_shalimar_colony_for_sale-54237085-12124-1.html
Best Options For Corner House Is Available For Sale In Katchehry Road,PKR 3.15 Crore,31500000,3,4,14 Marla,3150.0,10000,House,False,15,15VerifiedShare on FacebookShare on TwitterShare on WhatsAppSend via GMailSend via E-Mail,89,Houses_Multan,2026-07-24,https://www.zameen.com/Property/multan_katchehry_road_best_options_for_corner_house_is_available_for_sale_in_katchehry_road-54426176-8662-1.html
5 Marla Triple Story Beautiful Luxury House For Sale In Buch Vilas Multan,PKR 2.15 Crore,21500000,5,6,5 Marla,1125.0,19111,House,False,18,18Share on FacebookShare on TwitterShare on WhatsAppSend via GMailSend via E-Mail,81,Houses_Multan,2026-07-24,https://www.zameen.com/Property/multan_buch_executive_villas_5_marla_triple_story_beautiful_luxury_house_for_sale_in_buch_vilas_multan-50765955-8627-1.html
7.5 Marla Beautiful Luxury House For Sale In Buch Vilas Multan,PKR 3.15 Crore,31500000,7,6,7.5 Marla,1687.5,18666,House,False,28,28Share on FacebookShare on TwitterShare on WhatsAppSend via GMailSend via E-Mail,81,Houses_Multan,2026-07-24,https://www.zameen.com/Property/buch_executive_villas_phase_2_buch_villas_phase_2_-_manik_block_7_5_marla_beautiful_luxury_house_for_sale_in_buch_vilas_multan-54352601-22186-1.html
6 Marla Ultra Modern Double Storey Most Elegant House For Sale In Buch Villas Multan,PKR 2.5 Crore,25000000,4,5,6 Marla,1350.0,18518,House,False,35,35Share on FacebookShare on TwitterShare on WhatsAppSend via GMailSend via E-Mail,81,Houses_Multan,2026-07-24,https://www.zameen.com/Property/buch_executive_villas_phase_2_buch_villas_phase_2_-_ali_block_6_marla_ultra_modern_double_storey_most_elegant_house_for_sale_in_buch_villas_multan-54363715-22187-1.html
5.5 Marla Beautiful Luxury House For Sale In Buch Vilas Multan,PKR 2.2 Crore,22000000,5,6,5.5 Marla,1237.5,17777,House,False,21,21Share on FacebookShare on TwitterShare on WhatsAppSend via GMailSend via E-Mail,81,Houses_Multan,2026-07-24,https://www.zameen.com/Property/buch_executive_villas_phase_2_buch_villas_phase_2_-_manik_block_5_5_marla_beautiful_luxury_house_for_sale_in_buch_vilas_multan-54364467-22186-1.html
Prime Location House Of 10 Marla In Shah Rukn-E-Alam Colony Is Available,PKR 2.35 Crore,23500000,5,6,10 Marla,2250.0,10444,House,False,24,24Share on FacebookShare on TwitterShare on WhatsAppSend via GMailSend via E-Mail,81,Houses_Multan,2026-07-24,https://www.zameen.com/Property/multan_shah_rukn-e-alam_colony_prime_location_house_of_10_marla_in_shah_rukn-e-alam_colony_is_available-54282741-658-1.html
Find Your Ideal Prime Location House In Shah Rukn-e-Alam Colony Under Rs. 8500000,PKR 85 Lakh,8500000,3,3,3 Marla,675.0,12592,House,False,14,14Share on FacebookShare on TwitterShare on WhatsAppSend via GMailSend via E-Mail,81,Houses_Multan,2026-07-24,https://www.zameen.com/Property/multan_shah_rukn-e-alam_colony_find_your_ideal_prime_location_house_in_shah_rukn-e-alam_colony_under_rs_8500000-54470789-658-1.html
8 Marla Brand New Modern Design House Available For Sale,PKR 2.45 Crore,24500000,6,6,8 Marla,1800.0,13611,House,True,13,super hot13Share on FacebookShare on TwitterShare on WhatsAppSend via GMailSend via E-Mail,90,Houses_Multan,2026-07-24,https://www.zameen.com/Property/multan_dha_defence_8_marla_brand_new_modern_design_house_available_for_sale-54075059-8581-1.html
20 Marla Brand New Luxury House For Sale | DHA Multan (Prime Location),PKR 5.5 Crore,55000000,5,6,1 Kanal,4500.0,12222,House,True,28,super hot28Share on FacebookShare on TwitterShare on WhatsAppSend via GMailSend via E-Mail,90,Houses_Multan,2026-07-24,https://www.zameen.com/Property/dha_phase_1_dha_phase_1_-_sector_h_20_marla_brand_new_luxury_house_for_sale_dha_multan_prime_location-54473567-14307-1.html
20 Marla Brand New Luxury House For Sale | DHA Multan (Prime Location),PKR 5.3 Crore,53000000,5,6,1 Kanal,4500.0,11777,House,True,27,super hot27Share on FacebookShare on TwitterShare on WhatsAppSend via GMailSend via E-Mail,90,Houses_Multan,2026-07-24,https://www.zameen.com/Property/dha_phase_1_dha_phase_1_-_sector_h_20_marla_brand_new_luxury_house_for_sale_dha_multan_prime_location-54473426-14307-1.html
Royal Orchid Multan 20 Marla Fully luxurious house for sale,PKR 6.9 Crore,69000000,8,6,1 Kanal,4500.0,15333,House,True,28,super hot28Share on FacebookShare on TwitterShare on WhatsAppSend via GMailSend via E-Mail,90,Houses_Multan,2026-07-24,https://www.zameen.com/Property/multan_public_school_road_royal_orchard_royal_orchid_multan_20_marla_fully_luxurious_house_for_sale-53525017-9492-1.html
Royal Orchard Multan 21 Marla Double Storey House For Sale Fully Ultra Modern And Luxurious House,PKR 7.5 Crore,75000000,6,6,1 Kanal,4500.0,16666,House,True,45,super hot45Share on FacebookShare on TwitterShare on WhatsAppSend via GMailSend via E-Mail,90,Houses_Multan,2026-07-24,https://www.zameen.com/Property/multan_public_school_road_royal_orchard_royal_orchard_multan_21_marla_double_storey_house_for_sale_fully_ultra_modern_and_luxurious_house-53277604-9492-1.html
17 Marla Brand New Villa Available For Sale On Main Boulevard Buch Executive Villas Multan,PKR 6.4 Crore,64000000,6,7,17 Marla,3825.0,16732,House,True,39,super hot39Share on FacebookShare on TwitterShare on WhatsAppSend via GMailSend via E-Mail,90,Houses_Multan,2026-07-24,https://www.zameen.com/Property/buch_executive_villas_buch_executive_villas_-_phase_1_17_marla_brand_new_villa_available_for_sale_on_main_boulevard_buch_executive_villas_multan-54491894-19719-1.html
Designer House for Sale In Green Fort Housing Society Multan,PKR 1.6 Crore,16000000,4,3,10 Marla,2250.0,7111,House,True,14,super hot14Share on FacebookShare on TwitterShare on WhatsAppSend via GMailSend via E-Mail,90,Houses_Multan,2026-07-24,https://www.zameen.com/Property/multan_green_fort_housing_scheme_designer_house_for_sale_in_green_fort_housing_society_multan-54476715-5739-1.html
10 Marla Newly Built Stylish Modern House Park Facing Royal Orchard Multan,PKR 3.5 Crore,35000000,5,6,10 Marla,2250.0,15555,House,True,21,super hot21Share on FacebookShare on TwitterShare on WhatsAppSend via GMailSend via E-Mail,90,Houses_Multan,2026-07-24,https://www.zameen.com/Property/multan_public_school_road_royal_orchard_10_marla_newly_built_stylish_modern_house_park_facing_royal_orchard_multan-54494296-9492-1.html
10 Marla Brand New Double Story House Available For Sale,PKR 3 Crore,30000000,5,6,10 Marla,2250.0,13333,House,True,41,super hot41Share on FacebookShare on TwitterShare on WhatsAppSend via GMailSend via E-Mail,90,Houses_Multan,2026-07-24,https://www.zameen.com/Property/multan_model_town_10_marla_brand_new_double_story_house_available_for_sale-54441731-1147-1.html
Corner 10 Marla House For Grabs In DHA Defence Askari 3,PKR 3.15 Crore,31500000,4,5,10 Marla,2250.0,14000,House,True,6,super hot6Share on FacebookShare on TwitterShare on WhatsAppSend via GMailSend via E-Mail,89,Houses_Multan,2026-07-24,https://www.zameen.com/Property/dha_defence_askari_3_corner_10_marla_house_for_grabs_in_dha_defence_askari_3-54497748-17156-1.html
Shalimar Colony Multan 5 Marla Pair Double Story House For Sale Fully Ultra Modern And Luxurious House,PKR 1.5 Crore,15000000,4,5,5 Marla,1125.0,13333,House,True,25,hot25Share on FacebookShare on TwitterShare on WhatsAppSend via GMailSend via E-Mail,84,Houses_Multan,2026-07-24,https://www.zameen.com/Property/multan_shalimar_colony_shalimar_colony_multan_5_marla_pair_double_story_house_for_sale_fully_ultra_modern_and_luxurious_house-53605968-346-1.html
6 Marla Brand New Double Storey House For Sale In Outstanding Location of Gulgasht Colony,PKR 1.9 Crore,19000000,5,6,6 Marla,1350.0,14074,House,True,16,hot16Share on FacebookShare on TwitterShare on WhatsAppSend via GMailSend via E-Mail,84,Houses_Multan,2026-07-24,https://www.zameen.com/Property/multan_gulgasht_colony_6_marla_brand_new_double_storey_house_for_sale_in_outstanding_location_of_gulgasht_colony-53869645-664-1.html
Double Storey 5 Marla House For Sale In Buch Executive Villas Buch Executive Villas,PKR 1.85 Crore,18500000,4,5,5 Marla,1125.0,16444,House,False,10,hot10VerifiedShare on FacebookShare on TwitterShare on WhatsAppSend via GMailSend via E-Mail,92,Houses_Multan,2026-07-24,https://www.zameen.com/Property/multan_buch_executive_villas_double_storey_5_marla_house_for_sale_in_buch_executive_villas_buch_executive_villas-54383404-8627-1.html
5 Modern House In Royal Orchard Multan,PKR 2 Crore,20000000,3,4,5 Marla,1125.0,17777,House,False,15,hot15Share on FacebookShare on TwitterShare on WhatsAppSend via GMailSend via E-Mail,84,Houses_Multan,2026-07-24,https://www.zameen.com/Property/multan_public_school_road_royal_orchard_5_modern_house_in_royal_orchard_multan-54395641-9492-1.html
5 Marla Modern House Available In Buch Villas Multan,PKR 2.15 Crore,21500000,4,4,5 Marla,1125.0,19111,House,False,17,hot17Share on FacebookShare on TwitterShare on WhatsAppSend via GMailSend via E-Mail,84,Houses_Multan,2026-07-24,https://www.zameen.com/Property/buch_executive_villas_phase_2_buch_villas_phase_2_-_manik_block_5_marla_modern_house_available_in_buch_villas_multan-54409078-22186-1.html
5 Marla Brand New Double Story House For Sale In Mps Road Multan,PKR 1.5 Crore,15000000,4,5,5 Marla,1125.0,13333,House,False,15,hot15Share on FacebookShare on TwitterShare on WhatsAppSend via GMailSend via E-Mail,84,Houses_Multan,2026-07-24,https://www.zameen.com/Property/multan_multan_public_school_road_5_marla_brand_new_double_story_house_for_sale_in_mps_road_multan-54382690-8902-1.html
3.4 Marla Brand New Double Storey House For Sale In Bahadurpur Near Bosan Road Multan,PKR 1.15 Crore,11500000,3,4,3.4 Marla,765.0,15032,House,False,17,hot17Share on FacebookShare on TwitterShare on WhatsAppSend via GMailSend via E-Mail,84,Houses_Multan,2026-07-24,https://www.zameen.com/Property/multan_bahadurpur_3_4_marla_brand_new_double_storey_house_for_sale_in_bahadurpur_near_bosan_road_multan-54423159-8620-1.html
Get This Amazing Prime Location 35 Marla House Available In DHA Phase 1 - Sector R,PKR 6 Crore,60000000,6,6,1.7 Kanal,7650.0,7843,House,False,23,23Share on FacebookShare on TwitterShare on WhatsAppSend via GMailSend via E-Mail,81,Houses_Multan,2026-07-24,https://www.zameen.com/Property/dha_phase_1_dha_phase_1_-_sector_r_get_this_amazing_prime_location_35_marla_house_available_in_dha_phase_1_-_sector_r-53950029-14317-1.html
Prime Location House Available For Sale In Shah Rukn-E-Alam Colony,PKR 1.5 Crore,15000000,4,4,7 Marla,1575.0,9523,House,False,8,8Share on FacebookShare on TwitterShare on WhatsAppSend via GMailSend via E-Mail,80,Houses_Multan,2026-07-24,https://www.zameen.com/Property/multan_shah_rukn-e-alam_colony_prime_location_house_available_for_sale_in_shah_rukn-e-alam_colony-54201678-658-1.html
A Spacious Prime Location 20 Marla House In Shah Rukn-E-Alam Colony - Block H,PKR 5 Crore,50000000,5,5,1 Kanal,4500.0,11111,House,False,26,26Share on FacebookShare on TwitterShare on WhatsAppSend via GMailSend via E-Mail,81,Houses_Multan,2026-07-24,https://www.zameen.com/Property/shah_rukn_e_alam_colony_shah_rukn-e-alam_colony_-_block_h_a_spacious_prime_location_20_marla_house_in_shah_rukn-e-alam_colony_-_block_h-54217811-5809-1.html
Single Storey 5 Marla House Available In Shah Rukn-E-Alam Colony For Sale,PKR 1.3 Crore,13000000,2,2,5 Marla,1125.0,11555,House,False,14,14VerifiedShare on FacebookShare on TwitterShare on WhatsAppSend via GMailSend via E-Mail,89,Houses_Multan,2026-07-24,https://www.zameen.com/Property/multan_shah_rukn-e-alam_colony_single_storey_5_marla_house_available_in_shah_rukn-e-alam_colony_for_sale-54282740-658-1.html
5 Marla Brand New Triple Storey Luxury House for Sale in Prime Location,PKR 2.17 Crore,21700000,4,5,5 Marla,1125.0,19288,House,False,21,21Share on FacebookShare on TwitterShare on WhatsAppSend via GMailSend via E-Mail,81,Houses_Multan,2026-07-24,https://www.zameen.com/Property/buch_executive_villas_buch_executive_villas_-_phase_2_5_marla_brand_new_triple_storey_luxury_house_for_sale_in_prime_location-54510734-19720-1.html
Prominently-Located 20 Marla House Available In Askari 3,PKR 5.15 Crore,51500000,5,6,1 Kanal,4500.0,11444,House,False,20,20VerifiedShare on FacebookShare on TwitterShare on WhatsAppSend via GMailSend via E-Mail,89,Houses_Multan,2026-07-24,https://www.zameen.com/Property/dha_defence_askari_3_prominently-located_20_marla_house_available_in_askari_3-54476315-17156-1.html
6 Marla Slightly Used Double Storey House For Sale,PKR 1.65 Crore,16500000,5,6,6 Marla,1350.0,12222,House,False,14,14VerifiedShare on FacebookShare on TwitterShare on WhatsAppSend via GMailSend via E-Mail,89,Houses_Multan,2026-07-24,https://www.zameen.com/Property/multan_shalimar_colony_6_marla_slightly_used_double_storey_house_for_sale-54281825-346-1.html
Brand New 4 Marla House Available In Chowk Kumharanwala For Sale,PKR 1.05 Crore,10500000,4,4,4 Marla,900.0,11666,House,False,27,27VerifiedShare on FacebookShare on TwitterShare on WhatsAppSend via GMailSend via E-Mail,89,Houses_Multan,2026-07-24,https://www.zameen.com/Property/multan_chowk_kumharanwala_brand_new_4_marla_house_available_in_chowk_kumharanwala_for_sale-54147438-1004-1.html
1 Kanal Fully Luxury Modern House For Sale Royal Orchard Multan  An Outstanding 1 Kanal Fully Luxury Modern House Is Available For Sale In The Prime Location Of Royal Orchard Multan Designed,PKR 7.5 Crore,75000000,5,6,1 Kanal,4500.0,16666,House,True,30,super hot30Share on FacebookShare on TwitterShare on WhatsAppSend via GMailSend via E-Mail,90,Houses_Multan,2026-07-24,https://www.zameen.com/Property/multan_public_school_road_royal_orchard_1_kanal_fully_luxury_modern_house_for_sale_royal_orchard_multan_an_outstanding_1_kanal_fully_luxury_modern_house_is_available_for_sale_in_the_prime_location_of_royal_orchard_multan_designed-54367585-9492-1.html
DHA Multan  20 Marla Double Story House for sale,PKR 5.25 Crore,52500000,6,6,1 Kanal,4500.0,11666,House,True,49,super hot49Share on FacebookShare on TwitterShare on WhatsAppSend via GMailSend via E-Mail,90,Houses_Multan,2026-07-24,https://www.zameen.com/Property/dha_phase_1_dha_phase_1_-_sector_m_dha_multan_20_marla_double_story_house_for_sale-53455098-14312-1.html
DHA Multan _M Sector   3 Kanal Fully Furnished House For Sale  Double-Height TV Lounge Grand & airy ground floor lounge,PKR 20 Crore,200000000,5,6,3 Kanal,13500.0,14814,House,True,12,super hot12Share on FacebookShare on TwitterShare on WhatsAppSend via GMailSend via E-Mail,90,Houses_Multan,2026-07-24,https://www.zameen.com/Property/dha_phase_1_dha_phase_1_-_sector_m_dha_multan_m_sector_3_kanal_fully_furnished_house_for_sale_double-height_tv_lounge_grand_airy_ground_floor_lounge-53890844-14312-1.html
20 Marla Brand New Luxury House For Sale,PKR 6.25 Crore,62500000,5,6,1 Kanal,4500.0,13888,House,True,36,super hot36Share on FacebookShare on TwitterShare on WhatsAppSend via GMailSend via E-Mail,90,Houses_Multan,2026-07-24,https://www.zameen.com/Property/dha_phase_1_dha_phase_1_-_sector_m_20_marla_brand_new_luxury_house_for_sale-54483415-14312-1.html
"*Wapda Town Phase 1, Multan* 1 Kanal Beautiful House For Sale*",PKR 7.2 Crore,72000000,5,6,1 Kanal,4500.0,16000,House,True,26,super hot26Share on FacebookShare on TwitterShare on WhatsAppSend via GMailSend via E-Mail,90,Houses_Multan,2026-07-24,https://www.zameen.com/Property/wapda_town_wapda_town_phase_1_wapda_town_phase_1_multan_1_kanal_beautiful_house_for_sale-54396547-5821-1.html
10 Marla House Available For Sale,PKR 3.49 Crore,34900000,5,6,10 Marla,2250.0,15511,House,True,29,super hot29Share on FacebookShare on TwitterShare on WhatsAppSend via GMailSend via E-Mail,90,Houses_Multan,2026-07-24,https://www.zameen.com/Property/dha_phase_1_dha_phase_1_-_sector_b1_10_marla_house_available_for_sale-54487634-14300-1.html
"Reasonably-Priced Prime Location 80'ft Road Facing 20 Marla House In DHA Phase 1 - Sector M, Multan Is Available As Of Now",PKR 5 Crore,50000000,5,5,1 Kanal,4500.0,11111,House,True,26,super hot26Share on FacebookShare on TwitterShare on WhatsAppSend via GMailSend via E-Mail,90,Houses_Multan,2026-07-24,https://www.zameen.com/Property/dha_phase_1_dha_phase_1_-_sector_m_reasonably-priced_prime_location_80_ft_road_facing_20_marla_house_in_dha_phase_1_-_sector_m_multan_is_available_as_of_now-54126229-14312-1.html
Well-Constructed Brand New House Available For Sale In DHA Phase 1 - Sector H,PKR 5.5 Crore,55000000,5,6,1 Kanal,4500.0,12222,House,True,28,super hot28Share on FacebookShare on TwitterShare on WhatsAppSend via GMailSend via E-Mail,90,Houses_Multan,2026-07-24,https://www.zameen.com/Property/dha_phase_1_dha_phase_1_-_sector_h_well-constructed_brand_new_house_available_for_sale_in_dha_phase_1_-_sector_h-54476668-14307-1.html
One Kanal Luxury House For Sale In Dha Multan,PKR 5.2 Crore,52000000,5,6,1 Kanal,4500.0,11555,House,True,27,super hot27Share on FacebookShare on TwitterShare on WhatsAppSend via GMailSend via E-Mail,90,Houses_Multan,2026-07-24,https://www.zameen.com/Property/dha_phase_1_dha_phase_1_-_sector_h_one_kanal_luxury_house_for_sale_in_dha_multan-54384073-14307-1.html
9 Marla House for Sale in Gulgash Colony,PKR 3.1 Crore,31000000,5,6,9 Marla,2025.0,15308,House,True,15,super hot15Share on FacebookShare on TwitterShare on WhatsAppSend via GMailSend via E-Mail,90,Houses_Multan,2026-07-24,https://www.zameen.com/Property/multan_gulgasht_colony_9_marla_house_for_sale_in_gulgash_colony-54474713-664-1.html
6 Marla Corner Triple Storey Manik Block  Buch Villas,PKR 2.2 Crore,22000000,5,6,6 Marla,1350.0,16296,House,True,30,hot30Share on FacebookShare on TwitterShare on WhatsAppSend via GMailSend via E-Mail,84,Houses_Multan,2026-07-24,https://www.zameen.com/Property/multan_buch_executive_villas_6_marla_corner_triple_storey_manik_block_buch_villas-54137814-8627-1.html
20 Marla Brand New Luxury House For Sale | Royal Orchard Multan (Prime Location),PKR 7.15 Crore,71500000,5,6,1 Kanal,4500.0,15888,House,True,33,hot33Share on FacebookShare on TwitterShare on WhatsAppSend via GMailSend via E-Mail,84,Houses_Multan,2026-07-24,https://www.zameen.com/Property/multan_public_school_road_royal_orchard_20_marla_brand_new_luxury_house_for_sale_royal_orchard_multan_prime_location-54392526-9492-1.html
Double Storey 10 Marla House For Sale In Bahadurpur Bahadurpur,PKR 1.9 Crore,19000000,4,4,10 Marla,2250.0,8444,House,False,30,hot30Share on FacebookShare on TwitterShare on WhatsAppSend via GMailSend via E-Mail,84,Houses_Multan,2026-07-24,https://www.zameen.com/Property/multan_bahadurpur_double_storey_10_marla_house_for_sale_in_bahadurpur_bahadurpur-54314457-8620-1.html
3.5 MARLA HOUSE AVAILABLE FOR SALE,PKR 1.59 Crore,15900000,4,5,3.5 Marla,787.5,20190,House,False,17,hot17Share on FacebookShare on TwitterShare on WhatsAppSend via GMailSend via E-Mail,84,Houses_Multan,2026-07-24,https://www.zameen.com/Property/multan_buch_executive_villas_3_5_marla_house_available_for_sale-54506929-8627-1.html
Spacious Prime Location House Is Available In Buch Villas Phase 2 - Manik Block For Sale,PKR 2.3 Crore,23000000,4,4,5 Marla,1125.0,20444,House,False,24,hot24Share on FacebookShare on TwitterShare on WhatsAppSend via GMailSend via E-Mail,84,Houses_Multan,2026-07-24,https://www.zameen.com/Property/buch_executive_villas_phase_2_buch_villas_phase_2_-_manik_block_spacious_prime_location_house_is_available_in_buch_villas_phase_2_-_manik_block_for_sale-54427412-22186-1.html
5 Marla Designer House At Prime Location,PKR 2.25 Crore,22500000,4,5,5 Marla,1125.0,20000,House,False,16,hot16Share on FacebookShare on TwitterShare on WhatsAppSend via GMailSend via E-Mail,84,Houses_Multan,2026-07-24,https://www.zameen.com/Property/multan_buch_executive_villas_5_marla_designer_house_at_prime_location-54504915-8627-1.html
House Is Available For Sale In ATC Villas,PKR 2 Crore,20000000,3,4,5 Marla,1125.0,17777,House,False,6,hot6Share on FacebookShare on TwitterShare on WhatsAppSend via GMailSend via E-Mail,83,Houses_Multan,2026-07-24,https://www.zameen.com/Property/dha_phase_1_atc_villas_house_is_available_for_sale_in_atc_villas-53931693-22408-1.html
10 Marla House At Prime Location Of 60 Feet Road Wapda Town Phase 2 Multan,PKR 2.75 Crore,27500000,5,6,10 Marla,2250.0,12222,House,False,7,7Share on FacebookShare on TwitterShare on WhatsAppSend via GMailSend via E-Mail,80,Houses_Multan,2026-07-24,https://www.zameen.com/Property/wapda_town_phase_2_wapda_town_phase_2_-_block_s_10_marla_house_at_prime_location_of_60_feet_road_wapda_town_phase_2_multan-54404558-14213-1.html
Double Storey 10 Marla House For Sale In Wapda Town Phase 1 - Block D Multan,PKR 2.85 Crore,28500000,5,5,10 Marla,2250.0,12666,House,False,18,18VerifiedShare on FacebookShare on TwitterShare on WhatsAppSend via GMailSend via E-Mail,89,Houses_Multan,2026-07-24,https://www.zameen.com/Property/wapda_town_phase_1_wapda_town_phase_1_-_block_d_double_storey_10_marla_house_for_sale_in_wapda_town_phase_1_-_block_d_multan-54285116-14203-1.html
Fully Furnished 5 Marla House With 8 Kw Hybrid Solar Net Metering For Sale In Royal Orchard - Block F Multan,PKR 2.1 Crore,21000000,3,3,5 Marla,1125.0,18666,House,False,25,251VerifiedShare on FacebookShare on TwitterShare on WhatsAppSend via GMailSend via E-Mail,90,Houses_Multan,2026-07-24,https://www.zameen.com/Property/royal_orchard_royal_orchard_-_block_f_fully_furnished_5_marla_house_with_8_kw_hybrid_solar_net_metering_for_sale_in_royal_orchard_-_block_f_multan-54101385-9499-1.html
10 Marla Designer House For Sale,PKR 2.65 Crore,26500000,6,7,10 Marla,2250.0,11777,House,False,4,4Share on FacebookShare on TwitterShare on WhatsAppSend via GMailSend via E-Mail,80,Houses_Multan,2026-07-24,https://www.zameen.com/Property/dha_phase_1_dha_phase_1_-_sector_b1_10_marla_designer_house_for_sale-53590902-14300-1.html
7.5 Marla Brand New Double Storey VVIP Luxury House for Sale in Prime Location,PKR 3.1 Crore,31000000,6,6,8 Marla,1800.0,17222,House,False,16,16Share on FacebookShare on TwitterShare on WhatsAppSend via GMailSend via E-Mail,81,Houses_Multan,2026-07-24,https://www.zameen.com/Property/buch_executive_villas_buch_executive_villas_-_phase_2_7_5_marla_brand_new_double_storey_vvip_luxury_house_for_sale_in_prime_location-54510153-19720-1.html
Well-Constructed Brand New House Available For Sale In Zakariya Town,PKR 1.5 Crore,15000000,3,4,5 Marla,1125.0,13333,House,False,18,18VerifiedShare on FacebookShare on TwitterShare on WhatsAppSend via GMailSend via E-Mail,89,Houses_Multan,2026-07-24,https://www.zameen.com/Property/multan_zakariya_town_well-constructed_brand_new_house_available_for_sale_in_zakariya_town-54212450-1518-1.html
Double Storey 787 Square Feet House For Sale In New Shalimar Colony New Shalimar Colony,PKR 1.3 Crore,13000000,3,4,3.5 Marla,787.5,16507,House,False,18,18Share on FacebookShare on TwitterShare on WhatsAppSend via GMailSend via E-Mail,81,Houses_Multan,2026-07-24,https://www.zameen.com/Property/multan_new_shalimar_colony_double_storey_787_square_feet_house_for_sale_in_new_shalimar_colony_new_shalimar_colony-54308565-12124-1.html
Brand New 5 Marla House Available In Adams Housing Scheme - Block A For sale,PKR 1.65 Crore,16500000,3,4,5 Marla,1125.0,14666,House,False,15,15VerifiedShare on FacebookShare on TwitterShare on WhatsAppSend via GMailSend via E-Mail,89,Houses_Multan,2026-07-24,https://www.zameen.com/Property/adams_housing_scheme_adams_housing_scheme_-_block_a_brand_new_5_marla_house_available_in_adams_housing_scheme_-_block_a_for_sale-54299410-19728-1.html
10 MARLA MODERN HOUSE FOR SALE Nearest To Zoo Developed Area Location Buch Villas Phase 1 Demand 350 Size 10 Marla ( Type Double),PKR 3.3 Crore,33000000,7,6,10 Marla,2250.0,14666,House,True,37,super hot37Share on FacebookShare on TwitterShare on WhatsAppSend via GMailSend via E-Mail,90,Houses_Multan,2026-07-24,https://www.zameen.com/Property/multan_buch_executive_villas_10_marla_modern_house_for_sale_nearest_to_zoo_developed_area_location_buch_villas_phase_1_demand_350_size_10_marla_type_double-53303441-8627-1.html
20 Marla Duble Storey Beautiful Luxury House For Sale In Royal Orchard Multan,PKR 7.15 Crore,71500000,5,6,1 Kanal,4500.0,15888,House,True,50,super hot50Share on FacebookShare on TwitterShare on WhatsAppSend via GMailSend via E-Mail,90,Houses_Multan,2026-07-24,https://www.zameen.com/Property/royal_orchard_royal_orchard_-_block_e_20_marla_duble_storey_beautiful_luxury_house_for_sale_in_royal_orchard_multan-54389058-9497-1.html
One Kanal Luxurious House For Sale In DHA Multan Sector H,PKR 5.7 Crore,57000000,6,6,1 Kanal,4500.0,12666,House,True,28,super hot28Share on FacebookShare on TwitterShare on WhatsAppSend via GMailSend via E-Mail,90,Houses_Multan,2026-07-24,https://www.zameen.com/Property/dha_phase_1_dha_phase_1_-_sector_h_one_kanal_luxurious_house_for_sale_in_dha_multan_sector_h-54386592-14307-1.html
20 Marla Brand New Luxury House For Sale | Royal Orchard Multan (Prime Location),PKR 7.15 Crore,71500000,5,6,1 Kanal,4500.0,15888,House,True,33,super hot33Share on FacebookShare on TwitterShare on WhatsAppSend via GMailSend via E-Mail,90,Houses_Multan,2026-07-24,https://www.zameen.com/Property/multan_public_school_road_royal_orchard_20_marla_brand_new_luxury_house_for_sale_royal_orchard_multan_prime_location-54473598-9492-1.html
20 Marla Brand New Luxury House For Sale Royal Orchard Multan C Block (Prime Location),PKR 7 Crore,70000000,5,6,1 Kanal,4500.0,15555,House,True,39,super hot39Share on FacebookShare on TwitterShare on WhatsAppSend via GMailSend via E-Mail,90,Houses_Multan,2026-07-24,https://www.zameen.com/Property/royal_orchard_royal_orchard_-_block_c_20_marla_brand_new_luxury_house_for_sale_royal_orchard_multan_c_block_prime_location-53559131-9496-1.html
DHA Multan Sector M 1 Kanal House Available For Sale,PKR 5.5 Crore,55000000,5,6,1 Kanal,4500.0,12222,House,True,7,super hot7Share on FacebookShare on TwitterShare on WhatsAppSend via GMailSend via E-Mail,89,Houses_Multan,2026-07-24,https://www.zameen.com/Property/dha_phase_1_dha_phase_1_-_sector_m_dha_multan_sector_m_1_kanal_house_available_for_sale-54417502-14312-1.html
DHA Multan 1 Kanal House Available For Sale In Sector H 'M,PKR 5.25 Crore,52500000,5,6,1 Kanal,4500.0,11666,House,True,11,super hot11Share on FacebookShare on TwitterShare on WhatsAppSend via GMailSend via E-Mail,90,Houses_Multan,2026-07-24,https://www.zameen.com/Property/multan_dha_defence_dha_multan_1_kanal_house_available_for_sale_in_sector_h_m-54417488-8581-1.html
21 Marla Newly Construction Modern Stylish House Royal Orchard Multan!,PKR 6.5 Crore,65000000,5,7,1 Kanal,4500.0,14444,House,True,50,super hot50Share on FacebookShare on TwitterShare on WhatsAppSend via GMailSend via E-Mail,90,Houses_Multan,2026-07-24,https://www.zameen.com/Property/multan_public_school_road_royal_orchard_21_marla_newly_construction_modern_stylish_house_royal_orchard_multan-54473236-9492-1.html
7 Marla Double Storey House- Bosan Road - Near Metro station & Metro Mart,PKR 1.69 Crore,16900000,4,5,8.4 Marla,1890.0,8941,House,True,11,super hot11VerifiedShare on FacebookShare on TwitterShare on WhatsAppSend via GMailSend via E-Mail,98,Houses_Multan,2026-07-24,https://www.zameen.com/Property/multan_bosan_road_7_marla_double_storey_house-_bosan_road_-_near_metro_station_metro_mart-54287289-5705-1.html
22 Marla Corner Extra land sports complex facing near to masjid & commercial shops house for sale demand,PKR 6 Crore,60000000,6,6,1.1 Kanal,4950.0,12121,House,True,33,super hot33Share on FacebookShare on TwitterShare on WhatsAppSend via GMailSend via E-Mail,90,Houses_Multan,2026-07-24,https://www.zameen.com/Property/dha_phase_1_dha_phase_1_-_sector_h_22_marla_corner_extra_land_sports_complex_facing_near_to_masjid_commercial_shops_house_for_sale_demand-54409431-14307-1.html
*3 Marla Beautiful House for Sale*,PKR 1.1 Crore,11000000,3,4,3 Marla,675.0,16296,House,True,16,hot16Share on FacebookShare on TwitterShare on WhatsAppSend via GMailSend via E-Mail,84,Houses_Multan,2026-07-24,https://www.zameen.com/Property/multan_multan_public_school_road_3_marla_beautiful_house_for_sale-54479637-8902-1.html
Prime Location House Of 7 Marla Available For Sale In Buch Villas Phase 2 - Manik Block,PKR 2.95 Crore,29500000,5,6,7 Marla,1575.0,18730,House,True,49,hot49Share on FacebookShare on TwitterShare on WhatsAppSend via GMailSend via E-Mail,84,Houses_Multan,2026-07-24,https://www.zameen.com/Property/buch_executive_villas_phase_2_buch_villas_phase_2_-_manik_block_prime_location_house_of_7_marla_available_for_sale_in_buch_villas_phase_2_-_manik_block-52948197-22186-1.html
A Spacious 10 Marla House In ATC Villas,PKR 3.65 Crore,36500000,5,5,10 Marla,2250.0,16222,House,False,6,hot6Share on FacebookShare on TwitterShare on WhatsAppSend via GMailSend via E-Mail,83,Houses_Multan,2026-07-24,https://www.zameen.com/Property/dha_phase_1_atc_villas_a_spacious_10_marla_house_in_atc_villas-53931695-22408-1.html
Double Storey 10 Marla House For Sale In Nasheman Colony Nasheman Colony,PKR 2.6 Crore,26000000,4,5,10 Marla,2250.0,11555,House,False,42,hot42Share on FacebookShare on TwitterShare on WhatsAppSend via GMailSend via E-Mail,84,Houses_Multan,2026-07-24,https://www.zameen.com/Property/multan_nasheman_colony_double_storey_10_marla_house_for_sale_in_nasheman_colony_nasheman_colony-54102668-1075-1.html
Double Storey 7 Marla House Available In Fatima Avenue For sale,PKR 2.35 Crore,23500000,4,4,7 Marla,1575.0,14920,House,False,7,hot7VerifiedShare on FacebookShare on TwitterShare on WhatsAppSend via GMailSend via E-Mail,91,Houses_Multan,2026-07-24,https://www.zameen.com/Property/multan_public_school_road_fatima_avenue_double_storey_7_marla_house_available_in_fatima_avenue_for_sale-54149436-21808-1.html
House Is Available For Sale,PKR 3.25 Crore,32500000,5,5,10 Marla,2250.0,14444,House,False,50,hot50VerifiedShare on FacebookShare on TwitterShare on WhatsAppSend via GMailSend via E-Mail,92,Houses_Multan,2026-07-24,https://www.zameen.com/Property/wapda_town_wapda_town_phase_1_house_is_available_for_sale-52636270-5821-1.html
* Beautiful 1 Kanal Brand New House For Sale | Near Park & Mosque | Sector H,PKR 5.5 Crore,55000000,5,6,1 Kanal,4500.0,12222,House,False,46,hot46Share on FacebookShare on TwitterShare on WhatsAppSend via GMailSend via E-Mail,84,Houses_Multan,2026-07-24,https://www.zameen.com/Property/dha_phase_1_dha_phase_1_-_sector_h_beautiful_1_kanal_brand_new_house_for_sale_near_park_mosque_sector_h-54364308-14307-1.html
Brand New 7 Marla House For Sale In New Shalimar Colony New Shalimar Colony,PKR 1.9 Crore,19000000,4,6,7 Marla,1575.0,12063,House,False,22,22Share on FacebookShare on TwitterShare on WhatsAppSend via GMailSend via E-Mail,81,Houses_Multan,2026-07-24,https://www.zameen.com/Property/multan_new_shalimar_colony_brand_new_7_marla_house_for_sale_in_new_shalimar_colony_new_shalimar_colony-54308564-12124-1.html
Double Storey 10 Marla House For Sale In Wapda Town Phase 2 Multan,PKR 3.25 Crore,32500000,5,5,10 Marla,2250.0,14444,House,False,18,18Share on FacebookShare on TwitterShare on WhatsAppSend via GMailSend via E-Mail,81,Houses_Multan,2026-07-24,https://www.zameen.com/Property/wapda_town_wapda_town_phase_2_double_storey_10_marla_house_for_sale_in_wapda_town_phase_2_multan-54508515-5825-1.html
Prime Location 4 Marla House Is Available In Affordable Price In Buch Executive Villas,PKR 1.4 Crore,14000000,3,4,4 Marla,900.0,15555,House,False,5,5Share on FacebookShare on TwitterShare on WhatsAppSend via GMailSend via E-Mail,80,Houses_Multan,2026-07-24,https://www.zameen.com/Property/multan_buch_executive_villas_prime_location_4_marla_house_is_available_in_affordable_price_in_buch_executive_villas-54347308-8627-1.html
Prime Location 4 Marla House In Bahadurpur Is Available For Sale,PKR 1.1 Crore,11000000,3,4,4 Marla,900.0,12222,House,False,16,16Share on FacebookShare on TwitterShare on WhatsAppSend via GMailSend via E-Mail,81,Houses_Multan,2026-07-24,https://www.zameen.com/Property/multan_bahadurpur_prime_location_4_marla_house_in_bahadurpur_is_available_for_sale-54195562-8620-1.html
Get This Amazing Prime Location 5 Marla House Available In Model Town,PKR 1.6 Crore,16000000,4,5,5 Marla,1125.0,14222,House,False,23,23Share on FacebookShare on TwitterShare on WhatsAppSend via GMailSend via E-Mail,81,Houses_Multan,2026-07-24,https://www.zameen.com/Property/multan_model_town_get_this_amazing_prime_location_5_marla_house_available_in_model_town-54195560-1147-1.html
Spacious Prime Location House Is Available In Shalimar Colony For sale,PKR 75 Lakh,7500000,3,3,3 Marla,675.0,11111,House,False,12,12Share on FacebookShare on TwitterShare on WhatsAppSend via GMailSend via E-Mail,81,Houses_Multan,2026-07-24,https://www.zameen.com/Property/multan_shalimar_colony_spacious_prime_location_house_is_available_in_shalimar_colony_for_sale-53834867-346-1.html
Your Dream Brand New 2306 Square Feet House Is Available In Royal Orchard,PKR 3.4 Crore,34000000,5,6,10.2 Marla,2295.0,14814,House,False,22,22Share on FacebookShare on TwitterShare on WhatsAppSend via GMailSend via E-Mail,81,Houses_Multan,2026-07-24,https://www.zameen.com/Property/multan_public_school_road_royal_orchard_your_dream_brand_new_2306_square_feet_house_is_available_in_royal_orchard-54462600-9492-1.html
Well-Constructed Brand New House Available For Sale In Buch Executive Villas,PKR 4.1 Crore,41000000,5,6,10 Marla,2250.0,18222,House,False,19,19VerifiedShare on FacebookShare on TwitterShare on WhatsAppSend via GMailSend via E-Mail,89,Houses_Multan,2026-07-24,https://www.zameen.com/Property/multan_buch_executive_villas_well-constructed_brand_new_house_available_for_sale_in_buch_executive_villas-54401109-8627-1.html
"Royal Orchard, Multan.   20 Marla house for sale",PKR 7.5 Crore,75000000,6,6,1 Kanal,4500.0,16666,House,True,21,super hot21Share on FacebookShare on TwitterShare on WhatsAppSend via GMailSend via E-Mail,90,Houses_Multan,2026-07-24,https://www.zameen.com/Property/royal_orchard_royal_orchard_-_executive_block_royal_orchard_multan_20_marla_house_for_sale-54040855-22439-1.html
House For Sale In Mda Coporative Phase 2,PKR 5.3 Crore,53000000,5,6,1 Kanal,4500.0,11777,House,True,37,super hot37Share on FacebookShare on TwitterShare on WhatsAppSend via GMailSend via E-Mail,90,Houses_Multan,2026-07-24,https://www.zameen.com/Property/multan_mda_co-operative_housing_scheme_house_for_sale_in_mda_coporative_phase_2-54472050-1400-1.html
9 Marla Villa For Sale In DHA Multan Villas For Sale Slightly Used,PKR 3 Crore,30000000,4,5,9 Marla,2025.0,14814,House,True,19,super hot19Share on FacebookShare on TwitterShare on WhatsAppSend via GMailSend via E-Mail,90,Houses_Multan,2026-07-24,https://www.zameen.com/Property/dha_defence_dha_villas_9_marla_villa_for_sale_in_dha_multan_villas_for_sale_slightly_used-52634859-14018-1.html
5 Marla Beautiful Luxury Triple Storey House Available For Sale In Buch Villas Multan,PKR 1.75 Crore,17500000,4,6,5 Marla,1125.0,15555,House,True,50,super hot50Share on FacebookShare on TwitterShare on WhatsAppSend via GMailSend via E-Mail,90,Houses_Multan,2026-07-24,https://www.zameen.com/Property/multan_buch_executive_villas_5_marla_beautiful_luxury_triple_storey_house_available_for_sale_in_buch_villas_multan-52475914-8627-1.html
Semi Furnished 20 Marla House Available In Royal Orchard For sale,PKR 7.15 Crore,71500000,5,6,1 Kanal,4500.0,15888,House,True,38,super hot38VerifiedShare on FacebookShare on TwitterShare on WhatsAppSend via GMailSend via E-Mail,98,Houses_Multan,2026-07-24,https://www.zameen.com/Property/multan_public_school_road_royal_orchard_semi_furnished_20_marla_house_available_in_royal_orchard_for_sale-54392198-9492-1.html
Your Dream Facing Park 20 Marla House Is Available In DHA Phase 1 - Sector M,PKR 4.5 Crore,45000000,5,6,1 Kanal,4500.0,10000,House,True,17,super hot17Share on FacebookShare on TwitterShare on WhatsAppSend via GMailSend via E-Mail,90,Houses_Multan,2026-07-24,https://www.zameen.com/Property/dha_phase_1_dha_phase_1_-_sector_m_your_dream_facing_park_20_marla_house_is_available_in_dha_phase_1_-_sector_m-54366132-14312-1.html
Buy A Prime Location 5 Marla House For Sale In Royal Orchard,PKR 1.87 Crore,18700000,3,4,5 Marla,1125.0,16622,House,True,19,super hot19Share on FacebookShare on TwitterShare on WhatsAppSend via GMailSend via E-Mail,90,Houses_Multan,2026-07-24,https://www.zameen.com/Property/multan_public_school_road_royal_orchard_buy_a_prime_location_5_marla_house_for_sale_in_royal_orchard-54443021-9492-1.html
10 Marla Beautiful Villa For Sale In Buch Villas,PKR 3.65 Crore,36500000,4,4,10 Marla,2250.0,16222,House,True,12,super hot12Share on FacebookShare on TwitterShare on WhatsAppSend via GMailSend via E-Mail,90,Houses_Multan,2026-07-24,https://www.zameen.com/Property/multan_buch_executive_villas_10_marla_beautiful_villa_for_sale_in_buch_villas-54426770-8627-1.html
A Stunning Prime Location House Is Up For Grabs In Royal Orchard Multan,PKR 7.6 Crore,76000000,5,5,1 Kanal,4500.0,16888,House,True,34,super hot34Share on FacebookShare on TwitterShare on WhatsAppSend via GMailSend via E-Mail,90,Houses_Multan,2026-07-24,https://www.zameen.com/Property/multan_public_school_road_royal_orchard_a_stunning_prime_location_house_is_up_for_grabs_in_royal_orchard_multan-54428289-9492-1.html
10 Marla Luxury House For Sale In Royal Orchard Multan,PKR 3.5 Crore,35000000,5,6,10 Marla,2250.0,15555,House,True,34,super hot34Share on FacebookShare on TwitterShare on WhatsAppSend via GMailSend via E-Mail,90,Houses_Multan,2026-07-24,https://www.zameen.com/Property/multan_public_school_road_royal_orchard_10_marla_luxury_house_for_sale_in_royal_orchard_multan-54387743-9492-1.html
20 Marla Luxury House DHA House For Sale,PKR 4.25 Crore,42500000,6,6,1 Kanal,4500.0,9444,House,True,12,hot12Share on FacebookShare on TwitterShare on WhatsAppSend via GMailSend via E-Mail,84,Houses_Multan,2026-07-24,https://www.zameen.com/Property/dha_phase_1_dha_phase_1_-_sector_m_20_marla_luxury_house_dha_house_for_sale-53463793-14312-1.html
A Prime Location 7.5 Marla House In Buch Executive Villas Is On The Market For Sale,PKR 2.5 Crore,25000000,5,6,7.5 Marla,1687.5,14814,House,True,9,hot9Share on FacebookShare on TwitterShare on WhatsAppSend via GMailSend via E-Mail,83,Houses_Multan,2026-07-24,https://www.zameen.com/Property/multan_buch_executive_villas_a_prime_location_7_5_marla_house_in_buch_executive_villas_is_on_the_market_for_sale-53716642-8627-1.html
1 KANAL HOUSE AVAILABLE FOR SALE,PKR 4.2 Crore,42000000,5,6,1 Kanal,4500.0,9333,House,False,14,hot14Share on FacebookShare on TwitterShare on WhatsAppSend via GMailSend via E-Mail,84,Houses_Multan,2026-07-24,https://www.zameen.com/Property/dha_phase_1_dha_phase_1_-_sector_q_1_kanal_house_available_for_sale-54511404-14316-1.html
Double Storey 10 Marla House Available In Shalimar Colony For Sale,PKR 3.2 Crore,32000000,5,6,10 Marla,2250.0,14222,House,False,28,hot28Share on FacebookShare on TwitterShare on WhatsAppSend via GMailSend via E-Mail,84,Houses_Multan,2026-07-24,https://www.zameen.com/Property/multan_shalimar_colony_double_storey_10_marla_house_available_in_shalimar_colony_for_sale-54481591-346-1.html
Brand New 5 Marla House For sale In Al-Falah Model City Multan,PKR 1.55 Crore,15500000,4,5,5 Marla,1125.0,13777,House,False,1,hot1Share on FacebookShare on TwitterShare on WhatsAppSend via GMailSend via E-Mail,83,Houses_Multan,2026-07-24,https://www.zameen.com/Property/mattital_road_al-falah_model_city_brand_new_5_marla_house_for_sale_in_al-falah_model_city_multan-54508870-20469-1.html
Well-Constructed Brand New House Available For Sale In Garden Town,PKR 55 Lakh,5500000,3,3,2.2 Marla,495.00000000000006,11111,House,False,1,hot1VerifiedShare on FacebookShare on TwitterShare on WhatsAppSend via GMailSend via E-Mail,91,Houses_Multan,2026-07-24,https://www.zameen.com/Property/multan_garden_town_well-constructed_brand_new_house_available_for_sale_in_garden_town-54399804-924-1.html
To Sale You Can Find Spacious Prime Location House In Bosan Road,PKR 1.6 Crore,16000000,4,4,5 Marla,1125.0,14222,House,False,7,hot7VerifiedShare on FacebookShare on TwitterShare on WhatsAppSend via GMailSend via E-Mail,91,Houses_Multan,2026-07-24,https://www.zameen.com/Property/multan_bosan_road_to_sale_you_can_find_spacious_prime_location_house_in_bosan_road-54492729-5705-1.html
Your Dream Brand New 20 Marla House Is Available In Royal Orchard,PKR 7.45 Crore,74500000,5,6,1 Kanal,4500.0,16555,House,False,40,40VerifiedShare on FacebookShare on TwitterShare on WhatsAppSend via GMailSend via E-Mail,89,Houses_Multan,2026-07-24,https://www.zameen.com/Property/multan_public_school_road_royal_orchard_your_dream_brand_new_20_marla_house_is_available_in_royal_orchard-54401292-9492-1.html
5 Marla Luxury House In Buch Villas Maink Block,PKR 2.25 Crore,22500000,4,4,5 Marla,1125.0,20000,House,False,17,17Share on FacebookShare on TwitterShare on WhatsAppSend via GMailSend via E-Mail,81,Houses_Multan,2026-07-24,https://www.zameen.com/Property/multan_buch_executive_villas_5_marla_luxury_house_in_buch_villas_maink_block-54409050-8627-1.html
5 Marla Modern Luxury House In Buch Villas Multan,PKR 2.2 Crore,22000000,4,4,5 Marla,1125.0,19555,House,False,17,17Share on FacebookShare on TwitterShare on WhatsAppSend via GMailSend via E-Mail,81,Houses_Multan,2026-07-24,https://www.zameen.com/Property/buch_executive_villas_phase_2_buch_villas_phase_2_-_manik_block_5_marla_modern_luxury_house_in_buch_villas_multan-54409118-22186-1.html
Brand New 5 Marla House For Sale In Buch Villas Phase 2 - Manik Block Multan,PKR 2.1 Crore,21000000,4,4,5 Marla,1125.0,18666,House,False,12,12VerifiedShare on FacebookShare on TwitterShare on WhatsAppSend via GMailSend via E-Mail,89,Houses_Multan,2026-07-24,https://www.zameen.com/Property/buch_executive_villas_phase_2_buch_villas_phase_2_-_manik_block_brand_new_5_marla_house_for_sale_in_buch_villas_phase_2_-_manik_block_multan-54413489-22186-1.html
Brand New 1203 Square Feet House For sale In Buch Villas Phase 2 - Manik Block Multan,PKR 2.25 Crore,22500000,4,5,5.3 Marla,1192.5,18867,House,False,14,14VerifiedShare on FacebookShare on TwitterShare on WhatsAppSend via GMailSend via E-Mail,89,Houses_Multan,2026-07-24,https://www.zameen.com/Property/buch_executive_villas_phase_2_buch_villas_phase_2_-_manik_block_brand_new_1203_square_feet_house_for_sale_in_buch_villas_phase_2_-_manik_block_multan-54413563-22186-1.html
Well-constructed Brand New House Available For sale In Royal Orchard,PKR 1.9 Crore,19000000,3,4,5 Marla,1125.0,16888,House,False,16,16VerifiedShare on FacebookShare on TwitterShare on WhatsAppSend via GMailSend via E-Mail,89,Houses_Multan,2026-07-24,https://www.zameen.com/Property/multan_public_school_road_royal_orchard_well-constructed_brand_new_house_available_for_sale_in_royal_orchard-54508319-9492-1.html
Brand New 5 Marla House For sale In Royal Orchard Multan,PKR 1.9 Crore,19000000,3,4,5 Marla,1125.0,16888,House,False,15,15VerifiedShare on FacebookShare on TwitterShare on WhatsAppSend via GMailSend via E-Mail,89,Houses_Multan,2026-07-24,https://www.zameen.com/Property/multan_public_school_road_royal_orchard_brand_new_5_marla_house_for_sale_in_royal_orchard_multan-54508317-9492-1.html
Triple Storey 5 Marla House Available In Buch Villas Phase 2 - Manik Block For Sale,PKR 2.35 Crore,23500000,4,5,5 Marla,1125.0,20888,House,False,29,29Share on FacebookShare on TwitterShare on WhatsAppSend via GMailSend via E-Mail,81,Houses_Multan,2026-07-24,https://www.zameen.com/Property/buch_executive_villas_phase_2_buch_villas_phase_2_-_manik_block_triple_storey_5_marla_house_available_in_buch_villas_phase_2_-_manik_block_for_sale-54508278-22186-1.html
5.5 Marla Brand New Luxury House For Sale in Wapda Town Phase 1,PKR 2.5 Crore,25000000,4,5,5.5 Marla,1237.5,20202,House,True,38,super hot38Share on FacebookShare on TwitterShare on WhatsAppSend via GMailSend via E-Mail,90,Houses_Multan,2026-07-24,https://www.zameen.com/Property/wapda_town_wapda_town_phase_1_5_5_marla_brand_new_luxury_house_for_sale_in_wapda_town_phase_1-54425196-5821-1.html
1 Kanal Brand New house available for sale,PKR 7.25 Crore,72500000,6,6,1 Kanal,4500.0,16111,House,True,40,super hot40Share on FacebookShare on TwitterShare on WhatsAppSend via GMailSend via E-Mail,90,Houses_Multan,2026-07-24,https://www.zameen.com/Property/wapda_town_wapda_town_phase_1_1_kanal_brand_new_house_available_for_sale-54401745-5821-1.html
5 Marle House Available For Sale,PKR 1.35 Crore,13500000,4,5,5 Marla,1125.0,12000,House,True,12,super hot12Share on FacebookShare on TwitterShare on WhatsAppSend via GMailSend via E-Mail,90,Houses_Multan,2026-07-24,https://www.zameen.com/Property/citi_housing_phase_1_citi_housing_-_block_c_5_marle_house_available_for_sale-53959337-17369-1.html
20 Marla Stylish Spanish House Royal Orchard Multan Excellent Location,PKR 6.5 Crore,65000000,6,7,1 Kanal,4500.0,14444,House,True,48,super hot48Share on FacebookShare on TwitterShare on WhatsAppSend via GMailSend via E-Mail,90,Houses_Multan,2026-07-24,https://www.zameen.com/Property/multan_public_school_road_royal_orchard_20_marla_stylish_spanish_house_royal_orchard_multan_excellent_location-54438888-9492-1.html
Well-constructed Semi Furnished House Available For sale In Royal Orchard - Block E,PKR 7.15 Crore,71500000,5,6,1 Kanal,4500.0,15888,House,True,28,super hot28VerifiedShare on FacebookShare on TwitterShare on WhatsAppSend via GMailSend via E-Mail,98,Houses_Multan,2026-07-24,https://www.zameen.com/Property/royal_orchard_royal_orchard_-_block_e_well-constructed_semi_furnished_house_available_for_sale_in_royal_orchard_-_block_e-54437702-9497-1.html
Brand New 20 Marla House Available In Royal Orchard - Block A For Sale,PKR 7.5 Crore,75000000,5,6,1 Kanal,4500.0,16666,House,True,23,super hot23VerifiedShare on FacebookShare on TwitterShare on WhatsAppSend via GMailSend via E-Mail,98,Houses_Multan,2026-07-24,https://www.zameen.com/Property/royal_orchard_royal_orchard_-_block_a_brand_new_20_marla_house_available_in_royal_orchard_-_block_a_for_sale-54437701-9494-1.html
5 Marla Most Luxurious Ultra Modern Corner House Available For Sale At Prime Location,PKR 1.99 Crore,19900000,4,5,5 Marla,1125.0,17688,House,True,28,super hot28Share on FacebookShare on TwitterShare on WhatsAppSend via GMailSend via E-Mail,90,Houses_Multan,2026-07-24,https://www.zameen.com/Property/multan_buch_executive_villas_5_marla_most_luxurious_ultra_modern_corner_house_available_for_sale_at_prime_location-53784018-8627-1.html
1 Kanal House For Sale,PKR 4.2 Crore,42000000,5,6,1 Kanal,4500.0,9333,House,True,14,super hot14Share on FacebookShare on TwitterShare on WhatsAppSend via GMailSend via E-Mail,90,Houses_Multan,2026-07-24,https://www.zameen.com/Property/dha_phase_1_dha_phase_1_-_sector_i_1_kanal_house_for_sale-54384075-14308-1.html
To sale You Can Find Spacious Prime Location House In Wapda Town Phase 1 - Block D,PKR 2.5 Crore,25000000,4,4,5 Marla,1125.0,22222,House,True,26,super hot261VerifiedShare on FacebookShare on TwitterShare on WhatsAppSend via GMailSend via E-Mail,99,Houses_Multan,2026-07-24,https://www.zameen.com/Property/wapda_town_phase_1_wapda_town_phase_1_-_block_d_to_sale_you_can_find_spacious_prime_location_house_in_wapda_town_phase_1_-_block_d-54402617-14203-1.html
10 Marla House Available For Sale In Buch Executive Villas,PKR 3.15 Crore,31500000,4,5,10 Marla,2250.0,14000,House,True,13,super hot13Share on FacebookShare on TwitterShare on WhatsAppSend via GMailSend via E-Mail,90,Houses_Multan,2026-07-24,https://www.zameen.com/Property/multan_buch_executive_villas_10_marla_house_available_for_sale_in_buch_executive_villas-54400471-8627-1.html
5 Marla Brand New Spanish House Available For Sale in Gated Community In shalimar,PKR 1.25 Crore,12500000,4,5,5 Marla,1125.0,11111,House,True,30,hot30Share on FacebookShare on TwitterShare on WhatsAppSend via GMailSend via E-Mail,84,Houses_Multan,2026-07-24,https://www.zameen.com/Property/model_town_model_town_-_block_b_5_marla_brand_new_spanish_house_available_for_sale_in_gated_community_in_shalimar-53400091-5773-1.html
7.5 Marla Brand New Double Storey House Available For Sale Near To Model Town & Northern Bypass,PKR 2.2 Crore,22000000,5,6,7.5 Marla,1687.5,13037,House,True,33,hot33Share on FacebookShare on TwitterShare on WhatsAppSend via GMailSend via E-Mail,84,Houses_Multan,2026-07-24,https://www.zameen.com/Property/model_town_model_town_-_block_b_7_5_marla_brand_new_double_storey_house_available_for_sale_near_to_model_town_northern_bypass-54184755-5773-1.html
Prime Location A Centrally Located House Is Available For sale In Multan,PKR 2.7 Crore,27000000,5,5,10 Marla,2250.0,12000,House,False,5,hot5Share on FacebookShare on TwitterShare on WhatsAppSend via GMailSend via E-Mail,83,Houses_Multan,2026-07-24,https://www.zameen.com/Property/dha_defence_askari_3_prime_location_a_centrally_located_house_is_available_for_sale_in_multan-54509242-17156-1.html
Perfect Prime Location 10 Marla House In Askari 3 For sale,PKR 2.8 Crore,28000000,5,5,10 Marla,2250.0,12444,House,False,5,hot5Share on FacebookShare on TwitterShare on WhatsAppSend via GMailSend via E-Mail,83,Houses_Multan,2026-07-24,https://www.zameen.com/Property/dha_defence_askari_3_perfect_prime_location_10_marla_house_in_askari_3_for_sale-54509243-17156-1.html
Affordable Prime Location House For sale In Askari 3,PKR 3.1 Crore,31000000,6,6,12 Marla,2700.0,11481,House,False,5,hot5Share on FacebookShare on TwitterShare on WhatsAppSend via GMailSend via E-Mail,83,Houses_Multan,2026-07-24,https://www.zameen.com/Property/dha_defence_askari_3_affordable_prime_location_house_for_sale_in_askari_3-54509245-17156-1.html
A Prime Location 10 Marla House Is Up For Grabs In DHA Defence,PKR 2.9 Crore,29000000,5,5,10 Marla,2250.0,12888,House,False,5,hot5Share on FacebookShare on TwitterShare on WhatsAppSend via GMailSend via E-Mail,83,Houses_Multan,2026-07-24,https://www.zameen.com/Property/dha_defence_askari_3_a_prime_location_10_marla_house_is_up_for_grabs_in_dha_defence-54509244-17156-1.html
Get In Touch Now To Buy A Prime Location House In Askari 3 Multan,PKR 3.2 Crore,32000000,6,6,12 Marla,2700.0,11851,House,False,6,hot6Share on FacebookShare on TwitterShare on WhatsAppSend via GMailSend via E-Mail,83,Houses_Multan,2026-07-24,https://www.zameen.com/Property/dha_defence_askari_3_get_in_touch_now_to_buy_a_prime_location_house_in_askari_3_multan-54509246-17156-1.html
1 Kanal Ultra Modern & Main Boulevard House for Sale in Sector M | DHA Multan,PKR 6.75 Crore,67500000,5,6,1 Kanal,4500.0,15000,House,True,17,17Share on FacebookShare on TwitterShare on WhatsAppSend via GMailSend via E-Mail,81,Houses_Multan,2026-07-24,https://www.zameen.com/Property/dha_phase_1_dha_phase_1_-_sector_m_1_kanal_ultra_modern_main_boulevard_house_for_sale_in_sector_m_dha_multan-54144642-14312-1.html
4 Marla House Near Main Khanewal Road in Peaceful Closed Street | Solar Installed | Chowk Kumhara,PKR 90 Lakh,9000000,3,3,4 Marla,900.0,10000,House,False,18,18Share on FacebookShare on TwitterShare on WhatsAppSend via GMailSend via E-Mail,81,Houses_Multan,2026-07-24,https://www.zameen.com/Property/multan_chowk_kumharanwala_4_marla_house_near_main_khanewal_road_in_peaceful_closed_street_solar_installed_chowk_kumhara-54500691-1004-1.html
10 Marla Luxury House For Sale In Royal Orchard Multan,PKR 3.8 Crore,38000000,5,6,10 Marla,2250.0,16888,House,False,21,21Share on FacebookShare on TwitterShare on WhatsAppSend via GMailSend via E-Mail,81,Houses_Multan,2026-07-24,https://www.zameen.com/Property/multan_public_school_road_royal_orchard_10_marla_luxury_house_for_sale_in_royal_orchard_multan-54383319-9492-1.html
One Kanal Modern Designer House For Sale In Royal Orchard Multan,PKR 7.5 Crore,75000000,5,6,1 Kanal,4500.0,16666,House,False,50,50Share on FacebookShare on TwitterShare on WhatsAppSend via GMailSend via E-Mail,81,Houses_Multan,2026-07-24,https://www.zameen.com/Property/multan_public_school_road_royal_orchard_one_kanal_modern_designer_house_for_sale_in_royal_orchard_multan-54383339-9492-1.html
Brand New 5 Marla House For sale In Buch Executive Villas Buch Executive Villas,PKR 2.2 Crore,22000000,4,5,5 Marla,1125.0,19555,House,False,20,20VerifiedShare on FacebookShare on TwitterShare on WhatsAppSend via GMailSend via E-Mail,89,Houses_Multan,2026-07-24,https://www.zameen.com/Property/multan_buch_executive_villas_brand_new_5_marla_house_for_sale_in_buch_executive_villas_buch_executive_villas-54383401-8627-1.html
10 Marla Luxury House For Sale In Royal Orchard Multan,PKR 3.5 Crore,35000000,5,6,10 Marla,2250.0,15555,House,False,26,26Share on FacebookShare on TwitterShare on WhatsAppSend via GMailSend via E-Mail,81,Houses_Multan,2026-07-24,https://www.zameen.com/Property/multan_public_school_road_royal_orchard_10_marla_luxury_house_for_sale_in_royal_orchard_multan-54383629-9492-1.html
Brand New 20 Marla House Available In DHA Phase 1 - Sector M For sale,PKR 5.8 Crore,58000000,5,6,1 Kanal,4500.0,12888,House,False,20,20VerifiedShare on FacebookShare on TwitterShare on WhatsAppSend via GMailSend via E-Mail,89,Houses_Multan,2026-07-24,https://www.zameen.com/Property/dha_phase_1_dha_phase_1_-_sector_m_brand_new_20_marla_house_available_in_dha_phase_1_-_sector_m_for_sale-54384807-14312-1.html
5 Marla Luxurious House For Sale In Buch Villas Multan,PKR 2.2 Crore,22000000,4,5,5 Marla,1125.0,19555,House,False,25,25Share on FacebookShare on TwitterShare on WhatsAppSend via GMailSend via E-Mail,81,Houses_Multan,2026-07-24,https://www.zameen.com/Property/multan_buch_executive_villas_5_marla_luxurious_house_for_sale_in_buch_villas_multan-54388648-8627-1.html
Brand New 20 Marla House For Sale In DHA Phase 1 - Sector M Multan,PKR 4.75 Crore,47500000,5,6,1 Kanal,4500.0,10555,House,True,14,super hot14VerifiedShare on FacebookShare on TwitterShare on WhatsAppSend via GMailSend via E-Mail,98,Houses_Multan,2026-07-24,https://www.zameen.com/Property/dha_phase_1_dha_phase_1_-_sector_m_brand_new_20_marla_house_for_sale_in_dha_phase_1_-_sector_m_multan-54255574-14312-1.html
Well-Constructed Brand New House Available For Sale In Zakariya Town,PKR 1.4 Crore,14000000,4,5,5 Marla,1125.0,12444,House,True,10,super hot10Share on FacebookShare on TwitterShare on WhatsAppSend via GMailSend via E-Mail,90,Houses_Multan,2026-07-24,https://www.zameen.com/Property/multan_zakariya_town_well-constructed_brand_new_house_available_for_sale_in_zakariya_town-54302731-1518-1.html
One Kanal Awesome Villa For Sale In Royal Orchard Multan,PKR 7 Crore,70000000,6,6,1 Kanal,4500.0,15555,House,True,26,super hot26Share on FacebookShare on TwitterShare on WhatsAppSend via GMailSend via E-Mail,90,Houses_Multan,2026-07-24,https://www.zameen.com/Property/multan_public_school_road_royal_orchard_one_kanal_awesome_villa_for_sale_in_royal_orchard_multan-54389050-9492-1.html
5.33 Marla Modern Elevation House For Sale Buch Villas Multan,PKR 2.35 Crore,23500000,5,6,5.3 Marla,1192.5,19706,House,True,10,super hot10Share on FacebookShare on TwitterShare on WhatsAppSend via GMailSend via E-Mail,90,Houses_Multan,2026-07-24,https://www.zameen.com/Property/multan_buch_executive_villas_5_33_marla_modern_elevation_house_for_sale_buch_villas_multan-54385488-8627-1.html
1 Kanal Brand New Luxurious Double Story Spanish Park Facing House Available For Sell In Wapda Town Phase 2,PKR 6.9 Crore,69000000,5,5,1 Kanal,4500.0,15333,House,True,24,super hot24Share on FacebookShare on TwitterShare on WhatsAppSend via GMailSend via E-Mail,90,Houses_Multan,2026-07-24,https://www.zameen.com/Property/wapda_town_wapda_town_phase_2_1_kanal_brand_new_luxurious_double_story_spanish_park_facing_house_available_for_sell_in_wapda_town_phase_2-54424119-5825-1.html
Citi Housing Multan 5 Marla Triple Storey Double Storey Luxurious Citi Housing Block D,PKR 1.1 Crore,11000000,4,5,5 Marla,1125.0,9777,Unknown,True,1,super hot1Share on FacebookShare on TwitterShare on WhatsAppSend via GMailSend via E-Mail,89,Houses_Multan,2026-07-24,https://www.zameen.com/Property/citi_housing_citi_housing_phase_1_citi_housing_multan_5_marla_triple_storey_double_storey_luxurious_citi_housing_block_d-54387384-21449-1.html
6 Marla Brand New A Class Construction House Available For Sale At Bosan Road Near Punjab College,PKR 1.75 Crore,17500000,5,6,6 Marla,1350.0,12962,House,True,36,hot36Share on FacebookShare on TwitterShare on WhatsAppSend via GMailSend via E-Mail,84,Houses_Multan,2026-07-24,https://www.zameen.com/Property/multan_bosan_road_6_marla_brand_new_a_class_construction_house_available_for_sale_at_bosan_road_near_punjab_college-54127862-5705-1.html
6 Marla Brand New Corner Double Storey House Available For Sale In Gated Society At Mps Road & Multan Avenue,PKR 2.15 Crore,21500000,4,5,6 Marla,1350.0,15925,House,True,46,hot46Share on FacebookShare on TwitterShare on WhatsAppSend via GMailSend via E-Mail,84,Houses_Multan,2026-07-24,https://www.zameen.com/Property/multan_multan_public_school_road_6_marla_brand_new_corner_double_storey_house_available_for_sale_in_gated_society_at_mps_road_multan_avenue-54423008-8902-1.html
5 Marla Brand New A+ Construction House Available For Sale At Mps Road Gated Society,PKR 1.5 Crore,15000000,4,5,5 Marla,1125.0,13333,House,True,32,hot32Share on FacebookShare on TwitterShare on WhatsAppSend via GMailSend via E-Mail,84,Houses_Multan,2026-07-24,https://www.zameen.com/Property/multan_multan_public_school_road_5_marla_brand_new_a_construction_house_available_for_sale_at_mps_road_gated_society-54499301-8902-1.html
7 Marla Brand New Modern Elevation House Available For Sale At Gated Society Mps Road,PKR 2.2 Crore,22000000,5,6,7 Marla,1575.0,13968,House,True,43,hot43Share on FacebookShare on TwitterShare on WhatsAppSend via GMailSend via E-Mail,84,Houses_Multan,2026-07-24,https://www.zameen.com/Property/multan_multan_public_school_road_7_marla_brand_new_modern_elevation_house_available_for_sale_at_gated_society_mps_road-54499489-8902-1.html
Stunning House Is Available For sale In Premium Homes,PKR 3.6 Crore,36000000,4,5,10 Marla,2250.0,16000,House,True,8,hot8VerifiedShare on FacebookShare on TwitterShare on WhatsAppSend via GMailSend via E-Mail,91,Houses_Multan,2026-07-24,https://www.zameen.com/Property/dha_defence_premium_homes_stunning_house_is_available_for_sale_in_premium_homes-54318176-22232-1.html
9 Marla Villa for Sale Near Masjid & Park with,PKR 3 Crore,30000000,4,5,9 Marla,2025.0,14814,House,True,25,hot25Share on FacebookShare on TwitterShare on WhatsAppSend via GMailSend via E-Mail,84,Houses_Multan,2026-07-24,https://www.zameen.com/Property/dha_defence_dha_villas_9_marla_villa_for_sale_near_masjid_park_with-53686424-14018-1.html
Your Search Ends Right Here With The Beautiful Prime Location House In DHA Villas At Affordable Price Of Pkr Rs. 18000000,PKR 1.7 Crore,17000000,3,4,6 Marla,1350.0,12592,House,False,5,hot5VerifiedShare on FacebookShare on TwitterShare on WhatsAppSend via GMailSend via E-Mail,91,Houses_Multan,2026-07-24,https://www.zameen.com/Property/dha_defence_dha_villas_your_search_ends_right_here_with_the_beautiful_prime_location_house_in_dha_villas_at_affordable_price_of_pkr_rs_18000000-54086430-14018-1.html
Reserve A Centrally Located Prime Location House Of 10 Marla In Buch Villas Phase 2 - Hamid Block,PKR 3.5 Crore,35000000,5,5,10 Marla,2250.0,15555,House,False,21,hot21Share on FacebookShare on TwitterShare on WhatsAppSend via GMailSend via E-Mail,84,Houses_Multan,2026-07-24,https://www.zameen.com/Property/buch_executive_villas_phase_2_buch_villas_phase_2_-_hamid_block_reserve_a_centrally_located_prime_location_house_of_10_marla_in_buch_villas_phase_2_-_hamid_block-54475967-22188-1.html
1 Kanal Beautiful House Available For Sale In DHA Multan,PKR 6.5 Crore,65000000,5,6,1 Kanal,4500.0,14444,House,False,30,hot30Share on FacebookShare on TwitterShare on WhatsAppSend via GMailSend via E-Mail,84,Houses_Multan,2026-07-24,https://www.zameen.com/Property/dha_defence_dha_phase_1_1_kanal_beautiful_house_available_for_sale_in_dha_multan-53787665-15631-1.html
9 Marla Most Luxurious House For Sale In Buch Villas Multan,PKR 3.7 Crore,37000000,5,6,9 Marla,2025.0,18271,House,False,16,hot16Share on FacebookShare on TwitterShare on WhatsAppSend via GMailSend via E-Mail,84,Houses_Multan,2026-07-24,https://www.zameen.com/Property/multan_buch_executive_villas_9_marla_most_luxurious_house_for_sale_in_buch_villas_multan-53955576-8627-1.html
10 Marla Brand New Triple Story House For Sale Buch Executive Villas Multan   . . . . . . Prime Location.,PKR 4.1 Crore,41000000,6,6,10 Marla,2250.0,18222,House,False,19,hot19Share on FacebookShare on TwitterShare on WhatsAppSend via GMailSend via E-Mail,84,Houses_Multan,2026-07-24,https://www.zameen.com/Property/buch_executive_villas_phase_2_buch_villas_phase_2_-_manik_block_10_marla_brand_new_triple_story_house_for_sale_buch_executive_villas_multan_prime_location-54296100-22186-1.html
10 Marla Luxurious House For Sale In Royal Orchard Multan,PKR 3.75 Crore,37500000,5,6,10 Marla,2250.0,16666,House,False,10,10Share on FacebookShare on TwitterShare on WhatsAppSend via GMailSend via E-Mail,81,Houses_Multan,2026-07-24,https://www.zameen.com/Property/multan_public_school_road_royal_orchard_10_marla_luxurious_house_for_sale_in_royal_orchard_multan-54393729-9492-1.html
11 Marla Luxurious House For Sale In Buch Villas Multan,PKR 4.1 Crore,41000000,6,6,11 Marla,2475.0,16565,House,False,27,27Share on FacebookShare on TwitterShare on WhatsAppSend via GMailSend via E-Mail,81,Houses_Multan,2026-07-24,https://www.zameen.com/Property/multan_buch_executive_villas_11_marla_luxurious_house_for_sale_in_buch_villas_multan-54406181-8627-1.html
9 Marla Luxury House For Sale In Buch Villas Multan,PKR 3.7 Crore,37000000,5,6,9 Marla,2025.0,18271,House,False,38,38Share on FacebookShare on TwitterShare on WhatsAppSend via GMailSend via E-Mail,81,Houses_Multan,2026-07-24,https://www.zameen.com/Property/multan_buch_executive_villas_9_marla_luxury_house_for_sale_in_buch_villas_multan-54436622-8627-1.html
One Kanal Luxurious House For Sale In Royal Orchard Multan,PKR 6.98 Crore,69800000,5,6,1 Kanal,4500.0,15511,House,False,12,12Share on FacebookShare on TwitterShare on WhatsAppSend via GMailSend via E-Mail,81,Houses_Multan,2026-07-24,https://www.zameen.com/Property/multan_public_school_road_royal_orchard_one_kanal_luxurious_house_for_sale_in_royal_orchard_multan-54436720-9492-1.html
10 Marla Luxurious House For Sale In Buch Villas Multan,PKR 3.7 Crore,37000000,5,6,10 Marla,2250.0,16444,House,False,25,25Share on FacebookShare on TwitterShare on WhatsAppSend via GMailSend via E-Mail,81,Houses_Multan,2026-07-24,https://www.zameen.com/Property/multan_buch_executive_villas_10_marla_luxurious_house_for_sale_in_buch_villas_multan-54446761-8627-1.html
4 Marla Brand New Double Story House For Sale In Fatima Avenue MPS Road Multan,PKR 1.45 Crore,14500000,3,4,4 Marla,900.0,16111,House,False,16,16Share on FacebookShare on TwitterShare on WhatsAppSend via GMailSend via E-Mail,81,Houses_Multan,2026-07-24,https://www.zameen.com/Property/multan_multan_public_school_road_4_marla_brand_new_double_story_house_for_sale_in_fatima_avenue_mps_road_multan-54507971-8902-1.html
10 Marla Brand New Classic Elevation Double Story House For Sale In Royal Orchard Multan,PKR 3.8 Crore,38000000,5,6,10 Marla,2250.0,16888,House,False,22,22Share on FacebookShare on TwitterShare on WhatsAppSend via GMailSend via E-Mail,81,Houses_Multan,2026-07-24,https://www.zameen.com/Property/multan_public_school_road_royal_orchard_10_marla_brand_new_classic_elevation_double_story_house_for_sale_in_royal_orchard_multan-54507975-9492-1.html
Brand New Modern Luxury Double Story House For Sale In Fatima Avenue MPs Road Multan,PKR 1.8 Crore,18000000,4,5,5 Marla,1125.0,16000,House,False,19,19Share on FacebookShare on TwitterShare on WhatsAppSend via GMailSend via E-Mail,81,Houses_Multan,2026-07-24,https://www.zameen.com/Property/multan_multan_public_school_road_brand_new_modern_luxury_double_story_house_for_sale_in_fatima_avenue_mps_road_multan-54483861-8902-1.html
12 Marla Premium House For Sale In DHA Multan Sector C,PKR 4.3 Crore,43000000,4,5,12 Marla,2700.0,15925,House,True,23,hot23Share on FacebookShare on TwitterShare on WhatsAppSend via GMailSend via E-Mail,84,Houses_Multan,2026-07-24,https://www.zameen.com/Property/dha_defence_premium_homes_12_marla_premium_house_for_sale_in_dha_multan_sector_c-54102101-22232-1.html
Your Dream Brand New 5 Marla House Is Available In Royal Orchard,PKR 2 Crore,20000000,3,4,5 Marla,1125.0,17777,House,True,13,hot13VerifiedShare on FacebookShare on TwitterShare on WhatsAppSend via GMailSend via E-Mail,92,Houses_Multan,2026-07-24,https://www.zameen.com/Property/multan_public_school_road_royal_orchard_your_dream_brand_new_5_marla_house_is_available_in_royal_orchard-54411100-9492-1.html
Want To Buy A House In Multan,PKR 3.6 Crore,36000000,4,4,12 Marla,2700.0,13333,House,True,9,hot9Share on FacebookShare on TwitterShare on WhatsAppSend via GMailSend via E-Mail,83,Houses_Multan,2026-07-24,https://www.zameen.com/Property/dha_defence_askari_3_want_to_buy_a_house_in_multan-52626356-17156-1.html
Gray Structure House In Dha Multan Sector V,PKR 1 Crore,10000000,3,4,5 Marla,1125.0,8888,House,True,1,hot1Share on FacebookShare on TwitterShare on WhatsAppSend via GMailSend via E-Mail,83,Houses_Multan,2026-07-24,https://www.zameen.com/Property/dha_phase_1_dha_phase_1_-_sector_v_gray_structure_house_in_dha_multan_sector_v-53988444-14321-1.html
SECTOR- N 1 KANAL NEO-CLASSICAL DESIGN GREY STRUCTURE AVAILABLE FOR SALE,PKR 3 Crore,30000000,6,6,1 Kanal,4500.0,6666,Unknown,True,3,hot3Share on FacebookShare on TwitterShare on WhatsAppSend via GMailSend via E-Mail,83,Houses_Multan,2026-07-24,https://www.zameen.com/Property/multan_dha_defence_sector-_n_1_kanal_neo-classical_design_grey_structure_available_for_sale-54432188-8581-1.html
7 MARLA OUTSTANDING HOUSE FOR SALE IN DHA MULTAN,PKR 2.8 Crore,28000000,4,5,7 Marla,1575.0,17777,House,True,28,hot28Share on FacebookShare on TwitterShare on WhatsAppSend via GMailSend via E-Mail,84,Houses_Multan,2026-07-24,https://www.zameen.com/Property/multan_dha_defence_7_marla_outstanding_house_for_sale_in_dha_multan-53681748-8581-1.html
10 Marla Ultra-Modern & Most Elegant House For Sale In Royal Orchard Multan,PKR 3.8 Crore,38000000,5,6,10 Marla,2250.0,16888,House,True,11,hot11Share on FacebookShare on TwitterShare on WhatsAppSend via GMailSend via E-Mail,84,Houses_Multan,2026-07-24,https://www.zameen.com/Property/multan_public_school_road_royal_orchard_10_marla_ultra-modern_most_elegant_house_for_sale_in_royal_orchard_multan-54473663-9492-1.html
10 Marla Ultra-Modern House For Sale Prime Location | Luxury Redefined,PKR 3.6 Crore,36000000,5,6,10 Marla,2250.0,16000,House,True,9,hot9Share on FacebookShare on TwitterShare on WhatsAppSend via GMailSend via E-Mail,83,Houses_Multan,2026-07-24,https://www.zameen.com/Property/multan_public_school_road_royal_orchard_10_marla_ultra-modern_house_for_sale_prime_location_luxury_redefined-54473839-9492-1.html
5 Marla Beautiful Double Storey House Available For Sale In Shalimar Colony,PKR 1.25 Crore,12500000,4,5,5 Marla,1125.0,11111,House,True,30,hot30Share on FacebookShare on TwitterShare on WhatsAppSend via GMailSend via E-Mail,84,Houses_Multan,2026-07-24,https://www.zameen.com/Property/multan_shalimar_colony_5_marla_beautiful_double_storey_house_available_for_sale_in_shalimar_colony-54450434-346-1.html
6 MARLA VILLA AVAILABLE ON RESALE BEST LOCATION NEAR TO POSSESSION,PKR 1 Crore,10000000,3,4,6 Marla,1350.0,7407,House,True,1,hot1Share on FacebookShare on TwitterShare on WhatsAppSend via GMailSend via E-Mail,83,Houses_Multan,2026-07-24,https://www.zameen.com/Property/dha_defence_premium_homes_6_marla_villa_available_on_resale_best_location_near_to_possession-54502186-22232-1.html
Buying A Corner House In DHA Phase 1 - Sector H Multan?,PKR 6 Crore,60000000,6,6,1 Kanal,4500.0,13333,House,True,24,hot24VerifiedShare on FacebookShare on TwitterShare on WhatsAppSend via GMailSend via E-Mail,92,Houses_Multan,2026-07-24,https://www.zameen.com/Property/dha_phase_1_dha_phase_1_-_sector_h_buying_a_corner_house_in_dha_phase_1_-_sector_h_multan-54499966-14307-1.html
Reserve A Centrally Located House In DHA Villas,PKR 3.45 Crore,34500000,4,5,12 Marla,2700.0,12777,House,True,5,hot5VerifiedShare on FacebookShare on TwitterShare on WhatsAppSend via GMailSend via E-Mail,91,Houses_Multan,2026-07-24,https://www.zameen.com/Property/dha_defence_dha_villas_reserve_a_centrally_located_house_in_dha_villas-54418579-14018-1.html
9 MARLA HOUSE AVAILABLE FOR SALE,PKR 3.19 Crore,31900000,5,6,9 Marla,2025.0,15753,House,False,18,hot18Share on FacebookShare on TwitterShare on WhatsAppSend via GMailSend via E-Mail,84,Houses_Multan,2026-07-24,https://www.zameen.com/Property/multan_buch_executive_villas_9_marla_house_available_for_sale-54500555-8627-1.html
Modern Style House For Sale In Sector Q | Prime Location | Investor Rate Price,PKR 3.7 Crore,37000000,5,6,1 Kanal,4500.0,8222,House,False,26,hot26Share on FacebookShare on TwitterShare on WhatsAppSend via GMailSend via E-Mail,84,Houses_Multan,2026-07-24,https://www.zameen.com/Property/dha_phase_1_dha_phase_1_-_sector_q_modern_style_house_for_sale_in_sector_q_prime_location_investor_rate_price-54182631-14316-1.html
End Your Search For Prime Location House Here And Sale Now,PKR 3.95 Crore,39500000,6,6,10 Marla,2250.0,17555,House,False,25,hot25Share on FacebookShare on TwitterShare on WhatsAppSend via GMailSend via E-Mail,84,Houses_Multan,2026-07-24,https://www.zameen.com/Property/buch_executive_villas_phase_2_buch_villas_phase_2_-_manik_block_end_your_search_for_prime_location_house_here_and_sale_now-54481093-22186-1.html
Prime Location In Buch Villas Phase 2 - Hamid Block 9 Marla House For Sale,PKR 3.2 Crore,32000000,5,5,9 Marla,2025.0,15802,House,False,19,hot19Share on FacebookShare on TwitterShare on WhatsAppSend via GMailSend via E-Mail,84,Houses_Multan,2026-07-24,https://www.zameen.com/Property/buch_executive_villas_phase_2_buch_villas_phase_2_-_hamid_block_prime_location_in_buch_villas_phase_2_-_hamid_block_9_marla_house_for_sale-54243714-22188-1.html
Best Options For Prime Location House Is Available For Sale In Buch Executive Villas,PKR 3.4 Crore,34000000,5,5,10 Marla,2250.0,15111,House,False,18,hot18Share on FacebookShare on TwitterShare on WhatsAppSend via GMailSend via E-Mail,84,Houses_Multan,2026-07-24,https://www.zameen.com/Property/multan_buch_executive_villas_best_options_for_prime_location_house_is_available_for_sale_in_buch_executive_villas-54274521-8627-1.html
3.5 Marla Brand new Double Story House For Sale In Bahadurpur Near Bosan Road Multan,PKR 1.15 Crore,11500000,3,4,3 Marla,675.0,17037,House,False,16,16Share on FacebookShare on TwitterShare on WhatsAppSend via GMailSend via E-Mail,81,Houses_Multan,2026-07-24,https://www.zameen.com/Property/multan_bahadurpur_3_5_marla_brand_new_double_story_house_for_sale_in_bahadurpur_near_bosan_road_multan-54168268-8620-1.html
5 Marla Brand New Double Storey House For Sale In Royal Orchard Multan,PKR 2 Crore,20000000,3,4,5 Marla,1125.0,17777,House,False,17,17Share on FacebookShare on TwitterShare on WhatsAppSend via GMailSend via E-Mail,81,Houses_Multan,2026-07-24,https://www.zameen.com/Property/multan_public_school_road_royal_orchard_5_marla_brand_new_double_storey_house_for_sale_in_royal_orchard_multan-54165710-9492-1.html
5 Marla Brand New Double Story House For Sale In Adams Housing Society Multan,PKR 1.65 Crore,16500000,3,4,5 Marla,1125.0,14666,House,False,19,19Share on FacebookShare on TwitterShare on WhatsAppSend via GMailSend via E-Mail,81,Houses_Multan,2026-07-24,https://www.zameen.com/Property/mattital_road_adams_housing_scheme_5_marla_brand_new_double_story_house_for_sale_in_adams_housing_society_multan-54160472-18836-1.html
5 Marla Brand New Double Story House For Sale In Royal Orchard Multan,PKR 1.85 Crore,18500000,3,4,5 Marla,1125.0,16444,House,False,17,17Share on FacebookShare on TwitterShare on WhatsAppSend via GMailSend via E-Mail,81,Houses_Multan,2026-07-24,https://www.zameen.com/Property/multan_public_school_road_royal_orchard_5_marla_brand_new_double_story_house_for_sale_in_royal_orchard_multan-54159891-9492-1.html
6 Marla Brand New Double Story House For Sale In Bahadurpur Near Bosan Road Multan,PKR 1.75 Crore,17500000,4,5,6 Marla,1350.0,12962,House,False,17,17Share on FacebookShare on TwitterShare on WhatsAppSend via GMailSend via E-Mail,81,Houses_Multan,2026-07-24,https://www.zameen.com/Property/multan_bahadurpur_6_marla_brand_new_double_story_house_for_sale_in_bahadurpur_near_bosan_road_multan-54157692-8620-1.html
5 Marla Brand New Double Storey House For Sale In Royal Orchard Multan,PKR 1.95 Crore,19500000,3,4,5 Marla,1125.0,17333,House,False,18,18Share on FacebookShare on TwitterShare on WhatsAppSend via GMailSend via E-Mail,81,Houses_Multan,2026-07-24,https://www.zameen.com/Property/multan_public_school_road_royal_orchard_5_marla_brand_new_double_storey_house_for_sale_in_royal_orchard_multan-54157200-9492-1.html
10 Marla Brand New Modern Luxury Double Story House For Sale In Royal Orchard Multan,PKR 4 Crore,40000000,5,6,10 Marla,2250.0,17777,House,False,23,23Share on FacebookShare on TwitterShare on WhatsAppSend via GMailSend via E-Mail,81,Houses_Multan,2026-07-24,https://www.zameen.com/Property/multan_public_school_road_royal_orchard_10_marla_brand_new_modern_luxury_double_story_house_for_sale_in_royal_orchard_multan-54157162-9492-1.html
5 Marla Brand New Modern Luxury Semi Furnished Triple Story House For Sale In Buchvillas Multan,PKR 2.35 Crore,23500000,4,5,5 Marla,1125.0,20888,House,False,20,20Share on FacebookShare on TwitterShare on WhatsAppSend via GMailSend via E-Mail,81,Houses_Multan,2026-07-24,https://www.zameen.com/Property/multan_buch_executive_villas_5_marla_brand_new_modern_luxury_semi_furnished_triple_story_house_for_sale_in_buchvillas_multan-54380997-8627-1.html
05 Marla House For Sale in Zone 03 Regi Model Town Peshawar,PKR 3.3 Crore,33000000,8,6,5 Marla,1125.0,29333,House,True,17,super hot17Share on FacebookShare on TwitterShare on WhatsAppSend via GMailSend via E-Mail,90,Houses_Peshawar,2026-07-24,https://www.zameen.com/Property/regi_model_town_regi_model_town_phase_3_05_marla_house_for_sale_in_zone_03_regi_model_town_peshawar-54502184-17013-1.html
05 Marla House For Sale in Zone 03 Regi Model Town Peshawar,PKR 3.4 Crore,34000000,8,6,5 Marla,1125.0,30222,House,True,24,super hot24Share on FacebookShare on TwitterShare on WhatsAppSend via GMailSend via E-Mail,90,Houses_Peshawar,2026-07-24,https://www.zameen.com/Property/regi_model_town_regi_model_town_phase_3_05_marla_house_for_sale_in_zone_03_regi_model_town_peshawar-54502146-17013-1.html
Kanal Designer House For Sale in DHA Peshawar,PKR 11 Crore,110000000,9,6,1 Kanal,4500.0,24444,House,True,24,super hot24Share on FacebookShare on TwitterShare on WhatsAppSend via GMailSend via E-Mail,90,Houses_Peshawar,2026-07-24,https://www.zameen.com/Property/dha_phase_1_dha_phase_1_-_sector_c_kanal_designer_house_for_sale_in_dha_peshawar-54447863-12294-1.html
05 Marla Furnished House For Sale in Zone 04 Regi Model Town Peshawar,PKR 3.7 Crore,37000000,7,6,5 Marla,1125.0,32888,House,True,17,super hot17Share on FacebookShare on TwitterShare on WhatsAppSend via GMailSend via E-Mail,90,Houses_Peshawar,2026-07-24,https://www.zameen.com/Property/regi_model_town_regi_model_town_phase_4_05_marla_furnished_house_for_sale_in_zone_04_regi_model_town_peshawar-54447682-17014-1.html
1 Kanal. New House For Sell,PKR 13 Crore,130000000,10,6,1 Kanal,4500.0,28888,House,True,10,super hot10Share on FacebookShare on TwitterShare on WhatsAppSend via GMailSend via E-Mail,90,Houses_Peshawar,2026-07-24,https://www.zameen.com/Property/hayatabad_hayatabad_phase_7_1_kanal_new_house_for_sell-54455021-8534-1.html
Fresh Kanal Home For Sale At F2,PKR 11.5 Crore,115000000,10,6,1 Kanal,4500.0,25555,Unknown,True,7,super hot7Share on FacebookShare on TwitterShare on WhatsAppSend via GMailSend via E-Mail,89,Houses_Peshawar,2026-07-24,https://www.zameen.com/Property/hayatabad_hayatabad_phase_6_fresh_kanal_home_for_sale_at_f2-54469364-7627-1.html
1 Kanal Luxury House For Sale,PKR 13 Crore,130000000,8,6,1 Kanal,4500.0,28888,House,True,9,super hot9Share on FacebookShare on TwitterShare on WhatsAppSend via GMailSend via E-Mail,89,Houses_Peshawar,2026-07-24,https://www.zameen.com/Property/hayatabad_hayatabad_phase_2_1_kanal_luxury_house_for_sale-54451064-7602-1.html
1 Kanal House For Sale On Investors Rate,PKR 7.1 Crore,71000000,10,6,1 Kanal,4500.0,15777,House,True,9,super hot9Share on FacebookShare on TwitterShare on WhatsAppSend via GMailSend via E-Mail,89,Houses_Peshawar,2026-07-24,https://www.zameen.com/Property/hayatabad_hayatabad_phase_4_1_kanal_house_for_sale_on_investors_rate-53886795-7625-1.html
10 Marla Triple Storey House For Sale,PKR 3.85 Crore,38500000,7,7,10 Marla,2250.0,17111,House,True,49,super hot49Share on FacebookShare on TwitterShare on WhatsAppSend via GMailSend via E-Mail,90,Houses_Peshawar,2026-07-24,https://www.zameen.com/Property/peshawar_warsak_road_10_marla_triple_storey_house_for_sale-52951343-1000-1.html
Your Dream 3 Marla House Is Up For Sale,PKR 1.45 Crore,14500000,4,4,3 Marla,675.0,21481,House,True,48,super hot48Share on FacebookShare on TwitterShare on WhatsAppSend via GMailSend via E-Mail,90,Houses_Peshawar,2026-07-24,https://www.zameen.com/Property/peshawar_warsak_road_your_dream_3_marla_house_is_up_for_sale-53451585-1000-1.html
05 Marla House For Sale in Zone 04 Regi Model Town Peshawar,PKR 2.95 Crore,29500000,8,6,5 Marla,1125.0,26222,House,True,27,hot27Share on FacebookShare on TwitterShare on WhatsAppSend via GMailSend via E-Mail,84,Houses_Peshawar,2026-07-24,https://www.zameen.com/Property/regi_model_town_regi_model_town_phase_4_05_marla_house_for_sale_in_zone_04_regi_model_town_peshawar-54502195-17014-1.html
"05 Marla House For Sale in Sector G, DHA Peshawar",PKR 3.6 Crore,36000000,4,4,5 Marla,1125.0,32000,House,True,15,hot15Share on FacebookShare on TwitterShare on WhatsAppSend via GMailSend via E-Mail,84,Houses_Peshawar,2026-07-24,https://www.zameen.com/Property/dha_phase_1_dha_phase_1_-_sector_g_05_marla_house_for_sale_in_sector_g_dha_peshawar-54447883-12299-1.html
10 Marla Corner House For Sale,PKR 4.5 Crore,45000000,7,6,10 Marla,2250.0,20000,House,False,7,hot7Share on FacebookShare on TwitterShare on WhatsAppSend via GMailSend via E-Mail,83,Houses_Peshawar,2026-07-24,https://www.zameen.com/Property/peshawar_police_colony_10_marla_corner_house_for_sale-54482669-12359-1.html
3 Marla TMA Approved Structure Available For Sale,PKR 95 Lakh,9500000,4,4,3 Marla,675.0,14074,House,False,15,hot151Share on FacebookShare on TwitterShare on WhatsAppSend via GMailSend via E-Mail,85,Houses_Peshawar,2026-07-24,https://www.zameen.com/Property/islamabad_peshawar_motorway_garden_villas_3_marla_tma_approved_structure_available_for_sale-53487629-21070-1.html
1 Kanal Luxurious House for Sale,PKR 10 Crore,100000000,10,6,1 Kanal,4500.0,22222,House,False,10,hot10Share on FacebookShare on TwitterShare on WhatsAppSend via GMailSend via E-Mail,84,Houses_Peshawar,2026-07-24,https://www.zameen.com/Property/peshawar_regi_model_town_1_kanal_luxurious_house_for_sale-54472466-7660-1.html
8 Marla House For Sale,PKR 4.5 Crore,45000000,7,6,8 Marla,1800.0,25000,House,False,17,hot17Share on FacebookShare on TwitterShare on WhatsAppSend via GMailSend via E-Mail,84,Houses_Peshawar,2026-07-24,https://www.zameen.com/Property/warsak_road_officers_garden_colony_8_marla_house_for_sale-54094398-7655-1.html
3.5 Marla House Available For Sale In Wazir Colony Ring Road Near Abasyn University And MMC Hospital Street No-8,PKR 1.1 Crore,11000000,4,4,4 Marla,900.0,12222,House,False,6,hot6Share on FacebookShare on TwitterShare on WhatsAppSend via GMailSend via E-Mail,83,Houses_Peshawar,2026-07-24,https://www.zameen.com/Property/peshawar_wazir_colony_3_5_marla_house_available_for_sale_in_wazir_colony_ring_road_near_abasyn_university_and_mmc_hospital_street_no-8-54490128-7675-1.html
NEW SHAMI ROAD NEW HOUSE FOR SALE,PKR 26 Crore,260000000,8,6,1.6 Kanal,7200.0,36111,House,False,10,10Share on FacebookShare on TwitterShare on WhatsAppSend via GMailSend via E-Mail,81,Houses_Peshawar,2026-07-24,https://www.zameen.com/Property/peshawar_shami_road_new_shami_road_new_house_for_sale-53270547-998-1.html
It Is A Very Beautiful And Good Environment With Good Security It Is On New Shami Road,PKR 11.05 Crore,110500000,6,6,1 Kanal,4500.0,24555,Unknown,False,6,6Share on FacebookShare on TwitterShare on WhatsAppSend via GMailSend via E-Mail,80,Houses_Peshawar,2026-07-24,https://www.zameen.com/Property/peshawar_shami_road_it_is_a_very_beautiful_and_good_environment_with_good_security_it_is_on_new_shami_road-54357351-998-1.html
Hayatabad Phase 3 Sector K6 Corner House Available For Sale,PKR 5.3 Crore,53000000,6,6,10 Marla,2250.0,23555,House,False,12,12Share on FacebookShare on TwitterShare on WhatsAppSend via GMailSend via E-Mail,81,Houses_Peshawar,2026-07-24,https://www.zameen.com/Property/hayatabad_phase_3_hayatabad_phase_3_-_k6_hayatabad_phase_3_sector_k6_corner_house_available_for_sale-54361690-7623-1.html
Prime Location 7 Marla Spacious House Available In Wapda Town For sale,PKR 2.4 Crore,24000000,7,6,7 Marla,1575.0,15238,House,False,5,51VerifiedShare on FacebookShare on TwitterShare on WhatsAppSend via GMailSend via E-Mail,89,Houses_Peshawar,2026-07-24,https://www.zameen.com/Property/peshawar_wapda_town_prime_location_7_marla_spacious_house_available_in_wapda_town_for_sale-54106446-398-1.html
Your Search For House In Peshawar Ends Here,PKR 2.75 Crore,27500000,8,6,5 Marla,1125.0,24444,House,False,9,9Share on FacebookShare on TwitterShare on WhatsAppSend via GMailSend via E-Mail,80,Houses_Peshawar,2026-07-24,https://www.zameen.com/Property/regi_model_town_regi_model_town_phase_4_your_search_for_house_in_peshawar_ends_here-53585684-17014-1.html
"Back Street Market Masjid & Park, Luxurious 01 Kanal House For Sale",PKR 10.99 Crore,109900000,9,6,1 Kanal,4500.0,24422,House,False,15,15Share on FacebookShare on TwitterShare on WhatsAppSend via GMailSend via E-Mail,81,Houses_Peshawar,2026-07-24,https://www.zameen.com/Property/dha_phase_1_dha_phase_1_-_sector_c_back_street_market_masjid_park_luxurious_01_kanal_house_for_sale-54417361-12294-1.html
5 Marla Residential House for Sale in Regi Model Town,PKR 2.9 Crore,29000000,8,7,5 Marla,1125.0,25777,House,True,26,26Share on FacebookShare on TwitterShare on WhatsAppSend via GMailSend via E-Mail,81,Houses_Peshawar,2026-07-24,https://www.zameen.com/Property/regi_model_town_regi_model_town_phase_4_5_marla_residential_house_for_sale_in_regi_model_town-54503735-17014-1.html
05 Marla House For Sale In Zone 04 Regi Model Town Peshawar,PKR 3.1 Crore,31000000,8,6,5 Marla,1125.0,27555,House,True,26,26Share on FacebookShare on TwitterShare on WhatsAppSend via GMailSend via E-Mail,81,Houses_Peshawar,2026-07-24,https://www.zameen.com/Property/regi_model_town_regi_model_town_phase_4_05_marla_house_for_sale_in_zone_04_regi_model_town_peshawar-54502140-17014-1.html
1 Kanal New House South Open House For Sale In Hayatabad Phase 3,PKR 13.5 Crore,135000000,10,6,1 Kanal,4500.0,30000,House,True,7,super hot7Share on FacebookShare on TwitterShare on WhatsAppSend via GMailSend via E-Mail,89,Houses_Peshawar,2026-07-24,https://www.zameen.com/Property/hayatabad_hayatabad_phase_3_1_kanal_new_house_south_open_house_for_sale_in_hayatabad_phase_3-53064488-7617-1.html
Well-Constructed Fully Furnished House Available For Sale In DHA Phase 1 - Sector B,PKR 12.5 Crore,125000000,9,6,1 Kanal,4500.0,27777,House,True,42,super hot421VerifiedShare on FacebookShare on TwitterShare on WhatsAppSend via GMailSend via E-Mail,99,Houses_Peshawar,2026-07-24,https://www.zameen.com/Property/dha_phase_1_dha_phase_1_-_sector_b_well-constructed_fully_furnished_house_available_for_sale_in_dha_phase_1_-_sector_b-54383617-12293-1.html
5 Marla House For Sale In F8 On Investor Rate Here Only Plot Is 230 Lac Plus,PKR 2.8 Crore,28000000,7,6,5 Marla,1125.0,24888,House,True,1,super hot1Share on FacebookShare on TwitterShare on WhatsAppSend via GMailSend via E-Mail,89,Houses_Peshawar,2026-07-24,https://www.zameen.com/Property/hayatabad_phase_6_hayatabad_phase_6_-_f8_5_marla_house_for_sale_in_f8_on_investor_rate_here_only_plot_is_230_lac_plus-54058080-7634-1.html
Corner House Of 1 Kanal Is Available For Sale In DHA Phase 1 - Sector C,PKR 8.5 Crore,85000000,9,,1 Kanal,4500.0,18888,House,True,18,super hot181VerifiedShare on FacebookShare on TwitterShare on WhatsAppSend via GMailSend via E-Mail,99,Houses_Peshawar,2026-07-24,https://www.zameen.com/Property/dha_phase_1_dha_phase_1_-_sector_c_corner_house_of_1_kanal_is_available_for_sale_in_dha_phase_1_-_sector_c-54383483-12294-1.html
1 Kanal House For Sell In Hayatabad,PKR 8 Crore,80000000,7,6,1 Kanal,4500.0,17777,House,True,,super hotShare on FacebookShare on TwitterShare on WhatsAppSend via GMailSend via E-Mail,88,Houses_Peshawar,2026-07-24,https://www.zameen.com/Property/hayatabad_hayatabad_phase_3_1_kanal_house_for_sell_in_hayatabad-54383258-7617-1.html
Prime Location House Sized 5 Marla Is Available For sale In Sufiyan Garden,PKR 2.1 Crore,21000000,5,5,5 Marla,1125.0,18666,House,True,33,super hot33VerifiedShare on FacebookShare on TwitterShare on WhatsAppSend via GMailSend via E-Mail,98,Houses_Peshawar,2026-07-24,https://www.zameen.com/Property/warsak_road_sufiyan_garden_prime_location_house_sized_5_marla_is_available_for_sale_in_sufiyan_garden-53575526-19313-1.html
1 Kanal Luxury Prime Location House For Sale In DHA PESHAWAR,PKR 11.5 Crore,115000000,8,6,1 Kanal,4500.0,25555,House,True,50,super hot50Share on FacebookShare on TwitterShare on WhatsAppSend via GMailSend via E-Mail,90,Houses_Peshawar,2026-07-24,https://www.zameen.com/Property/dha_phase_1_dha_phase_1_-_sector_b_1_kanal_luxury_prime_location_house_for_sale_in_dha_peshawar-54456110-12293-1.html
Prime Location 20 Marla House For Sale In Warsak Road Near Babu Ghari Stop,PKR 3.8 Crore,38000000,6,6,1 Kanal,4500.0,8444,House,True,29,super hot29VerifiedShare on FacebookShare on TwitterShare on WhatsAppSend via GMailSend via E-Mail,98,Houses_Peshawar,2026-07-24,https://www.zameen.com/Property/peshawar_warsak_road_prime_location_20_marla_house_for_sale_in_warsak_road_near_babu_ghari_stop-53949611-1000-1.html
Elegantly Designed Luxury 10 Marla Wide Street-House For Sale At Zone 3 Regi Model Town,PKR 4.9 Crore,49000000,10,6,10 Marla,2250.0,21777,House,True,22,super hot22Share on FacebookShare on TwitterShare on WhatsAppSend via GMailSend via E-Mail,90,Houses_Peshawar,2026-07-24,https://www.zameen.com/Property/peshawar_regi_model_town_elegantly_designed_luxury_10_marla_wide_street-house_for_sale_at_zone_3_regi_model_town-54315884-7660-1.html
Prime Location 4 Marla House For Sale In The Perfect Location Of Green Cottages,PKR 2.15 Crore,21500000,5,5,4 Marla,900.0,23888,House,True,34,super hot34VerifiedShare on FacebookShare on TwitterShare on WhatsAppSend via GMailSend via E-Mail,98,Houses_Peshawar,2026-07-24,https://www.zameen.com/Property/warsak_road_green_cottages_prime_location_4_marla_house_for_sale_in_the_perfect_location_of_green_cottages-54324121-11933-1.html
Premium 5 Marla Luxury House Available For Sale,PKR 3.3 Crore,33000000,8,7,5 Marla,1125.0,29333,House,True,21,hot21Share on FacebookShare on TwitterShare on WhatsAppSend via GMailSend via E-Mail,84,Houses_Peshawar,2026-07-24,https://www.zameen.com/Property/regi_model_town_regi_model_town_phase_3_premium_5_marla_luxury_house_available_for_sale-54461926-17013-1.html
1 Kanal Luxury House For Sale In DHA,PKR 11 Crore,110000000,9,7,1 Kanal,4500.0,24444,House,True,28,hot28Share on FacebookShare on TwitterShare on WhatsAppSend via GMailSend via E-Mail,84,Houses_Peshawar,2026-07-24,https://www.zameen.com/Property/dha_phase_1_dha_phase_1_-_sector_b_1_kanal_luxury_house_for_sale_in_dha-54461972-12293-1.html
4.5 Marla House For Sale,PKR 2.3 Crore,23000000,4,4,4.5 Marla,1012.5,22716,House,False,12,hot12Share on FacebookShare on TwitterShare on WhatsAppSend via GMailSend via E-Mail,84,Houses_Peshawar,2026-07-24,https://www.zameen.com/Property/warsak_road_green_cottages_4_5_marla_house_for_sale-54334357-11933-1.html
House For Sale,PKR 2.35 Crore,23500000,6,6,5 Marla,1125.0,20888,House,False,13,hot13Share on FacebookShare on TwitterShare on WhatsAppSend via GMailSend via E-Mail,84,Houses_Peshawar,2026-07-24,https://www.zameen.com/Property/warsak_road_officers_home_society_house_for_sale-54395461-21072-1.html
Book A House Of 6 Marla In Warsak Road Warsak Road,PKR 2.3 Crore,23000000,6,6,6 Marla,1350.0,17037,House,False,24,hot24Share on FacebookShare on TwitterShare on WhatsAppSend via GMailSend via E-Mail,84,Houses_Peshawar,2026-07-24,https://www.zameen.com/Property/peshawar_warsak_road_book_a_house_of_6_marla_in_warsak_road_warsak_road-54450507-1000-1.html
Beautiful House Available For Sale,PKR 1.65 Crore,16500000,7,5,5 Marla,1125.0,14666,House,False,9,hot9Share on FacebookShare on TwitterShare on WhatsAppSend via GMailSend via E-Mail,83,Houses_Peshawar,2026-07-24,https://www.zameen.com/Property/peshawar_canal_road_beautiful_house_available_for_sale-54050285-11940-1.html
2 Kanal Luxurious Villa For Sale,PKR 17.5 Crore,175000000,8,6,2 Kanal,9000.0,19444,House,False,11,hot11Share on FacebookShare on TwitterShare on WhatsAppSend via GMailSend via E-Mail,84,Houses_Peshawar,2026-07-24,https://www.zameen.com/Property/hayatabad_phase_2_hayatabad_phase_2_-_g2_2_kanal_luxurious_villa_for_sale-53261519-7604-1.html
12 Marla Residential Property Featuring Two Separate House Units With Separate Entrances.,PKR 5.35 Crore,53500000,8,7,12 Marla,2700.0,19814,House,False,50,50Share on FacebookShare on TwitterShare on WhatsAppSend via GMailSend via E-Mail,81,Houses_Peshawar,2026-07-24,https://www.zameen.com/Property/peshawar_peshawar_garden_12_marla_residential_property_featuring_two_separate_house_units_with_separate_entrances-53960835-12319-1.html
This Is Your Chance To Buy House In Warsak Road,PKR 3.6 Crore,36000000,6,6,7 Marla,1575.0,22857,House,False,15,15Share on FacebookShare on TwitterShare on WhatsAppSend via GMailSend via E-Mail,81,Houses_Peshawar,2026-07-24,https://www.zameen.com/Property/peshawar_warsak_road_this_is_your_chance_to_buy_house_in_warsak_road-54511432-1000-1.html
A Prime Location 5 Marla House Located In Sufiyan Garden Is Available For sale,PKR 2.1 Crore,21000000,5,5,5 Marla,1125.0,18666,House,False,29,29VerifiedShare on FacebookShare on TwitterShare on WhatsAppSend via GMailSend via E-Mail,89,Houses_Peshawar,2026-07-24,https://www.zameen.com/Property/warsak_road_sufiyan_garden_a_prime_location_5_marla_house_located_in_sufiyan_garden_is_available_for_sale-54507836-19313-1.html
Dha Psh Sector A Kanal Owner Build House,PKR 7.9 Crore,79000000,9,6,1 Kanal,4500.0,17555,House,False,28,28Share on FacebookShare on TwitterShare on WhatsAppSend via GMailSend via E-Mail,81,Houses_Peshawar,2026-07-24,https://www.zameen.com/Property/dha_phase_1_dha_phase_1_-_sector_a_dha_psh_sector_a_kanal_owner_build_house-54431868-12292-1.html
"5 Marla House for Sale in Regi Model Town, Phase 3",PKR 3.3 Crore,33000000,8,7,5 Marla,1125.0,29333,House,True,19,19Share on FacebookShare on TwitterShare on WhatsAppSend via GMailSend via E-Mail,81,Houses_Peshawar,2026-07-24,https://www.zameen.com/Property/regi_model_town_regi_model_town_phase_3_5_marla_house_for_sale_in_regi_model_town_phase_3-54503643-17013-1.html
10 House For Sale,PKR 3.2 Crore,32000000,6,6,10 Marla,2250.0,14222,House,False,11,11Share on FacebookShare on TwitterShare on WhatsAppSend via GMailSend via E-Mail,81,Houses_Peshawar,2026-07-24,https://www.zameen.com/Property/warsak_road_khushal_bagh_10_house_for_sale-54377709-22003-1.html
5 Marla Gray Structure Available For Sale,PKR 60 Lakh,6000000,3,3,5 Marla,1125.0,5333,Unknown,False,4,4Share on FacebookShare on TwitterShare on WhatsAppSend via GMailSend via E-Mail,80,Houses_Peshawar,2026-07-24,https://www.zameen.com/Property/rahatabad_green_oaks_residencia_5_marla_gray_structure_available_for_sale-53069813-17967-1.html
Hayatabad Phase 7 Sector E-5 3malra South Facing Solid House,PKR 2.2 Crore,22000000,6,6,3 Marla,675.0,32592,House,False,4,4Share on FacebookShare on TwitterShare on WhatsAppSend via GMailSend via E-Mail,80,Houses_Peshawar,2026-07-24,https://www.zameen.com/Property/hayatabad_hayatabad_phase_7_hayatabad_phase_7_sector_e-5_3malra_south_facing_solid_house-54411192-8534-1.html
01 Kanal Grey Structure House For Sale,PKR 5.99 Crore,59900000,10,6,1 Kanal,4500.0,13311,House,True,12,super hot12Share on FacebookShare on TwitterShare on WhatsAppSend via GMailSend via E-Mail,90,Houses_Peshawar,2026-07-24,https://www.zameen.com/Property/dha_phase_1_dha_phase_1_-_sector_a_01_kanal_grey_structure_house_for_sale-54340233-12292-1.html
Brand New House In Sector-A  Up For Sale Investor Rate,PKR 9.3 Crore,93000000,,,1 Kanal,4500.0,20666,House,True,2,super hot2Share on FacebookShare on TwitterShare on WhatsAppSend via GMailSend via E-Mail,89,Houses_Peshawar,2026-07-24,https://www.zameen.com/Property/dha_phase_1_dha_phase_1_-_sector_a_brand_new_house_in_sector-a_up_for_sale_investor_rate-54421544-12292-1.html
1 Kanal House For Sale In DHA Peshawer Sector A,PKR 8 Crore,80000000,9,6,1 Kanal,4500.0,17777,House,True,21,super hot21Share on FacebookShare on TwitterShare on WhatsAppSend via GMailSend via E-Mail,90,Houses_Peshawar,2026-07-24,https://www.zameen.com/Property/dha_phase_1_dha_phase_1_-_sector_a_1_kanal_house_for_sale_in_dha_peshawer_sector_a-54433698-12292-1.html
23 Marla House For Sale Brand New House At University Town Peshawar,PKR 16.5 Crore,165000000,6,6,1.2 Kanal,5400.0,30555,House,True,28,super hot28Share on FacebookShare on TwitterShare on WhatsAppSend via GMailSend via E-Mail,90,Houses_Peshawar,2026-07-24,https://www.zameen.com/Property/peshawar_university_town_23_marla_house_for_sale_brand_new_house_at_university_town_peshawar-50426510-1437-1.html
10 House For Sale At Rahatbad,PKR 4 Crore,40000000,7,6,10 Marla,2250.0,17777,House,True,18,super hot18Share on FacebookShare on TwitterShare on WhatsAppSend via GMailSend via E-Mail,90,Houses_Peshawar,2026-07-24,https://www.zameen.com/Property/peshawar_rahatabad_10_house_for_sale_at_rahatbad-54229626-7659-1.html
1 Kanal Owner-Constructed House For Sale Luxurious Design And Top-Quality Build At A Prime Location. 11 Kv Solar System Installed+ Green Meter,PKR 8.75 Crore,87500000,10,6,1 Kanal,4500.0,19444,House,True,37,super hot37Share on FacebookShare on TwitterShare on WhatsAppSend via GMailSend via E-Mail,90,Houses_Peshawar,2026-07-24,https://www.zameen.com/Property/dha_phase_1_dha_phase_1_-_sector_a_1_kanal_owner-constructed_house_for_sale_luxurious_design_and_top-quality_build_at_a_prime_location_11_kv_solar_system_installed_green_meter-53362467-12292-1.html
10 Marla Luxury Basement House For Sale Located At Warsak Road Executive Lodges,PKR 4.9 Crore,49000000,8,6,10 Marla,2250.0,21777,House,True,39,super hot391Share on FacebookShare on TwitterShare on WhatsAppSend via GMailSend via E-Mail,91,Houses_Peshawar,2026-07-24,https://www.zameen.com/Property/arbab_sabz_ali_khan_town_arbab_sabz_ali_khan_town_executive_lodges_10_marla_luxury_basement_house_for_sale_located_at_warsak_road_executive_lodges-53699998-10382-1.html
Beautiful House Available For Sale,PKR 7 Crore,70000000,7,6,14 Marla,3150.0,22222,House,True,,super hotShare on FacebookShare on TwitterShare on WhatsAppSend via GMailSend via E-Mail,88,Houses_Peshawar,2026-07-24,https://www.zameen.com/Property/peshawar_university_town_beautiful_house_available_for_sale-54426819-1437-1.html
2 Kanal Luxurious House For Sale,PKR 14.5 Crore,145000000,8,6,2 Kanal,9000.0,16111,House,True,4,super hot4Share on FacebookShare on TwitterShare on WhatsAppSend via GMailSend via E-Mail,89,Houses_Peshawar,2026-07-24,https://www.zameen.com/Property/hayatabad_hayatabad_phase_2_2_kanal_luxurious_house_for_sale-54368597-7602-1.html
10 Marla Luxury House For Sale,PKR 5.3 Crore,53000000,8,7,10 Marla,2250.0,23555,House,True,29,hot29Share on FacebookShare on TwitterShare on WhatsAppSend via GMailSend via E-Mail,84,Houses_Peshawar,2026-07-24,https://www.zameen.com/Property/regi_model_town_regi_model_town_phase_3_10_marla_luxury_house_for_sale-54462029-17013-1.html
"5 Marla House For Sale In Regi Model Town, Peshawar",PKR 3.2 Crore,32000000,8,7,5 Marla,1125.0,28444,House,True,3,hot3Share on FacebookShare on TwitterShare on WhatsAppSend via GMailSend via E-Mail,83,Houses_Peshawar,2026-07-24,https://www.zameen.com/Property/regi_model_town_regi_model_town_phase_3_5_marla_house_for_sale_in_regi_model_town_peshawar-54462083-17013-1.html
"Marla House With Extra Land For Sale Regi Model Town, Peshawar",PKR 3.3 Crore,33000000,7,7,6 Marla,1350.0,24444,House,True,17,hot17Share on FacebookShare on TwitterShare on WhatsAppSend via GMailSend via E-Mail,84,Houses_Peshawar,2026-07-24,https://www.zameen.com/Property/regi_model_town_regi_model_town_phase_4_marla_house_with_extra_land_for_sale_regi_model_town_peshawar-54453693-17014-1.html
5 Marla Prime Location House For Sale,PKR 3.5 Crore,35000000,4,4,5 Marla,1125.0,31111,House,False,9,hot9Share on FacebookShare on TwitterShare on WhatsAppSend via GMailSend via E-Mail,83,Houses_Peshawar,2026-07-24,https://www.zameen.com/Property/peshawar_dha_defence_5_marla_prime_location_house_for_sale-54271712-9050-1.html
1kanal Double Story Prime Location House For Sale,PKR 7.5 Crore,75000000,5,5,1 Kanal,4500.0,16666,House,False,10,hot10Share on FacebookShare on TwitterShare on WhatsAppSend via GMailSend via E-Mail,84,Houses_Peshawar,2026-07-24,https://www.zameen.com/Property/peshawar_hayatabad_1kanal_double_story_prime_location_house_for_sale-54394757-394-1.html
12 Marla Luxury House For Sale,PKR 3.5 Crore,35000000,5,5,12 Marla,2700.0,12962,House,False,39,hot39Share on FacebookShare on TwitterShare on WhatsAppSend via GMailSend via E-Mail,84,Houses_Peshawar,2026-07-24,https://www.zameen.com/Property/peshawar_warsak_road_12_marla_luxury_house_for_sale-52945519-1000-1.html
3 Marla House For Sale,PKR 1.3 Crore,13000000,4,4,3 Marla,675.0,19259,House,False,32,hot32Share on FacebookShare on TwitterShare on WhatsAppSend via GMailSend via E-Mail,84,Houses_Peshawar,2026-07-24,https://www.zameen.com/Property/warsak_road_darmangi_3_marla_house_for_sale-53136805-12422-1.html
Prime Location 5 Marla House In Arbab Sabz Ali Khan Town Executive Lodges For sale At Good Location,PKR 2.7 Crore,27000000,8,,5 Marla,1125.0,24000,House,False,16,hot16VerifiedShare on FacebookShare on TwitterShare on WhatsAppSend via GMailSend via E-Mail,92,Houses_Peshawar,2026-07-24,https://www.zameen.com/Property/arbab_sabz_ali_khan_town_arbab_sabz_ali_khan_town_executive_lodges_prime_location_5_marla_house_in_arbab_sabz_ali_khan_town_executive_lodges_for_sale_at_good_location-54242688-10382-1.html
Ideal House For Sale In Askari 5,PKR 6.8 Crore,68000000,4,4,10 Marla,2250.0,30222,House,False,5,5Share on FacebookShare on TwitterShare on WhatsAppSend via GMailSend via E-Mail,80,Houses_Peshawar,2026-07-24,https://www.zameen.com/Property/peshawar_askari_5_ideal_house_for_sale_in_askari_5-52531671-8564-1.html
01 Kanal Owner Made House | Walking distance Central Park Masjid & Market | 15 Kv Solar system,PKR 7.5 Crore,75000000,10,6,1 Kanal,4500.0,16666,House,False,9,9Share on FacebookShare on TwitterShare on WhatsAppSend via GMailSend via E-Mail,80,Houses_Peshawar,2026-07-24,https://www.zameen.com/Property/regi_model_town_phase_3_regi_model_town_phase_3_-_block_b2_01_kanal_owner_made_house_walking_distance_central_park_masjid_market_15_kv_solar_system-53780191-17019-1.html
5vmarla brand new House,PKR 4.3 Crore,43000000,8,6,5 Marla,1125.0,38222,House,True,1,1Share on FacebookShare on TwitterShare on WhatsAppSend via GMailSend via E-Mail,80,Houses_Peshawar,2026-07-24,https://www.zameen.com/Property/hayatabad_phase_7_hayatabad_phase_7_-_e5_5vmarla_brand_new_house-54512440-13218-1.html
"1 Kanal Luxury House for Sale Phase 2, Sector J1, Hayatabad, Peshawar",PKR 12 Crore,120000000,10,,1 Kanal,4500.0,26666,House,False,1,1Share on FacebookShare on TwitterShare on WhatsAppSend via GMailSend via E-Mail,80,Houses_Peshawar,2026-07-24,https://www.zameen.com/Property/hayatabad_hayatabad_phase_2_1_kanal_luxury_house_for_sale_phase_2_sector_j1_hayatabad_peshawar-54506599-7602-1.html
10 Kv Solar System Installed | Waking Distance Market Masjid Park House For Sale,PKR 4.4 Crore,44000000,9,6,10 Marla,2250.0,19555,House,False,4,4Share on FacebookShare on TwitterShare on WhatsAppSend via GMailSend via E-Mail,80,Houses_Peshawar,2026-07-24,https://www.zameen.com/Property/regi_model_town_regi_model_town_phase_3_10_kv_solar_system_installed_waking_distance_market_masjid_park_house_for_sale-54294336-17013-1.html
New trendy 5 Marla house available for sale in phase 1,PKR 3.35 Crore,33500000,8,6,5 Marla,1125.0,29777,House,False,,Share on FacebookShare on TwitterShare on WhatsAppSend via GMailSend via E-Mail,79,Houses_Peshawar,2026-07-24,https://www.zameen.com/Property/hayatabad_hayatabad_phase_1_new_trendy_5_marla_house_available_for_sale_in_phase_1-54506942-7597-1.html
4 Marle Fresh House For Sale,PKR 2.25 Crore,22500000,4,5,4 Marla,900.0,25000,House,False,13,13Share on FacebookShare on TwitterShare on WhatsAppSend via GMailSend via E-Mail,81,Houses_Peshawar,2026-07-24,https://www.zameen.com/Property/peshawar_warsak_road_4_marle_fresh_house_for_sale-54235978-1000-1.html
15 MARLA HOUSE FOR SALE IN WARSAK ROAD SABZ ALI TOWN PESHAWAR,PKR 4.5 Crore,45000000,8,7,15 Marla,3375.0,13333,House,False,22,22Share on FacebookShare on TwitterShare on WhatsAppSend via GMailSend via E-Mail,81,Houses_Peshawar,2026-07-24,https://www.zameen.com/Property/peshawar_warsak_road_15_marla_house_for_sale_in_warsak_road_sabz_ali_town_peshawar-53600601-1000-1.html
"05 Marla House For Sale In Zone 03, Regi Model Town Peshawar",PKR 3.2 Crore,32000000,8,6,5 Marla,1125.0,28444,House,True,1,hot1Share on FacebookShare on TwitterShare on WhatsAppSend via GMailSend via E-Mail,83,Houses_Peshawar,2026-07-24,https://www.zameen.com/Property/regi_model_town_regi_model_town_phase_3_05_marla_house_for_sale_in_zone_03_regi_model_town_peshawar-54447961-17013-1.html
Brand New Beautiful House Available For Sale,PKR 8.25 Crore,82500000,9,6,10 Marla,2250.0,36666,House,True,12,hot12Share on FacebookShare on TwitterShare on WhatsAppSend via GMailSend via E-Mail,84,Houses_Peshawar,2026-07-24,https://www.zameen.com/Property/peshawar_hayatabad_brand_new_beautiful_house_available_for_sale-54218401-394-1.html
SECTOR PRISM | PRIME LOCATION 1 KANAL FRESH HOUSE FOR SALE,PKR 7 Crore,70000000,11,7,1 Kanal,4500.0,15555,House,True,5,hot5Share on FacebookShare on TwitterShare on WhatsAppSend via GMailSend via E-Mail,83,Houses_Peshawar,2026-07-24,https://www.zameen.com/Property/dha_defence_dha_defence_-_sector_prism_sector_prism_prime_location_1_kanal_fresh_house_for_sale-54440139-19286-1.html
House For Sale Officers Garden Colony,PKR 1.9 Crore,19000000,6,6,4 Marla,900.0,21111,House,False,27,hot27Share on FacebookShare on TwitterShare on WhatsAppSend via GMailSend via E-Mail,84,Houses_Peshawar,2026-07-24,https://www.zameen.com/Property/warsak_road_officers_garden_colony_house_for_sale_officers_garden_colony-51030425-7655-1.html
Prime Location House For sale Situated In Green Cottages,PKR 2.15 Crore,21500000,4,4,4 Marla,900.0,23888,House,False,42,hot42VerifiedShare on FacebookShare on TwitterShare on WhatsAppSend via GMailSend via E-Mail,92,Houses_Peshawar,2026-07-24,https://www.zameen.com/Property/warsak_road_green_cottages_prime_location_house_for_sale_situated_in_green_cottages-54242689-11933-1.html
Buy your ideal Prime Location 4 Marla House in a prime location of Warsak Road,PKR 1.75 Crore,17500000,6,6,4 Marla,900.0,19444,House,False,20,hot20VerifiedShare on FacebookShare on TwitterShare on WhatsAppSend via GMailSend via E-Mail,92,Houses_Peshawar,2026-07-24,https://www.zameen.com/Property/peshawar_warsak_road_buy_your_ideal_prime_location_4_marla_house_in_a_prime_location_of_warsak_road-54242690-1000-1.html
Buy A Prime Location 2 Marla House For Sale In Warsak Road,PKR 80 Lakh,8000000,3,3,2 Marla,450.0,17777,House,False,20,hot20VerifiedShare on FacebookShare on TwitterShare on WhatsAppSend via GMailSend via E-Mail,92,Houses_Peshawar,2026-07-24,https://www.zameen.com/Property/peshawar_warsak_road_buy_a_prime_location_2_marla_house_for_sale_in_warsak_road-54242692-1000-1.html
Brand New 4.5 Marla Designer House,PKR 2.6 Crore,26000000,5,5,4 Marla,900.0,28888,House,False,20,hot20Share on FacebookShare on TwitterShare on WhatsAppSend via GMailSend via E-Mail,84,Houses_Peshawar,2026-07-24,https://www.zameen.com/Property/arbab_sabz_ali_khan_town_arbab_sabz_ali_khan_town_executive_lodges_brand_new_4_5_marla_designer_house-54450261-10382-1.html
Beautiful House Available For Sale,PKR 1.5 Crore,15000000,5,5,6 Marla,1350.0,11111,House,False,4,hot4Share on FacebookShare on TwitterShare on WhatsAppSend via GMailSend via E-Mail,83,Houses_Peshawar,2026-07-24,https://www.zameen.com/Property/peshawar_canal_road_beautiful_house_available_for_sale-54372677-11940-1.html
3 Marla New Corner House Available For Sale In Sudais Villa Warsk Road,PKR 1.15 Crore,11500000,4,5,3 Marla,675.0,17037,House,False,30,hot30Share on FacebookShare on TwitterShare on WhatsAppSend via GMailSend via E-Mail,84,Houses_Peshawar,2026-07-24,https://www.zameen.com/Property/warsak_road_sudais_villas_3_marla_new_corner_house_available_for_sale_in_sudais_villa_warsk_road-54154178-18406-1.html
Furnished Kanal House for Sale Phase 6 Hayatabad,PKR 9.5 Crore,95000000,9,6,1 Kanal,4500.0,21111,House,False,1,hot1Share on FacebookShare on TwitterShare on WhatsAppSend via GMailSend via E-Mail,83,Houses_Peshawar,2026-07-24,https://www.zameen.com/Property/hayatabad_hayatabad_phase_6_furnished_kanal_house_for_sale_phase_6_hayatabad-54495461-7627-1.html
5 Marla Designer House - AAA Rating,PKR 3.5 Crore,35000000,5,5,5 Marla,1125.0,31111,House,False,7,hot7Share on FacebookShare on TwitterShare on WhatsAppSend via GMailSend via E-Mail,83,Houses_Peshawar,2026-07-24,https://www.zameen.com/Property/peshawar_dha_defence_5_marla_designer_house_-_aaa_rating-54455336-9050-1.html
Gorgeous Prime Location 5 Marla House For Sale Available In Sufiyan Garden,PKR 2.1 Crore,21000000,5,5,5 Marla,1125.0,18666,House,False,23,hot23VerifiedShare on FacebookShare on TwitterShare on WhatsAppSend via GMailSend via E-Mail,92,Houses_Peshawar,2026-07-24,https://www.zameen.com/Property/warsak_road_sufiyan_garden_gorgeous_prime_location_5_marla_house_for_sale_available_in_sufiyan_garden-54272634-19313-1.html
South Face 50 Ft Road Luxury House | Sector 3C2 | Ideal Location House,PKR 5.29 Crore,52900000,10,6,10 Marla,2250.0,23511,House,False,27,hot27Share on FacebookShare on TwitterShare on WhatsAppSend via GMailSend via E-Mail,84,Houses_Peshawar,2026-07-24,https://www.zameen.com/Property/regi_model_town_regi_model_town_phase_3_south_face_50_ft_road_luxury_house_sector_3c2_ideal_location_house-54487070-17013-1.html
Prime Location 5 Marla House Is Available For Sale,PKR 2.55 Crore,25500000,6,6,5 Marla,1125.0,22666,House,False,33,hot33VerifiedShare on FacebookShare on TwitterShare on WhatsAppSend via GMailSend via E-Mail,92,Houses_Peshawar,2026-07-24,https://www.zameen.com/Property/warsak_road_arbab_sabz_ali_khan_town_prime_location_5_marla_house_is_available_for_sale-54426749-10222-1.html
Premium 10 Marla House For Sale,PKR 2.65 Crore,26500000,6,6,10 Marla,2250.0,11777,House,True,23,hot23Share on FacebookShare on TwitterShare on WhatsAppSend via GMailSend via E-Mail,84,Houses_Peshawar,2026-07-24,https://www.zameen.com/Property/peshawar_warsak_road_premium_10_marla_house_for_sale-54456486-1000-1.html
1 Kanal South Open Fresh Un Touch House For Sale In Dha Peshawar Sector C,PKR 10.9 Crore,109000000,7,6,1 Kanal,4500.0,24222,House,False,25,hot25Share on FacebookShare on TwitterShare on WhatsAppSend via GMailSend via E-Mail,84,Houses_Peshawar,2026-07-24,https://www.zameen.com/Property/dha_phase_1_dha_phase_1_-_sector_c_1_kanal_south_open_fresh_un_touch_house_for_sale_in_dha_peshawar_sector_c-54406742-12294-1.html
3.5 Marla New House Beautiful House Available For In Sudais Villa,PKR 1.5 Crore,15000000,5,5,3.5 Marla,787.5,19047,House,False,20,20Share on FacebookShare on TwitterShare on WhatsAppSend via GMailSend via E-Mail,81,Houses_Peshawar,2026-07-24,https://www.zameen.com/Property/warsak_road_sudais_villas_3_5_marla_new_house_beautiful_house_available_for_in_sudais_villa-54191683-18406-1.html
5 Marla New Beautiful House Is Available For Sale In Sudais Villa Warsk Road,PKR 1.9 Crore,19000000,6,6,5 Marla,1125.0,16888,House,False,6,6Share on FacebookShare on TwitterShare on WhatsAppSend via GMailSend via E-Mail,80,Houses_Peshawar,2026-07-24,https://www.zameen.com/Property/warsak_road_sudais_villas_5_marla_new_beautiful_house_is_available_for_sale_in_sudais_villa_warsk_road-54032219-18406-1.html
3 Marla New Beautiful House For Sale In Sudais Villa,PKR 1.15 Crore,11500000,4,5,3 Marla,675.0,17037,House,False,11,11Share on FacebookShare on TwitterShare on WhatsAppSend via GMailSend via E-Mail,81,Houses_Peshawar,2026-07-24,https://www.zameen.com/Property/warsak_road_sudais_villas_3_marla_new_beautiful_house_for_sale_in_sudais_villa-54116841-18406-1.html
4.15 marle house for sale,PKR 2.3 Crore,23000000,5,5,4.1 Marla,922.4999999999999,24932,House,False,8,8Share on FacebookShare on TwitterShare on WhatsAppSend via GMailSend via E-Mail,80,Houses_Peshawar,2026-07-24,https://www.zameen.com/Property/peshawar_warsak_road_4_15_marle_house_for_sale-54501470-1000-1.html
4.75 marle house for sale  Fresh house  Basement full tile  Total 6bed rooms  Double story  Location warsak road Sufyan gardan,PKR 2.4 Crore,24000000,2,6,4.7 Marla,1057.5,22695,House,False,11,11Share on FacebookShare on TwitterShare on WhatsAppSend via GMailSend via E-Mail,81,Houses_Peshawar,2026-07-24,https://www.zameen.com/Property/peshawar_warsak_road_4_75_marle_house_for_sale_fresh_house_basement_full_tile_total_6bed_rooms_double_story_location_warsak_road_sufyan_gardan-54501454-1000-1.html
Ideal Prime Location House Is Available For sale In Peshawar,PKR 2 Crore,20000000,6,6,5 Marla,1125.0,17777,House,False,15,15VerifiedShare on FacebookShare on TwitterShare on WhatsAppSend via GMailSend via E-Mail,89,Houses_Peshawar,2026-07-24,https://www.zameen.com/Property/warsak_road_sudais_villas_ideal_prime_location_house_is_available_for_sale_in_peshawar-54500374-18406-1.html
Prime Location House Is Available For sale In Sufiyan Garden,PKR 4.8 Crore,48000000,7,,10 Marla,2250.0,21333,House,False,22,22VerifiedShare on FacebookShare on TwitterShare on WhatsAppSend via GMailSend via E-Mail,89,Houses_Peshawar,2026-07-24,https://www.zameen.com/Property/warsak_road_sufiyan_garden_prime_location_house_is_available_for_sale_in_sufiyan_garden-54500373-19313-1.html
5 Marla Fresh House For Sale In Zone 3 At C1 Sector,PKR 3.3 Crore,33000000,8,6,5 Marla,1125.0,29333,House,False,33,33Share on FacebookShare on TwitterShare on WhatsAppSend via GMailSend via E-Mail,81,Houses_Peshawar,2026-07-24,https://www.zameen.com/Property/regi_model_town_phase_3_regi_model_town_phase_3_-_block_c1_5_marla_fresh_house_for_sale_in_zone_3_at_c1_sector-54494074-17025-1.html
Ready To sale A Prime Location House 10 Marla In Green Cottages Peshawar,PKR 4.9 Crore,49000000,6,,10 Marla,2250.0,21777,House,False,12,hot12VerifiedShare on FacebookShare on TwitterShare on WhatsAppSend via GMailSend via E-Mail,92,Houses_Peshawar,2026-07-24,https://www.zameen.com/Property/warsak_road_green_cottages_ready_to_sale_a_prime_location_house_10_marla_in_green_cottages_peshawar-54407373-11933-1.html
Prime Location 5 Marla House For sale In Arbab Sabz Ali Khan Town Executive Lodges Peshawar,PKR 2.2 Crore,22000000,6,6,5 Marla,1125.0,19555,House,False,17,hot17VerifiedShare on FacebookShare on TwitterShare on WhatsAppSend via GMailSend via E-Mail,92,Houses_Peshawar,2026-07-24,https://www.zameen.com/Property/arbab_sabz_ali_khan_town_arbab_sabz_ali_khan_town_executive_lodges_prime_location_5_marla_house_for_sale_in_arbab_sabz_ali_khan_town_executive_lodges_peshawar-54433917-10382-1.html
A Spacious Prime Location 5 Marla House In Arbab Sabz Ali Khan Town Executive Lodges,PKR 2.2 Crore,22000000,6,6,5 Marla,1125.0,19555,House,False,18,hot18VerifiedShare on FacebookShare on TwitterShare on WhatsAppSend via GMailSend via E-Mail,92,Houses_Peshawar,2026-07-24,https://www.zameen.com/Property/arbab_sabz_ali_khan_town_arbab_sabz_ali_khan_town_executive_lodges_a_spacious_prime_location_5_marla_house_in_arbab_sabz_ali_khan_town_executive_lodges-54433918-10382-1.html
Prime Location 10 Marla House In Arbab Sabz Ali Khan Town Executive Lodges Best Option,PKR 4.7 Crore,47000000,,,10 Marla,2250.0,20888,House,False,19,hot19VerifiedShare on FacebookShare on TwitterShare on WhatsAppSend via GMailSend via E-Mail,92,Houses_Peshawar,2026-07-24,https://www.zameen.com/Property/arbab_sabz_ali_khan_town_arbab_sabz_ali_khan_town_executive_lodges_prime_location_10_marla_house_in_arbab_sabz_ali_khan_town_executive_lodges_best_option-54433919-10382-1.html
Prime Location Officers Garden Colony House Sized 11 Marla Is Available,PKR 7 Crore,70000000,7,,11 Marla,2475.0,28282,House,False,13,hot13VerifiedShare on FacebookShare on TwitterShare on WhatsAppSend via GMailSend via E-Mail,92,Houses_Peshawar,2026-07-24,https://www.zameen.com/Property/warsak_road_officers_garden_colony_prime_location_officers_garden_colony_house_sized_11_marla_is_available-54272701-7655-1.html
Sector B3 | 12 Kv Solar System+ Green Meter House For Sale,PKR 4.44 Crore,44400000,10,6,10 Marla,2250.0,19733,House,False,3,hot3Share on FacebookShare on TwitterShare on WhatsAppSend via GMailSend via E-Mail,83,Houses_Peshawar,2026-07-24,https://www.zameen.com/Property/regi_model_town_regi_model_town_phase_3_sector_b3_12_kv_solar_system_green_meter_house_for_sale-53076467-17013-1.html
Prime Location A Centrally Located House Is Available For Sale In Peshawar,PKR 4.8 Crore,48000000,7,,10 Marla,2250.0,21333,House,False,29,hot29VerifiedShare on FacebookShare on TwitterShare on WhatsAppSend via GMailSend via E-Mail,92,Houses_Peshawar,2026-07-24,https://www.zameen.com/Property/warsak_road_sufiyan_garden_prime_location_a_centrally_located_house_is_available_for_sale_in_peshawar-54460263-19313-1.html
Buy Prime Location 3 Marla House At Highly Affordable Price,PKR 1.15 Crore,11500000,4,4,3 Marla,675.0,17037,House,False,23,hot23VerifiedShare on FacebookShare on TwitterShare on WhatsAppSend via GMailSend via E-Mail,92,Houses_Peshawar,2026-07-24,https://www.zameen.com/Property/warsak_road_sudais_villas_buy_prime_location_3_marla_house_at_highly_affordable_price-54005097-18406-1.html
Get In Touch Now To Buy A Prime Location 7 Marla House In Ali Homes,PKR 4 Crore,40000000,6,6,7 Marla,1575.0,25396,House,False,33,hot33VerifiedShare on FacebookShare on TwitterShare on WhatsAppSend via GMailSend via E-Mail,92,Houses_Peshawar,2026-07-24,https://www.zameen.com/Property/warsak_road_ali_homes_get_in_touch_now_to_buy_a_prime_location_7_marla_house_in_ali_homes-54005096-21999-1.html
Prime Location 10 Marla Spacious House Is Available In Ali Homes For sale,PKR 6 Crore,60000000,8,,10 Marla,2250.0,26666,House,False,45,hot45VerifiedShare on FacebookShare on TwitterShare on WhatsAppSend via GMailSend via E-Mail,92,Houses_Peshawar,2026-07-24,https://www.zameen.com/Property/warsak_road_ali_homes_prime_location_10_marla_spacious_house_is_available_in_ali_homes_for_sale-54005095-21999-1.html
Get In Touch Now To Buy A Prime Location House In Arbab Sabz Ali Khan Town Executive Lodges,PKR 3.1 Crore,31000000,7,,5 Marla,1125.0,27555,House,False,50,hot50VerifiedShare on FacebookShare on TwitterShare on WhatsAppSend via GMailSend via E-Mail,92,Houses_Peshawar,2026-07-24,https://www.zameen.com/Property/arbab_sabz_ali_khan_town_arbab_sabz_ali_khan_town_executive_lodges_get_in_touch_now_to_buy_a_prime_location_house_in_arbab_sabz_ali_khan_town_executive_lodges-53917923-10382-1.html
Stunning Corner 5 Marla House In Green Cottages Available,PKR 2.3 Crore,23000000,5,5,5 Marla,1125.0,20444,House,False,11,hot11VerifiedShare on FacebookShare on TwitterShare on WhatsAppSend via GMailSend via E-Mail,92,Houses_Peshawar,2026-07-24,https://www.zameen.com/Property/warsak_road_green_cottages_stunning_corner_5_marla_house_in_green_cottages_available-54466895-11933-1.html
A Prime Location 3 Marla House Located In Sudais Villas Is Available For sale,PKR 1.3 Crore,13000000,4,4,3 Marla,675.0,19259,House,False,28,hot28VerifiedShare on FacebookShare on TwitterShare on WhatsAppSend via GMailSend via E-Mail,92,Houses_Peshawar,2026-07-24,https://www.zameen.com/Property/warsak_road_sudais_villas_a_prime_location_3_marla_house_located_in_sudais_villas_is_available_for_sale-54466896-18406-1.html
Buying A Prime Location House In Green Cottages?,PKR 2.2 Crore,22000000,5,5,4 Marla,900.0,24444,House,False,39,hot39VerifiedShare on FacebookShare on TwitterShare on WhatsAppSend via GMailSend via E-Mail,92,Houses_Peshawar,2026-07-24,https://www.zameen.com/Property/warsak_road_green_cottages_buying_a_prime_location_house_in_green_cottages-54466892-11933-1.html
Ideally Located Prime Location House Of 3 Marla Is Available For Sale In Peshawar,PKR 1.2 Crore,12000000,4,4,3 Marla,675.0,17777,House,False,26,hot26VerifiedShare on FacebookShare on TwitterShare on WhatsAppSend via GMailSend via E-Mail,92,Houses_Peshawar,2026-07-24,https://www.zameen.com/Property/warsak_road_sudais_villas_ideally_located_prime_location_house_of_3_marla_is_available_for_sale_in_peshawar-54465659-18406-1.html
Prime Location 4.5 Marla House For Sale Available In Warsak Road,PKR 2.2 Crore,22000000,5,5,4.5 Marla,1012.5,21728,House,False,40,hot40VerifiedShare on FacebookShare on TwitterShare on WhatsAppSend via GMailSend via E-Mail,92,Houses_Peshawar,2026-07-24,https://www.zameen.com/Property/warsak_road_green_cottages_prime_location_4_5_marla_house_for_sale_available_in_warsak_road-54466893-11933-1.html
1 Kanal Luxury House Available For Sale,PKR 7.5 Crore,75000000,10,,1 Kanal,4500.0,16666,House,False,15,hot15Share on FacebookShare on TwitterShare on WhatsAppSend via GMailSend via E-Mail,84,Houses_Peshawar,2026-07-24,https://www.zameen.com/Property/regi_model_town_regi_model_town_phase_4_1_kanal_luxury_house_available_for_sale-53450679-17014-1.html
affordable house house for sale,PKR 1.95 Crore,19500000,5,4,5 Marla,1125.0,17333,House,False,,Share on FacebookShare on TwitterShare on WhatsAppSend via GMailSend via E-Mail,79,Houses_Peshawar,2026-07-24,https://www.zameen.com/Property/hayatabad_hayatabad_phase_1_affordable_house_house_for_sale-54501504-7597-1.html
10 marla new untouched house,PKR 8.25 Crore,82500000,9,,10 Marla,2250.0,36666,House,True,,Share on FacebookShare on TwitterShare on WhatsAppSend via GMailSend via E-Mail,79,Houses_Peshawar,2026-07-24,https://www.zameen.com/Property/hayatabad_phase_3_hayatabad_phase_3_-_k4_10_marla_new_untouched_house-54501149-7621-1.html
Prime Location 5 Marla House In Warsak Road For Sale At Good Location,PKR 3.1 Crore,31000000,6,,5 Marla,1125.0,27555,House,False,18,18VerifiedShare on FacebookShare on TwitterShare on WhatsAppSend via GMailSend via E-Mail,89,Houses_Peshawar,2026-07-24,https://www.zameen.com/Property/arbab_sabz_ali_khan_town_arbab_sabz_ali_khan_town_executive_lodges_prime_location_5_marla_house_in_warsak_road_for_sale_at_good_location-54272556-10382-1.html
Buying A Prime Location House In Al-Moeez Housing Society?,PKR 4.5 Crore,45000000,7,,11 Marla,2475.0,18181,House,False,39,39VerifiedShare on FacebookShare on TwitterShare on WhatsAppSend via GMailSend via E-Mail,89,Houses_Peshawar,2026-07-24,https://www.zameen.com/Property/peshawar_al-moeez_housing_society_buying_a_prime_location_house_in_al-moeez_housing_society-54272633-21067-1.html
Prime Location 9 Marla House Up For sale In Darmangi,PKR 3.7 Crore,37000000,6,6,9 Marla,2025.0,18271,House,False,16,16VerifiedShare on FacebookShare on TwitterShare on WhatsAppSend via GMailSend via E-Mail,89,Houses_Peshawar,2026-07-24,https://www.zameen.com/Property/warsak_road_darmangi_prime_location_9_marla_house_up_for_sale_in_darmangi-54291213-12422-1.html
South Open Corner Solid House with Basement,PKR 9.5 Crore,95000000,9,7,1 Kanal,4500.0,21111,House,False,7,7Share on FacebookShare on TwitterShare on WhatsAppSend via GMailSend via E-Mail,80,Houses_Peshawar,2026-07-24,https://www.zameen.com/Property/peshawar_hayatabad_south_open_corner_solid_house_with_basement-53055714-394-1.html
22 Marla South Corner House FOR SALE  10 Kv Solar System Installed,PKR 7.1 Crore,71000000,10,6,1.1 Kanal,4950.0,14343,House,False,14,14Share on FacebookShare on TwitterShare on WhatsAppSend via GMailSend via E-Mail,81,Houses_Peshawar,2026-07-24,https://www.zameen.com/Property/peshawar_regi_model_town_22_marla_south_corner_house_for_sale_10_kv_solar_system_installed-52983002-7660-1.html
South Facing | 2 Minutes Walking Distance Market Masjid Park| Prime Location,PKR 9.1 Crore,91000000,9,6,1 Kanal,4500.0,20222,Unknown,False,13,13Share on FacebookShare on TwitterShare on WhatsAppSend via GMailSend via E-Mail,81,Houses_Peshawar,2026-07-24,https://www.zameen.com/Property/dha_phase_1_dha_phase_1_-_sector_a_south_facing_2_minutes_walking_distance_market_masjid_park_prime_location-54207457-12292-1.html
1 Kanal Luxury House For Sale In DHA Peshawar Sector B,PKR 11 Crore,110000000,8,6,1 Kanal,4500.0,24444,House,False,25,hot25Share on FacebookShare on TwitterShare on WhatsAppSend via GMailSend via E-Mail,84,Houses_Peshawar,2026-07-24,https://www.zameen.com/Property/peshawar_dha_defence_1_kanal_luxury_house_for_sale_in_dha_peshawar_sector_b-54478784-9050-1.html
10 Marla New House For Sale,PKR 5.25 Crore,52500000,4,5,10 Marla,2250.0,23333,House,False,13,hot13Share on FacebookShare on TwitterShare on WhatsAppSend via GMailSend via E-Mail,84,Houses_Peshawar,2026-07-24,https://www.zameen.com/Property/peshawar_askari_6_10_marla_new_house_for_sale-45753136-9275-1.html
12 Marla Beautiful House For Sale,PKR 5.7 Crore,57000000,5,6,12 Marla,2700.0,21111,House,False,50,hot50Share on FacebookShare on TwitterShare on WhatsAppSend via GMailSend via E-Mail,84,Houses_Peshawar,2026-07-24,https://www.zameen.com/Property/peshawar_askari_6_12_marla_beautiful_house_for_sale-49750104-9275-1.html
Kanal Corner House For Sale,PKR 8 Crore,80000000,5,6,1 Kanal,4500.0,17777,House,False,39,hot39Share on FacebookShare on TwitterShare on WhatsAppSend via GMailSend via E-Mail,84,Houses_Peshawar,2026-07-24,https://www.zameen.com/Property/peshawar_askari_6_kanal_corner_house_for_sale-51902647-9275-1.html
This Is Your Chance To Buy Prime Location House In Sufiyan Garden Peshawar,PKR 4.1 Crore,41000000,6,6,10 Marla,2250.0,18222,House,False,49,hot49VerifiedShare on FacebookShare on TwitterShare on WhatsAppSend via GMailSend via E-Mail,92,Houses_Peshawar,2026-07-24,https://www.zameen.com/Property/warsak_road_sufiyan_garden_this_is_your_chance_to_buy_prime_location_house_in_sufiyan_garden_peshawar-54426747-19313-1.html
Prime Location House In Green Cottages Sized 4 Marla Is Available,PKR 2.2 Crore,22000000,4,4,4 Marla,900.0,24444,House,False,40,hot40VerifiedShare on FacebookShare on TwitterShare on WhatsAppSend via GMailSend via E-Mail,92,Houses_Peshawar,2026-07-24,https://www.zameen.com/Property/warsak_road_green_cottages_prime_location_house_in_green_cottages_sized_4_marla_is_available-54426748-11933-1.html
Brand New Luxury House For Sale,PKR 2.1 Crore,21000000,5,5,5 Marla,1125.0,18666,House,False,17,hot17Share on FacebookShare on TwitterShare on WhatsAppSend via GMailSend via E-Mail,84,Houses_Peshawar,2026-07-24,https://www.zameen.com/Property/warsak_road_sufiyan_garden_brand_new_luxury_house_for_sale-54482139-19313-1.html
Get This Amazing Prime Location 4 Marla House Available In Warsak Road,PKR 2.3 Crore,23000000,5,5,4 Marla,900.0,25555,House,False,23,hot23VerifiedShare on FacebookShare on TwitterShare on WhatsAppSend via GMailSend via E-Mail,92,Houses_Peshawar,2026-07-24,https://www.zameen.com/Property/peshawar_warsak_road_get_this_amazing_prime_location_4_marla_house_available_in_warsak_road-54427361-1000-1.html
5 Marla New Corner House For Sale In Sheikh Yaseen Town Peshawar,PKR 1.9 Crore,19000000,8,,5 Marla,1125.0,16888,House,False,15,hot15Share on FacebookShare on TwitterShare on WhatsAppSend via GMailSend via E-Mail,84,Houses_Peshawar,2026-07-24,https://www.zameen.com/Property/nasir_bagh_road_sheikh_yaseen_town_5_marla_new_corner_house_for_sale_in_sheikh_yaseen_town_peshawar-54210995-13024-1.html
5 Marla South Open Grey Structure House For Sale In Zone 3 Regi Model Town Peshawar,PKR 2.25 Crore,22500000,8,,5 Marla,1125.0,20000,House,False,,hotShare on FacebookShare on TwitterShare on WhatsAppSend via GMailSend via E-Mail,82,Houses_Peshawar,2026-07-24,https://www.zameen.com/Property/regi_model_town_regi_model_town_phase_3_5_marla_south_open_grey_structure_house_for_sale_in_zone_3_regi_model_town_peshawar-54479596-17013-1.html
House In Sector A For Sale (Prime Location),PKR 6.6 Crore,66000000,7,6,1 Kanal,4500.0,14666,House,False,1,hot1Share on FacebookShare on TwitterShare on WhatsAppSend via GMailSend via E-Mail,83,Houses_Peshawar,2026-07-24,https://www.zameen.com/Property/dha_phase_1_dha_phase_1_-_sector_a_house_in_sector_a_for_sale_prime_location-54340944-12292-1.html
Prime Location House Of 10 Marla In Hayatabad Phase 7 Is Available,PKR 5.8 Crore,58000000,8,6,10 Marla,2250.0,25777,House,False,17,hot17VerifiedShare on FacebookShare on TwitterShare on WhatsAppSend via GMailSend via E-Mail,92,Houses_Peshawar,2026-07-24,https://www.zameen.com/Property/hayatabad_hayatabad_phase_7_prime_location_house_of_10_marla_in_hayatabad_phase_7_is_available-54403893-8534-1.html
Ideal Prime Location House For Sale In Hayatabad Phase 7,PKR 2.8 Crore,28000000,6,6,5 Marla,1125.0,24888,House,False,10,hot10VerifiedShare on FacebookShare on TwitterShare on WhatsAppSend via GMailSend via E-Mail,92,Houses_Peshawar,2026-07-24,https://www.zameen.com/Property/hayatabad_hayatabad_phase_7_ideal_prime_location_house_for_sale_in_hayatabad_phase_7-54403890-8534-1.html
Aesthetic Prime Location House Of 5 Marla For Sale Is Available,PKR 3.8 Crore,38000000,8,6,5 Marla,1125.0,33777,House,False,11,hot11VerifiedShare on FacebookShare on TwitterShare on WhatsAppSend via GMailSend via E-Mail,92,Houses_Peshawar,2026-07-24,https://www.zameen.com/Property/hayatabad_hayatabad_phase_7_aesthetic_prime_location_house_of_5_marla_for_sale_is_available-54362812-8534-1.html
5 Marla House For Sale Zone 3 Sector C1 Regi Model Town Peshawar,PKR 3.3 Crore,33000000,8,6,5 Marla,1125.0,29333,House,False,22,hot22Share on FacebookShare on TwitterShare on WhatsAppSend via GMailSend via E-Mail,84,Houses_Peshawar,2026-07-24,https://www.zameen.com/Property/regi_model_town_phase_3_regi_model_town_phase_3_-_block_c1_5_marla_house_for_sale_zone_3_sector_c1_regi_model_town_peshawar-54334561-17025-1.html
Prime Location 10 Marla House In Stunning Hayatabad Phase 1 Is Available For sale,PKR 4.5 Crore,45000000,6,6,10 Marla,2250.0,20000,House,False,10,hot10VerifiedShare on FacebookShare on TwitterShare on WhatsAppSend via GMailSend via E-Mail,92,Houses_Peshawar,2026-07-24,https://www.zameen.com/Property/hayatabad_hayatabad_phase_1_prime_location_10_marla_house_in_stunning_hayatabad_phase_1_is_available_for_sale-54338934-7597-1.html
Prime Location 10 Marla House In Hayatabad Phase 7 For sale,PKR 6.9 Crore,69000000,8,6,10 Marla,2250.0,30666,House,False,34,hot34VerifiedShare on FacebookShare on TwitterShare on WhatsAppSend via GMailSend via E-Mail,92,Houses_Peshawar,2026-07-24,https://www.zameen.com/Property/hayatabad_hayatabad_phase_7_prime_location_10_marla_house_in_hayatabad_phase_7_for_sale-54338933-8534-1.html
Brand New Beautiful House For Sell In Dha Peshawar On Double Road Near To park Masjid Market,PKR 7 Crore,70000000,7,6,1 Kanal,4500.0,15555,House,True,11,11Share on FacebookShare on TwitterShare on WhatsAppSend via GMailSend via E-Mail,81,Houses_Peshawar,2026-07-24,https://www.zameen.com/Property/dha_phase_1_dha_phase_1_-_sector_a_brand_new_beautiful_house_for_sell_in_dha_peshawar_on_double_road_near_to_park_masjid_market-52734187-12292-1.html
Prime Location Sufiyan Garden House Sized 5 Marla,PKR 2.2 Crore,22000000,7,,5 Marla,1125.0,19555,House,False,23,23VerifiedShare on FacebookShare on TwitterShare on WhatsAppSend via GMailSend via E-Mail,89,Houses_Peshawar,2026-07-24,https://www.zameen.com/Property/warsak_road_sufiyan_garden_prime_location_sufiyan_garden_house_sized_5_marla-53909825-19313-1.html
A Prime Location 12 Marla House Has Landed On Market In Darmangi Of Peshawar,PKR 3.5 Crore,35000000,6,6,12 Marla,2700.0,12962,House,False,28,28VerifiedShare on FacebookShare on TwitterShare on WhatsAppSend via GMailSend via E-Mail,89,Houses_Peshawar,2026-07-24,https://www.zameen.com/Property/warsak_road_darmangi_a_prime_location_12_marla_house_has_landed_on_market_in_darmangi_of_peshawar-53866238-12422-1.html
Well-constructed Fully Furnished House Available For sale In Sufiyan Garden,PKR 1.5 Crore,15000000,3,3,5 Marla,1125.0,13333,House,False,24,24VerifiedShare on FacebookShare on TwitterShare on WhatsAppSend via GMailSend via E-Mail,89,Houses_Peshawar,2026-07-24,https://www.zameen.com/Property/warsak_road_sufiyan_garden_well-constructed_fully_furnished_house_available_for_sale_in_sufiyan_garden-53676986-19313-1.html
Find Your Ideal Prime Location House In Peshawar Under Rs. 20000000,PKR 2 Crore,20000000,5,5,5 Marla,1125.0,17777,House,False,30,30VerifiedShare on FacebookShare on TwitterShare on WhatsAppSend via GMailSend via E-Mail,89,Houses_Peshawar,2026-07-24,https://www.zameen.com/Property/warsak_road_darmangi_find_your_ideal_prime_location_house_in_peshawar_under_rs_20000000-53665211-12422-1.html
Prime Location 3 Marla House For Sale In Warsak Road,PKR 1.45 Crore,14500000,4,4,3 Marla,675.0,21481,House,False,19,19VerifiedShare on FacebookShare on TwitterShare on WhatsAppSend via GMailSend via E-Mail,89,Houses_Peshawar,2026-07-24,https://www.zameen.com/Property/peshawar_warsak_road_prime_location_3_marla_house_for_sale_in_warsak_road-53450709-1000-1.html
Your Ideal Prime Location 5 Marla House Has Just Become Available In Arbab Sabz Ali Khan Town Executive Lodges,PKR 2.5 Crore,25000000,7,,5 Marla,1125.0,22222,House,False,25,25VerifiedShare on FacebookShare on TwitterShare on WhatsAppSend via GMailSend via E-Mail,89,Houses_Peshawar,2026-07-24,https://www.zameen.com/Property/arbab_sabz_ali_khan_town_arbab_sabz_ali_khan_town_executive_lodges_your_ideal_prime_location_5_marla_house_has_just_become_available_in_arbab_sabz_ali_khan_town_executive_lodges-53422731-10382-1.html
Prime Location House Of 10 Marla Is Available For sale,PKR 5.5 Crore,55000000,6,6,10 Marla,2250.0,24444,House,False,13,13VerifiedShare on FacebookShare on TwitterShare on WhatsAppSend via GMailSend via E-Mail,89,Houses_Peshawar,2026-07-24,https://www.zameen.com/Property/peshawar_irshadabad_prime_location_house_of_10_marla_is_available_for_sale-54236018-10380-1.html
Prime Location House For Sale In Hayatabad Phase 6 Peshawar,PKR 4.1 Crore,41000000,9,6,7 Marla,1575.0,26031,House,False,17,hot17VerifiedShare on FacebookShare on TwitterShare on WhatsAppSend via GMailSend via E-Mail,92,Houses_Peshawar,2026-07-24,https://www.zameen.com/Property/hayatabad_hayatabad_phase_6_prime_location_house_for_sale_in_hayatabad_phase_6_peshawar-54338932-7627-1.html
10 Marla Double Garage House For Sale,PKR 6 Crore,60000000,9,6,10 Marla,2250.0,26666,House,True,7,hot7Share on FacebookShare on TwitterShare on WhatsAppSend via GMailSend via E-Mail,83,Houses_Peshawar,2026-07-24,https://www.zameen.com/Property/hayatabad_phase_6_hayatabad_phase_6_-_f7_10_marla_double_garage_house_for_sale-54450840-7633-1.html
Prime 7 Marla House For Sale In Hayatabad Perfectly Located Near CECOS University,PKR 6.2 Crore,62000000,8,7,7 Marla,1575.0,39365,House,False,21,hot21Share on FacebookShare on TwitterShare on WhatsAppSend via GMailSend via E-Mail,84,Houses_Peshawar,2026-07-24,https://www.zameen.com/Property/hayatabad_phase_6_hayatabad_phase_6_-_f6_prime_7_marla_house_for_sale_in_hayatabad_perfectly_located_near_cecos_university-54209248-7632-1.html
10 Marla Park Facing Single Story House In Police Colony Of Police Colony Is Available For Sale,PKR 3.5 Crore,35000000,3,3,10 Marla,2250.0,15555,House,False,,hotShare on FacebookShare on TwitterShare on WhatsAppSend via GMailSend via E-Mail,82,Houses_Peshawar,2026-07-24,https://www.zameen.com/Property/peshawar_police_colony_10_marla_park_facing_single_story_house_in_police_colony_of_police_colony_is_available_for_sale-54309629-12359-1.html
10 Marla Vip House For Sale,PKR 6.8 Crore,68000000,9,6,10 Marla,2250.0,30222,House,False,13,hot13Share on FacebookShare on TwitterShare on WhatsAppSend via GMailSend via E-Mail,84,Houses_Peshawar,2026-07-24,https://www.zameen.com/Property/hayatabad_phase_7_hayatabad_phase_7_-_e5_10_marla_vip_house_for_sale-54445977-13218-1.html
Brand New House Available For Sale,PKR 14.5 Crore,145000000,5,5,15 Marla,3375.0,42962,House,False,32,hot32Share on FacebookShare on TwitterShare on WhatsAppSend via GMailSend via E-Mail,84,Houses_Peshawar,2026-07-24,https://www.zameen.com/Property/peshawar_university_town_brand_new_house_available_for_sale-46758267-1437-1.html
"Luxury 1 Kanal House For Sale Hayatabad Phase 7, Sector E6",PKR 10.8 Crore,108000000,,,1 Kanal,4500.0,24000,House,False,24,hot24Share on FacebookShare on TwitterShare on WhatsAppSend via GMailSend via E-Mail,84,Houses_Peshawar,2026-07-24,https://www.zameen.com/Property/hayatabad_phase_7_hayatabad_phase_7_-_e6_luxury_1_kanal_house_for_sale_hayatabad_phase_7_sector_e6-54086685-13219-1.html
Luxury House for Sale | Defence Officer Colony | Peshawar,PKR 22 Crore,220000000,11,7,1.5 Kanal,6750.0,32592,House,False,15,hot15Share on FacebookShare on TwitterShare on WhatsAppSend via GMailSend via E-Mail,84,Houses_Peshawar,2026-07-24,https://www.zameen.com/Property/peshawar_defence_officer_colony_luxury_house_for_sale_defence_officer_colony_peshawar-53290729-392-1.html
Exclusive 6 Marla Luxury Corner House | Triple Storey | Zone 4 Regi Model Town,PKR 3.3 Crore,33000000,8,7,6 Marla,1350.0,24444,House,True,16,hot16Share on FacebookShare on TwitterShare on WhatsAppSend via GMailSend via E-Mail,84,Houses_Peshawar,2026-07-24,https://www.zameen.com/Property/regi_model_town_regi_model_town_phase_4_exclusive_6_marla_luxury_corner_house_triple_storey_zone_4_regi_model_town-54418906-17014-1.html
6 Marla 9 Rooms Attach Bath Double Car Porch Gas Electricity Water Available Malik Tariq Road Street 1 Ring Road RMC Hospital House For Sale,PKR 2.8 Crore,28000000,9,2,6 Marla,1350.0,20740,House,False,16,hot16Share on FacebookShare on TwitterShare on WhatsAppSend via GMailSend via E-Mail,84,Houses_Peshawar,2026-07-24,https://www.zameen.com/Property/peshawar_ring_road_6_marla_9_rooms_attach_bath_double_car_porch_gas_electricity_water_available_malik_tariq_road_street_1_ring_road_rmc_hospital_house_for_sale-54418546-997-1.html
You Can Find A Gorgeous House For Sale In Dalazak Road,PKR 7 Crore,70000000,10,,13 Marla,2925.0,23931,House,False,15,hot15Share on FacebookShare on TwitterShare on WhatsAppSend via GMailSend via E-Mail,84,Houses_Peshawar,2026-07-24,https://www.zameen.com/Property/peshawar_dalazak_road_you_can_find_a_gorgeous_house_for_sale_in_dalazak_road-54417117-7587-1.html
10 Marla Brand New House For Sale In RMT Zone 4 Prime Location,PKR 4.8 Crore,48000000,10,,10 Marla,2250.0,21333,House,False,30,hot30Share on FacebookShare on TwitterShare on WhatsAppSend via GMailSend via E-Mail,84,Houses_Peshawar,2026-07-24,https://www.zameen.com/Property/peshawar_regi_model_town_10_marla_brand_new_house_for_sale_in_rmt_zone_4_prime_location-53591251-7660-1.html
3.25 Marla House,PKR 96 Lakh,9600000,4,4,3.2 Marla,720.0,13333,House,False,20,hot20Share on FacebookShare on TwitterShare on WhatsAppSend via GMailSend via E-Mail,84,Houses_Peshawar,2026-07-24,https://www.zameen.com/Property/warsak_road_uzair_town_3_25_marla_house-54289779-22002-1.html
Own Your Dream House At RMT Zone 3 For Sale,PKR 3.2 Crore,32000000,7,6,5 Marla,1125.0,28444,House,False,11,hot11Share on FacebookShare on TwitterShare on WhatsAppSend via GMailSend via E-Mail,84,Houses_Peshawar,2026-07-24,https://www.zameen.com/Property/peshawar_regi_model_town_own_your_dream_house_at_rmt_zone_3_for_sale-54390406-7660-1.html
Buy A 5 Marla House For sale In Hayatabad Phase 6,PKR 2.75 Crore,27500000,7,5,5 Marla,1125.0,24444,House,False,10,hot10Share on FacebookShare on TwitterShare on WhatsAppSend via GMailSend via E-Mail,84,Houses_Peshawar,2026-07-24,https://www.zameen.com/Property/hayatabad_hayatabad_phase_6_buy_a_5_marla_house_for_sale_in_hayatabad_phase_6-54423943-7627-1.html
Beautiful House Available For Sale Hayatabad,PKR 6.5 Crore,65000000,6,6,1 Kanal,4500.0,14444,House,False,10,hot10Share on FacebookShare on TwitterShare on WhatsAppSend via GMailSend via E-Mail,84,Houses_Peshawar,2026-07-24,https://www.zameen.com/Property/hayatabad_hayatabad_phase_1_beautiful_house_available_for_sale_hayatabad-54434698-7597-1.html
The Friends Properties Offers A 10 Marla Low Budget House For Sale Hayatabad Phase 2 Prime Location,PKR 4.8 Crore,48000000,7,,10 Marla,2250.0,21333,House,False,2,hot2Share on FacebookShare on TwitterShare on WhatsAppSend via GMailSend via E-Mail,83,Houses_Peshawar,2026-07-24,https://www.zameen.com/Property/hayatabad_hayatabad_phase_2_the_friends_properties_offers_a_10_marla_low_budget_house_for_sale_hayatabad_phase_2_prime_location-54423955-7602-1.html
Prime Location 10 Marla House For Sale In Darmangi,PKR 4 Crore,40000000,6,6,10 Marla,2250.0,17777,House,False,44,44VerifiedShare on FacebookShare on TwitterShare on WhatsAppSend via GMailSend via E-Mail,89,Houses_Peshawar,2026-07-24,https://www.zameen.com/Property/warsak_road_darmangi_prime_location_10_marla_house_for_sale_in_darmangi-54228120-12422-1.html
Gorgeous Prime Location 4 Marla House For sale Available In Arbab Sabz Ali Khan Town,PKR 1.8 Crore,18000000,4,4,4 Marla,900.0,20000,House,False,25,25VerifiedShare on FacebookShare on TwitterShare on WhatsAppSend via GMailSend via E-Mail,89,Houses_Peshawar,2026-07-24,https://www.zameen.com/Property/warsak_road_arbab_sabz_ali_khan_town_gorgeous_prime_location_4_marla_house_for_sale_available_in_arbab_sabz_ali_khan_town-54166188-10222-1.html
1 Kanal House For Sell In Hayatabad Phase 6,PKR 7.5 Crore,75000000,8,6,1 Kanal,4500.0,16666,House,True,8,8Share on FacebookShare on TwitterShare on WhatsAppSend via GMailSend via E-Mail,80,Houses_Peshawar,2026-07-24,https://www.zameen.com/Property/hayatabad_hayatabad_phase_6_1_kanal_house_for_sell_in_hayatabad_phase_6-53420493-7627-1.html
10 Marla Finishing Stage Prime Location House For Sale,PKR 7.4 Crore,74000000,9,6,10 Marla,2250.0,32888,House,False,15,15Share on FacebookShare on TwitterShare on WhatsAppSend via GMailSend via E-Mail,81,Houses_Peshawar,2026-07-24,https://www.zameen.com/Property/hayatabad_hayatabad_phase_6_10_marla_finishing_stage_prime_location_house_for_sale-54210914-7627-1.html
5 Marla Untouch House For Sale Regi Zone 4,PKR 3.1 Crore,31000000,8,6,5 Marla,1125.0,27555,House,False,6,6Share on FacebookShare on TwitterShare on WhatsAppSend via GMailSend via E-Mail,80,Houses_Peshawar,2026-07-24,https://www.zameen.com/Property/peshawar_regi_model_town_5_marla_untouch_house_for_sale_regi_zone_4-54484838-7660-1.html
Buying A Prime Location House In Peshawar?,PKR 1.2 Crore,12000000,3,3,3 Marla,675.0,17777,House,False,26,26VerifiedShare on FacebookShare on TwitterShare on WhatsAppSend via GMailSend via E-Mail,89,Houses_Peshawar,2026-07-24,https://www.zameen.com/Property/warsak_road_ali_villas_buying_a_prime_location_house_in_peshawar-53891889-22001-1.html
Prime Location House Of 15 Marla For Sale In Arbab Sabz Ali Khan Town,PKR 4.5 Crore,45000000,6,6,15 Marla,3375.0,13333,House,False,17,17VerifiedShare on FacebookShare on TwitterShare on WhatsAppSend via GMailSend via E-Mail,89,Houses_Peshawar,2026-07-24,https://www.zameen.com/Property/warsak_road_arbab_sabz_ali_khan_town_prime_location_house_of_15_marla_for_sale_in_arbab_sabz_ali_khan_town-54267458-10222-1.html
Prime Location 5 Marla House Is Available In Warsak Road,PKR 2.2 Crore,22000000,5,5,5 Marla,1125.0,19555,House,False,26,26VerifiedShare on FacebookShare on TwitterShare on WhatsAppSend via GMailSend via E-Mail,89,Houses_Peshawar,2026-07-24,https://www.zameen.com/Property/peshawar_warsak_road_prime_location_5_marla_house_is_available_in_warsak_road-54309979-1000-1.html
House Of 4 Marla In Darmangi Is Available,PKR 1.38 Crore,13799999,4,4,4 Marla,900.0,15333,House,False,17,hot17Share on FacebookShare on TwitterShare on WhatsAppSend via GMailSend via E-Mail,84,Houses_Peshawar,2026-07-24,https://www.zameen.com/Property/warsak_road_darmangi_house_of_4_marla_in_darmangi_is_available-54401103-12422-1.html
Prime Location 2 Marla House In Sudais Villas Is Available For sale,PKR 1.1 Crore,11000000,4,5,2 Marla,450.0,24444,House,False,10,hot10VerifiedShare on FacebookShare on TwitterShare on WhatsAppSend via GMailSend via E-Mail,92,Houses_Peshawar,2026-07-24,https://www.zameen.com/Property/warsak_road_sudais_villas_prime_location_2_marla_house_in_sudais_villas_is_available_for_sale-54355571-18406-1.html
"Premium 10 Marla Luxury Living House Available For Sale In The Highly Desirable Zone 3, Sector C3.",PKR 4.9 Crore,49000000,10,6,10 Marla,2250.0,21777,House,True,32,hot32Share on FacebookShare on TwitterShare on WhatsAppSend via GMailSend via E-Mail,84,Houses_Peshawar,2026-07-24,https://www.zameen.com/Property/regi_model_town_phase_3_regi_model_town_phase_3_-_block_c3_premium_10_marla_luxury_living_house_available_for_sale_in_the_highly_desirable_zone_3_sector_c3-54325663-17026-1.html
5 Marla Low Budget House For Sale In HAYATABAD Phase 3,PKR 2.4 Crore,24000000,4,4,5 Marla,1125.0,21333,House,False,1,hot1Share on FacebookShare on TwitterShare on WhatsAppSend via GMailSend via E-Mail,83,Houses_Peshawar,2026-07-24,https://www.zameen.com/Property/hayatabad_hayatabad_phase_3_5_marla_low_budget_house_for_sale_in_hayatabad_phase_3-54383012-7617-1.html
Beautiful House Available For Sale,PKR 4.4 Crore,44000000,9,6,10 Marla,2250.0,19555,House,False,1,hot1Share on FacebookShare on TwitterShare on WhatsAppSend via GMailSend via E-Mail,83,Houses_Peshawar,2026-07-24,https://www.zameen.com/Property/peshawar_ring_road_beautiful_house_available_for_sale-54424980-997-1.html
Prime Location Green Cottages House Sized 4 Marla Is Available,PKR 2.25 Crore,22500000,5,5,4 Marla,900.0,25000,House,False,19,19VerifiedShare on FacebookShare on TwitterShare on WhatsAppSend via GMailSend via E-Mail,89,Houses_Peshawar,2026-07-24,https://www.zameen.com/Property/warsak_road_green_cottages_prime_location_green_cottages_house_sized_4_marla_is_available-54309993-11933-1.html
A Prime Location House Of 8 Marla In Rs. 34000000,PKR 3.4 Crore,34000000,6,6,8 Marla,1800.0,18888,House,False,24,24VerifiedShare on FacebookShare on TwitterShare on WhatsAppSend via GMailSend via E-Mail,89,Houses_Peshawar,2026-07-24,https://www.zameen.com/Property/warsak_road_sufiyan_garden_a_prime_location_house_of_8_marla_in_rs_34000000-54353328-19313-1.html
Prime Location 3 Marla Spacious House Is Available In Warsak Road For Sale,PKR 95 Lakh,9500000,6,6,3 Marla,675.0,14074,House,False,21,21VerifiedShare on FacebookShare on TwitterShare on WhatsAppSend via GMailSend via E-Mail,89,Houses_Peshawar,2026-07-24,https://www.zameen.com/Property/peshawar_warsak_road_prime_location_3_marla_spacious_house_is_available_in_warsak_road_for_sale-53326851-1000-1.html
Idyllic Prime Location House Available In Arbab Sabz Ali Khan Town Executive Lodges For sale,PKR 3.6 Crore,36000000,7,,7 Marla,1575.0,22857,House,False,33,33VerifiedShare on FacebookShare on TwitterShare on WhatsAppSend via GMailSend via E-Mail,89,Houses_Peshawar,2026-07-24,https://www.zameen.com/Property/arbab_sabz_ali_khan_town_arbab_sabz_ali_khan_town_executive_lodges_idyllic_prime_location_house_available_in_arbab_sabz_ali_khan_town_executive_lodges_for_sale-54334769-10382-1.html
Prime Location 4 Marla House For Sale In Green Cottages Peshawar,PKR 2.35 Crore,23500000,4,5,4 Marla,900.0,26111,House,False,25,25VerifiedShare on FacebookShare on TwitterShare on WhatsAppSend via GMailSend via E-Mail,89,Houses_Peshawar,2026-07-24,https://www.zameen.com/Property/warsak_road_green_cottages_prime_location_4_marla_house_for_sale_in_green_cottages_peshawar-54324120-11933-1.html
Prime Location House Of 5 Marla For Sale In Arbab Sabz Ali Khan Town Executive Lodges,PKR 2.2 Crore,22000000,5,5,5 Marla,1125.0,19555,House,False,19,19VerifiedShare on FacebookShare on TwitterShare on WhatsAppSend via GMailSend via E-Mail,89,Houses_Peshawar,2026-07-24,https://www.zameen.com/Property/arbab_sabz_ali_khan_town_arbab_sabz_ali_khan_town_executive_lodges_prime_location_house_of_5_marla_for_sale_in_arbab_sabz_ali_khan_town_executive_lodges-54267440-10382-1.html
"Ideal Prime Location 5 Marla House has landed on market in Arbab Sabz Ali Khan Town Executive Lodges, Peshawar",PKR 2.3 Crore,23000000,5,5,5 Marla,1125.0,20444,House,False,35,35VerifiedShare on FacebookShare on TwitterShare on WhatsAppSend via GMailSend via E-Mail,89,Houses_Peshawar,2026-07-24,https://www.zameen.com/Property/arbab_sabz_ali_khan_town_arbab_sabz_ali_khan_town_executive_lodges_ideal_prime_location_5_marla_house_has_landed_on_market_in_arbab_sabz_ali_khan_town_executive_lodges_peshawar-54247887-10382-1.html
This Is Your Chance To Buy Prime Location House In Sufiyan Garden Peshawar,PKR 4 Crore,40000000,6,6,10 Marla,2250.0,17777,House,False,39,39VerifiedShare on FacebookShare on TwitterShare on WhatsAppSend via GMailSend via E-Mail,89,Houses_Peshawar,2026-07-24,https://www.zameen.com/Property/warsak_road_sufiyan_garden_this_is_your_chance_to_buy_prime_location_house_in_sufiyan_garden_peshawar-54166187-19313-1.html
A Prime Location House Of 5 Marla In Arbab Sabz Ali Khan Town Executive Lodges,PKR 2.7 Crore,27000000,8,,5 Marla,1125.0,24000,House,False,34,34VerifiedShare on FacebookShare on TwitterShare on WhatsAppSend via GMailSend via E-Mail,89,Houses_Peshawar,2026-07-24,https://www.zameen.com/Property/arbab_sabz_ali_khan_town_arbab_sabz_ali_khan_town_executive_lodges_a_prime_location_house_of_5_marla_in_arbab_sabz_ali_khan_town_executive_lodges-54353325-10382-1.html
Prime Location 4 Marla House For Sale In Arbab Sabz Ali Khan Town Peshawar In Only Rs. 16000000,PKR 1.6 Crore,16000000,6,6,4 Marla,900.0,17777,House,False,21,21VerifiedShare on FacebookShare on TwitterShare on WhatsAppSend via GMailSend via E-Mail,89,Houses_Peshawar,2026-07-24,https://www.zameen.com/Property/warsak_road_arbab_sabz_ali_khan_town_prime_location_4_marla_house_for_sale_in_arbab_sabz_ali_khan_town_peshawar_in_only_rs_16000000-54353326-10222-1.html
Get Your Dream Prime Location House In Arbab Sabz Ali Khan Town Executive Lodges Peshawar,PKR 2.85 Crore,28500000,8,,5 Marla,1125.0,25333,House,False,33,33VerifiedShare on FacebookShare on TwitterShare on WhatsAppSend via GMailSend via E-Mail,89,Houses_Peshawar,2026-07-24,https://www.zameen.com/Property/arbab_sabz_ali_khan_town_arbab_sabz_ali_khan_town_executive_lodges_get_your_dream_prime_location_house_in_arbab_sabz_ali_khan_town_executive_lodges_peshawar-54359604-10382-1.html
Well-Constructed Grey Structure House Available For Sale In Arbab Sabz Ali Khan Town Executive Lodges,PKR 1.5 Crore,15000000,6,6,5 Marla,1125.0,13333,House,False,13,13VerifiedShare on FacebookShare on TwitterShare on WhatsAppSend via GMailSend via E-Mail,89,Houses_Peshawar,2026-07-24,https://www.zameen.com/Property/arbab_sabz_ali_khan_town_arbab_sabz_ali_khan_town_executive_lodges_well-constructed_grey_structure_house_available_for_sale_in_arbab_sabz_ali_khan_town_executive_lodges-54373188-10382-1.html
Prime Location House For Grabs In 5 Marla Peshawar,PKR 2.4 Crore,24000000,5,6,5 Marla,1125.0,21333,House,False,41,41VerifiedShare on FacebookShare on TwitterShare on WhatsAppSend via GMailSend via E-Mail,89,Houses_Peshawar,2026-07-24,https://www.zameen.com/Property/warsak_road_green_cottages_prime_location_house_for_grabs_in_5_marla_peshawar-54379520-11933-1.html
Ready To Buy A Prime Location House 5 Marla In Peshawar,PKR 2.3 Crore,23000000,7,,5 Marla,1125.0,20444,House,False,35,35VerifiedShare on FacebookShare on TwitterShare on WhatsAppSend via GMailSend via E-Mail,89,Houses_Peshawar,2026-07-24,https://www.zameen.com/Property/warsak_road_sufiyan_garden_ready_to_buy_a_prime_location_house_5_marla_in_peshawar-54379521-19313-1.html
Book A Prime Location House Of 7 Marla In Arbab Sabz Ali Khan Town Executive Lodges Peshawar,PKR 3.5 Crore,35000000,6,,7 Marla,1575.0,22222,House,False,41,41VerifiedShare on FacebookShare on TwitterShare on WhatsAppSend via GMailSend via E-Mail,89,Houses_Peshawar,2026-07-24,https://www.zameen.com/Property/arbab_sabz_ali_khan_town_arbab_sabz_ali_khan_town_executive_lodges_book_a_prime_location_house_of_7_marla_in_arbab_sabz_ali_khan_town_executive_lodges_peshawar-54391888-10382-1.html
Prime Location 5 Marla House Situated In Arbab Sabz Ali Khan Town Executive Lodges For Sale,PKR 2.4 Crore,24000000,6,6,5.2 Marla,1170.0,20512,House,False,33,33VerifiedShare on FacebookShare on TwitterShare on WhatsAppSend via GMailSend via E-Mail,89,Houses_Peshawar,2026-07-24,https://www.zameen.com/Property/arbab_sabz_ali_khan_town_arbab_sabz_ali_khan_town_executive_lodges_prime_location_5_marla_house_situated_in_arbab_sabz_ali_khan_town_executive_lodges_for_sale-54406948-10382-1.html
Prime Location House For sale Situated In Sufiyan Garden,PKR 2.4 Crore,24000000,6,6,5 Marla,1125.0,21333,House,False,34,34VerifiedShare on FacebookShare on TwitterShare on WhatsAppSend via GMailSend via E-Mail,89,Houses_Peshawar,2026-07-24,https://www.zameen.com/Property/warsak_road_sufiyan_garden_prime_location_house_for_sale_situated_in_sufiyan_garden-54406949-19313-1.html
Looking For A Prime Location House In Peshawar,PKR 5.2 Crore,52000000,7,,1 Kanal,4500.0,11555,House,False,49,49VerifiedShare on FacebookShare on TwitterShare on WhatsAppSend via GMailSend via E-Mail,89,Houses_Peshawar,2026-07-24,https://www.zameen.com/Property/warsak_road_shaheen_housing_scheme_looking_for_a_prime_location_house_in_peshawar-54426782-11473-1.html
A Prime Location 5 Marla House Has Landed On Market In Arbab Sabz Ali Khan Town Executive Lodges Of Peshawar,PKR 2.85 Crore,28500000,8,,5 Marla,1125.0,25333,House,False,37,37VerifiedShare on FacebookShare on TwitterShare on WhatsAppSend via GMailSend via E-Mail,89,Houses_Peshawar,2026-07-24,https://www.zameen.com/Property/arbab_sabz_ali_khan_town_arbab_sabz_ali_khan_town_executive_lodges_a_prime_location_5_marla_house_has_landed_on_market_in_arbab_sabz_ali_khan_town_executive_lodges_of_peshawar-54445224-10382-1.html
A Prime Location House At Affordable Price Awaits You,PKR 4.8 Crore,48000000,7,,10 Marla,2250.0,21333,House,False,32,32VerifiedShare on FacebookShare on TwitterShare on WhatsAppSend via GMailSend via E-Mail,89,Houses_Peshawar,2026-07-24,https://www.zameen.com/Property/warsak_road_sufiyan_garden_a_prime_location_house_at_affordable_price_awaits_you-54445225-19313-1.html
Prime Location House For Sale Is Readily Available In Prime Location Of Sudais Villas,PKR 1.2 Crore,12000000,4,4,3 Marla,675.0,17777,House,False,33,33VerifiedShare on FacebookShare on TwitterShare on WhatsAppSend via GMailSend via E-Mail,89,Houses_Peshawar,2026-07-24,https://www.zameen.com/Property/warsak_road_sudais_villas_prime_location_house_for_sale_is_readily_available_in_prime_location_of_sudais_villas-54445226-18406-1.html
Prime Location House Of 4 Marla Is Available For Sale,PKR 2.6 Crore,26000000,5,5,4 Marla,900.0,28888,House,False,32,32VerifiedShare on FacebookShare on TwitterShare on WhatsAppSend via GMailSend via E-Mail,89,Houses_Peshawar,2026-07-24,https://www.zameen.com/Property/arbab_sabz_ali_khan_town_arbab_sabz_ali_khan_town_executive_lodges_prime_location_house_of_4_marla_is_available_for_sale-54456472-10382-1.html
"Corner In Green Cottages Of Peshawar, A 5 Marla House Is Available",PKR 2.5 Crore,25000000,5,5,5 Marla,1125.0,22222,House,False,35,35VerifiedShare on FacebookShare on TwitterShare on WhatsAppSend via GMailSend via E-Mail,89,Houses_Peshawar,2026-07-24,https://www.zameen.com/Property/warsak_road_green_cottages_corner_in_green_cottages_of_peshawar_a_5_marla_house_is_available-54465274-11933-1.html
Prime Location 5 Marla House Is Available For Sale,PKR 1.6 Crore,16000000,8,,5 Marla,1125.0,14222,House,False,31,31VerifiedShare on FacebookShare on TwitterShare on WhatsAppSend via GMailSend via E-Mail,89,Houses_Peshawar,2026-07-24,https://www.zameen.com/Property/warsak_michini_road_al_massa_town_prime_location_5_marla_house_is_available_for_sale-54465275-16506-1.html
"Prime Location In Sudais Villas Of Peshawar, A 3 Marla House Is Available",PKR 1.4 Crore,14000000,4,4,3.5 Marla,787.5,17777,House,False,26,26VerifiedShare on FacebookShare on TwitterShare on WhatsAppSend via GMailSend via E-Mail,89,Houses_Peshawar,2026-07-24,https://www.zameen.com/Property/warsak_road_sudais_villas_prime_location_in_sudais_villas_of_peshawar_a_3_marla_house_is_available-54487692-18406-1.html
Perfect Prime Location 5 Marla House In Arbab Sabz Ali Khan Town Executive Lodges For sale,PKR 2.85 Crore,28500000,7,,5 Marla,1125.0,25333,House,False,35,35VerifiedShare on FacebookShare on TwitterShare on WhatsAppSend via GMailSend via E-Mail,89,Houses_Peshawar,2026-07-24,https://www.zameen.com/Property/arbab_sabz_ali_khan_town_arbab_sabz_ali_khan_town_executive_lodges_perfect_prime_location_5_marla_house_in_arbab_sabz_ali_khan_town_executive_lodges_for_sale-54487691-10382-1.html
1 Kanal Single Storey Corner House Fir Sell Near Masjid Park,PKR 8 Crore,80000000,5,5,1 Kanal,4500.0,17777,House,True,4,4Share on FacebookShare on TwitterShare on WhatsAppSend via GMailSend via E-Mail,80,Houses_Peshawar,2026-07-24,https://www.zameen.com/Property/hayatabad_phase_4_hayatabad_phase_4_-_n4_1_kanal_single_storey_corner_house_fir_sell_near_masjid_park-54486341-13328-1.html
1 Kanal House Is Available For Sale,PKR 12 Crore,120000000,10,,1 Kanal,4500.0,26666,House,False,3,3Share on FacebookShare on TwitterShare on WhatsAppSend via GMailSend via E-Mail,80,Houses_Peshawar,2026-07-24,https://www.zameen.com/Property/hayatabad_phase_7_hayatabad_phase_7_-_e4_1_kanal_house_is_available_for_sale-54487011-13217-1.html
5-Bedroom South Open House For Sale Prime Location Near Park,PKR 5.5 Crore,55000000,5,5,13 Marla,2925.0,18803,House,False,1,1Share on FacebookShare on TwitterShare on WhatsAppSend via GMailSend via E-Mail,80,Houses_Peshawar,2026-07-24,https://www.zameen.com/Property/peshawar_askari_6_5-bedroom_south_open_house_for_sale_prime_location_near_park-52236022-9275-1.html
1 Kanal House For Sale In Hayatabad Phase 7,PKR 9 Crore,90000000,7,6,1 Kanal,4500.0,20000,House,True,,Share on FacebookShare on TwitterShare on WhatsAppSend via GMailSend via E-Mail,79,Houses_Peshawar,2026-07-24,https://www.zameen.com/Property/hayatabad_hayatabad_phase_7_1_kanal_house_for_sale_in_hayatabad_phase_7-53420491-8534-1.html
A Prime Location 3 Marla House Has Landed On Market In Sufiyan Garden Of Peshawar,PKR 1.5 Crore,15000000,4,4,3 Marla,675.0,22222,House,False,29,29VerifiedShare on FacebookShare on TwitterShare on WhatsAppSend via GMailSend via E-Mail,89,Houses_Peshawar,2026-07-24,https://www.zameen.com/Property/warsak_road_sufiyan_garden_a_prime_location_3_marla_house_has_landed_on_market_in_sufiyan_garden_of_peshawar-54272615-19313-1.html
1 Kanal House For Sell,PKR 10.5 Crore,105000000,10,6,1 Kanal,4500.0,23333,House,True,,Share on FacebookShare on TwitterShare on WhatsAppSend via GMailSend via E-Mail,79,Houses_Peshawar,2026-07-24,https://www.zameen.com/Property/peshawar_hayatabad_1_kanal_house_for_sell-52880772-394-1.html
2 Kanal Corner House For Sell In Hayatabad Phase 4,PKR 13.5 Crore,135000000,11,7,2 Kanal,9000.0,15000,House,True,,Share on FacebookShare on TwitterShare on WhatsAppSend via GMailSend via E-Mail,79,Houses_Peshawar,2026-07-24,https://www.zameen.com/Property/hayatabad_hayatabad_phase_4_2_kanal_corner_house_for_sell_in_hayatabad_phase_4-53468373-7625-1.html
2 Kanal House For Sell In Hayatabad Phase 3,PKR 15 Crore,150000000,11,7,2 Kanal,9000.0,16666,House,True,,Share on FacebookShare on TwitterShare on WhatsAppSend via GMailSend via E-Mail,79,Houses_Peshawar,2026-07-24,https://www.zameen.com/Property/hayatabad_hayatabad_phase_3_2_kanal_house_for_sell_in_hayatabad_phase_3-53468388-7617-1.html
"144 Marla House For Sell Haweli Type, 24 Rooms",PKR 80 Crore,800000000,10,6,7.2 Kanal,32400.0,24691,House,True,,Share on FacebookShare on TwitterShare on WhatsAppSend via GMailSend via E-Mail,79,Houses_Peshawar,2026-07-24,https://www.zameen.com/Property/peshawar_chughal_pura_144_marla_house_for_sell_haweli_type_24_rooms-52867730-15788-1.html
2 Kanal Beautiful Corner House For Sale In Hayatabad Phase 4,PKR 13 Crore,130000000,9,6,2 Kanal,9000.0,14444,House,True,,Share on FacebookShare on TwitterShare on WhatsAppSend via GMailSend via E-Mail,79,Houses_Peshawar,2026-07-24,https://www.zameen.com/Property/hayatabad_hayatabad_phase_4_2_kanal_beautiful_corner_house_for_sale_in_hayatabad_phase_4-53097303-7625-1.html
1 Kanal House For Sell In Hayatabad Phase 3,PKR 14 Crore,140000000,10,6,1 Kanal,4500.0,31111,House,True,,Share on FacebookShare on TwitterShare on WhatsAppSend via GMailSend via E-Mail,79,Houses_Peshawar,2026-07-24,https://www.zameen.com/Property/hayatabad_hayatabad_phase_3_1_kanal_house_for_sell_in_hayatabad_phase_3-53420496-7617-1.html
1 Kanal House For Sale In Hayatabad Phase 3,PKR 11 Crore,110000000,10,6,1 Kanal,4500.0,24444,House,True,,Share on FacebookShare on TwitterShare on WhatsAppSend via GMailSend via E-Mail,79,Houses_Peshawar,2026-07-24,https://www.zameen.com/Property/hayatabad_hayatabad_phase_3_1_kanal_house_for_sale_in_hayatabad_phase_3-53420501-7617-1.html
10 Marla House For Sale In DHA Peshawar,PKR 5.2 Crore,52000000,7,7,10 Marla,2250.0,23111,House,True,,Share on FacebookShare on TwitterShare on WhatsAppSend via GMailSend via E-Mail,79,Houses_Peshawar,2026-07-24,https://www.zameen.com/Property/dha_defence_dha_defence_-_sector_prism_10_marla_house_for_sale_in_dha_peshawar-53451704-19286-1.html
5 Marla House ( Old Bara Road ) New Construction,PKR 3.3 Crore,33000000,5,5,5 Marla,1125.0,29333,House,False,,Share on FacebookShare on TwitterShare on WhatsAppSend via GMailSend via E-Mail,79,Houses_Peshawar,2026-07-24,https://www.zameen.com/Property/peshawar_university_town_5_marla_house_old_bara_road_new_construction-54490819-1437-1.html
2 Kanal Corner House For Sale,PKR 13.4 Crore,134000000,9,7,2 Kanal,9000.0,14888,House,True,,Share on FacebookShare on TwitterShare on WhatsAppSend via GMailSend via E-Mail,79,Houses_Peshawar,2026-07-24,https://www.zameen.com/Property/hayatabad_hayatabad_phase_2_2_kanal_corner_house_for_sale-53468377-7602-1.html
2 Kanal House For Sell In Hayatabad Phase 7,PKR 20 Crore,200000000,11,7,2 Kanal,9000.0,22222,House,True,,Share on FacebookShare on TwitterShare on WhatsAppSend via GMailSend via E-Mail,79,Houses_Peshawar,2026-07-24,https://www.zameen.com/Property/hayatabad_hayatabad_phase_7_2_kanal_house_for_sell_in_hayatabad_phase_7-53468381-8534-1.html
4 Kanal House For Sale In Hayatabad Phase 2,PKR 30 Crore,300000000,8,6,4 Kanal,18000.0,16666,House,True,,Share on FacebookShare on TwitterShare on WhatsAppSend via GMailSend via E-Mail,79,Houses_Peshawar,2026-07-24,https://www.zameen.com/Property/hayatabad_hayatabad_phase_2_4_kanal_house_for_sale_in_hayatabad_phase_2-54058372-7602-1.html
Your Dream Prime Location 8 Marla House Is Available In Sufiyan Garden,PKR 3.4 Crore,34000000,6,6,8 Marla,1800.0,18888,House,False,12,12VerifiedShare on FacebookShare on TwitterShare on WhatsAppSend via GMailSend via E-Mail,89,Houses_Peshawar,2026-07-24,https://www.zameen.com/Property/warsak_road_sufiyan_garden_your_dream_prime_location_8_marla_house_is_available_in_sufiyan_garden-54212164-19313-1.html
Semi Furnished 10 Marla House For Sale In Sudais Villas Peshawar,PKR 3.9 Crore,39000000,6,6,10 Marla,2250.0,17333,House,False,17,17VerifiedShare on FacebookShare on TwitterShare on WhatsAppSend via GMailSend via E-Mail,89,Houses_Peshawar,2026-07-24,https://www.zameen.com/Property/warsak_road_sudais_villas_semi_furnished_10_marla_house_for_sale_in_sudais_villas_peshawar-54212165-18406-1.html
Prime Location 5 Marla House For sale In Sufiyan Garden,PKR 1.9 Crore,19000000,5,5,5 Marla,1125.0,16888,House,False,7,7VerifiedShare on FacebookShare on TwitterShare on WhatsAppSend via GMailSend via E-Mail,88,Houses_Peshawar,2026-07-24,https://www.zameen.com/Property/warsak_road_sufiyan_garden_prime_location_5_marla_house_for_sale_in_sufiyan_garden-54212166-19313-1.html
Buy A Prime Location 5 Marla House For sale In Officers Home Society,PKR 2.4 Crore,24000000,6,6,5 Marla,1125.0,21333,House,False,20,20VerifiedShare on FacebookShare on TwitterShare on WhatsAppSend via GMailSend via E-Mail,89,Houses_Peshawar,2026-07-24,https://www.zameen.com/Property/warsak_road_officers_home_society_buy_a_prime_location_5_marla_house_for_sale_in_officers_home_society-54212167-21072-1.html
Buy A Prime Location House Of 11 Marla In Officers Garden Colony,PKR 7 Crore,70000000,6,6,11 Marla,2475.0,28282,House,False,24,24VerifiedShare on FacebookShare on TwitterShare on WhatsAppSend via GMailSend via E-Mail,89,Houses_Peshawar,2026-07-24,https://www.zameen.com/Property/warsak_road_officers_garden_colony_buy_a_prime_location_house_of_11_marla_in_officers_garden_colony-54212192-7655-1.html
5 Marla Basement House For Sale Executive Lodges Warsak Road,PKR 2.55 Crore,25500000,7,6,5 Marla,1125.0,22666,House,False,23,23Share on FacebookShare on TwitterShare on WhatsAppSend via GMailSend via E-Mail,81,Houses_Peshawar,2026-07-24,https://www.zameen.com/Property/arbab_sabz_ali_khan_town_arbab_sabz_ali_khan_town_executive_lodges_5_marla_basement_house_for_sale_executive_lodges_warsak_road-54098565-10382-1.html
10 Marla Semi Corner House For Sale,PKR 3.65 Crore,36500000,8,6,10 Marla,2250.0,16222,House,False,21,21Share on FacebookShare on TwitterShare on WhatsAppSend via GMailSend via E-Mail,81,Houses_Peshawar,2026-07-24,https://www.zameen.com/Property/regi_model_town_phase_3_regi_model_town_phase_3_-_block_b3_10_marla_semi_corner_house_for_sale-54478293-17020-1.html
1 Kanal Luxury House For Sale,PKR 10 Crore,100000000,8,7,1 Kanal,4500.0,22222,House,False,6,6Share on FacebookShare on TwitterShare on WhatsAppSend via GMailSend via E-Mail,80,Houses_Peshawar,2026-07-24,https://www.zameen.com/Property/peshawar_dha_defence_1_kanal_luxury_house_for_sale-53327069-9050-1.html
A Perfect Prime Location House Awaits You In Sufiyan Garden Peshawar,PKR 3.8 Crore,38000000,8,,10 Marla,2250.0,16888,House,False,24,24VerifiedShare on FacebookShare on TwitterShare on WhatsAppSend via GMailSend via E-Mail,89,Houses_Peshawar,2026-07-24,https://www.zameen.com/Property/warsak_road_sufiyan_garden_a_perfect_prime_location_house_awaits_you_in_sufiyan_garden_peshawar-53144272-19313-1.html
"A Beautifully Maintained 14 Marla Family Home Is Now Available For Sale. Located In A Highly Desirable Area, This Property Offers Spacious Living, A Practical Layout, And Excellent Accessibilityperfec",PKR 13.5 Crore,135000000,4,4,14 Marla,3150.0,42857,Unknown,False,3,3Share on FacebookShare on TwitterShare on WhatsAppSend via GMailSend via E-Mail,80,Houses_Peshawar,2026-07-24,https://www.zameen.com/Property/peshawar_shami_road_a_beautifully_maintained_14_marla_family_home_is_now_available_for_sale_located_in_a_highly_desirable_area_this_property_offers_spacious_living_a_practical_layout_and_excellent_accessibilityperfect_for_families_or_investor-54472923-998-1.html
University Town House Sized 40 Marla,PKR 12 Crore,120000000,6,5,2 Kanal,9000.0,13333,House,True,,Share on FacebookShare on TwitterShare on WhatsAppSend via GMailSend via E-Mail,79,Houses_Peshawar,2026-07-24,https://www.zameen.com/Property/peshawar_university_town_university_town_house_sized_40_marla-54476906-1437-1.html
05 MARLA VIP LOCATION HOUSE AVAILABLE ON EASY INSTALLMENTS IN REGI MODEL TOWN PESHAWAR,PKR 3 Crore,30000000,,,5 Marla,1125.0,26666,House,False,,Share on FacebookShare on TwitterShare on WhatsAppSend via GMailSend via E-Mail,79,Houses_Peshawar,2026-07-24,https://www.zameen.com/Property/peshawar_regi_model_town_05_marla_vip_location_house_available_on_easy_installments_in_regi_model_town_peshawar-54452944-7660-1.html
10 MARLA GOOD LOCATION HOUSE AVAILABLE ON EASY INSTALLMENTS IN REGI MODEL TOWN PESHAWAR,PKR 4.8 Crore,48000000,,,10 Marla,2250.0,21333,House,False,,Share on FacebookShare on TwitterShare on WhatsAppSend via GMailSend via E-Mail,79,Houses_Peshawar,2026-07-24,https://www.zameen.com/Property/peshawar_regi_model_town_10_marla_good_location_house_available_on_easy_installments_in_regi_model_town_peshawar-54452996-7660-1.html
Prime Location 10 Marla House Is Available In Affordable Price In Sudais Villas,PKR 3.6 Crore,36000000,6,6,10 Marla,2250.0,16000,House,False,15,15VerifiedShare on FacebookShare on TwitterShare on WhatsAppSend via GMailSend via E-Mail,89,Houses_Peshawar,2026-07-24,https://www.zameen.com/Property/warsak_road_sudais_villas_prime_location_10_marla_house_is_available_in_affordable_price_in_sudais_villas-53415251-18406-1.html
"Modern & Spacious 8 Marla Used House For Sale 4 Bed, 5 Bath In Prime Location",PKR 3 Crore,30000000,3,3,8 Marla,1800.0,16666,House,False,11,11Share on FacebookShare on TwitterShare on WhatsAppSend via GMailSend via E-Mail,81,Houses_Peshawar,2026-07-24,https://www.zameen.com/Property/peshawar_rashid_garhi_modern_spacious_8_marla_used_house_for_sale_4_bed_5_bath_in_prime_location-54481601-12208-1.html
1 Kanal House For Sale In Hayatabad Phase 3 K3,PKR 9 Crore,90000000,7,7,1 Kanal,4500.0,20000,House,True,,Share on FacebookShare on TwitterShare on WhatsAppSend via GMailSend via E-Mail,79,Houses_Peshawar,2026-07-24,https://www.zameen.com/Property/hayatabad_phase_3_hayatabad_phase_3_-_k3_1_kanal_house_for_sale_in_hayatabad_phase_3_k3-53468611-7620-1.html
1 Kanal House For Sell In DHA Peshawar,PKR 7 Crore,70000000,7,7,1 Kanal,4500.0,15555,House,True,,Share on FacebookShare on TwitterShare on WhatsAppSend via GMailSend via E-Mail,79,Houses_Peshawar,2026-07-24,https://www.zameen.com/Property/dha_phase_1_dha_phase_1_-_sector_a_1_kanal_house_for_sell_in_dha_peshawar-53906260-12292-1.html
1 Kanal House For Sell In DHA Peshawar,PKR 7 Crore,70000000,7,7,1 Kanal,4500.0,15555,House,True,,Share on FacebookShare on TwitterShare on WhatsAppSend via GMailSend via E-Mail,79,Houses_Peshawar,2026-07-24,https://www.zameen.com/Property/peshawar_dha_defence_1_kanal_house_for_sell_in_dha_peshawar-53917912-9050-1.html
1 Kanal House For Sale In DHA Peshawar,PKR 10.5 Crore,105000000,11,7,1 Kanal,4500.0,23333,House,True,,Share on FacebookShare on TwitterShare on WhatsAppSend via GMailSend via E-Mail,79,Houses_Peshawar,2026-07-24,https://www.zameen.com/Property/dha_phase_1_dha_phase_1_-_sector_b_1_kanal_house_for_sale_in_dha_peshawar-53917918-12293-1.html
Sec C Park Face Fresh House Available For Sale  C 1014 Demand 9.50 Crore  D01AB,PKR 9.5 Crore,95000000,10,6,1 Kanal,4500.0,21111,House,True,,Share on FacebookShare on TwitterShare on WhatsAppSend via GMailSend via E-Mail,79,Houses_Peshawar,2026-07-24,https://www.zameen.com/Property/dha_phase_1_dha_phase_1_-_sector_c_sec_c_park_face_fresh_house_available_for_sale_c_1014_demand_9_50_crore_d01ab-54141927-12294-1.html
10 Marla Park Open House For Sale,PKR 4.5 Crore,45000000,8,6,10 Marla,2250.0,20000,House,True,,Share on FacebookShare on TwitterShare on WhatsAppSend via GMailSend via E-Mail,79,Houses_Peshawar,2026-07-24,https://www.zameen.com/Property/hayatabad_hayatabad_phase_3_10_marla_park_open_house_for_sale-54479413-7617-1.html
Luxurious House For Sale,PKR 3.7 Crore,37000000,4,4,5 Marla,1125.0,32888,House,False,10,10Share on FacebookShare on TwitterShare on WhatsAppSend via GMailSend via E-Mail,81,Houses_Peshawar,2026-07-24,https://www.zameen.com/Property/peshawar_dha_defence_luxurious_house_for_sale-54426890-9050-1.html
1 Kanal Solid House For Sale,PKR 7.5 Crore,75000000,6,6,1 Kanal,4500.0,16666,House,False,23,23Share on FacebookShare on TwitterShare on WhatsAppSend via GMailSend via E-Mail,81,Houses_Peshawar,2026-07-24,https://www.zameen.com/Property/hayatabad_phase_2_hayatabad_phase_2_-_j1_1_kanal_solid_house_for_sale-52204974-7611-1.html
"Brand New Luxury House For Sale In Zone 3 , Ideal Location",PKR 3 Crore,30000000,8,6,5 Marla,1125.0,26666,House,False,25,25Share on FacebookShare on TwitterShare on WhatsAppSend via GMailSend via E-Mail,81,Houses_Peshawar,2026-07-24,https://www.zameen.com/Property/regi_model_town_regi_model_town_phase_3_brand_new_luxury_house_for_sale_in_zone_3_ideal_location-53477955-17013-1.html
"Sector D2 | House For Sale | Walking Distance Market, Masjid & Park",PKR 2.84 Crore,28400000,8,6,5 Marla,1125.0,25244,House,False,7,7Share on FacebookShare on TwitterShare on WhatsAppSend via GMailSend via E-Mail,80,Houses_Peshawar,2026-07-24,https://www.zameen.com/Property/regi_model_town_regi_model_town_phase_3_sector_d2_house_for_sale_walking_distance_market_masjid_park-54245304-17013-1.html
Zone 4 Use House Ideal Location House For Sale,PKR 2.6 Crore,26000000,8,6,5 Marla,1125.0,23111,House,False,11,11Share on FacebookShare on TwitterShare on WhatsAppSend via GMailSend via E-Mail,81,Houses_Peshawar,2026-07-24,https://www.zameen.com/Property/peshawar_regi_model_town_zone_4_use_house_ideal_location_house_for_sale-53011763-7660-1.html
House Of 5 Marla For sale In Hayatabad Phase 1,PKR 2.35 Crore,23500000,3,3,5 Marla,1125.0,20888,House,True,6,6Share on FacebookShare on TwitterShare on WhatsAppSend via GMailSend via E-Mail,80,Houses_Peshawar,2026-07-24,https://www.zameen.com/Property/hayatabad_hayatabad_phase_1_house_of_5_marla_for_sale_in_hayatabad_phase_1-54184316-7597-1.html
House Of 400 Square Yards In Chilten Housing Scheme Is Available,PKR 7.5 Crore,75000000,9,7,16 Marla,3600.0,20833,House,False,,Share on FacebookShare on TwitterShare on WhatsAppSend via GMailSend via E-Mail,79,Houses_Quetta,2026-07-24,https://www.zameen.com/Property/quetta_chilten_housing_scheme_house_of_400_square_yards_in_chilten_housing_scheme_is_available-53309344-1247-1.html
600 Yard Bungalow For Sale In Jinnah Town In Green Balt,PKR 14 Crore,140000000,7,7,1.2 Kanal,5400.0,25925,House,False,,Share on FacebookShare on TwitterShare on WhatsAppSend via GMailSend via E-Mail,79,Houses_Quetta,2026-07-24,https://www.zameen.com/Property/quetta_jinnah_town_600_yard_bungalow_for_sale_in_jinnah_town_in_green_balt-53098223-620-1.html
Prime Location Brand New 4 Marla House For Sale Located D-12 Islamabad,PKR 5.5 Crore,55000000,3,4,4.4 Marla,990.0000000000001,55555,House,True,32,super hot321Share on FacebookShare on TwitterShare on WhatsAppSend via GMailSend via E-Mail,91,Flats_Islamabad,2026-07-24,https://www.zameen.com/Property/islamabad_d-12_prime_location_brand_new_4_marla_house_for_sale_located_d-12_islamabad-54011538-160-1.html
Askari Heights 4 3 Bed Flat For Sale,PKR 2.78 Crore,27799999,2,3,10 Marla,2250.0,12355,Flat,True,25,super hot251Share on FacebookShare on TwitterShare on WhatsAppSend via GMailSend via E-Mail,91,Flats_Islamabad,2026-07-24,https://www.zameen.com/Property/dha_phase_5_sector_h_askari_heights_4_askari_heights_4_3_bed_flat_for_sale-48203858-21450-1.html
Askari Heights 5 Flat For Sale,PKR 2.9 Crore,29000000,4,4,12 Marla,2700.0,10740,Flat,True,7,super hot71Share on FacebookShare on TwitterShare on WhatsAppSend via GMailSend via E-Mail,90,Flats_Islamabad,2026-07-24,https://www.zameen.com/Property/dha_defence_phase_5_askari_heights_5_askari_heights_5_flat_for_sale-53801880-22450-1.html
Askari Heights 5 Flat For Sale,PKR 2.85 Crore,28500000,3,3,12 Marla,2700.0,10555,Flat,True,8,super hot81Share on FacebookShare on TwitterShare on WhatsAppSend via GMailSend via E-Mail,90,Flats_Islamabad,2026-07-24,https://www.zameen.com/Property/dha_defence_phase_5_askari_heights_5_askari_heights_5_flat_for_sale-53813989-22450-1.html
Askari Heights 5 4 Bed Flat For Sale,PKR 2.88 Crore,28800000,2,4,12 Marla,2700.0,10666,Flat,True,11,super hot111Share on FacebookShare on TwitterShare on WhatsAppSend via GMailSend via E-Mail,91,Flats_Islamabad,2026-07-24,https://www.zameen.com/Property/dha_defence_phase_5_askari_heights_5_askari_heights_5_4_bed_flat_for_sale-53839049-22450-1.html
Luxury Apartment in DHA Islamabad,PKR 1.5 Crore,15000000,1,1,3 Marla,675.0,22222,Flat,True,12,hot12Share on FacebookShare on TwitterShare on WhatsAppSend via GMailSend via E-Mail,84,Flats_Islamabad,2026-07-24,https://www.zameen.com/Property/emaar_canyon_views_hyde_park_prestige_luxury_apartment_in_dha_islamabad-54353955-22547-1.html
Flat In Executive Suites On Easy Instalments,PKR 1.02 Crore,10200000,,1,1.8 Marla,405.0,25185,Flat,True,,hotShare on FacebookShare on TwitterShare on WhatsAppSend via GMailSend via E-Mail,82,Flats_Islamabad,2026-07-24,https://www.zameen.com/Property/islamabad_islamabad_expressway_flat_in_executive_suites_on_easy_instalments-50471206-9014-1.html
7 Marla House Is Available For Sale In Jinnah Gardens Phase 1,PKR 3.75 Crore,37500000,5,,7 Marla,1575.0,23809,House,False,24,hot24Share on FacebookShare on TwitterShare on WhatsAppSend via GMailSend via E-Mail,84,Flats_Islamabad,2026-07-24,https://www.zameen.com/Property/jinnah_gardens_jinnah_gardens_phase_1_7_marla_house_is_available_for_sale_in_jinnah_gardens_phase_1-54497507-1421-1.html
Askari Tower 4 Flat For Sale,PKR 3.2 Crore,32000000,3,3,10 Marla,2250.0,14222,Flat,False,23,hot231Share on FacebookShare on TwitterShare on WhatsAppSend via GMailSend via E-Mail,85,Flats_Islamabad,2026-07-24,https://www.zameen.com/Property/dha_phase_5_sector_h_askari_heights_4_askari_tower_4_flat_for_sale-51952061-21450-1.html
Askari Tower 4 Flat For Sale,PKR 2.85 Crore,28500000,3,3,10 Marla,2250.0,12666,Flat,False,14,hot141Share on FacebookShare on TwitterShare on WhatsAppSend via GMailSend via E-Mail,85,Flats_Islamabad,2026-07-24,https://www.zameen.com/Property/dha_phase_5_sector_h_askari_heights_4_askari_tower_4_flat_for_sale-51952056-21450-1.html
"2 Bedroom Apartment 1523 Sqft, 6th floor for sale in Defence Executive Apartment dha 2",PKR 1.7 Crore,17000000,1,2,6.8 Marla,1530.0,11111,Flat,True,24,super hot24Share on FacebookShare on TwitterShare on WhatsAppSend via GMailSend via E-Mail,90,Flats_Islamabad,2026-07-24,https://www.zameen.com/Property/dha_defence_phase_2_defence_executive_apartments_2_bedroom_apartment_1523_sqft_6th_floor_for_sale_in_defence_executive_apartment_dha_2-54508386-9615-1.html
Spacious 3 Bed Apartment In Garden Islamabad F-10,PKR 18.26 Crore,182600000,18,4,14.8 Marla,3330.0,54834,Flat,True,2,hot2Share on FacebookShare on TwitterShare on WhatsAppSend via GMailSend via E-Mail,83,Flats_Islamabad,2026-07-24,https://www.zameen.com/Property/f_10_4_garden_residence_spacious_3_bed_apartment_in_garden_islamabad_f-10-54373086-22194-1.html
Askari Tower Flat For Sale,PKR 2.9 Crore,29000000,3,3,12 Marla,2700.0,10740,Flat,False,17,hot171Share on FacebookShare on TwitterShare on WhatsAppSend via GMailSend via E-Mail,85,Flats_Islamabad,2026-07-24,https://www.zameen.com/Property/dha_phase_5_sector_h_askari_heights_4_askari_tower_flat_for_sale-51952052-21450-1.html
Askari Flat For Sale,PKR 3 Crore,30000000,3,3,10 Marla,2250.0,13333,Flat,False,14,hot141Share on FacebookShare on TwitterShare on WhatsAppSend via GMailSend via E-Mail,85,Flats_Islamabad,2026-07-24,https://www.zameen.com/Property/dha_phase_5_sector_h_askari_heights_4_askari_flat_for_sale-51952049-21450-1.html
Askari Heights 4 4 Bed Flat For Sale,PKR 3.7 Crore,37000000,3,4,12 Marla,2700.0,13703,Flat,False,49,hot491Share on FacebookShare on TwitterShare on WhatsAppSend via GMailSend via E-Mail,85,Flats_Islamabad,2026-07-24,https://www.zameen.com/Property/dha_phase_5_sector_h_askari_heights_4_askari_heights_4_4_bed_flat_for_sale-48203866-21450-1.html
Askari Heights 4 Flat For Sale,PKR 2.85 Crore,28500000,3,3,10 Marla,2250.0,12666,Flat,False,32,hot321Share on FacebookShare on TwitterShare on WhatsAppSend via GMailSend via E-Mail,85,Flats_Islamabad,2026-07-24,https://www.zameen.com/Property/dha_phase_5_sector_h_askari_heights_4_askari_heights_4_flat_for_sale-48203804-21450-1.html
Askari Tower 3 Flat For Sale,PKR 2.85 Crore,28500000,3,3,10 Marla,2250.0,12666,Flat,False,5,hot5Share on FacebookShare on TwitterShare on WhatsAppSend via GMailSend via E-Mail,83,Flats_Islamabad,2026-07-24,https://www.zameen.com/Property/dha_defence_phase_5_askari_tower_3_askari_tower_3_flat_for_sale-45686980-17434-1.html
Luxury And Spacious Apartment For Sale In Askari Heights,PKR 3 Crore,30000000,3,4,11.3 Marla,2542.5,11799,Flat,False,4,4Share on FacebookShare on TwitterShare on WhatsAppSend via GMailSend via E-Mail,80,Flats_Islamabad,2026-07-24,https://www.zameen.com/Property/dha_defence_dha_defence_phase_5_luxury_and_spacious_apartment_for_sale_in_askari_heights-54297144-10991-1.html
Askari Tower 4 Flat For Sale,PKR 3.25 Crore,32500000,3,3,10 Marla,2250.0,14444,Flat,False,21,21Share on FacebookShare on TwitterShare on WhatsAppSend via GMailSend via E-Mail,81,Flats_Islamabad,2026-07-24,https://www.zameen.com/Property/dha_phase_5_sector_h_askari_heights_4_askari_tower_4_flat_for_sale-51952064-21450-1.html
Askari Tower 4 Flat For Sale,PKR 2.8 Crore,28000000,4,4,12 Marla,2700.0,10370,Flat,False,19,19Share on FacebookShare on TwitterShare on WhatsAppSend via GMailSend via E-Mail,81,Flats_Islamabad,2026-07-24,https://www.zameen.com/Property/dha_phase_5_sector_h_askari_heights_4_askari_tower_4_flat_for_sale-51952067-21450-1.html
Askari Tower 4 Flat For Sale,PKR 3.05 Crore,30500000,3,3,10 Marla,2250.0,13555,Flat,False,20,20Share on FacebookShare on TwitterShare on WhatsAppSend via GMailSend via E-Mail,81,Flats_Islamabad,2026-07-24,https://www.zameen.com/Property/dha_phase_5_sector_h_askari_heights_4_askari_tower_4_flat_for_sale-51952069-21450-1.html
Askari Heights 4 Flat For Sale,PKR 3.9 Crore,39000000,4,4,12 Marla,2700.0,14444,Flat,False,44,44Share on FacebookShare on TwitterShare on WhatsAppSend via GMailSend via E-Mail,81,Flats_Islamabad,2026-07-24,https://www.zameen.com/Property/dha_phase_5_sector_h_askari_heights_4_askari_heights_4_flat_for_sale-52121602-21450-1.html
2 Bedroom Apartment for Sale in Embassy Gardens Islamabad Margalla & Murree View,PKR 1.43 Crore,14300000,1,2,4.7 Marla,1057.5,13522,Flat,True,27,super hot27Share on FacebookShare on TwitterShare on WhatsAppSend via GMailSend via E-Mail,90,Flats_Islamabad,2026-07-24,https://www.zameen.com/Property/bahria_enclave_bahria_enclave_-_sector_c1_2_bedroom_apartment_for_sale_in_embassy_gardens_islamabad_margalla_murree_view-54366978-11987-1.html
A 460 Square Feet Flat Is Up For Sale In Islamabad,PKR 65 Lakh,6500000,1,1,2 Marla,450.0,14444,Flat,True,9,super hot9VerifiedShare on FacebookShare on TwitterShare on WhatsAppSend via GMailSend via E-Mail,97,Flats_Islamabad,2026-07-24,https://www.zameen.com/Property/bahria_enclave_bahria_enclave_-_sector_i_a_460_square_feet_flat_is_up_for_sale_in_islamabad-54475089-11982-1.html
Looking For A 2 Bed Flat In Bahria Enclave - Sector I,PKR 99 Lakh,9900000,99,1,3.6 Marla,810.0,12222,Flat,True,15,super hot15VerifiedShare on FacebookShare on TwitterShare on WhatsAppSend via GMailSend via E-Mail,98,Flats_Islamabad,2026-07-24,https://www.zameen.com/Property/bahria_enclave_bahria_enclave_-_sector_i_looking_for_a_2_bed_flat_in_bahria_enclave_-_sector_i-54475115-11982-1.html
2 Bedroom Flat For Sale In Makkah Tower E-11 | High Rental Income | Prime Investment,PKR 1.83 Crore,18300000,1,3,7.1 Marla,1597.5,11455,Flat,True,19,super hot19Share on FacebookShare on TwitterShare on WhatsAppSend via GMailSend via E-Mail,90,Flats_Islamabad,2026-07-24,https://www.zameen.com/Property/islamabad_e-11_2_bedroom_flat_for_sale_in_makkah_tower_e-11_high_rental_income_prime_investment-54427133-329-1.html
Luxury Apartment in Centaurus Islamabad,PKR 5.5 Crore,55000000,1,1,4 Marla,900.0,61111,Flat,True,14,hot14Share on FacebookShare on TwitterShare on WhatsAppSend via GMailSend via E-Mail,84,Flats_Islamabad,2026-07-24,https://www.zameen.com/Property/f_8_the_centaurus_luxury_apartment_in_centaurus_islamabad-54405855-8349-1.html
Askari Heights 5 4 Bed Flat For Sale,PKR 2.95 Crore,29500000,2,4,12 Marla,2700.0,10925,Flat,False,8,hot81Share on FacebookShare on TwitterShare on WhatsAppSend via GMailSend via E-Mail,84,Flats_Islamabad,2026-07-24,https://www.zameen.com/Property/dha_defence_phase_5_askari_heights_5_askari_heights_5_4_bed_flat_for_sale-53839052-22450-1.html
Diamond Mall A Beautiful 1 Bed Apartment On Main Bulavord Road With Private Car Parking For Sale,PKR 1 Crore,10000000,1,1,2.4 Marla,540.0,18518,Flat,False,12,hot12Share on FacebookShare on TwitterShare on WhatsAppSend via GMailSend via E-Mail,84,Flats_Islamabad,2026-07-24,https://www.zameen.com/Property/gulberg_gulberg_greens_diamond_mall_a_beautiful_1_bed_apartment_on_main_bulavord_road_with_private_car_parking_for_sale-54277175-8312-1.html
G-11 Markaz 11 Central 3Bed Apartment Available For Sale,PKR 5.2 Crore,52000000,5,3,7.8 Marla,1755.0,29629,Flat,False,25,25Share on FacebookShare on TwitterShare on WhatsAppSend via GMailSend via E-Mail,81,Flats_Islamabad,2026-07-24,https://www.zameen.com/Property/g_11_1_11_central_apartments_g-11_markaz_11_central_3bed_apartment_available_for_sale-54353281-22037-1.html
"Luxus Mall and Residency, Gulberg Greens - Block B, Gulberg Greens, Gulberg, Islamabad, Islamabad Capital",PKR 2.28 Crore,22799999,3,3,6.7 Marla,1507.5,15124,Flat,True,29,super hot29Share on FacebookShare on TwitterShare on WhatsAppSend via GMailSend via E-Mail,90,Flats_Islamabad,2026-07-24,https://www.zameen.com/Property/gulberg_greens_block_b_luxus_mall_and_residency_luxus_mall_and_residency_gulberg_greens_-_block_b_gulberg_greens_gulberg_islamabad_islamabad_capital-54421980-10572-1.html
Get A 654 Square Feet Flat For Sale In Faisal Hills - Executive Block,PKR 98.1 Lakh,9810000,1,1,2.9 Marla,652.5,15034,Flat,True,11,super hot111Share on FacebookShare on TwitterShare on WhatsAppSend via GMailSend via E-Mail,91,Flats_Islamabad,2026-07-24,https://www.zameen.com/Property/faisal_hills_faisal_hills_-_executive_block_get_a_654_square_feet_flat_for_sale_in_faisal_hills_-_executive_block-53668148-16527-1.html
Beautiful 1 Bed Apartment Available In Gulberg Trade Center,PKR 88 Lakh,8800000,88,1,1.8 Marla,405.0,21728,Flat,False,12,hot12Share on FacebookShare on TwitterShare on WhatsAppSend via GMailSend via E-Mail,84,Flats_Islamabad,2026-07-24,https://www.zameen.com/Property/gulberg_greens_gulberg_trade_centre_beautiful_1_bed_apartment_available_in_gulberg_trade_center-54331661-9530-1.html
1 Bed Apartment In   360 The Residences Islamabad,PKR 1.61 Crore,16100000,1,1,3.7 Marla,832.5,19339,Flat,True,26,26Share on FacebookShare on TwitterShare on WhatsAppSend via GMailSend via E-Mail,81,Flats_Islamabad,2026-07-24,https://www.zameen.com/Property/bhara_kahu_the_360_residences_1_bed_apartment_in_360_the_residences_islamabad-53718407-19694-1.html
Ideal Flat For Sale In Mumtaz City,PKR 86.25 Lakh,8625000,1,1,1.7 Marla,382.5,22549,Flat,False,14,14Share on FacebookShare on TwitterShare on WhatsAppSend via GMailSend via E-Mail,81,Flats_Islamabad,2026-07-24,https://www.zameen.com/Property/islamabad_mumtaz_city_ideal_flat_for_sale_in_mumtaz_city-53511033-3464-1.html
2 Bed Ready-To-Move Luxury Apartment | Diamond Mall | Gulberg Greens Islamabad,PKR 1.45 Crore,14500000,1,3,3.9 Marla,877.5,16524,Flat,True,14,super hot14Share on FacebookShare on TwitterShare on WhatsAppSend via GMailSend via E-Mail,90,Flats_Islamabad,2026-07-24,https://www.zameen.com/Property/gulberg_greens_diamond_mall_residency_2_bed_ready-to-move_luxury_apartment_diamond_mall_gulberg_greens_islamabad-54482932-10982-1.html
2 Bedroom Luxury Apartment,PKR 3.5 Crore,35000000,3,2,8.9 Marla,2002.5,17478,Flat,True,10,super hot101Share on FacebookShare on TwitterShare on WhatsAppSend via GMailSend via E-Mail,91,Flats_Islamabad,2026-07-24,https://www.zameen.com/Property/islamabad_b-17_2_bedroom_luxury_apartment-54218043-616-1.html
Top Luxury 1 Bed All Dues Clear 964 Square Feet Available To Sale,PKR 1.7 Crore,17000000,1,1,4.3 Marla,967.5,17571,Flat,True,21,super hot211Share on FacebookShare on TwitterShare on WhatsAppSend via GMailSend via E-Mail,91,Flats_Islamabad,2026-07-24,https://www.zameen.com/Property/top_city_1_top_city_1_-_block_k_top_luxury_1_bed_all_dues_clear_964_square_feet_available_to_sale-54321481-16277-1.html
Skypark One 2 Bed Available For Sale,PKR 3.8 Crore,38000000,3,2,7.6 Marla,1710.0,22222,Unknown,True,32,super hot32Share on FacebookShare on TwitterShare on WhatsAppSend via GMailSend via E-Mail,90,Flats_Islamabad,2026-07-24,https://www.zameen.com/Property/gulberg_greens_skypark_one_skypark_one_2_bed_available_for_sale-54142386-15266-1.html
"Luxury 4 Bedroom Apartment For Sale Askari Tower 2, DHA Phase 2, Islamabad",PKR 4.6 Crore,46000000,4,5,13.3 Marla,2992.5,15371,Flat,True,11,super hot11Share on FacebookShare on TwitterShare on WhatsAppSend via GMailSend via E-Mail,90,Flats_Islamabad,2026-07-24,https://www.zameen.com/Property/dha_defence_phase_2_askari_tower_2_luxury_4_bedroom_apartment_for_sale_askari_tower_2_dha_phase_2_islamabad-54477228-11905-1.html
Sukh Chayn luxurious Apartment For Sale With Height Floor And nice View,PKR 8.5 Crore,85000000,3,3,8.7 Marla,1957.4999999999998,43422,Flat,False,24,24Share on FacebookShare on TwitterShare on WhatsAppSend via GMailSend via E-Mail,81,Flats_Islamabad,2026-07-24,https://www.zameen.com/Property/f_10_sukh_chayn_residence_sukh_chayn_luxurious_apartment_for_sale_with_height_floor_and_nice_view-53153199-13589-1.html
Beautiful 3Bed Front Facing Park & Margalla View Apartment Available For In Park Avenue F11,PKR 6.5 Crore,65000000,6,3,13.1 Marla,2947.5,22052,Flat,False,21,21Share on FacebookShare on TwitterShare on WhatsAppSend via GMailSend via E-Mail,81,Flats_Islamabad,2026-07-24,https://www.zameen.com/Property/f_11_park_avenue_beautiful_3bed_front_facing_park_margalla_view_apartment_available_for_in_park_avenue_f11-54304412-10657-1.html
ONE BED LUXURY FURNISHED APARTMENT FOR SALE IN GULBERG HEIGHTS,PKR 1.32 Crore,13200000,1,1,3.3 Marla,742.5,17777,Flat,True,9,super hot9Share on FacebookShare on TwitterShare on WhatsAppSend via GMailSend via E-Mail,89,Flats_Islamabad,2026-07-24,https://www.zameen.com/Property/gulberg_greens_gulberg_heights_one_bed_luxury_furnished_apartment_for_sale_in_gulberg_heights-54510671-19298-1.html
Move-In Ready Luxury 1-Bed | 2nd Floor | Sector G Bahria Enclave Flat For Sale,PKR 85 Lakh,8500000,85,1,2.9 Marla,652.5,13026,Flat,False,9,hot9Share on FacebookShare on TwitterShare on WhatsAppSend via GMailSend via E-Mail,83,Flats_Islamabad,2026-07-24,https://www.zameen.com/Property/bahria_enclave_bahria_enclave_-_sector_g_move-in_ready_luxury_1-bed_2nd_floor_sector_g_bahria_enclave_flat_for_sale-53778174-11984-1.html
Beautiful Brand New 2Bed Corner Apartment Available For Sale In Capital Heights G-11,PKR 3.35 Crore,33500000,3,2,6.6 Marla,1485.0,22558,Flat,False,22,22Share on FacebookShare on TwitterShare on WhatsAppSend via GMailSend via E-Mail,81,Flats_Islamabad,2026-07-24,https://www.zameen.com/Property/g_11_3_capital_heights_beautiful_brand_new_2bed_corner_apartment_available_for_sale_in_capital_heights_g-11-54468712-13256-1.html
1200 Square Feet Flat In Fazaia Housing Scheme,PKR 2.85 Crore,28500000,3,3,5.3 Marla,1192.5,23899,Flat,True,5,super hot5VerifiedShare on FacebookShare on TwitterShare on WhatsAppSend via GMailSend via E-Mail,97,Flats_Islamabad,2026-07-24,https://www.zameen.com/Property/tarnol_fazaia_housing_scheme_1200_square_feet_flat_in_fazaia_housing_scheme-54471315-10314-1.html
1 Bed Apartment on Installment in Mumtaz City,PKR 70 Lakh,7000000,70,1,2.2 Marla,495.00000000000006,14141,Flat,True,4,super hot4Share on FacebookShare on TwitterShare on WhatsAppSend via GMailSend via E-Mail,89,Flats_Islamabad,2026-07-24,https://www.zameen.com/Property/islamabad_mumtaz_city_1_bed_apartment_on_installment_in_mumtaz_city-54511699-3464-1.html
Studio Apartment for Sale in Gulberg Heights Excellent Investment Opportunity,PKR 80 Lakh,8000000,,1,2.4 Marla,540.0,14814,Flat,True,6,super hot6Share on FacebookShare on TwitterShare on WhatsAppSend via GMailSend via E-Mail,89,Flats_Islamabad,2026-07-24,https://www.zameen.com/Property/gulberg_gulberg_greens_studio_apartment_for_sale_in_gulberg_heights_excellent_investment_opportunity-54510627-8312-1.html
10 Kanal Luxury Farmhouse,PKR 30 Crore,300000000,9,6,10 Kanal,45000.0,6666,House,True,21,super hot211Share on FacebookShare on TwitterShare on WhatsAppSend via GMailSend via E-Mail,91,Flats_Islamabad,2026-07-24,https://www.zameen.com/Property/islamabad_bhara_kahu_10_kanal_luxury_farmhouse-54237230-156-1.html
1 Bed Ready-To-Move Luxury Apartment |Gulberg Heightsl | Gulberg Greens Islamabad,PKR 1.24 Crore,12400000,1,2,3.6 Marla,810.0,15308,Flat,True,12,hot12Share on FacebookShare on TwitterShare on WhatsAppSend via GMailSend via E-Mail,84,Flats_Islamabad,2026-07-24,https://www.zameen.com/Property/gulberg_greens_gulberg_heights_1_bed_ready-to-move_luxury_apartment_gulberg_heightsl_gulberg_greens_islamabad-54511893-19298-1.html
Beautifully Designed 1 Bed Apartment Available For Sale On Investor Price In Sector C1 Bahria Enclave Islamabad.,PKR 70 Lakh,7000000,70,1,2.2 Marla,495.00000000000006,14141,Flat,False,5,hot5Share on FacebookShare on TwitterShare on WhatsAppSend via GMailSend via E-Mail,83,Flats_Islamabad,2026-07-24,https://www.zameen.com/Property/bahria_enclave_bahria_enclave_-_sector_c1_beautifully_designed_1_bed_apartment_available_for_sale_on_investor_price_in_sector_c1_bahria_enclave_islamabad-54294456-11987-1.html
1 bed flat for sale,PKR 69 Lakh,6900000,69,1,3.3 Marla,742.5,9292,Flat,False,4,hot4Share on FacebookShare on TwitterShare on WhatsAppSend via GMailSend via E-Mail,83,Flats_Islamabad,2026-07-24,https://www.zameen.com/Property/islamabad_e-11_1_bed_flat_for_sale-54512504-329-1.html
2 Bedroom Apartment For Sale In Zarkon Heights G-15 Islamabad,PKR 1.8 Crore,18000000,1,2,4.8 Marla,1080.0,16666,Flat,False,16,hot161Share on FacebookShare on TwitterShare on WhatsAppSend via GMailSend via E-Mail,85,Flats_Islamabad,2026-07-24,https://www.zameen.com/Property/g_15_zarkon_heights_2_bedroom_apartment_for_sale_in_zarkon_heights_g-15_islamabad-52213202-10169-1.html
1 Bed Luxury Apartment,PKR 1.15 Crore,11500000,1,1,2.3 Marla,517.5,22222,Flat,False,6,6Share on FacebookShare on TwitterShare on WhatsAppSend via GMailSend via E-Mail,80,Flats_Islamabad,2026-07-24,https://www.zameen.com/Property/g_15_zarkon_heights_1_bed_luxury_apartment-54512738-10169-1.html
Apartment For Sale In F11 Abu Dube Tower,PKR 4 Crore,40000000,3,3,12.4 Marla,2790.0,14336,Flat,False,15,15Share on FacebookShare on TwitterShare on WhatsAppSend via GMailSend via E-Mail,81,Flats_Islamabad,2026-07-24,https://www.zameen.com/Property/islamabad_f-11_apartment_for_sale_in_f11_abu_dube_tower-46701116-163-1.html
This Is Your Chance To Buy Flat In F-11,PKR 1.65 Crore,16500000,,1,3.3 Marla,742.5,22222,Flat,False,6,6VerifiedShare on FacebookShare on TwitterShare on WhatsAppSend via GMailSend via E-Mail,88,Flats_Islamabad,2026-07-24,https://www.zameen.com/Property/islamabad_f-11_this_is_your_chance_to_buy_flat_in_f-11-51202383-163-1.html
Top Luxury Apartments 1 Bed Available Forsale,PKR 1.8 Crore,18000000,1,1,4.3 Marla,967.5,18604,Flat,True,38,super hot38Share on FacebookShare on TwitterShare on WhatsAppSend via GMailSend via E-Mail,90,Flats_Islamabad,2026-07-24,https://www.zameen.com/Property/islamabad_top_city_1_top_luxury_apartments_1_bed_available_forsale-52967946-1383-1.html
3 BHK Apartment Full Furnished Available For Sale,PKR 2.2 Crore,22000000,3,3,5.4 Marla,1215.0,18106,Flat,True,8,super hot8Share on FacebookShare on TwitterShare on WhatsAppSend via GMailSend via E-Mail,89,Flats_Islamabad,2026-07-24,https://www.zameen.com/Property/gulberg_greens_smama_star_mall_residency_3_bhk_apartment_full_furnished_available_for_sale-54441995-11278-1.html
Farm House Available For Sale,PKR 26.5 Crore,265000000,7,3,88 Kanal,396000.0,669,House,True,10,super hot101Share on FacebookShare on TwitterShare on WhatsAppSend via GMailSend via E-Mail,91,Flats_Islamabad,2026-07-24,https://www.zameen.com/Property/islamabad_sehala_farm_house_farm_house_available_for_sale-52262687-12406-1.html
B Block Gulberg Green Furnished Farm House Available For Sale,PKR 30 Crore,300000000,10,6,5 Kanal,22500.0,13333,House,False,31,31Share on FacebookShare on TwitterShare on WhatsAppSend via GMailSend via E-Mail,81,Flats_Islamabad,2026-07-24,https://www.zameen.com/Property/gulberg_greens_gulberg_greens_-_block_b_b_block_gulberg_green_furnished_farm_house_available_for_sale-53055488-8314-1.html
2 Marla Double Storey Flat For Sale 4 Bedroom 2 Bathroom 2 Kitchen TV Long Car Porch Electricity Water,PKR 50 Lakh,5000000,50,50,2 Marla,450.0,11111,Flat,False,25,25Share on FacebookShare on TwitterShare on WhatsAppSend via GMailSend via E-Mail,81,Flats_Islamabad,2026-07-24,https://www.zameen.com/Property/ghauri_town_ghauri_town_phase_4_c2_2_marla_double_storey_flat_for_sale_4_bedroom_2_bathroom_2_kitchen_tv_long_car_porch_electricity_water-53590202-16230-1.html
Flat For Sale In Gulberg Green Islamabad,PKR 1.03 Crore,10300000,1,1,2.7 Marla,607.5,16954,Flat,False,5,5Share on FacebookShare on TwitterShare on WhatsAppSend via GMailSend via E-Mail,80,Flats_Islamabad,2026-07-24,https://www.zameen.com/Property/gulberg_greens_block_b_samama_gulberg_tower_flat_for_sale_in_gulberg_green_islamabad-53086841-22140-1.html
Gulberg Heights Studio Apartment For Sale,PKR 73 Lakh,7300000,,1,2.7 Marla,607.5,12016,Flat,False,10,10Share on FacebookShare on TwitterShare on WhatsAppSend via GMailSend via E-Mail,81,Flats_Islamabad,2026-07-24,https://www.zameen.com/Property/gulberg_gulberg_greens_gulberg_heights_studio_apartment_for_sale-53198280-8312-1.html
Ready To Move 2 Bed Apartment For Sale,PKR 1.45 Crore,14500000,1,2,5.5 Marla,1237.5,11717,Flat,True,23,super hot23Share on FacebookShare on TwitterShare on WhatsAppSend via GMailSend via E-Mail,90,Flats_Islamabad,2026-07-24,https://www.zameen.com/Property/islamabad_top_city_1_ready_to_move_2_bed_apartment_for_sale-54212581-1383-1.html
1 Bed Ready-To-Move Luxury Apartment | Diamond Mall | Gulberg Greens Islamabad,PKR 1.05 Crore,10500000,1,1,2.4 Marla,540.0,19444,Flat,True,12,super hot12Share on FacebookShare on TwitterShare on WhatsAppSend via GMailSend via E-Mail,90,Flats_Islamabad,2026-07-24,https://www.zameen.com/Property/gulberg_greens_diamond_mall_residency_1_bed_ready-to-move_luxury_apartment_diamond_mall_gulberg_greens_islamabad-54490059-10982-1.html
Flat Of 483 Square Feet For Sale In Top City 1 - Kanwar Moiz Block,PKR 80 Lakh,8000000,,1,2.1 Marla,472.5,16931,Flat,True,6,super hot6VerifiedShare on FacebookShare on TwitterShare on WhatsAppSend via GMailSend via E-Mail,97,Flats_Islamabad,2026-07-24,https://www.zameen.com/Property/top_city_1_top_city_1_-_kanwar_moiz_block_flat_of_483_square_feet_for_sale_in_top_city_1_-_kanwar_moiz_block-54336928-22390-1.html
2 Bed Unfurnished Flat For Sale,PKR 1.85 Crore,18500000,1,2,4.4 Marla,990.0000000000001,18686,Flat,False,10,hot10Share on FacebookShare on TwitterShare on WhatsAppSend via GMailSend via E-Mail,84,Flats_Islamabad,2026-07-24,https://www.zameen.com/Property/islamabad_e-11_2_bed_unfurnished_flat_for_sale-54296200-329-1.html
Fully Furnished 2 Bed Luxury Flat for Sale in E-11,PKR 1.8 Crore,18000000,1,2,5.3 Marla,1192.5,15094,Flat,False,14,hot14Share on FacebookShare on TwitterShare on WhatsAppSend via GMailSend via E-Mail,84,Flats_Islamabad,2026-07-24,https://www.zameen.com/Property/islamabad_e-11_fully_furnished_2_bed_luxury_flat_for_sale_in_e-11-54367815-329-1.html
GULBERG HEIGHT   ONE BHK APARTMENTS AVAILABLE FOR SALE,PKR 1.2 Crore,12000000,1,1,3.2 Marla,720.0,16666,Flat,False,11,11Share on FacebookShare on TwitterShare on WhatsAppSend via GMailSend via E-Mail,81,Flats_Islamabad,2026-07-24,https://www.zameen.com/Property/gulberg_greens_gulberg_heights_gulberg_height_one_bhk_apartments_available_for_sale-54210365-19298-1.html
Gulberg Greens Islamabad Farmhouse Available For Sale Full Furnished Farmhouse,PKR 30 Crore,300000000,10,6,5 Kanal,22500.0,13333,House,False,39,39Share on FacebookShare on TwitterShare on WhatsAppSend via GMailSend via E-Mail,81,Flats_Islamabad,2026-07-24,https://www.zameen.com/Property/gulberg_greens_gulberg_greens_-_block_b_gulberg_greens_islamabad_farmhouse_available_for_sale_full_furnished_farmhouse-53055526-8314-1.html
Bahria Enclave 1 Bed Cube Apartment Brand New 7th Floor Children Park Facing 1058 Sq Feet Possession Utility Circulation And Parking Charges Paid Available For Sale,PKR 1.2 Crore,12000000,1,2,4.9 Marla,1102.5,10884,Flat,True,26,super hot26Share on FacebookShare on TwitterShare on WhatsAppSend via GMailSend via E-Mail,90,Flats_Islamabad,2026-07-24,https://www.zameen.com/Property/bahria_enclave_cube_apartments_bahria_enclave_1_bed_cube_apartment_brand_new_7th_floor_children_park_facing_1058_sq_feet_possession_utility_circulation_and_parking_charges_paid_available_for_sale-53153019-21520-1.html
Askari Tower 1 3 Bed 4th Floor One To One Meeting With Owner,PKR 3.8 Crore,38000000,3,3,11.6 Marla,2610.0,14559,Flat,True,9,super hot9Share on FacebookShare on TwitterShare on WhatsAppSend via GMailSend via E-Mail,89,Flats_Islamabad,2026-07-24,https://www.zameen.com/Property/dha_defence_phase_2_askari_tower_1_askari_tower_1_3_bed_4th_floor_one_to_one_meeting_with_owner-54447030-10663-1.html
One Bed For Sale - Block 14,PKR 74 Lakh,7400000,74,1,2.7 Marla,607.5,12181,Flat,True,9,super hot9Share on FacebookShare on TwitterShare on WhatsAppSend via GMailSend via E-Mail,89,Flats_Islamabad,2026-07-24,https://www.zameen.com/Property/dha_defence_phase_2_defence_residency_one_bed_for_sale_-_block_14-54484582-9914-1.html
E-11 Two Bedroom Apartment For Sale,PKR 1.55 Crore,15500000,1,2,5.6 Marla,1260.0,12301,Flat,True,11,super hot11VerifiedShare on FacebookShare on TwitterShare on WhatsAppSend via GMailSend via E-Mail,98,Flats_Islamabad,2026-07-24,https://www.zameen.com/Property/islamabad_e-11_e-11_two_bedroom_apartment_for_sale-52564959-329-1.html
High Rental Income 1 Bed Flat For Sale,PKR 83 Lakh,8300000,83,1,2.4 Marla,540.0,15370,Flat,False,13,hot13Share on FacebookShare on TwitterShare on WhatsAppSend via GMailSend via E-Mail,84,Flats_Islamabad,2026-07-24,https://www.zameen.com/Property/islamabad_e-11_high_rental_income_1_bed_flat_for_sale-54322550-329-1.html
Luxury 5 Bedroom Penthouse Apartment Available For Sale In F-10 Sukh Chayn Residence,PKR 32 Crore,320000000,32,7,1 Kanal,4500.0,71111,House,False,11,11Share on FacebookShare on TwitterShare on WhatsAppSend via GMailSend via E-Mail,81,Flats_Islamabad,2026-07-24,https://www.zameen.com/Property/f_10_sukh_chayn_residence_luxury_5_bedroom_penthouse_apartment_available_for_sale_in_f-10_sukh_chayn_residence-53109601-13589-1.html
"4-Bedroom Apartment For Sale   One Constitution Avenue, Islamabad Margalla View | 7 Bathrooms | Luxury Living",PKR 23 Crore,230000000,23,23,19.3 Marla,4342.5,52964,Flat,False,24,24Share on FacebookShare on TwitterShare on WhatsAppSend via GMailSend via E-Mail,81,Flats_Islamabad,2026-07-24,https://www.zameen.com/Property/constitution_avenue_one_constitution_avenue_4-bedroom_apartment_for_sale_one_constitution_avenue_islamabad_margalla_view_7_bathrooms_luxury_living-52895321-21856-1.html
4 Bedroom Duplex Apartment For Sale In Zarkon Heights,PKR 3.35 Crore,33500000,3,6,16.6 Marla,3735.0000000000005,8969,Flat,False,30,301Share on FacebookShare on TwitterShare on WhatsAppSend via GMailSend via E-Mail,82,Flats_Islamabad,2026-07-24,https://www.zameen.com/Property/g_15_zarkon_heights_4_bedroom_duplex_apartment_for_sale_in_zarkon_heights-50808186-10169-1.html
Luxury Apartments For Sale In Marbella Drive Residency Lahore,PKR 72.5 Lakh,7250000,,1,1.8 Marla,405.0,17901,Flat,True,11,super hot11Share on FacebookShare on TwitterShare on WhatsAppSend via GMailSend via E-Mail,90,Flats_Lahore,2026-07-24,https://www.zameen.com/Property/raiwind_road_marbella_drive_residency_luxury_apartments_for_sale_in_marbella_drive_residency_lahore-54348942-22560-1.html
Centrally Located Prime Location House Available In Bagh-E-Iram Housing Society For Sale,PKR 3.9 Crore,39000000,5,6,10 Marla,2250.0,17333,House,True,42,super hot421VerifiedShare on FacebookShare on TwitterShare on WhatsAppSend via GMailSend via E-Mail,99,Flats_Lahore,2026-07-24,https://www.zameen.com/Property/lahore_bagh-e-iram_housing_society_centrally_located_prime_location_house_available_in_bagh-e-iram_housing_society_for_sale-54378521-8335-1.html
22 Marla State-Of-The-Art Luxury Bungalow With Basement & Swimming Pool In Paragon City Lahore,PKR 9.25 Crore,92500000,5,6,1.1 Kanal,4950.0,18686,House,False,31,hot31Share on FacebookShare on TwitterShare on WhatsAppSend via GMailSend via E-Mail,84,Flats_Lahore,2026-07-24,https://www.zameen.com/Property/paragon_city_paragon_city_-_mounds_block_22_marla_state-of-the-art_luxury_bungalow_with_basement_swimming_pool_in_paragon_city_lahore-54323595-4117-1.html
5 Marla Perfect Home for Comfortable Living,PKR 1.95 Crore,19500000,3,4,5 Marla,1125.0,17333,Unknown,False,7,hot7Share on FacebookShare on TwitterShare on WhatsAppSend via GMailSend via E-Mail,83,Flats_Lahore,2026-07-24,https://www.zameen.com/Property/paragon_city_paragon_city_-_orchard_1_block_5_marla_perfect_home_for_comfortable_living-54392848-9249-1.html
12 Marla Brand New modren Flat Available For Sale In Askari 10 Sec S Lahore,PKR 4.8 Crore,48000000,4,5,12 Marla,2700.0,17777,Flat,True,,Share on FacebookShare on TwitterShare on WhatsAppSend via GMailSend via E-Mail,79,Flats_Lahore,2026-07-24,https://www.zameen.com/Property/askari_askari_10_12_marla_brand_new_modren_flat_available_for_sale_in_askari_10_sec_s_lahore-54513198-1011-1.html
12 Marla Brand New modren Flat Available For Sale In Askari 10 Sec S Lahore,PKR 4.35 Crore,43500000,4,5,12 Marla,2700.0,16111,Flat,True,,Share on FacebookShare on TwitterShare on WhatsAppSend via GMailSend via E-Mail,79,Flats_Lahore,2026-07-24,https://www.zameen.com/Property/askari_askari_10_12_marla_brand_new_modren_flat_available_for_sale_in_askari_10_sec_s_lahore-54513182-1011-1.html
"10 Marla Elegant Brand New House For Sale In Park View City, Lahore",PKR 4 Crore,40000000,5,5,10 Marla,2250.0,17777,House,True,14,14Share on FacebookShare on TwitterShare on WhatsAppSend via GMailSend via E-Mail,81,Flats_Lahore,2026-07-24,https://www.zameen.com/Property/lahore_park_view_city_10_marla_elegant_brand_new_house_for_sale_in_park_view_city_lahore-53579979-1466-1.html
"5 Marla Elegant House For Sale In Park View City, Lahore.",PKR 1.85 Crore,18500000,5,4,5 Marla,1125.0,16444,House,True,18,18Share on FacebookShare on TwitterShare on WhatsAppSend via GMailSend via E-Mail,81,Flats_Lahore,2026-07-24,https://www.zameen.com/Property/park_view_city_park_view_city_-_crystal_block_5_marla_elegant_house_for_sale_in_park_view_city_lahore-53535211-17960-1.html
5 Marla Gray Structure House For Sale In ParkViewCity Lahore,PKR 1.45 Crore,14500000,4,4,5 Marla,1125.0,12888,House,True,19,19VerifiedShare on FacebookShare on TwitterShare on WhatsAppSend via GMailSend via E-Mail,89,Flats_Lahore,2026-07-24,https://www.zameen.com/Property/lahore_park_view_city_5_marla_gray_structure_house_for_sale_in_parkviewcity_lahore-51860515-1466-1.html
5 Marla Luxury House For Sale In ParkView City Lahore,PKR 1.7 Crore,17000000,4,5,5 Marla,1125.0,15111,House,True,29,29Share on FacebookShare on TwitterShare on WhatsAppSend via GMailSend via E-Mail,81,Flats_Lahore,2026-07-24,https://www.zameen.com/Property/lahore_park_view_city_5_marla_luxury_house_for_sale_in_parkview_city_lahore-52403602-1466-1.html
5 Marla House For Sale In Park ViewCity Lahore,PKR 1.8 Crore,18000000,4,4,5 Marla,1125.0,16000,House,True,14,14Share on FacebookShare on TwitterShare on WhatsAppSend via GMailSend via E-Mail,81,Flats_Lahore,2026-07-24,https://www.zameen.com/Property/lahore_park_view_city_5_marla_house_for_sale_in_park_viewcity_lahore-51957661-1466-1.html
5 Marla Owner Built Well-Maintained Bungalow For Sale In Paragon City Lahore,PKR 2.45 Crore,24500000,3,3,5 Marla,1125.0,21777,House,False,14,14Share on FacebookShare on TwitterShare on WhatsAppSend via GMailSend via E-Mail,81,Flats_Lahore,2026-07-24,https://www.zameen.com/Property/paragon_city_paragon_city_-_executive_block_5_marla_owner_built_well-maintained_bungalow_for_sale_in_paragon_city_lahore-54323609-4116-1.html
Penta Square Open View Studio Apartment Available For Sale,PKR 2.25 Crore,22500000,,1,2.2 Marla,495.00000000000006,45454,Flat,True,36,super hot36Share on FacebookShare on TwitterShare on WhatsAppSend via GMailSend via E-Mail,90,Flats_Lahore,2026-07-24,https://www.zameen.com/Property/dha_phase_5_penta_square_by_dha_lahore_penta_square_open_view_studio_apartment_available_for_sale-52176334-11845-1.html
Luxury Apartments for Sale in Swiss Mall MM Alam Road Lahore,PKR 1.75 Crore,17500000,1,1,2 Marla,450.0,38888,Flat,True,11,hot11Share on FacebookShare on TwitterShare on WhatsAppSend via GMailSend via E-Mail,84,Flats_Lahore,2026-07-24,https://www.zameen.com/Property/mm_alam_road_swiss_mall_gulberg_luxury_apartments_for_sale_in_swiss_mall_mm_alam_road_lahore-54363636-19464-1.html
Spacious 10 Marla House Available For sale In Central Park - Block G,PKR 4.25 Crore,42500000,5,5,10 Marla,2250.0,18888,House,True,45,45VerifiedShare on FacebookShare on TwitterShare on WhatsAppSend via GMailSend via E-Mail,89,Flats_Lahore,2026-07-24,https://www.zameen.com/Property/central_park_housing_scheme_central_park_-_block_g_spacious_10_marla_house_available_for_sale_in_central_park_-_block_g-54513147-3690-1.html
Get A 5 Marla House For sale In Central Park - Block C,PKR 2 Crore,20000000,3,3,5 Marla,1125.0,17777,House,True,20,20VerifiedShare on FacebookShare on TwitterShare on WhatsAppSend via GMailSend via E-Mail,89,Flats_Lahore,2026-07-24,https://www.zameen.com/Property/central_park_housing_scheme_central_park_-_block_c_get_a_5_marla_house_for_sale_in_central_park_-_block_c-54513146-3686-1.html
Luxury Studio Apartment For Sale In Installments In The Heart Of Lahore Gulberg.,PKR 1.98 Crore,19800000,,1,1.7 Marla,382.5,51764,Flat,True,5,hot5Share on FacebookShare on TwitterShare on WhatsAppSend via GMailSend via E-Mail,83,Flats_Lahore,2026-07-24,https://www.zameen.com/Property/gulberg_3_zameen_hive_luxury_studio_apartment_for_sale_in_installments_in_the_heart_of_lahore_gulberg-54363718-22559-1.html
Luxury Studio Apartment For Sale In Nawaz Sharif IT City CBD Phase 2.,PKR 2.44 Crore,24400000,,,2.1 Marla,472.5,51640,Flat,True,18,hot18Share on FacebookShare on TwitterShare on WhatsAppSend via GMailSend via E-Mail,84,Flats_Lahore,2026-07-24,https://www.zameen.com/Property/nsit_city_zameen_eon_luxury_studio_apartment_for_sale_in_nawaz_sharif_it_city_cbd_phase_2-54363762-22334-1.html
2545 Sqft Luxury Fully Furnished Villa For Sale,PKR 4.3 Crore,43000000,3,4,11.3 Marla,2542.5,16912,House,False,9,hot9Share on FacebookShare on TwitterShare on WhatsAppSend via GMailSend via E-Mail,83,Flats_Lahore,2026-07-24,https://www.zameen.com/Property/main_canal_bank_road_the_spring_apartment_homes_2545_sqft_luxury_fully_furnished_villa_for_sale-53852923-10099-1.html
Ideal for Living or Investment 120000 monthly rent,PKR 1.65 Crore,16500000,2,2,3.6 Marla,810.0,20370,Flat,False,7,7Share on FacebookShare on TwitterShare on WhatsAppSend via GMailSend via E-Mail,80,Flats_Lahore,2026-07-24,https://www.zameen.com/Property/lahore_bahria_town_ideal_for_living_or_investment_120000_monthly_rent-54513025-509-1.html
1 Bed Living Vip Luxury Full Furnished Flat Available For Sale In Johar Town Phase Ii Near Mughal Eye Hospital Lahore,PKR 63 Lakh,6300000,63,1,1.8 Marla,405.0,15555,Flat,True,12,hot12Share on FacebookShare on TwitterShare on WhatsAppSend via GMailSend via E-Mail,84,Flats_Lahore,2026-07-24,https://www.zameen.com/Property/johar_town_johar_town_phase_2_1_bed_living_vip_luxury_full_furnished_flat_available_for_sale_in_johar_town_phase_ii_near_mughal_eye_hospital_lahore-54216219-3961-1.html
Luxury Apartments for Sale in Zameen Jade Lahore,PKR 1.82 Crore,18200000,,1,2.1 Marla,472.5,38518,Flat,True,11,11Share on FacebookShare on TwitterShare on WhatsAppSend via GMailSend via E-Mail,81,Flats_Lahore,2026-07-24,https://www.zameen.com/Property/main_canal_bank_road_zameen_jade_luxury_apartments_for_sale_in_zameen_jade_lahore-54373403-21521-1.html
1 Bed Furnished Living Fully Luxury Apartment Available For Sale,PKR 1.25 Crore,12500000,1,1,3.5 Marla,787.5,15873,Flat,True,11,hot11Share on FacebookShare on TwitterShare on WhatsAppSend via GMailSend via E-Mail,84,Flats_Lahore,2026-07-24,https://www.zameen.com/Property/main_canal_bank_road_the_spring_apartment_homes_1_bed_furnished_living_fully_luxury_apartment_available_for_sale-49999560-10099-1.html
Spacious 4-Bed Apartment For Sale In The Heart Of DHA Prime Location,PKR 4.3 Crore,43000000,4,5,12 Marla,2700.0,15925,Flat,False,24,hot241VerifiedShare on FacebookShare on TwitterShare on WhatsAppSend via GMailSend via E-Mail,93,Flats_Lahore,2026-07-24,https://www.zameen.com/Property/askari_11_askari_11_-_sector_b_apartments_spacious_4-bed_apartment_for_sale_in_the_heart_of_dha_prime_location-52731884-15703-1.html
Luxury Studio Apartment For Sale At Grand 15 | Easy Installment Plan | Bahria Town Lahore,PKR 59.5 Lakh,5950000,,1,1.6 Marla,360.0,16527,Flat,True,7,super hot7Share on FacebookShare on TwitterShare on WhatsAppSend via GMailSend via E-Mail,89,Flats_Lahore,2026-07-24,https://www.zameen.com/Property/bahria_town_bahria_town_-_sector_e_luxury_studio_apartment_for_sale_at_grand_15_easy_installment_plan_bahria_town_lahore-54455408-1802-1.html
4 KANAL EXCLUSIVE FARMHOUSE FOR SALE IN LAHORE,PKR 18 Crore,180000000,6,7,4 Kanal,18000.0,10000,House,True,43,super hot43Share on FacebookShare on TwitterShare on WhatsAppSend via GMailSend via E-Mail,90,Flats_Lahore,2026-07-24,https://www.zameen.com/Property/lahore_bedian_road_4_kanal_exclusive_farmhouse_for_sale_in_lahore-54349845-378-1.html
Brand New Luxury Latest VIP Furnished 1 Bed Living Apartment Available For Sale In Shahkam Chowk,PKR 1.85 Crore,18500000,1,2,3.7 Marla,832.5,22222,Flat,True,22,hot22Share on FacebookShare on TwitterShare on WhatsAppSend via GMailSend via E-Mail,84,Flats_Lahore,2026-07-24,https://www.zameen.com/Property/lahore_shahkam_chowk_brand_new_luxury_latest_vip_furnished_1_bed_living_apartment_available_for_sale_in_shahkam_chowk-49661256-11216-1.html
Luxury Apartments in Askari 10 Lahore | 10% Booking | Easy Installments | Possession in 1.5 Years,PKR 5.6 Crore,56000000,4,5,12 Marla,2700.0,20740,Flat,False,7,hot7Share on FacebookShare on TwitterShare on WhatsAppSend via GMailSend via E-Mail,83,Flats_Lahore,2026-07-24,https://www.zameen.com/Property/askari_askari_10_luxury_apartments_in_askari_10_lahore_10_booking_easy_installments_possession_in_1_5_years-54330443-1011-1.html
Pre-Launch Studio Apartments From Rs. 6.9 Million| 1% Rebate | 4-Year Installment Plan | Marbella Drive Residency,PKR 69.87 Lakh,6987000,,2,1.8 Marla,405.0,17251,Flat,False,9,hot9Share on FacebookShare on TwitterShare on WhatsAppSend via GMailSend via E-Mail,83,Flats_Lahore,2026-07-24,https://www.zameen.com/Property/raiwind_road_marbella_drive_residency_pre-launch_studio_apartments_from_rs_6_9_million_1_rebate_4-year_installment_plan_marbella_drive_residency-54462883-22560-1.html
Luxury Corner Apartment For Sale In PentaSquare Lahore | Prime DHA Phase 5 | Premium Lifestyle & Investment,PKR 4.5 Crore,45000000,3,4,6.9 Marla,1552.5,28985,Flat,True,17,hot17Share on FacebookShare on TwitterShare on WhatsAppSend via GMailSend via E-Mail,84,Flats_Lahore,2026-07-24,https://www.zameen.com/Property/dha_phase_5_penta_square_by_dha_lahore_luxury_corner_apartment_for_sale_in_pentasquare_lahore_prime_dha_phase_5_premium_lifestyle_investment-54495202-11845-1.html
10 Marla 3 Bed Flat For Sale In Askari 11 Lahore.,PKR 3.1 Crore,31000000,3,3,10 Marla,2250.0,13777,Flat,False,8,hot8Share on FacebookShare on TwitterShare on WhatsAppSend via GMailSend via E-Mail,83,Flats_Lahore,2026-07-24,https://www.zameen.com/Property/askari_11_askari_11_-_sector_b_10_marla_3_bed_flat_for_sale_in_askari_11_lahore-47482711-15702-1.html
4 Bed Drawing Dining Road Facing Apartment,PKR 6.25 Crore,62500000,6,4,244 Sq. Yd,2196.0,28460,Flat,True,5,super hot5Share on FacebookShare on TwitterShare on WhatsAppSend via GMailSend via E-Mail,89,Flats_Karachi,2026-07-24,https://www.zameen.com/Property/karachi_khalid_bin_walid_road_4_bed_drawing_dining_road_facing_apartment-54427218-253-1.html
3 Bed Drawing Dining Flat Is For Sale,PKR 6.5 Crore,65000000,6,4,200 Sq. Yd,1800.0,36111,Flat,True,10,super hot10Share on FacebookShare on TwitterShare on WhatsAppSend via GMailSend via E-Mail,90,Flats_Karachi,2026-07-24,https://www.zameen.com/Property/karachi_tariq_road_3_bed_drawing_dining_flat_is_for_sale-53130859-532-1.html
1200 Sq/ft FULLY RENOVATED APARTMENT AVAILABLE FOR SALE AT BADAR COMMERCIAL,PKR 1.9 Crore,19000000,3,3,133 Sq. Yd,1197.0,15873,Flat,True,16,super hot16Share on FacebookShare on TwitterShare on WhatsAppSend via GMailSend via E-Mail,90,Flats_Karachi,2026-07-24,https://www.zameen.com/Property/dha_phase_5_badar_commercial_area_1200_sq_ft_fully_renovated_apartment_available_for_sale_at_badar_commercial-54332431-8484-1.html
Prime Location Upper Portion For Grabs In 120 Square Yards Karachi,PKR 1.25 Crore,12500000,2,2,120 Sq. Yd,1080.0,11574,Unknown,True,16,super hot16Share on FacebookShare on TwitterShare on WhatsAppSend via GMailSend via E-Mail,90,Flats_Karachi,2026-07-24,https://www.zameen.com/Property/nazimabad_nazimabad_3_prime_location_upper_portion_for_grabs_in_120_square_yards_karachi-54309342-7080-1.html
Luxury 2 Bed Apartment For Sale In Installments . . .,PKR 95.75 Lakh,9575000,95,2,92 Sq. Yd,828.0,11564,Flat,True,8,hot8Share on FacebookShare on TwitterShare on WhatsAppSend via GMailSend via E-Mail,83,Flats_Karachi,2026-07-24,https://www.zameen.com/Property/kda_road_premier_one_luxury_2_bed_apartment_for_sale_in_installments-54385040-20525-1.html
Ideally Located Flat Of 1850 Square Feet Is Available For sale In Karachi,PKR 2.95 Crore,29500000,3,4,206 Sq. Yd,1854.0,15911,Flat,True,6,hot6Share on FacebookShare on TwitterShare on WhatsAppSend via GMailSend via E-Mail,83,Flats_Karachi,2026-07-24,https://www.zameen.com/Property/gulshan_e_iqbal_block_10_a_callachi_cooperative_housing_society_ideally_located_flat_of_1850_square_feet_is_available_for_sale_in_karachi-54513053-12954-1.html
STUNNING 3 BED BUNGALOW FACING APARTMENT AVAILABLE FOR SALE,PKR 1.9 Crore,19000000,1,3,133 Sq. Yd,1197.0,15873,House,False,17,hot17Share on FacebookShare on TwitterShare on WhatsAppSend via GMailSend via E-Mail,84,Flats_Karachi,2026-07-24,https://www.zameen.com/Property/dha_phase_5_badar_commercial_area_stunning_3_bed_bungalow_facing_apartment_available_for_sale-52365659-8484-1.html
Prominently-Located 240 Square Yards House Available In Scheme 33,PKR 3.9 Crore,39000000,5,6,240 Sq. Yd,2160.0,18055,House,False,,VerifiedShare on FacebookShare on TwitterShare on WhatsAppSend via GMailSend via E-Mail,87,Flats_Karachi,2026-07-24,https://www.zameen.com/Property/karachi_scheme_33_prominently-located_240_square_yards_house_available_in_scheme_33-54513180-495-1.html
Lakhani Heights Flat For Sale,PKR 22 Lakh,2200000,1,1,42 Sq. Yd,378.0,5820,Flat,False,5,5Share on FacebookShare on TwitterShare on WhatsAppSend via GMailSend via E-Mail,80,Flats_Karachi,2026-07-24,https://www.zameen.com/Property/gulistan_e_jauhar_gulistan-e-jauhar_-_block_19_lakhani_heights_flat_for_sale-52311112-6843-1.html
Lakhani Heights Flat,PKR 40 Lakh,4000000,2,2,100 Sq. Yd,900.0,4444,Flat,False,12,12Share on FacebookShare on TwitterShare on WhatsAppSend via GMailSend via E-Mail,81,Flats_Karachi,2026-07-24,https://www.zameen.com/Property/gulistan_e_jauhar_gulistan-e-jauhar_-_block_19_lakhani_heights_flat-53825642-6843-1.html
4 Bed Apartment In Dominion Shoping Mall And Appartment Nearest Main Gate Bahria Karachi Available Sale,PKR 1.25 Crore,12500000,1,4,202 Sq. Yd,1818.0,6875,Flat,True,31,super hot31Share on FacebookShare on TwitterShare on WhatsAppSend via GMailSend via E-Mail,90,Flats_Karachi,2026-07-24,https://www.zameen.com/Property/karachi_bahria_town_karachi_4_bed_apartment_in_dominion_shoping_mall_and_appartment_nearest_main_gate_bahria_karachi_available_sale-54360836-8298-1.html
Last Unit Available | Luxury 1 Bed Partial Sea View Apartment for Sale | 1376 Sqft | Emaar Panorama | DHA Phase 8 Karachi,PKR 6.95 Crore,69500000,6,1,153 Sq. Yd,1377.0,50472,Flat,True,16,super hot161Share on FacebookShare on TwitterShare on WhatsAppSend via GMailSend via E-Mail,91,Flats_Karachi,2026-07-24,https://www.zameen.com/Property/dha_phase_8_emaar_panorama_last_unit_available_luxury_1_bed_partial_sea_view_apartment_for_sale_1376_sqft_emaar_panorama_dha_phase_8_karachi-54487340-17182-1.html
CHANCE DEAL | Full Sea Facing 3 Bed | 41st Floor | Emaar Panorama | DHA Phase 8 Karachi | Single Belt,PKR 14.65 Crore,146500000,14,3,342 Sq. Yd,3078.0,47595,Unknown,True,22,super hot221Share on FacebookShare on TwitterShare on WhatsAppSend via GMailSend via E-Mail,91,Flats_Karachi,2026-07-24,https://www.zameen.com/Property/dha_phase_8_emaar_panorama_chance_deal_full_sea_facing_3_bed_41st_floor_emaar_panorama_dha_phase_8_karachi_single_belt-54483139-17182-1.html
Big 2 Bed DD For Sale In KDA Society,PKR 1.3 Crore,13000000,1,2,104 Sq. Yd,936.0,13888,Unknown,True,5,super hot5Share on FacebookShare on TwitterShare on WhatsAppSend via GMailSend via E-Mail,89,Flats_Karachi,2026-07-24,https://www.zameen.com/Property/scheme_33_sector_15_a_kda_employees_cooperative_housing_society_big_2_bed_dd_for_sale_in_kda_society-53205802-9077-1.html
2 Bed Lounge For Sale In Karachi University Society,PKR 76 Lakh,7600000,76,2,70 Sq. Yd,630.0,12063,Unknown,True,5,super hot5Share on FacebookShare on TwitterShare on WhatsAppSend via GMailSend via E-Mail,89,Flats_Karachi,2026-07-24,https://www.zameen.com/Property/scheme_33_karachi_university_housing_society_2_bed_lounge_for_sale_in_karachi_university_society-54059896-9184-1.html
3 Bed Drawing Dining Flat West Open,PKR 6 Crore,60000000,6,4,211 Sq. Yd,1899.0,31595,Flat,True,5,hot5Share on FacebookShare on TwitterShare on WhatsAppSend via GMailSend via E-Mail,83,Flats_Karachi,2026-07-24,https://www.zameen.com/Property/karachi_shaheed_millat_road_3_bed_drawing_dining_flat_west_open-53055953-413-1.html
1452 Square Feet Flat Available For Sale In Callachi Cooperative Housing Society If You Hurry,PKR 1.75 Crore,17500000,2,3,161 Sq. Yd,1449.0,12077,Flat,True,8,hot81Share on FacebookShare on TwitterShare on WhatsAppSend via GMailSend via E-Mail,84,Flats_Karachi,2026-07-24,https://www.zameen.com/Property/gulshan_e_iqbal_block_10_a_callachi_cooperative_housing_society_1452_square_feet_flat_available_for_sale_in_callachi_cooperative_housing_society_if_you_hurry-53130852-12954-1.html
Get A West Open 1150 Square Feet Flat For sale In Saima Residencia,PKR 1.55 Crore,15500000,2,2,128 Sq. Yd,1152.0,13454,Flat,False,10,10VerifiedShare on FacebookShare on TwitterShare on WhatsAppSend via GMailSend via E-Mail,89,Flats_Karachi,2026-07-24,https://www.zameen.com/Property/scheme_33_sector_34_a_saima_residencia_get_a_west_open_1150_square_feet_flat_for_sale_in_saima_residencia-54383253-22375-1.html
Get In Touch Now To Buy A Prime Location Flat In Naya Nazimabad Naya Nazimabad,PKR 1.7 Crore,17000000,2,2,139 Sq. Yd,1251.0,13589,Flat,True,16,super hot161VerifiedShare on FacebookShare on TwitterShare on WhatsAppSend via GMailSend via E-Mail,99,Flats_Karachi,2026-07-24,https://www.zameen.com/Property/karachi_naya_nazimabad_get_in_touch_now_to_buy_a_prime_location_flat_in_naya_nazimabad_naya_nazimabad-54508476-10079-1.html
1ST FLOOR 970 SQ. FT FLAT FOR SALE IN P&T SOCIETY,PKR 63 Lakh,6300000,2,2,108 Sq. Yd,972.0,6481,Flat,True,11,super hot111VerifiedShare on FacebookShare on TwitterShare on WhatsAppSend via GMailSend via E-Mail,99,Flats_Karachi,2026-07-24,https://www.zameen.com/Property/korangi_p_t_housing_society_1st_floor_970_sq_ft_flat_for_sale_in_p_t_society-52897183-7055-1.html
FLAT SHEA'S RESIDENCY FIRST FLOOR 3BDD W/O CORNER JAUHAR 3A,PKR 2.95 Crore,29500000,3,3,167 Sq. Yd,1503.0,19627,Flat,True,20,super hot20Share on FacebookShare on TwitterShare on WhatsAppSend via GMailSend via E-Mail,90,Flats_Karachi,2026-07-24,https://www.zameen.com/Property/gulistan_e_jauhar_gulistan-e-jauhar_-_block_3-a_flat_shea_s_residency_first_floor_3bdd_w_o_corner_jauhar_3a-54376445-6827-1.html
Prime Location 2975 Square Feet Flat Is Available In Askari 5,PKR 5.55 Crore,55500000,5,6,331 Sq. Yd,2979.0,18630,Flat,True,21,super hot211VerifiedShare on FacebookShare on TwitterShare on WhatsAppSend via GMailSend via E-Mail,99,Flats_Karachi,2026-07-24,https://www.zameen.com/Property/malir_cantonment_askari_5_prime_location_2975_square_feet_flat_is_available_in_askari_5-54448471-6655-1.html
3 Bed Drawing Dining Luxury Apartment For Sale Front Facing,PKR 3.75 Crore,37500000,3,4,210 Sq. Yd,1890.0,19841,Flat,True,6,hot6Share on FacebookShare on TwitterShare on WhatsAppSend via GMailSend via E-Mail,83,Flats_Karachi,2026-07-24,https://www.zameen.com/Property/gulshan_e_iqbal_block_10_a_callachi_cooperative_housing_society_3_bed_drawing_dining_luxury_apartment_for_sale_front_facing-52229031-12954-1.html
2 Bed Drawing Dining Possession In 3 Months,PKR 2.4 Crore,24000000,2,3,155 Sq. Yd,1395.0,17204,Flat,True,5,hot5Share on FacebookShare on TwitterShare on WhatsAppSend via GMailSend via E-Mail,83,Flats_Karachi,2026-07-24,https://www.zameen.com/Property/gulshan_e_iqbal_block_10_a_callachi_cooperative_housing_society_2_bed_drawing_dining_possession_in_3_months-53312839-12954-1.html
Daniyal Residency Flats For Sale,PKR 90 Lakh,9000000,2,2,100 Sq. Yd,900.0,10000,Flat,False,8,hot8Share on FacebookShare on TwitterShare on WhatsAppSend via GMailSend via E-Mail,83,Flats_Karachi,2026-07-24,https://www.zameen.com/Property/scheme_33_daniyal_residency_daniyal_residency_flats_for_sale-54395690-10578-1.html
Nazimabad No 2 J Block Portion 3 Bad Dd First Vip Location,PKR 1.11 Crore,11100000,3,3,120 Sq. Yd,1080.0,10277,Unknown,False,15,15Share on FacebookShare on TwitterShare on WhatsAppSend via GMailSend via E-Mail,81,Flats_Karachi,2026-07-24,https://www.zameen.com/Property/nazimabad_2_nazimabad_2_-_block_d_nazimabad_no_2_j_block_portion_3_bad_dd_first_vip_location-50931885-19876-1.html
3 Bed Drawing Dining,PKR 6.9 Crore,69000000,6,4,217 Sq. Yd,1953.0,35330,Flat,True,7,7Share on FacebookShare on TwitterShare on WhatsAppSend via GMailSend via E-Mail,80,Flats_Karachi,2026-07-24,https://www.zameen.com/Property/karachi_shaheed_millat_road_3_bed_drawing_dining-54513055-413-1.html
Own a Spacious 3 Bed DD Apartment | Al Madni Heights | Flexible Installment Plan,PKR 3 Crore,30000000,3,3,184 Sq. Yd,1656.0,18115,Flat,True,11,11Share on FacebookShare on TwitterShare on WhatsAppSend via GMailSend via E-Mail,81,Flats_Karachi,2026-07-24,https://www.zameen.com/Property/university_road_al_madni_heights_own_a_spacious_3_bed_dd_apartment_al_madni_heights_flexible_installment_plan-54513024-22612-1.html
Premium 3 Bed DD Apartment for Sale | Near Askari Park | Al Madni Heights Karachi,PKR 3 Crore,30000000,3,3,184 Sq. Yd,1656.0,18115,Flat,True,11,11Share on FacebookShare on TwitterShare on WhatsAppSend via GMailSend via E-Mail,81,Flats_Karachi,2026-07-24,https://www.zameen.com/Property/university_road_al_madni_heights_premium_3_bed_dd_apartment_for_sale_near_askari_park_al_madni_heights_karachi-54513017-22612-1.html
3 BED DD FIRST FLOOR PORTION FOR SALE NEAR BY DACCA SWEETS,PKR 1.95 Crore,19500000,1,3,140 Sq. Yd,1260.0,15476,Unknown,False,6,6Share on FacebookShare on TwitterShare on WhatsAppSend via GMailSend via E-Mail,80,Flats_Karachi,2026-07-24,https://www.zameen.com/Property/gulshan_e_iqbal_gulshan-e-iqbal_-_block_6_3_bed_dd_first_floor_portion_for_sale_near_by_dacca_sweets-54513013-6867-1.html
Prime Location Flat Of 1250 Square Feet Available In Naya Nazimabad,PKR 1.85 Crore,18500000,2,2,139 Sq. Yd,1251.0,14788,Flat,True,13,super hot131VerifiedShare on FacebookShare on TwitterShare on WhatsAppSend via GMailSend via E-Mail,99,Flats_Karachi,2026-07-24,https://www.zameen.com/Property/karachi_naya_nazimabad_prime_location_flat_of_1250_square_feet_available_in_naya_nazimabad-54508475-10079-1.html
LUXURY FLATS FOR SALE 4 BED DD,PKR 4.5 Crore,45000000,4,5,300 Sq. Yd,2700.0,16666,Flat,True,16,super hot161Share on FacebookShare on TwitterShare on WhatsAppSend via GMailSend via E-Mail,91,Flats_Karachi,2026-07-24,https://www.zameen.com/Property/gulshan_e_iqbal_block_10_a_callachi_cooperative_housing_society_luxury_flats_for_sale_4_bed_dd-53141296-12954-1.html
Calachi Icon Apartments For Sale,PKR 3.6 Crore,36000000,4,4,239 Sq. Yd,2151.0,16736,Flat,True,37,super hot371Share on FacebookShare on TwitterShare on WhatsAppSend via GMailSend via E-Mail,91,Flats_Karachi,2026-07-24,https://www.zameen.com/Property/gulshan_e_iqbal_block_10_a_callachi_cooperative_housing_society_calachi_icon_apartments_for_sale-53483399-12954-1.html
Apartment For Sale,PKR 7.5 Crore,75000000,4,5,278 Sq. Yd,2502.0,29976,Flat,True,19,super hot19Share on FacebookShare on TwitterShare on WhatsAppSend via GMailSend via E-Mail,90,Flats_Karachi,2026-07-24,https://www.zameen.com/Property/karachi_shaheed_millat_road_apartment_for_sale-54399227-413-1.html
Luxury 2 Bed DD Flat,PKR 1.3 Crore,13000000,1,2,104 Sq. Yd,936.0,13888,Flat,True,6,super hot6Share on FacebookShare on TwitterShare on WhatsAppSend via GMailSend via E-Mail,89,Flats_Karachi,2026-07-24,https://www.zameen.com/Property/suparco_road_taloo_gold_residency_luxury_2_bed_dd_flat-54400513-10737-1.html
Emaar The views tower 1  3 bed apartment available for sale,PKR 11.6 Crore,116000000,11,5,289 Sq. Yd,2601.0,44598,Flat,True,11,super hot11Share on FacebookShare on TwitterShare on WhatsAppSend via GMailSend via E-Mail,90,Flats_Karachi,2026-07-24,https://www.zameen.com/Property/dha_phase_8_emaar_the_views_emaar_the_views_tower_1_3_bed_apartment_available_for_sale-54510608-17808-1.html
4 Bed Drawing Dining Road Facing Apartment,PKR 6.25 Crore,62500000,6,4,244 Sq. Yd,2196.0,28460,Flat,True,5,hot5Share on FacebookShare on TwitterShare on WhatsAppSend via GMailSend via E-Mail,83,Flats_Karachi,2026-07-24,https://www.zameen.com/Property/karachi_khalid_bin_walid_road_4_bed_drawing_dining_road_facing_apartment-54427213-253-1.html
FLAT AVAILABLE FOR SALE IN UNDER CONSTRUCTION PROJECT,PKR 3 Crore,30000000,3,3,176 Sq. Yd,1584.0,18939,Flat,True,8,hot8Share on FacebookShare on TwitterShare on WhatsAppSend via GMailSend via E-Mail,83,Flats_Karachi,2026-07-24,https://www.zameen.com/Property/gulshan_e_iqbal_block_10_a_callachi_cooperative_housing_society_flat_available_for_sale_in_under_construction_project-54401302-12954-1.html
Exclusive 2 Bed DD Apartment for Sale | Al Madni Heights | Flexible Installment Plan,PKR 1.75 Crore,17500000,1,2,125 Sq. Yd,1125.0,15555,Flat,True,11,11Share on FacebookShare on TwitterShare on WhatsAppSend via GMailSend via E-Mail,81,Flats_Karachi,2026-07-24,https://www.zameen.com/Property/university_road_al_madni_heights_exclusive_2_bed_dd_apartment_for_sale_al_madni_heights_flexible_installment_plan-54513008-22612-1.html
Gray Stucture Farm House 7500 Sq. yards For Sale Very Attractive Rates,PKR 38 Crore,380000000,8,7,"7,500 Sq. Yd",67500.0,5629,House,False,12,12Share on FacebookShare on TwitterShare on WhatsAppSend via GMailSend via E-Mail,81,Flats_Karachi,2026-07-24,https://www.zameen.com/Property/bahria_town_karachi_bahria_town_-_precinct_18_gray_stucture_farm_house_7500_sq_yards_for_sale_very_attractive_rates-54259524-10029-1.html
Own a Modern 2 Bed DD Apartment | Al Madni Heights | 80% Completed Project,PKR 1.75 Crore,17500000,1,2,125 Sq. Yd,1125.0,15555,Flat,True,11,11Share on FacebookShare on TwitterShare on WhatsAppSend via GMailSend via E-Mail,81,Flats_Karachi,2026-07-24,https://www.zameen.com/Property/university_road_al_madni_heights_own_a_modern_2_bed_dd_apartment_al_madni_heights_80_completed_project-54513005-22612-1.html
LUXURY FLAT ON SALE 5 BED LIVING,PKR 4.55 Crore,45500000,4,6,300 Sq. Yd,2700.0,16851,Flat,True,18,super hot181Share on FacebookShare on TwitterShare on WhatsAppSend via GMailSend via E-Mail,91,Flats_Karachi,2026-07-24,https://www.zameen.com/Property/gulshan_e_iqbal_block_10_a_callachi_cooperative_housing_society_luxury_flat_on_sale_5_bed_living-54445866-12954-1.html
2000 Square Feet Spacious 3 Bedroom Apartment With Maid Room For Sale Prime Location DHA Phase 6 Bukhari Commercial,PKR 5.5 Crore,55000000,5,4,222 Sq. Yd,1998.0,27527,Flat,True,24,super hot24Share on FacebookShare on TwitterShare on WhatsAppSend via GMailSend via E-Mail,90,Flats_Karachi,2026-07-24,https://www.zameen.com/Property/dha_defence_dha_phase_6_2000_square_feet_spacious_3_bedroom_apartment_with_maid_room_for_sale_prime_location_dha_phase_6_bukhari_commercial-54399703-1483-1.html
Brand New Flat For Sale,PKR 2.75 Crore,27500000,5,4,200 Sq. Yd,1800.0,15277,Flat,True,18,super hot181VerifiedShare on FacebookShare on TwitterShare on WhatsAppSend via GMailSend via E-Mail,99,Flats_Karachi,2026-07-24,https://www.zameen.com/Property/gulshan_e_iqbal_block_1_harmain_royal_residency_brand_new_flat_for_sale-53532551-9675-1.html
Emaar panorama apartment available for sale,PKR 5.9 Crore,59000000,1,1,146 Sq. Yd,1314.0,44901,Flat,True,8,super hot8Share on FacebookShare on TwitterShare on WhatsAppSend via GMailSend via E-Mail,89,Flats_Karachi,2026-07-24,https://www.zameen.com/Property/dha_phase_8_emaar_panorama_emaar_panorama_apartment_available_for_sale-54510894-17182-1.html
Flat For Sale In Karachi,PKR 2.4 Crore,24000000,2,3,126 Sq. Yd,1134.0,21164,Flat,True,10,super hot101VerifiedShare on FacebookShare on TwitterShare on WhatsAppSend via GMailSend via E-Mail,99,Flats_Karachi,2026-07-24,https://www.zameen.com/Property/gulshan_e_iqbal_block_10_a_callachi_cooperative_housing_society_flat_for_sale_in_karachi-54358781-12954-1.html
FOUR BEDROOMS APARTMENT BOOKING NEAR HILLPARK JUSTICE INAMULLAH ROAD,PKR 6.25 Crore,62500000,6,4,223 Sq. Yd,2007.0,31141,Flat,True,5,super hot5Share on FacebookShare on TwitterShare on WhatsAppSend via GMailSend via E-Mail,89,Flats_Karachi,2026-07-24,https://www.zameen.com/Property/scheme_33_karachi_memon_cooperative_housing_society_four_bedrooms_apartment_booking_near_hillpark_justice_inamullah_road-54511036-9186-1.html
Brand New Apartment For Sale,PKR 6.25 Crore,62500000,4,4,256 Sq. Yd,2304.0,27126,Flat,True,5,hot5Share on FacebookShare on TwitterShare on WhatsAppSend via GMailSend via E-Mail,83,Flats_Karachi,2026-07-24,https://www.zameen.com/Property/karachi_khalid_bin_walid_road_brand_new_apartment_for_sale-54144911-253-1.html
Brand New Highrise Project,PKR 2.75 Crore,27500000,2,3,128 Sq. Yd,1152.0,23871,Unknown,True,8,hot8Share on FacebookShare on TwitterShare on WhatsAppSend via GMailSend via E-Mail,83,Flats_Karachi,2026-07-24,https://www.zameen.com/Property/gulshan_e_iqbal_block_10_a_callachi_cooperative_housing_society_brand_new_highrise_project-53699175-12954-1.html
Prime Location Sharfabad Upper Portion Sized 1000 Square Feet Is Available,PKR 3.1 Crore,31000000,2,2,111 Sq. Yd,999.0,31031,Unknown,False,16,hot16VerifiedShare on FacebookShare on TwitterShare on WhatsAppSend via GMailSend via E-Mail,92,Flats_Karachi,2026-07-24,https://www.zameen.com/Property/gulshan_e_iqbal_town_sharfabad_prime_location_sharfabad_upper_portion_sized_1000_square_feet_is_available-54132182-313-1.html
Buying A Upper Portion In Karachi?,PKR 4 Crore,40000000,3,3,170 Sq. Yd,1530.0,26143,Unknown,False,20,hot201VerifiedShare on FacebookShare on TwitterShare on WhatsAppSend via GMailSend via E-Mail,93,Flats_Karachi,2026-07-24,https://www.zameen.com/Property/pechs_pechs_block_2_buying_a_upper_portion_in_karachi-54239090-6933-1.html
Upper Portion For Sale,PKR 2.25 Crore,22500000,2,3,115 Sq. Yd,1035.0,21739,Unknown,False,15,hot15VerifiedShare on FacebookShare on TwitterShare on WhatsAppSend via GMailSend via E-Mail,92,Flats_Karachi,2026-07-24,https://www.zameen.com/Property/pechs_pechs_block_2_upper_portion_for_sale-54132185-6933-1.html
Ideally Located Prime Location Flat Of 4400 Square Feet Is Available For sale In Shahra-e-Faisal,PKR 13 Crore,130000000,5,5,489 Sq. Yd,4401.0,29538,Flat,False,39,hot39VerifiedShare on FacebookShare on TwitterShare on WhatsAppSend via GMailSend via E-Mail,92,Flats_Karachi,2026-07-24,https://www.zameen.com/Property/karachi_shahra-e-faisal_ideally_located_prime_location_flat_of_4400_square_feet_is_available_for_sale_in_shahra-e-faisal-54132186-310-1.html
5 Bed luxury Apartment Available in Easy Monthly Installment at Most Prime Location of Nazimabad,PKR 2.02 Crore,20200000,2,5,150 Sq. Yd,1350.0,14962,Flat,False,5,5Share on FacebookShare on TwitterShare on WhatsAppSend via GMailSend via E-Mail,80,Flats_Karachi,2026-07-24,https://www.zameen.com/Property/karachi_north_nazimabad_5_bed_luxury_apartment_available_in_easy_monthly_installment_at_most_prime_location_of_nazimabad-54459399-11-1.html
Secure Your 2 Bed DD Apartment Today | Al Madni Heights | Prime University Road Address,PKR 1.75 Crore,17500000,1,2,125 Sq. Yd,1125.0,15555,Flat,True,11,11Share on FacebookShare on TwitterShare on WhatsAppSend via GMailSend via E-Mail,81,Flats_Karachi,2026-07-24,https://www.zameen.com/Property/university_road_al_madni_heights_secure_your_2_bed_dd_apartment_today_al_madni_heights_prime_university_road_address-54513002-22612-1.html
Brand New Flat For Sale,PKR 2.75 Crore,27500000,5,4,200 Sq. Yd,1800.0,15277,Flat,True,11,super hot11Share on FacebookShare on TwitterShare on WhatsAppSend via GMailSend via E-Mail,90,Flats_Karachi,2026-07-24,https://www.zameen.com/Property/gulshan_e_iqbal_gulshan-e-iqbal_-_block_1_brand_new_flat_for_sale-53532519-6861-1.html
Brand New Flat For Sale,PKR 3.6 Crore,36000000,3,3,250 Sq. Yd,2250.0,16000,Flat,True,5,super hot5Share on FacebookShare on TwitterShare on WhatsAppSend via GMailSend via E-Mail,89,Flats_Karachi,2026-07-24,https://www.zameen.com/Property/gulistan_e_jauhar_gulistan-e-jauhar_-_block_16_brand_new_flat_for_sale-53966169-6840-1.html
Chance Deal Fully Furnished 2 Bed Apartment At Unfurnished Price,PKR 5.25 Crore,52500000,5,2,167 Sq. Yd,1503.0,34930,Flat,True,17,super hot17Share on FacebookShare on TwitterShare on WhatsAppSend via GMailSend via E-Mail,90,Flats_Karachi,2026-07-24,https://www.zameen.com/Property/dha_phase_8_emaar_crescent_bay_chance_deal_fully_furnished_2_bed_apartment_at_unfurnished_price-54147266-8503-1.html
"ULTRA-LUXURY 4-BEDROOM FULL SEA-FRONT APARTMENT FOR SALE IN EMAAR PEARL TOWER 1, DHA PHASE 8, KARACHI",PKR 16 Crore,160000000,16,6,282 Sq. Yd,2538.0,63041,Flat,True,17,super hot17Share on FacebookShare on TwitterShare on WhatsAppSend via GMailSend via E-Mail,90,Flats_Karachi,2026-07-24,https://www.zameen.com/Property/emaar_crescent_bay_emaar_pearl_towers_ultra-luxury_4-bedroom_full_sea-front_apartment_for_sale_in_emaar_pearl_tower_1_dha_phase_8_karachi-54477426-10719-1.html
2 Bed Apartment For Sale,PKR 1.65 Crore,16500000,1,2,100 Sq. Yd,900.0,18333,Flat,True,14,super hot14Share on FacebookShare on TwitterShare on WhatsAppSend via GMailSend via E-Mail,90,Flats_Karachi,2026-07-24,https://www.zameen.com/Property/dha_defence_dha_phase_5_2_bed_apartment_for_sale-54269043-1482-1.html
2 Bed Drawing Dining West Open Apartment For Sale,PKR 2.75 Crore,27500000,2,3,155 Sq. Yd,1395.0,19713,Flat,True,5,hot5Share on FacebookShare on TwitterShare on WhatsAppSend via GMailSend via E-Mail,83,Flats_Karachi,2026-07-24,https://www.zameen.com/Property/gulshan_e_iqbal_block_10_a_callachi_cooperative_housing_society_2_bed_drawing_dining_west_open_apartment_for_sale-53565081-12954-1.html
Prime Location Flat Available In Callachi Cooperative Housing Society For Sale,PKR 3.75 Crore,37500000,3,4,210 Sq. Yd,1890.0,19841,Flat,True,13,hot13VerifiedShare on FacebookShare on TwitterShare on WhatsAppSend via GMailSend via E-Mail,92,Flats_Karachi,2026-07-24,https://www.zameen.com/Property/gulshan_e_iqbal_block_10_a_callachi_cooperative_housing_society_prime_location_flat_available_in_callachi_cooperative_housing_society_for_sale-53488987-12954-1.html
Prominently-Located Upper Portion Available In PECHS Block 2 For Sale,PKR 3.15 Crore,31500000,3,3,165 Sq. Yd,1485.0,21212,Unknown,False,17,hot171VerifiedShare on FacebookShare on TwitterShare on WhatsAppSend via GMailSend via E-Mail,93,Flats_Karachi,2026-07-24,https://www.zameen.com/Property/pechs_pechs_block_2_prominently-located_upper_portion_available_in_pechs_block_2_for_sale-54239091-6933-1.html
BANK LOAN APPLICABLE SHAZZ RESIDENCY,PKR 1.75 Crore,17500000,3,3,167 Sq. Yd,1503.0,11643,Unknown,False,23,hot23Share on FacebookShare on TwitterShare on WhatsAppSend via GMailSend via E-Mail,84,Flats_Karachi,2026-07-24,https://www.zameen.com/Property/gulshan_e_iqbal_town_shaz_residency_bank_loan_applicable_shazz_residency-54488921-13917-1.html
4 Bed luxury Apartment Available in Easy Monthly Installment at Most Prime Location of Nazimabad,PKR 1.35 Crore,13500000,1,5,125 Sq. Yd,1125.0,12000,Flat,False,6,hot6Share on FacebookShare on TwitterShare on WhatsAppSend via GMailSend via E-Mail,83,Flats_Karachi,2026-07-24,https://www.zameen.com/Property/karachi_north_nazimabad_4_bed_luxury_apartment_available_in_easy_monthly_installment_at_most_prime_location_of_nazimabad-54459396-11-1.html
Flat Sized 790 Square Yards Is Available For Sale In Saadi Town -,PKR 95 Lakh,9500000,2,2,790 Sq. Yd,7110.0,1336,Flat,False,11,hot11Share on FacebookShare on TwitterShare on WhatsAppSend via GMailSend via E-Mail,84,Flats_Karachi,2026-07-24,https://www.zameen.com/Property/saadi_town_saadi_town_-_block_5_flat_sized_790_square_yards_is_available_for_sale_in_saadi_town_--53647573-12971-1.html
"Premium 2 Bed DD Apartment for Sale | Near Possession | Al Madni Heights, University Road",PKR 1.75 Crore,17500000,1,2,125 Sq. Yd,1125.0,15555,Flat,True,11,11Share on FacebookShare on TwitterShare on WhatsAppSend via GMailSend via E-Mail,81,Flats_Karachi,2026-07-24,https://www.zameen.com/Property/university_road_al_madni_heights_premium_2_bed_dd_apartment_for_sale_near_possession_al_madni_heights_university_road-54512999-22612-1.html
Affordable Luxury 2 Bed DD Apartment | Prime Location | Al Madni Heights Karachi,PKR 1.75 Crore,17500000,1,2,125 Sq. Yd,1125.0,15555,Flat,True,11,11Share on FacebookShare on TwitterShare on WhatsAppSend via GMailSend via E-Mail,81,Flats_Karachi,2026-07-24,https://www.zameen.com/Property/university_road_al_madni_heights_affordable_luxury_2_bed_dd_apartment_prime_location_al_madni_heights_karachi-54512992-22612-1.html
Apartment For Sale In Decent Gardenn Block 7 Naer King Cottage,PKR 1.35 Crore,13500000,3,3,150 Sq. Yd,1350.0,10000,Flat,False,12,12Share on FacebookShare on TwitterShare on WhatsAppSend via GMailSend via E-Mail,81,Flats_Karachi,2026-07-24,https://www.zameen.com/Property/gulistan_e_jauhar_gulistan-e-jauhar_-_block_7_apartment_for_sale_in_decent_gardenn_block_7_naer_king_cottage-52869184-6831-1.html
Hunaid City Block 17 Gulistan E Jahor Karachi,PKR 60 Lakh,6000000,2,2,72 Sq. Yd,648.0,9259,Flat,False,6,6Share on FacebookShare on TwitterShare on WhatsAppSend via GMailSend via E-Mail,80,Flats_Karachi,2026-07-24,https://www.zameen.com/Property/gulistan_e_jauhar_gulistan-e-jauhar_-_block_17_hunaid_city_block_17_gulistan_e_jahor_karachi-54236662-6841-1.html
Apartment For Sale In Rufi Laik Drive 4 Bed Dd 2nd Floor,PKR 2.5 Crore,25000000,2,4,267 Sq. Yd,2403.0,10403,Flat,False,11,11Share on FacebookShare on TwitterShare on WhatsAppSend via GMailSend via E-Mail,81,Flats_Karachi,2026-07-24,https://www.zameen.com/Property/gulistan_e_jauhar_gulistan-e-jauhar_-_block_18_apartment_for_sale_in_rufi_laik_drive_4_bed_dd_2nd_floor-52032230-6842-1.html
WESTOPEN MID FLOOR Highly-Desirable 3000 Square Feet Flat Available In Askari 6,PKR 3.85 Crore,38500000,4,4,333 Sq. Yd,2997.0,12846,Flat,True,21,super hot21Share on FacebookShare on TwitterShare on WhatsAppSend via GMailSend via E-Mail,90,Flats_Karachi,2026-07-24,https://www.zameen.com/Property/malir_cantonment_askari_6_westopen_mid_floor_highly-desirable_3000_square_feet_flat_available_in_askari_6-53636983-21109-1.html
SOUTH WEST Ready To Sale A Flat 2972 Square Feet In Askari 5 - Sector F Karachi,PKR 4.85 Crore,48500000,4,4,330 Sq. Yd,2970.0,16329,Flat,True,15,super hot15VerifiedShare on FacebookShare on TwitterShare on WhatsAppSend via GMailSend via E-Mail,98,Flats_Karachi,2026-07-24,https://www.zameen.com/Property/askari_5_askari_5_-_sector_e_south_west_ready_to_sale_a_flat_2972_square_feet_in_askari_5_-_sector_f_karachi-52013062-19016-1.html
TOP FLOOR G+7 LEASED 3 BED APARTMENT AVAILABLE FOR SALE ASK V MALIR CANTT KARACHI,PKR 4.05 Crore,40500000,4,3,278 Sq. Yd,2502.0,16187,Flat,True,21,super hot211VerifiedShare on FacebookShare on TwitterShare on WhatsAppSend via GMailSend via E-Mail,99,Flats_Karachi,2026-07-24,https://www.zameen.com/Property/askari_5_askari_5_-_sector_e_top_floor_g_7_leased_3_bed_apartment_available_for_sale_ask_v_malir_cantt_karachi-51146339-19016-1.html
Buying A Prime Location Flat In Falaknaz Twin Tower?,PKR 2 Crore,20000000,2,2,128 Sq. Yd,1152.0,17361,Flat,True,16,super hot161VerifiedShare on FacebookShare on TwitterShare on WhatsAppSend via GMailSend via E-Mail,99,Flats_Karachi,2026-07-24,https://www.zameen.com/Property/gulzar_e_hijri_falaknaz_twin_tower_buying_a_prime_location_flat_in_falaknaz_twin_tower-54502700-22285-1.html
Prime Location 1600 Square Feet Flat For Sale In Rs. 30000000 Only,PKR 3 Crore,30000000,3,4,178 Sq. Yd,1602.0,18726,Flat,True,19,super hot191VerifiedShare on FacebookShare on TwitterShare on WhatsAppSend via GMailSend via E-Mail,99,Flats_Karachi,2026-07-24,https://www.zameen.com/Property/malir_cantonment_saima_presidency_prime_location_1600_square_feet_flat_for_sale_in_rs_30000000_only-54502685-9884-1.html
Under-Construction 3 Bed DD Furnished Apartment | One Apartment Per Floor | Prime Gulistan-E-Johar Block 14,PKR 2 Crore,20000000,2,3,157 Sq. Yd,1413.0,14154,Flat,True,25,super hot251VerifiedShare on FacebookShare on TwitterShare on WhatsAppSend via GMailSend via E-Mail,99,Flats_Karachi,2026-07-24,https://www.zameen.com/Property/gulistan_e_jauhar_gulistan-e-jauhar_-_block_14_under-construction_3_bed_dd_furnished_apartment_one_apartment_per_floor_prime_gulistan-e-johar_block_14-54014493-6838-1.html
West Open Flat Of 1665 Square Feet Is Available In Contemporary Neighborhood Of Gulshan-e-Iqbal Town,PKR 3.3 Crore,33000000,3,3,185 Sq. Yd,1665.0,19819,Flat,True,10,hot10VerifiedShare on FacebookShare on TwitterShare on WhatsAppSend via GMailSend via E-Mail,92,Flats_Karachi,2026-07-24,https://www.zameen.com/Property/gulshan_e_iqbal_block_10_a_callachi_cooperative_housing_society_west_open_flat_of_1665_square_feet_is_available_in_contemporary_neighborhood_of_gulshan-e-iqbal_town-53440854-12954-1.html
3 Bed Drawing Dining Apartment For Sale,PKR 3.75 Crore,37500000,3,4,210 Sq. Yd,1890.0,19841,Flat,True,5,hot5Share on FacebookShare on TwitterShare on WhatsAppSend via GMailSend via E-Mail,83,Flats_Karachi,2026-07-24,https://www.zameen.com/Property/gulshan_e_iqbal_block_10_a_callachi_cooperative_housing_society_3_bed_drawing_dining_apartment_for_sale-53440849-12954-1.html
"Live Smart, Invest Smarter | 2 Bed DD Apartment for Sale | Al Madni Heights",PKR 1.75 Crore,17500000,1,2,125 Sq. Yd,1125.0,15555,Flat,True,11,11Share on FacebookShare on TwitterShare on WhatsAppSend via GMailSend via E-Mail,81,Flats_Karachi,2026-07-24,https://www.zameen.com/Property/university_road_al_madni_heights_live_smart_invest_smarter_2_bed_dd_apartment_for_sale_al_madni_heights-54512988-22612-1.html
2 Bed DD Apartment for Sale | Premium Living at Al Madni Heights | University Road Karachi,PKR 1.75 Crore,17500000,1,2,125 Sq. Yd,1125.0,15555,Flat,True,11,11Share on FacebookShare on TwitterShare on WhatsAppSend via GMailSend via E-Mail,81,Flats_Karachi,2026-07-24,https://www.zameen.com/Property/university_road_al_madni_heights_2_bed_dd_apartment_for_sale_premium_living_at_al_madni_heights_university_road_karachi-54512979-22612-1.html
Your Future Home Awaits | 2 Bed DD Luxury Apartment | Al Madni Heights Karachi,PKR 1.75 Crore,17500000,1,2,125 Sq. Yd,1125.0,15555,Flat,True,11,11Share on FacebookShare on TwitterShare on WhatsAppSend via GMailSend via E-Mail,81,Flats_Karachi,2026-07-24,https://www.zameen.com/Property/university_road_al_madni_heights_your_future_home_awaits_2_bed_dd_luxury_apartment_al_madni_heights_karachi-54512973-22612-1.html
2 Bed DD Luxury Apartment On Easy 12-Month Installments | 80% Completed Project | Al Madni Heights,PKR 1.75 Crore,17500000,1,2,125 Sq. Yd,1125.0,15555,Flat,True,19,super hot191VerifiedShare on FacebookShare on TwitterShare on WhatsAppSend via GMailSend via E-Mail,99,Flats_Karachi,2026-07-24,https://www.zameen.com/Property/university_road_al_madni_heights_2_bed_dd_luxury_apartment_on_easy_12-month_installments_80_completed_project_al_madni_heights-54496722-22612-1.html
Buy 1452 Square Feet Flat At Highly Affordable Price For Sale,PKR 1.95 Crore,19500000,2,3,161 Sq. Yd,1449.0,13457,Flat,True,7,super hot7Share on FacebookShare on TwitterShare on WhatsAppSend via GMailSend via E-Mail,89,Flats_Karachi,2026-07-24,https://www.zameen.com/Property/gulshan_e_iqbal_block_10_a_callachi_cooperative_housing_society_buy_1452_square_feet_flat_at_highly_affordable_price_for_sale-53374618-12954-1.html
Get In Touch Now To Buy A Prime Location 300 Square Yards Lower Portion In Karachi,PKR 6.5 Crore,65000000,4,4,300 Sq. Yd,2700.0,24074,Unknown,True,13,super hot131VerifiedShare on FacebookShare on TwitterShare on WhatsAppSend via GMailSend via E-Mail,99,Flats_Karachi,2026-07-24,https://www.zameen.com/Property/pechs_pechs_block_2_get_in_touch_now_to_buy_a_prime_location_300_square_yards_lower_portion_in_karachi-54503272-6933-1.html
Book A Flat Of 1618 Square Feet In Safari Signature Karachi,PKR 2 Crore,20000000,3,3,180 Sq. Yd,1620.0,12345,Flat,True,21,super hot211VerifiedShare on FacebookShare on TwitterShare on WhatsAppSend via GMailSend via E-Mail,99,Flats_Karachi,2026-07-24,https://www.zameen.com/Property/scheme_33_sector_36_a_safari_signature_book_a_flat_of_1618_square_feet_in_safari_signature_karachi-54437370-22393-1.html
Flat Available For sale In Clifton - Block 9,PKR 15 Crore,150000000,4,4,322 Sq. Yd,2898.0,51759,Flat,True,5,super hot51VerifiedShare on FacebookShare on TwitterShare on WhatsAppSend via GMailSend via E-Mail,98,Flats_Karachi,2026-07-24,https://www.zameen.com/Property/clifton_clifton_-_block_9_flat_available_for_sale_in_clifton_-_block_9-54483614-1671-1.html
100 yards brand New portion for sale,PKR 85 Lakh,8500000,2,2,100 Sq. Yd,900.0,9444,Unknown,True,13,super hot13Share on FacebookShare on TwitterShare on WhatsAppSend via GMailSend via E-Mail,90,Flats_Karachi,2026-07-24,https://www.zameen.com/Property/gulistan_e_jauhar_gulistan-e-jauhar_-_block_11_100_yards_brand_new_portion_for_sale-53733663-6835-1.html
2 Bed Drawing Dining Possession 13 months,PKR 1.75 Crore,17500000,1,3,161 Sq. Yd,1449.0,12077,Unknown,True,3,hot3Share on FacebookShare on TwitterShare on WhatsAppSend via GMailSend via E-Mail,83,Flats_Karachi,2026-07-24,https://www.zameen.com/Property/gulshan_e_iqbal_block_10_a_callachi_cooperative_housing_society_2_bed_drawing_dining_possession_13_months-53312834-12954-1.html
4 Bed Drawing Dining Corner West Open,PKR 4.25 Crore,42500000,4,4,219 Sq. Yd,1971.0,21562,Flat,True,5,hot5Share on FacebookShare on TwitterShare on WhatsAppSend via GMailSend via E-Mail,83,Flats_Karachi,2026-07-24,https://www.zameen.com/Property/gulshan_e_iqbal_block_10_a_callachi_cooperative_housing_society_4_bed_drawing_dining_corner_west_open-54505891-12954-1.html
240 Square Yards With Roof Portion Available For Sale Block 15 Gulistan-e-Jauhar,PKR 2.9 Crore,29000000,3,3,240 Sq. Yd,2160.0,13425,Unknown,False,21,hot21Share on FacebookShare on TwitterShare on WhatsAppSend via GMailSend via E-Mail,84,Flats_Karachi,2026-07-24,https://www.zameen.com/Property/gulistan_e_jauhar_gulistan-e-jauhar_-_block_15_240_square_yards_with_roof_portion_available_for_sale_block_15_gulistan-e-jauhar-54366807-6839-1.html
Chance Deal 1st Floor Sanober Classic Apposite Gulshan-E-Maymar Maymar X 3  Sector 150 Feet Road Facing Not APLICABLE For Loan Flat For Sale,PKR 50 Lakh,5000000,2,2,100 Sq. Yd,900.0,5555,Flat,False,18,18Share on FacebookShare on TwitterShare on WhatsAppSend via GMailSend via E-Mail,81,Flats_Karachi,2026-07-24,https://www.zameen.com/Property/gadap_town_gulshan-e-maymar_chance_deal_1st_floor_sanober_classic_apposite_gulshan-e-maymar_maymar_x_3_sector_150_feet_road_facing_not_aplicable_for_loan_flat_for_sale-53783493-680-1.html
Modern 2 Bed DD Apartment for Sale | Prime University Road Location | Al Madni Heights,PKR 1.75 Crore,17500000,1,2,125 Sq. Yd,1125.0,15555,Flat,True,11,11Share on FacebookShare on TwitterShare on WhatsAppSend via GMailSend via E-Mail,81,Flats_Karachi,2026-07-24,https://www.zameen.com/Property/university_road_al_madni_heights_modern_2_bed_dd_apartment_for_sale_prime_university_road_location_al_madni_heights-54512972-22612-1.html
Flat 4 BED DD At Civil Lines For Sale,PKR 10.25 Crore,102500000,10,4,267 Sq. Yd,2403.0,42655,Flat,False,11,11Share on FacebookShare on TwitterShare on WhatsAppSend via GMailSend via E-Mail,81,Flats_Karachi,2026-07-24,https://www.zameen.com/Property/karachi_civil_lines_flat_4_bed_dd_at_civil_lines_for_sale-53456020-493-1.html
Al-NAHDi Tower Gulistan E Jauhar Block 14 Flat For Sale,PKR 2.1 Crore,21000000,3,3,178 Sq. Yd,1602.0,13108,Flat,False,17,171Share on FacebookShare on TwitterShare on WhatsAppSend via GMailSend via E-Mail,82,Flats_Karachi,2026-07-24,https://www.zameen.com/Property/gulistan_e_jauhar_gulistan-e-jauhar_-_block_14_al-nahdi_tower_gulistan_e_jauhar_block_14_flat_for_sale-54326087-6838-1.html
2 Bed DD Luxury Apartment On Easy 12-Month Installments | 80% Completed Project | Al Madni Heights,PKR 1.75 Crore,17500000,1,2,125 Sq. Yd,1125.0,15555,Flat,True,12,super hot12VerifiedShare on FacebookShare on TwitterShare on WhatsAppSend via GMailSend via E-Mail,98,Flats_Karachi,2026-07-24,https://www.zameen.com/Property/karachi_university_road_2_bed_dd_luxury_apartment_on_easy_12-month_installments_80_completed_project_al_madni_heights-54496783-324-1.html
Luxury 3 Bedroom Apartment | Easy 12-Month Installments | Al Madni Heights,PKR 3 Crore,30000000,3,3,184 Sq. Yd,1656.0,18115,Flat,True,11,super hot111VerifiedShare on FacebookShare on TwitterShare on WhatsAppSend via GMailSend via E-Mail,99,Flats_Karachi,2026-07-24,https://www.zameen.com/Property/university_road_al_madni_heights_luxury_3_bedroom_apartment_easy_12-month_installments_al_madni_heights-54498455-22612-1.html
Luxury 5 Bedroom Apartment | Easy 12-Month Installment Plan | Al Madni Heights,PKR 3.5 Crore,35000000,3,5,249 Sq. Yd,2241.0,15618,Flat,True,10,super hot10VerifiedShare on FacebookShare on TwitterShare on WhatsAppSend via GMailSend via E-Mail,98,Flats_Karachi,2026-07-24,https://www.zameen.com/Property/university_road_al_madni_heights_luxury_5_bedroom_apartment_easy_12-month_installment_plan_al_madni_heights-54498579-22612-1.html
5 Bed Portion Including Drawing N Dining,PKR 2.3 Crore,23000000,2,5,200 Sq. Yd,1800.0,12777,Unknown,True,17,super hot17Share on FacebookShare on TwitterShare on WhatsAppSend via GMailSend via E-Mail,90,Flats_Karachi,2026-07-24,https://www.zameen.com/Property/gulistan_e_jauhar_gulistan-e-jauhar_-_block_11_5_bed_portion_including_drawing_n_dining-54411266-6835-1.html
HIGH RISE 3 BED DD FLAT WITH ROOF,PKR 7.5 Crore,75000000,7,4,200 Sq. Yd,1800.0,41666,Flat,True,8,super hot8Share on FacebookShare on TwitterShare on WhatsAppSend via GMailSend via E-Mail,89,Flats_Karachi,2026-07-24,https://www.zameen.com/Property/karachi_shaheed_millat_road_high_rise_3_bed_dd_flat_with_roof-54082357-413-1.html
3 bed Drawing Dining west open,PKR 3.3 Crore,33000000,3,3,185 Sq. Yd,1665.0,19819,Flat,True,6,hot6Share on FacebookShare on TwitterShare on WhatsAppSend via GMailSend via E-Mail,83,Flats_Karachi,2026-07-24,https://www.zameen.com/Property/gulshan_e_iqbal_block_10_a_callachi_cooperative_housing_society_3_bed_drawing_dining_west_open-54505863-12954-1.html
3 Bed Drawing Dining Flat For Sale,PKR 6.5 Crore,65000000,6,4,206 Sq. Yd,1854.0,35059,Flat,True,11,hot11Share on FacebookShare on TwitterShare on WhatsAppSend via GMailSend via E-Mail,84,Flats_Karachi,2026-07-24,https://www.zameen.com/Property/karachi_tariq_road_3_bed_drawing_dining_flat_for_sale-53054669-532-1.html
"Chance Deal , West & East - Saima Residencia Scheme 33",PKR 1.7 Crore,17000000,2,2,128 Sq. Yd,1152.0,14756,Unknown,False,16,hot16Share on FacebookShare on TwitterShare on WhatsAppSend via GMailSend via E-Mail,84,Flats_Karachi,2026-07-24,https://www.zameen.com/Property/scheme_33_sector_34_a_saima_residencia_chance_deal_west_east_-_saima_residencia_scheme_33-54226356-22375-1.html
Flat For Sale In Gulshan-E-Maymar Sector Y,PKR 1.1 Crore,11000000,2,2,122 Sq. Yd,1098.0,10018,Flat,False,,hotVerifiedShare on FacebookShare on TwitterShare on WhatsAppSend via GMailSend via E-Mail,90,Flats_Karachi,2026-07-24,https://www.zameen.com/Property/gulshan_e_maymar_gulshan-e-maymar_-_sector_y_flat_for_sale_in_gulshan-e-maymar_sector_y-53890007-6761-1.html
Flat For Sale In Gulshan-E-Maymar Sector Y,PKR 1.1 Crore,11000000,2,2,122 Sq. Yd,1098.0,10018,Flat,False,18,hot18VerifiedShare on FacebookShare on TwitterShare on WhatsAppSend via GMailSend via E-Mail,92,Flats_Karachi,2026-07-24,https://www.zameen.com/Property/gulshan_e_maymar_gulshan-e-maymar_-_sector_y_flat_for_sale_in_gulshan-e-maymar_sector_y-54209370-6761-1.html
Flat For Sale In Gulshan E Iqbal Block 4,PKR 1.6 Crore,16000000,2,2,106 Sq. Yd,954.0,16771,Flat,False,48,hot481VerifiedShare on FacebookShare on TwitterShare on WhatsAppSend via GMailSend via E-Mail,93,Flats_Karachi,2026-07-24,https://www.zameen.com/Property/gulshan_e_iqbal_gulshan-e-iqbal_-_block_4_flat_for_sale_in_gulshan_e_iqbal_block_4-54287746-6864-1.html
3 Bed Lounge Flat For Booking In Karachi University Society,PKR 1.25 Crore,12500000,1,3,97 Sq. Yd,873.0,14318,Flat,False,8,hot8Share on FacebookShare on TwitterShare on WhatsAppSend via GMailSend via E-Mail,83,Flats_Karachi,2026-07-24,https://www.zameen.com/Property/scheme_33_karachi_university_housing_society_3_bed_lounge_flat_for_booking_in_karachi_university_society-53157322-9184-1.html
With ROOF Flat 4 BED DD 2200 SQFT+ 2200 SQFT ROOF,PKR 7.5 Crore,75000000,7,4,244 Sq. Yd,2196.0,34153,Flat,False,7,7Share on FacebookShare on TwitterShare on WhatsAppSend via GMailSend via E-Mail,80,Flats_Karachi,2026-07-24,https://www.zameen.com/Property/jamshed_town_garden_east_with_roof_flat_4_bed_dd_2200_sqft_2200_sqft_roof-53779143-6922-1.html
Own a Premium 2 Bed DD Apartment in the Heart of Karachi | Al Madni Heights,PKR 1.75 Crore,17500000,1,2,125 Sq. Yd,1125.0,15555,Flat,True,11,11Share on FacebookShare on TwitterShare on WhatsAppSend via GMailSend via E-Mail,81,Flats_Karachi,2026-07-24,https://www.zameen.com/Property/university_road_al_madni_heights_own_a_premium_2_bed_dd_apartment_in_the_heart_of_karachi_al_madni_heights-54512968-22612-1.html
*Apartment For Sale At Main Tariq Road Near Jheel Park Pechs Blk 2*,PKR 1.65 Crore,16500000,2,2,94 Sq. Yd,846.0,19503,Flat,False,6,6Share on FacebookShare on TwitterShare on WhatsAppSend via GMailSend via E-Mail,80,Flats_Karachi,2026-07-24,https://www.zameen.com/Property/karachi_tariq_road_apartment_for_sale_at_main_tariq_road_near_jheel_park_pechs_blk_2-52193534-532-1.html
Prime Location Flat Of 2200 Square Feet In Khalid Bin Walid Road For Sale,PKR 5.5 Crore,55000000,3,3,244 Sq. Yd,2196.0,25045,Flat,False,21,211Share on FacebookShare on TwitterShare on WhatsAppSend via GMailSend via E-Mail,82,Flats_Karachi,2026-07-24,https://www.zameen.com/Property/karachi_khalid_bin_walid_road_prime_location_flat_of_2200_square_feet_in_khalid_bin_walid_road_for_sale-53422007-253-1.html
Apartment For Sale At Main Shaheed E Millat,PKR 3.1 Crore,31000000,3,3,189 Sq. Yd,1701.0,18224,Flat,False,5,5Share on FacebookShare on TwitterShare on WhatsAppSend via GMailSend via E-Mail,80,Flats_Karachi,2026-07-24,https://www.zameen.com/Property/karachi_shaheed_millat_road_apartment_for_sale_at_main_shaheed_e_millat-52959764-413-1.html
*Portion Available For Sale At Pechs Blk 6 Near Jheel Park*,PKR 3.75 Crore,37500000,4,4,200 Sq. Yd,1800.0,20833,Unknown,False,17,17Share on FacebookShare on TwitterShare on WhatsAppSend via GMailSend via E-Mail,81,Flats_Karachi,2026-07-24,https://www.zameen.com/Property/pechs_pechs_block_6_portion_available_for_sale_at_pechs_blk_6_near_jheel_park-52721093-6935-1.html
BRAND NEW *3 BED DD* For SALE Prime Location Of *Khalid Bin Waleed Road*,PKR 3.75 Crore,37500000,3,3,178 Sq. Yd,1602.0,23408,Unknown,False,6,6Share on FacebookShare on TwitterShare on WhatsAppSend via GMailSend via E-Mail,80,Flats_Karachi,2026-07-24,https://www.zameen.com/Property/karachi_khalid_bin_walid_road_brand_new_3_bed_dd_for_sale_prime_location_of_khalid_bin_waleed_road-52614671-253-1.html
Prime Location Flat Sized 3000 Square Feet Is Available For Sale In Askari 6,PKR 4.1 Crore,41000000,4,4,333 Sq. Yd,2997.0,13680,Flat,True,15,super hot15VerifiedShare on FacebookShare on TwitterShare on WhatsAppSend via GMailSend via E-Mail,98,Flats_Karachi,2026-07-24,https://www.zameen.com/Property/malir_cantonment_askari_6_prime_location_flat_sized_3000_square_feet_is_available_for_sale_in_askari_6-54481114-21109-1.html
"Prime Location WEST OPEN CHANCE DEAL IDEAL FLOOR ,SEMI FURNISHED 3000SQFT",PKR 3.9 Crore,39000000,4,4,333 Sq. Yd,2997.0,13013,Flat,True,10,super hot10VerifiedShare on FacebookShare on TwitterShare on WhatsAppSend via GMailSend via E-Mail,98,Flats_Karachi,2026-07-24,https://www.zameen.com/Property/malir_cantonment_askari_6_prime_location_west_open_chance_deal_ideal_floor_semi_furnished_3000sqft-54481111-21109-1.html
Prime Location Askari 5 - Sector J Flat Sized 2480 Square Feet Is Available,PKR 4.4 Crore,44000000,3,3,276 Sq. Yd,2484.0,17713,Flat,True,5,super hot5VerifiedShare on FacebookShare on TwitterShare on WhatsAppSend via GMailSend via E-Mail,97,Flats_Karachi,2026-07-24,https://www.zameen.com/Property/askari_5_askari_5_-_sector_j_prime_location_askari_5_-_sector_j_flat_sized_2480_square_feet_is_available-54481289-17289-1.html
Prime Location 2480 Square Feet Flat For Sale In Askari 5 - Sector J Karachi,PKR 4.25 Crore,42500000,3,3,276 Sq. Yd,2484.0,17109,Flat,True,8,super hot8VerifiedShare on FacebookShare on TwitterShare on WhatsAppSend via GMailSend via E-Mail,97,Flats_Karachi,2026-07-24,https://www.zameen.com/Property/askari_5_askari_5_-_sector_j_prime_location_2480_square_feet_flat_for_sale_in_askari_5_-_sector_j_karachi-54481287-17289-1.html
2 Bed DD For Sale In Kda Employee Society Scheme 33 bank loan Available,PKR 1.3 Crore,13000000,1,2,104 Sq. Yd,936.0,13888,Unknown,False,6,hot6Share on FacebookShare on TwitterShare on WhatsAppSend via GMailSend via E-Mail,83,Flats_Karachi,2026-07-24,https://www.zameen.com/Property/scheme_33_sector_15_a_kda_employees_cooperative_housing_society_2_bed_dd_for_sale_in_kda_employee_society_scheme_33_bank_loan_available-51825894-9077-1.html
3 bed dd corner apartment with Roof for Sale in Teacher society,PKR 1.37 Crore,13700000,1,3,130 Sq. Yd,1170.0,11709,Flat,False,9,hot9Share on FacebookShare on TwitterShare on WhatsAppSend via GMailSend via E-Mail,83,Flats_Karachi,2026-07-24,https://www.zameen.com/Property/scheme_33_sector_16_a_government_teacher_housing_society_-_sector_16-a_3_bed_dd_corner_apartment_with_roof_for_sale_in_teacher_society-53526195-9190-1.html
200 yard 3 bed DD Apartment for Sale,PKR 1.75 Crore,17500000,1,3,200 Sq. Yd,1800.0,9722,Flat,False,9,hot9Share on FacebookShare on TwitterShare on WhatsAppSend via GMailSend via E-Mail,83,Flats_Karachi,2026-07-24,https://www.zameen.com/Property/gulshan_e_kaneez_fatima_gulshan-e-kaneez_fatima_-_block_1_200_yard_3_bed_dd_apartment_for_sale-54464085-13851-1.html
950 Square Feet Flat For Sale In Karachi,PKR 1.5 Crore,15000000,,,106 Sq. Yd,954.0,15723,Flat,False,11,hot11VerifiedShare on FacebookShare on TwitterShare on WhatsAppSend via GMailSend via E-Mail,92,Flats_Karachi,2026-07-24,https://www.zameen.com/Property/dha_defence_dha_phase_2_extension_950_square_feet_flat_for_sale_in_karachi-54423347-1672-1.html
Brand New Apartment For Sale At Pechs Block 6 Opposite To Ferozabad Police Station,PKR 4.25 Crore,42500000,3,3,200 Sq. Yd,1800.0,23611,Flat,False,10,10Share on FacebookShare on TwitterShare on WhatsAppSend via GMailSend via E-Mail,81,Flats_Karachi,2026-07-24,https://www.zameen.com/Property/pechs_pechs_block_6_brand_new_apartment_for_sale_at_pechs_block_6_opposite_to_ferozabad_police_station-51937251-6935-1.html
Under Construction Apartment For Sale Near Alamgir Road Bahadurabad Chaar Minar Chowrangi,PKR 4.75 Crore,47500000,3,4,200 Sq. Yd,1800.0,26388,Flat,False,6,6Share on FacebookShare on TwitterShare on WhatsAppSend via GMailSend via E-Mail,80,Flats_Karachi,2026-07-24,https://www.zameen.com/Property/gulshan_e_iqbal_town_bahadurabad_under_construction_apartment_for_sale_near_alamgir_road_bahadurabad_chaar_minar_chowrangi-54199599-524-1.html
Apartment For Sale In HighRise Project At Bahadurabad / Sharfabad Near Spar & United King,PKR 4.5 Crore,45000000,3,3,194 Sq. Yd,1746.0,25773,Flat,False,5,5Share on FacebookShare on TwitterShare on WhatsAppSend via GMailSend via E-Mail,80,Flats_Karachi,2026-07-24,https://www.zameen.com/Property/gulshan_e_iqbal_town_bahadurabad_apartment_for_sale_in_highrise_project_at_bahadurabad_sharfabad_near_spar_united_king-54099087-524-1.html
Booking Available | 4 Bed DD Portion | PECHS Block 2,PKR 4.5 Crore,45000000,4,4,235 Sq. Yd,2115.0,21276,Unknown,False,5,5Share on FacebookShare on TwitterShare on WhatsAppSend via GMailSend via E-Mail,80,Flats_Karachi,2026-07-24,https://www.zameen.com/Property/pechs_pechs_block_2_booking_available_4_bed_dd_portion_pechs_block_2-53851142-6933-1.html
Gold Line Residency 2 bed drawing Dining Appartment For Sale Block 16a Gulistan-e-Jauhar,PKR 1.65 Crore,16500000,1,2,122 Sq. Yd,1098.0,15027,Unknown,False,14,14Share on FacebookShare on TwitterShare on WhatsAppSend via GMailSend via E-Mail,81,Flats_Karachi,2026-07-24,https://www.zameen.com/Property/gulistan_e_jauhar_gulistan-e-jauhar_-_block_16-a_gold_line_residency_2_bed_drawing_dining_appartment_for_sale_block_16a_gulistan-e-jauhar-54512958-8889-1.html
Portion For Sale In PECHS Block 2 Near Allama Iqbal Road & Standard Chartered Bank,PKR 5.5 Crore,55000000,4,4,400 Sq. Yd,3600.0,15277,Unknown,False,8,8Share on FacebookShare on TwitterShare on WhatsAppSend via GMailSend via E-Mail,80,Flats_Karachi,2026-07-24,https://www.zameen.com/Property/pechs_pechs_block_2_portion_for_sale_in_pechs_block_2_near_allama_iqbal_road_standard_chartered_bank-53742383-6933-1.html
Apartment For Sale At Kashmir Road Near Pso Petrol Pump,PKR 3 Crore,30000000,2,2,122 Sq. Yd,1098.0,27322,Flat,False,5,5Share on FacebookShare on TwitterShare on WhatsAppSend via GMailSend via E-Mail,80,Flats_Karachi,2026-07-24,https://www.zameen.com/Property/karachi_muslimabad_society_apartment_for_sale_at_kashmir_road_near_pso_petrol_pump-53663787-12425-1.html
"Apartment for Sale At Muslimabad, Opp Parda Park",PKR 1.8 Crore,18000000,2,2,122 Sq. Yd,1098.0,16393,Flat,False,9,9Share on FacebookShare on TwitterShare on WhatsAppSend via GMailSend via E-Mail,80,Flats_Karachi,2026-07-24,https://www.zameen.com/Property/karachi_muslimabad_society_apartment_for_sale_at_muslimabad_opp_parda_park-53606324-12425-1.html
Askari 14 Flat Sized 10 Marla For Sale,PKR 2.5 Crore,25000000,2,2,10 Marla,2250.0,11111,Flat,False,17,hot17Share on FacebookShare on TwitterShare on WhatsAppSend via GMailSend via E-Mail,84,Flats_Rawalpindi,2026-07-24,https://www.zameen.com/Property/rawalpindi_askari_14_askari_14_flat_sized_10_marla_for_sale-43449014-1504-1.html
15.5 Marla Beautiful House Available For Sale,PKR 5.75 Crore,57500000,5,6,15.5 Marla,3487.5,16487,House,False,11,11Share on FacebookShare on TwitterShare on WhatsAppSend via GMailSend via E-Mail,81,Flats_Rawalpindi,2026-07-24,https://www.zameen.com/Property/bahria_town_phase_7_bahria_spring_north_15_5_marla_beautiful_house_available_for_sale-54198292-8322-1.html
"3 Bed Apartment for Sale | Double Entrance | 3rd Floor | Rental Income PKR 100,000/Month",PKR 2.1 Crore,21000000,2,3,4.9 Marla,1102.5,19047,Flat,False,8,8Share on FacebookShare on TwitterShare on WhatsAppSend via GMailSend via E-Mail,80,Flats_Rawalpindi,2026-07-24,https://www.zameen.com/Property/satellite_town_satellite_town_-_block_f_3_bed_apartment_for_sale_double_entrance_3rd_floor_rental_income_pkr_100_000_month-54500454-10240-1.html
"500 Sq. Ft. Fully Furnished 1 Bed Apartment For Sale | Corner Unit | Rented @ PKR 40,000 | Family Building | Bahria Transfer",PKR 53 Lakh,5300000,53,1,2.2 Marla,495.00000000000006,10707,Flat,True,6,6Share on FacebookShare on TwitterShare on WhatsAppSend via GMailSend via E-Mail,80,Flats_Rawalpindi,2026-07-24,https://www.zameen.com/Property/bahria_town_phase_8_safari_valley_bahria_town_phase_8_-_ali_block_500_sq_ft_fully_furnished_1_bed_apartment_for_sale_corner_unit_rented_pkr_40_000_family_building_bahria_transfer-54394731-3070-1.html
"Brand New Luxury 2 Bed Fully Furnished Apartment for Sale | Mosque Facing | Front & Back Open | Bahria Transfer, Registry & Intiqal Available | High-Rise Family Building",PKR 1.9 Crore,19000000,1,2,5 Marla,1125.0,16888,Flat,False,10,10Share on FacebookShare on TwitterShare on WhatsAppSend via GMailSend via E-Mail,81,Flats_Rawalpindi,2026-07-24,https://www.zameen.com/Property/bahria_town_rawalpindi_bahria_town_phase_8_brand_new_luxury_2_bed_fully_furnished_apartment_for_sale_mosque_facing_front_back_open_bahria_transfer_registry_intiqal_available_high-rise_family_building-54387315-3048-1.html
3 Marla Corner Category House for Sale | Car Parking | Rooftop Mumty | Solid Construction & Woodwork | Prime Location,PKR 68 Lakh,6800000,2,2,3 Marla,675.0,10074,House,False,6,6Share on FacebookShare on TwitterShare on WhatsAppSend via GMailSend via E-Mail,80,Flats_Rawalpindi,2026-07-24,https://www.zameen.com/Property/rawalpindi_samarzar_housing_society_3_marla_corner_category_house_for_sale_car_parking_rooftop_mumty_solid_construction_woodwork_prime_location-54387305-9179-1.html
"10 Marla Well-Maintained Used House for Sale in Gulshan Abad, Rawalpindi | 6 Bed Attach Bath | Double Gate | 2 Gas & 2 Electricity Meters",PKR 5.25 Crore,52500000,5,5,1 Kanal,4500.0,11666,House,False,16,16Share on FacebookShare on TwitterShare on WhatsAppSend via GMailSend via E-Mail,81,Flats_Rawalpindi,2026-07-24,https://www.zameen.com/Property/gulshan_abad_gulshan_abad_sector_1_10_marla_well-maintained_used_house_for_sale_in_gulshan_abad_rawalpindi_6_bed_attach_bath_double_gate_2_gas_2_electricity_meters-54363439-14736-1.html
"5 Marla Single Storey House for Sale in Sarmarzar Housing Society, Adyala Road Rawalpindi | Top Location | 2 Bed | Big Car Porch",PKR 87 Lakh,8700000,87,3,5 Marla,1125.0,7733,House,False,9,9Share on FacebookShare on TwitterShare on WhatsAppSend via GMailSend via E-Mail,80,Flats_Rawalpindi,2026-07-24,https://www.zameen.com/Property/rawalpindi_samarzar_housing_society_5_marla_single_storey_house_for_sale_in_sarmarzar_housing_society_adyala_road_rawalpindi_top_location_2_bed_big_car_porch-54386771-9179-1.html
7 Marla Designer Double Unit House for Sale | 5 Bed Attached Bath | VIP Location | Premium Finishing,PKR 3.15 Crore,31500000,3,3,7 Marla,1575.0,20000,House,True,21,21Share on FacebookShare on TwitterShare on WhatsAppSend via GMailSend via E-Mail,81,Flats_Rawalpindi,2026-07-24,https://www.zameen.com/Property/bahria_town_phase_8_safari_valley_bahria_town_phase_8_-_ali_block_7_marla_designer_double_unit_house_for_sale_5_bed_attached_bath_vip_location_premium_finishing-54387122-3070-1.html
5 Marla 1.5 Storey House for Sale | 3 Bed Attached Bath | Water Boring & Electricity Meter Installed | Big Car Porch,PKR 1.25 Crore,12500000,1,1,5 Marla,1125.0,11111,House,False,10,10Share on FacebookShare on TwitterShare on WhatsAppSend via GMailSend via E-Mail,81,Flats_Rawalpindi,2026-07-24,https://www.zameen.com/Property/rawalpindi_samarzar_housing_society_5_marla_1_5_storey_house_for_sale_3_bed_attached_bath_water_boring_electricity_meter_installed_big_car_porch-54386779-9179-1.html
1 Kanal Owner-Built VIP House for Sale | 100% Solid Construction | Premium Woodwork | Elegant Finishing,PKR 8.65 Crore,86500000,6,6,1 Kanal,4500.0,19222,House,True,16,16Share on FacebookShare on TwitterShare on WhatsAppSend via GMailSend via E-Mail,81,Flats_Rawalpindi,2026-07-24,https://www.zameen.com/Property/bahria_town_phase_8_bahria_town_phase_8_-_block_a_1_kanal_owner-built_vip_house_for_sale_100_solid_construction_premium_woodwork_elegant_finishing-54386790-3049-1.html
14 Marla House for Sale in Bahria Town Phase 8 | 8 Marla Covered + 6 Marla Lawn | Proper Double Unit | Prime Location,PKR 3.55 Crore,35500000,5,6,14 Marla,3150.0,11269,House,False,16,16Share on FacebookShare on TwitterShare on WhatsAppSend via GMailSend via E-Mail,81,Flats_Rawalpindi,2026-07-24,https://www.zameen.com/Property/bahria_town_phase_8_bahria_town_phase_8_-_block_m_14_marla_house_for_sale_in_bahria_town_phase_8_8_marla_covered_6_marla_lawn_proper_double_unit_prime_location-54386806-3062-1.html
9 Marla Designer House for Sale | Proper Double Unit | Double Height | Covered Backside Lawn | 5 Bed Attached Baths | Top Location,PKR 3.6 Crore,36000000,3,3,9 Marla,2025.0,17777,House,False,12,12Share on FacebookShare on TwitterShare on WhatsAppSend via GMailSend via E-Mail,81,Flats_Rawalpindi,2026-07-24,https://www.zameen.com/Property/bahria_town_phase_8_bahria_town_phase_8_-_block_m_9_marla_designer_house_for_sale_proper_double_unit_double_height_covered_backside_lawn_5_bed_attached_baths_top_location-54387298-3062-1.html
2 Bedrooms Ultra Luxury Apartment For Sale,PKR 2.2 Crore,22000000,2,2,6.2 Marla,1395.0,15770,Flat,True,28,super hot281Share on FacebookShare on TwitterShare on WhatsAppSend via GMailSend via E-Mail,91,Flats_Rawalpindi,2026-07-24,https://www.zameen.com/Property/bahria_town_rawalpindi_bahria_town_phase_8_2_bedrooms_ultra_luxury_apartment_for_sale-54418369-3048-1.html
1BedRoom Apartment For Sale,PKR 1.2 Crore,12000000,1,1,3.4 Marla,765.0,15686,Flat,True,41,super hot41Share on FacebookShare on TwitterShare on WhatsAppSend via GMailSend via E-Mail,90,Flats_Rawalpindi,2026-07-24,https://www.zameen.com/Property/bahria_town_rawalpindi_bahria_town_phase_8_1bedroom_apartment_for_sale-53119778-3048-1.html
7 Marla Double Unit Brand New House Is Available For Sale,PKR 2.35 Crore,23500000,4,5,7 Marla,1575.0,14920,House,False,,Share on FacebookShare on TwitterShare on WhatsAppSend via GMailSend via E-Mail,79,Flats_Rawalpindi,2026-07-24,https://www.zameen.com/Property/rawalpindi_punjab_government_servant_housing_foundation_pgshf_7_marla_double_unit_brand_new_house_is_available_for_sale-54512885-10424-1.html
Affordable On Excellent Location Flat Available For Sale In Bahria Town Phase 8 - Awami Villas 5,PKR 55 Lakh,5500000,2,,3.5 Marla,787.5,6984,House,True,11,super hot111VerifiedShare on FacebookShare on TwitterShare on WhatsAppSend via GMailSend via E-Mail,99,Flats_Rawalpindi,2026-07-24,https://www.zameen.com/Property/bahria_town_phase_8_bahria_town_phase_8_-_awami_villas_5_affordable_on_excellent_location_flat_available_for_sale_in_bahria_town_phase_8_-_awami_villas_5-53009124-8330-1.html
2 Bed Room Apartment In The Garnda In Phase3 Bahria Town Rwp,PKR 2.45 Crore,24500000,2,2,6.7 Marla,1507.5,16252,Flat,True,17,super hot17Share on FacebookShare on TwitterShare on WhatsAppSend via GMailSend via E-Mail,90,Flats_Rawalpindi,2026-07-24,https://www.zameen.com/Property/bahria_town_rawalpindi_bahria_town_phase_3_2_bed_room_apartment_in_the_garnda_in_phase3_bahria_town_rwp-52985864-3036-1.html
On Excellent Location House For Sale,PKR 12.9 Crore,129000000,5,6,1.6 Kanal,7200.0,17916,House,True,49,super hot491VerifiedShare on FacebookShare on TwitterShare on WhatsAppSend via GMailSend via E-Mail,99,Flats_Rawalpindi,2026-07-24,https://www.zameen.com/Property/bahria_greens_overseas_enclave_bahria_greens_-_overseas_enclave_-_sector_5_on_excellent_location_house_for_sale-54476874-8304-1.html
1 Kanal House For Sale In Bahria Town Rawalpindi,PKR 8 Crore,80000000,8,6,1 Kanal,4500.0,17777,House,True,48,super hot48Share on FacebookShare on TwitterShare on WhatsAppSend via GMailSend via E-Mail,90,Flats_Rawalpindi,2026-07-24,https://www.zameen.com/Property/bahria_town_rawalpindi_bahria_town_phase_5_1_kanal_house_for_sale_in_bahria_town_rawalpindi-49763694-3045-1.html
7 Marla Brand New Luxury House For Sale Bahria Town Phase 8 Rawalpindi,PKR 3.1 Crore,31000000,6,6,7 Marla,1575.0,19682,House,True,22,super hot22Share on FacebookShare on TwitterShare on WhatsAppSend via GMailSend via E-Mail,90,Flats_Rawalpindi,2026-07-24,https://www.zameen.com/Property/bahria_town_phase_8_safari_valley_bahria_town_phase_8_-_usman_block_7_marla_brand_new_luxury_house_for_sale_bahria_town_phase_8_rawalpindi-53699607-3068-1.html
7 Marla Brand New Luxury House For Sale Bahria Town Phase 8 Rawalpindi,PKR 2.85 Crore,28500000,5,6,7 Marla,1575.0,18095,House,True,37,super hot371Share on FacebookShare on TwitterShare on WhatsAppSend via GMailSend via E-Mail,91,Flats_Rawalpindi,2026-07-24,https://www.zameen.com/Property/bahria_town_phase_8_safari_valley_bahria_town_phase_8_-_abu_bakar_block_7_marla_brand_new_luxury_house_for_sale_bahria_town_phase_8_rawalpindi-53742561-3069-1.html
5 Marla Flat With Structure Ready Available For Sale On 2 Year Installments In Overseas East Block Capital Smart City,PKR 85.9 Lakh,8590000,3,1,5 Marla,1125.0,7635,Flat,True,12,super hot12Share on FacebookShare on TwitterShare on WhatsAppSend via GMailSend via E-Mail,90,Flats_Rawalpindi,2026-07-24,https://www.zameen.com/Property/capital_smart_city_capital_smart_city_overseas_5_marla_flat_with_structure_ready_available_for_sale_on_2_year_installments_in_overseas_east_block_capital_smart_city-54466554-16249-1.html
10m Luxury Furnished 2 Bed Penthouse For Sale,PKR 5.25 Crore,52500000,5,2,10.7 Marla,2407.5,21806,House,True,30,super hot301VerifiedShare on FacebookShare on TwitterShare on WhatsAppSend via GMailSend via E-Mail,99,Flats_Rawalpindi,2026-07-24,https://www.zameen.com/Property/bahria_town_phase_8_bahria_business_district_10m_luxury_furnished_2_bed_penthouse_for_sale-54435085-9033-1.html
1 bedroom furnish apartment available for sale,PKR 1.85 Crore,18500000,1,2,4.5 Marla,1012.5,18271,Flat,True,5,super hot5Share on FacebookShare on TwitterShare on WhatsAppSend via GMailSend via E-Mail,89,Flats_Rawalpindi,2026-07-24,https://www.zameen.com/Property/bahria_town_rawalpindi_bahria_town_phase_1_1_bedroom_furnish_apartment_available_for_sale-54495847-3033-1.html
3 Kanal Designer Home With Huge Lawn & 20 KV Solar,PKR 16.5 Crore,165000000,6,7,3 Kanal,13500.0,12222,Unknown,True,49,hot49Share on FacebookShare on TwitterShare on WhatsAppSend via GMailSend via E-Mail,84,Flats_Rawalpindi,2026-07-24,https://www.zameen.com/Property/bahria_town_phase_8_bahria_hamlet_3_kanal_designer_home_with_huge_lawn_20_kv_solar-53085114-10354-1.html
"10 Marla Semi Furnished House Overseas 5, Phase 8 Bahria Town Rawalpindi",PKR 5.3 Crore,53000000,4,5,10 Marla,2250.0,23555,House,True,48,hot48Share on FacebookShare on TwitterShare on WhatsAppSend via GMailSend via E-Mail,84,Flats_Rawalpindi,2026-07-24,https://www.zameen.com/Property/bahria_greens_overseas_enclave_bahria_greens_-_overseas_enclave_-_sector_5_10_marla_semi_furnished_house_overseas_5_phase_8_bahria_town_rawalpindi-53244455-8304-1.html
10 Marla Great Condition almost New House for Sale| Prime Location| Bahria Town,PKR 4.2 Crore,42000000,5,6,10 Marla,2250.0,18666,House,False,19,hot19Share on FacebookShare on TwitterShare on WhatsAppSend via GMailSend via E-Mail,84,Flats_Rawalpindi,2026-07-24,https://www.zameen.com/Property/bahria_town_rawalpindi_bahria_town_phase_7_10_marla_great_condition_almost_new_house_for_sale_prime_location_bahria_town-54364947-3047-1.html
5 Marla + 2 Marla Lawn Brand New House for Sale| Prime Location| Bahria Town,PKR 2.55 Crore,25500000,3,4,5 Marla,1125.0,22666,House,False,15,hot15Share on FacebookShare on TwitterShare on WhatsAppSend via GMailSend via E-Mail,84,Flats_Rawalpindi,2026-07-24,https://www.zameen.com/Property/bahria_town_rawalpindi_bahria_town_phase_8_5_marla_2_marla_lawn_brand_new_house_for_sale_prime_location_bahria_town-54371446-3048-1.html
5 Marla Designer Brand new house for sale!,PKR 1.95 Crore,19500000,4,5,5 Marla,1125.0,17333,House,False,15,hot15Share on FacebookShare on TwitterShare on WhatsAppSend via GMailSend via E-Mail,84,Flats_Rawalpindi,2026-07-24,https://www.zameen.com/Property/bahria_town_rawalpindi_bahria_town_phase_8_5_marla_designer_brand_new_house_for_sale-54378164-3048-1.html
10 Marla Elegant Brand New House for Sale| Prime Location| Bahria Town,PKR 3.8 Crore,38000000,5,6,10 Marla,2250.0,16888,House,False,26,hot26Share on FacebookShare on TwitterShare on WhatsAppSend via GMailSend via E-Mail,84,Flats_Rawalpindi,2026-07-24,https://www.zameen.com/Property/bahria_town_rawalpindi_bahria_town_phase_8_10_marla_elegant_brand_new_house_for_sale_prime_location_bahria_town-54509762-3048-1.html
Brand New Designers House With 15 KV Solar For Sale,PKR 14.8 Crore,148000000,5,6,1 Kanal,4500.0,32888,House,True,46,super hot461Share on FacebookShare on TwitterShare on WhatsAppSend via GMailSend via E-Mail,91,Flats_Rawalpindi,2026-07-24,https://www.zameen.com/Property/bahria_town_rawalpindi_bahria_town_phase_2_brand_new_designers_house_with_15_kv_solar_for_sale-51970885-3035-1.html
5 Marla Luxury Villa | The Villas | Capital Smart City | 2 Years Easy Installments,PKR 85.9 Lakh,8590000,2,2,5 Marla,1125.0,7635,House,True,9,super hot9Share on FacebookShare on TwitterShare on WhatsAppSend via GMailSend via E-Mail,89,Flats_Rawalpindi,2026-07-24,https://www.zameen.com/Property/rawalpindi_capital_smart_city_5_marla_luxury_villa_the_villas_capital_smart_city_2_years_easy_installments-54439819-11891-1.html
4.25 Marla House For Sale,PKR 1.35 Crore,13500000,4,4,4.2 Marla,945.0,14285,House,True,5,super hot5Share on FacebookShare on TwitterShare on WhatsAppSend via GMailSend via E-Mail,89,Flats_Rawalpindi,2026-07-24,https://www.zameen.com/Property/adiala_road_snober_city_4_25_marla_house_for_sale-54323032-11748-1.html
Luxury Safari Villa 3 4 Bedrooms Villa,PKR 4.25 Crore,42500000,4,5,13 Marla,2925.0,14529,House,True,10,super hot10Share on FacebookShare on TwitterShare on WhatsAppSend via GMailSend via E-Mail,90,Flats_Rawalpindi,2026-07-24,https://www.zameen.com/Property/bahria_town_rawalpindi_bahria_town_-_safari_villas_3_luxury_safari_villa_3_4_bedrooms_villa-54364998-3080-1.html
Prime Location New One Bed 545 Square Feet,PKR 77 Lakh,7700000,77,1,2.4 Marla,540.0,14259,Flat,True,8,super hot81Share on FacebookShare on TwitterShare on WhatsAppSend via GMailSend via E-Mail,90,Flats_Rawalpindi,2026-07-24,https://www.zameen.com/Property/bahria_town_phase_8_bahria_business_district_prime_location_new_one_bed_545_square_feet-54258085-9033-1.html
Prime Location Sale The Ideally Located House For An Incredible Price Of Pkr Rs. 35000000,PKR 3.4 Crore,34000000,6,6,10 Marla,2250.0,15111,House,True,46,super hot461VerifiedShare on FacebookShare on TwitterShare on WhatsAppSend via GMailSend via E-Mail,99,Flats_Rawalpindi,2026-07-24,https://www.zameen.com/Property/gulshan_abad_gulshan_abad_sector_1_prime_location_sale_the_ideally_located_house_for_an_incredible_price_of_pkr_rs_35000000-54448748-14736-1.html
2 Kanal Hill View Designer Brand New House for Sale| Prime Location| Bahria Town,PKR 14 Crore,140000000,6,6,2 Kanal,9000.0,15555,House,False,50,hot50Share on FacebookShare on TwitterShare on WhatsAppSend via GMailSend via E-Mail,84,Flats_Rawalpindi,2026-07-24,https://www.zameen.com/Property/bahria_town_rawalpindi_bahria_town_phase_8_2_kanal_hill_view_designer_brand_new_house_for_sale_prime_location_bahria_town-54509877-3048-1.html
5 Marla Brand New House Available For sale In Bahria town phase 8 Rawalpindi,PKR 1.98 Crore,19800000,4,4,5 Marla,1125.0,17600,House,False,12,12Share on FacebookShare on TwitterShare on WhatsAppSend via GMailSend via E-Mail,81,Flats_Rawalpindi,2026-07-24,https://www.zameen.com/Property/bahria_town_rawalpindi_bahria_town_phase_8_5_marla_brand_new_house_available_for_sale_in_bahria_town_phase_8_rawalpindi-54157538-3048-1.html
5 Marla Brand New House Available For sale In Bahria town phase 8 Rawalpindi,PKR 1.95 Crore,19500000,3,4,5 Marla,1125.0,17333,House,False,14,14Share on FacebookShare on TwitterShare on WhatsAppSend via GMailSend via E-Mail,81,Flats_Rawalpindi,2026-07-24,https://www.zameen.com/Property/bahria_town_rawalpindi_bahria_town_phase_8_5_marla_brand_new_house_available_for_sale_in_bahria_town_phase_8_rawalpindi-54157523-3048-1.html
5 Marla Brand New House Available For Sale In Bahria Town Phase 8 Rawalpindi,PKR 1.98 Crore,19800000,3,4,5 Marla,1125.0,17600,House,False,7,7Share on FacebookShare on TwitterShare on WhatsAppSend via GMailSend via E-Mail,80,Flats_Rawalpindi,2026-07-24,https://www.zameen.com/Property/bahria_town_phase_8_bahria_town_phase_8_-_rafi_block_5_marla_brand_new_house_available_for_sale_in_bahria_town_phase_8_rawalpindi-54157451-3071-1.html
2 Bed Apartment For Sale - Askari 14 - Rawalpindi,PKR 2.85 Crore,28500000,2,2,8 Marla,1800.0,15833,House,True,9,super hot9Share on FacebookShare on TwitterShare on WhatsAppSend via GMailSend via E-Mail,89,Flats_Rawalpindi,2026-07-24,https://www.zameen.com/Property/rawalpindi_askari_14_2_bed_apartment_for_sale_-_askari_14_-_rawalpindi-49811879-1504-1.html
Affordable Prime Location House For sale In Airport Housing Society - Sector 4,PKR 4 Crore,40000000,6,6,10 Marla,2250.0,17777,House,True,28,super hot281VerifiedShare on FacebookShare on TwitterShare on WhatsAppSend via GMailSend via E-Mail,99,Flats_Rawalpindi,2026-07-24,https://www.zameen.com/Property/airport_housing_society_airport_housing_society_-_sector_4_affordable_prime_location_house_for_sale_in_airport_housing_society_-_sector_4-54508259-9155-1.html
This Is Your Chance To Buy Prime Location House In Snober City,PKR 1.55 Crore,15500000,3,3,6 Marla,1350.0,11481,House,True,27,super hot271VerifiedShare on FacebookShare on TwitterShare on WhatsAppSend via GMailSend via E-Mail,99,Flats_Rawalpindi,2026-07-24,https://www.zameen.com/Property/adiala_road_snober_city_this_is_your_chance_to_buy_prime_location_house_in_snober_city-54508481-11748-1.html
5 Marla Brand New House Available For Sale In Bahria Town Phase 8 Rawalpindi,PKR 1.9 Crore,19000000,4,4,5 Marla,1125.0,16888,House,False,11,11Share on FacebookShare on TwitterShare on WhatsAppSend via GMailSend via E-Mail,81,Flats_Rawalpindi,2026-07-24,https://www.zameen.com/Property/bahria_town_phase_8_bahria_town_phase_8_-_rafi_block_5_marla_brand_new_house_available_for_sale_in_bahria_town_phase_8_rawalpindi-54157424-3071-1.html
5 Marla Brand New House Available For sale In Bahria town phase 8 Rawalpindi,PKR 2.01 Crore,20099999,4,4,5 Marla,1125.0,17866,House,False,11,11Share on FacebookShare on TwitterShare on WhatsAppSend via GMailSend via E-Mail,81,Flats_Rawalpindi,2026-07-24,https://www.zameen.com/Property/bahria_town_phase_8_bahria_town_phase_8_-_rafi_block_5_marla_brand_new_house_available_for_sale_in_bahria_town_phase_8_rawalpindi-54157421-3071-1.html
5 Marla Brand New House Available For Sale In Bahria Town Phase 8 Rawalpindi,PKR 1.98 Crore,19800000,3,4,5 Marla,1125.0,17600,House,False,15,15Share on FacebookShare on TwitterShare on WhatsAppSend via GMailSend via E-Mail,81,Flats_Rawalpindi,2026-07-24,https://www.zameen.com/Property/bahria_town_phase_8_safari_valley_bahria_town_phase_8_-_ali_block_5_marla_brand_new_house_available_for_sale_in_bahria_town_phase_8_rawalpindi-54157407-3070-1.html
5 Marla slightly Use House Available For sale In Bahria town phase 8 Rawalpindi,PKR 1.85 Crore,18500000,3,4,5 Marla,1125.0,16444,House,False,9,9Share on FacebookShare on TwitterShare on WhatsAppSend via GMailSend via E-Mail,80,Flats_Rawalpindi,2026-07-24,https://www.zameen.com/Property/bahria_town_phase_8_safari_valley_bahria_town_phase_8_-_ali_block_5_marla_slightly_use_house_available_for_sale_in_bahria_town_phase_8_rawalpindi-54157395-3070-1.html
5 Marla Brand New House Available For Sale In Bahria Town Phase 8 Rawalpindi,PKR 2.05 Crore,20500000,3,4,5 Marla,1125.0,18222,House,False,13,13Share on FacebookShare on TwitterShare on WhatsAppSend via GMailSend via E-Mail,81,Flats_Rawalpindi,2026-07-24,https://www.zameen.com/Property/bahria_town_phase_8_safari_valley_bahria_town_phase_8_-_ali_block_5_marla_brand_new_house_available_for_sale_in_bahria_town_phase_8_rawalpindi-54157384-3070-1.html
5 Marla Brand New House Available For sale In Bahria town phase 8 Rawalpindi,PKR 2 Crore,20000000,4,4,5 Marla,1125.0,17777,House,False,10,10Share on FacebookShare on TwitterShare on WhatsAppSend via GMailSend via E-Mail,81,Flats_Rawalpindi,2026-07-24,https://www.zameen.com/Property/bahria_town_phase_8_safari_valley_bahria_town_phase_8_-_ali_block_5_marla_brand_new_house_available_for_sale_in_bahria_town_phase_8_rawalpindi-54157380-3070-1.html
3 Marla Fully Furnished Apartment For Sale,PKR 1.3 Crore,13000000,2,2,3 Marla,675.0,19259,Flat,True,21,hot21Share on FacebookShare on TwitterShare on WhatsAppSend via GMailSend via E-Mail,84,Flats_Faisalabad,2026-07-24,https://www.zameen.com/Property/lower_canal_road_green_orchard_apartments_3_marla_fully_furnished_apartment_for_sale-54296126-19726-1.html
1 KANAL LUXURY FURNISH HOUSE AVAILABLE FOR SALE,PKR 12.5 Crore,125000000,5,6,1 Kanal,4500.0,27777,House,False,,Share on FacebookShare on TwitterShare on WhatsAppSend via GMailSend via E-Mail,79,Flats_Faisalabad,2026-07-24,https://www.zameen.com/Property/wapda_city_wapda_city_-_block_f_1_kanal_luxury_furnish_house_available_for_sale-54512869-5071-1.html
Farmhouse For Sale In Naturals Club & Resort,PKR 7.2 Crore,72000000,,,4 Kanal,18000.0,4000,House,True,25,25VerifiedShare on FacebookShare on TwitterShare on WhatsAppSend via GMailSend via E-Mail,89,Flats_Faisalabad,2026-07-24,https://www.zameen.com/Property/faisalabad_naturals_club_resort_farmhouse_for_sale_in_naturals_club_resort-54470157-21754-1.html
Luxury Farmhouse For Sale,PKR 12.5 Crore,125000000,3,2,8.8 Kanal,39600.0,3156,House,True,8,super hot8Share on FacebookShare on TwitterShare on WhatsAppSend via GMailSend via E-Mail,89,Flats_Faisalabad,2026-07-24,https://www.zameen.com/Property/faisalabad_sargodha_road_luxury_farmhouse_for_sale-54414703-768-1.html
Marla beautiful house in Eden executive,PKR 1.25 Crore,12500000,3,3,2.5 Marla,562.5,22222,House,False,14,hot14Share on FacebookShare on TwitterShare on WhatsAppSend via GMailSend via E-Mail,84,Flats_Faisalabad,2026-07-24,https://www.zameen.com/Property/eden_gardens_eden_executive_marla_beautiful_house_in_eden_executive-54495639-10765-1.html
Premium Flat For Sale Kohinoor One Plaza Jaranwala Road Faisalabad,PKR 35 Lakh,3500000,1,1,1.4 Marla,315.0,11111,Flat,True,,hotShare on FacebookShare on TwitterShare on WhatsAppSend via GMailSend via E-Mail,82,Flats_Faisalabad,2026-07-24,https://www.zameen.com/Property/jaranwala_road_kohinoor_one_premium_flat_for_sale_kohinoor_one_plaza_jaranwala_road_faisalabad-54482930-12286-1.html
Apartment For Sale Madina Town Near Susan Road FDA Flat,PKR 45 Lakh,4500000,2,1,2 Marla,450.0,10000,Flat,False,16,hot16Share on FacebookShare on TwitterShare on WhatsAppSend via GMailSend via E-Mail,84,Flats_Faisalabad,2026-07-24,https://www.zameen.com/Property/faisalabad_madina_town_apartment_for_sale_madina_town_near_susan_road_fda_flat-54489741-533-1.html
Apartment 504 Sqft Layelpur Galleria,PKR 1.5 Crore,15000000,2,2,2.2 Marla,495.00000000000006,30303,Flat,True,,hotShare on FacebookShare on TwitterShare on WhatsAppSend via GMailSend via E-Mail,82,Flats_Faisalabad,2026-07-24,https://www.zameen.com/Property/east_canal_road_lyallpur_galleria_apartment_504_sqft_layelpur_galleria-54428649-10499-1.html
Fully Furnished Apartment Available For Sale At Kohinoor city,PKR 35 Lakh,3500000,1,1,1.4 Marla,315.0,11111,Flat,True,8,hot8Share on FacebookShare on TwitterShare on WhatsAppSend via GMailSend via E-Mail,83,Flats_Faisalabad,2026-07-24,https://www.zameen.com/Property/faisalabad_kohinoor_city_fully_furnished_apartment_available_for_sale_at_kohinoor_city-53097276-1360-1.html
Centrally Located Facing Park House For Sale In Wapda Town Phase 2 - Block R Available,PKR 6.75 Crore,67500000,6,6,1 Kanal,4500.0,15000,House,False,34,341VerifiedShare on FacebookShare on TwitterShare on WhatsAppSend via GMailSend via E-Mail,90,Flats_Multan,2026-07-24,https://www.zameen.com/Property/wapda_town_phase_2_wapda_town_phase_2_-_block_r_centrally_located_facing_park_house_for_sale_in_wapda_town_phase_2_-_block_r_available-53118884-14209-1.html
Your Dream Brand New 5 Marla House Is Available In Fatima Avenue,PKR 1.75 Crore,17500000,3,4,5 Marla,1125.0,15555,House,False,19,19VerifiedShare on FacebookShare on TwitterShare on WhatsAppSend via GMailSend via E-Mail,89,Flats_Multan,2026-07-24,https://www.zameen.com/Property/multan_public_school_road_fatima_avenue_your_dream_brand_new_5_marla_house_is_available_in_fatima_avenue-54503407-21808-1.html
Fully Furnished 9 Marla House For sale In Serene Villas Multan,PKR 4 Crore,40000000,4,5,9 Marla,2025.0,19753,House,False,15,15VerifiedShare on FacebookShare on TwitterShare on WhatsAppSend via GMailSend via E-Mail,89,Flats_Multan,2026-07-24,https://www.zameen.com/Property/jinnah_avenue_serene_villas_fully_furnished_9_marla_house_for_sale_in_serene_villas_multan-54362764-22097-1.html
Well-Constructed Grey Structure House Available For Sale In DHA Phase 1 - Sector B1,PKR 2.2 Crore,22000000,4,5,10 Marla,2250.0,9777,House,False,6,6Share on FacebookShare on TwitterShare on WhatsAppSend via GMailSend via E-Mail,80,Flats_Multan,2026-07-24,https://www.zameen.com/Property/dha_phase_1_dha_phase_1_-_sector_b1_well-constructed_grey_structure_house_available_for_sale_in_dha_phase_1_-_sector_b1-53826271-14300-1.html
House Of 5 Marla In DHA Phase 1 - Sector T Is Available,PKR 1.35 Crore,13500000,4,4,5 Marla,1125.0,12000,House,False,12,12Share on FacebookShare on TwitterShare on WhatsAppSend via GMailSend via E-Mail,81,Flats_Multan,2026-07-24,https://www.zameen.com/Property/dha_phase_1_dha_phase_1_-_sector_t_house_of_5_marla_in_dha_phase_1_-_sector_t_is_available-52871916-14319-1.html
,PKR 97.2 Lakh,9720000,1,1,2.4 Marla,540.0,18000,Flat,True,13,super hot13Share on FacebookShare on TwitterShare on WhatsAppSend via GMailSend via E-Mail,90,Flats_Multan,2026-07-24,https://www.zameen.com/new-projects/downtown_rumanza-2121.html
House Of 8 Marla Available In ATC Villas,PKR 3 Crore,30000000,4,4,8 Marla,1800.0,16666,House,False,6,hot6Share on FacebookShare on TwitterShare on WhatsAppSend via GMailSend via E-Mail,83,Flats_Multan,2026-07-24,https://www.zameen.com/Property/dha_phase_1_atc_villas_house_of_8_marla_available_in_atc_villas-53931694-22408-1.html
Brand New 5 Marla House Available In Royal Orchard For sale,PKR 2 Crore,20000000,3,4,5 Marla,1125.0,17777,House,False,26,hot26Share on FacebookShare on TwitterShare on WhatsAppSend via GMailSend via E-Mail,84,Flats_Multan,2026-07-24,https://www.zameen.com/Property/multan_public_school_road_royal_orchard_brand_new_5_marla_house_available_in_royal_orchard_for_sale-54151296-9492-1.html
Double Storey Apartments For Sale On Monthly Installments In Dream Garden Multan,PKR 1.17 Crore,11700000,2,2,3.2 Marla,720.0,16250,Flat,False,13,13Share on FacebookShare on TwitterShare on WhatsAppSend via GMailSend via E-Mail,81,Flats_Multan,2026-07-24,https://www.zameen.com/Property/purana_shujabad_road_dream_garden_double_storey_apartments_for_sale_on_monthly_installments_in_dream_garden_multan-54257305-8903-1.html
,PKR 1.01 Crore,10100000,,1,1.9 Marla,427.5,23625,Flat,True,1,super hot1Share on FacebookShare on TwitterShare on WhatsAppSend via GMailSend via E-Mail,89,Flats_Multan,2026-07-24,https://www.zameen.com/new-projects/golf_view_rumanza-2132.html
Aesthetic Flat Of 486 Square Feet For Sale Is Available,PKR 1.26 Crore,12600000,1,1,2.2 Marla,495.00000000000006,25454,Flat,False,11,hot11VerifiedShare on FacebookShare on TwitterShare on WhatsAppSend via GMailSend via E-Mail,92,Flats_Multan,2026-07-24,https://www.zameen.com/Property/gulgasht_colony_de_orion_mall_aesthetic_flat_of_486_square_feet_for_sale_is_available-54332008-19944-1.html
Prime Location 92 Marla Farm House Is Available For Sale,PKR 1.9 Crore,19000000,1,1,4.6 Kanal,20700.0,917,House,True,8,hot8Share on FacebookShare on TwitterShare on WhatsAppSend via GMailSend via E-Mail,83,Flats_Multan,2026-07-24,https://www.zameen.com/Property/multan_southern_bypass_prime_location_92_marla_farm_house_is_available_for_sale-54397912-8725-1.html
293 Square Feet Furnished Apartment For Sale On Brand Road,PKR 60 Lakh,6000000,1,,1.3 Marla,292.5,20512,Flat,False,9,9Share on FacebookShare on TwitterShare on WhatsAppSend via GMailSend via E-Mail,80,Flats_Multan,2026-07-24,https://www.zameen.com/Property/multan_gulgasht_colony_293_square_feet_furnished_apartment_for_sale_on_brand_road-53584664-664-1.html
,PKR 70.11 Lakh,7011000,1,1,2 Marla,450.0,15580,Flat,True,20,super hot20Share on FacebookShare on TwitterShare on WhatsAppSend via GMailSend via E-Mail,90,Flats_Multan,2026-07-24,https://www.zameen.com/new-projects/boulevard_heights-2310.html
A Beautiful Fully Furnished Farmhouse For Sale In Buch Villas,PKR 33 Crore,330000000,10,6,8 Kanal,36000.0,9166,House,True,31,super hot31Share on FacebookShare on TwitterShare on WhatsAppSend via GMailSend via E-Mail,90,Flats_Multan,2026-07-24,https://www.zameen.com/Property/multan_buch_executive_villas_a_beautiful_fully_furnished_farmhouse_for_sale_in_buch_villas-54138488-8627-1.html
,PKR 42.99 Lakh,4299000,,1,1.4 Marla,315.0,13647,Flat,True,4,super hot4Share on FacebookShare on TwitterShare on WhatsAppSend via GMailSend via E-Mail,89,Flats_Multan,2026-07-24,https://www.zameen.com/new-projects/vintage_commercials_dha_multan-6597.html
10 Marla Flat For Sale In Citi Housing,PKR 58 Lakh,5800000,1,1,1.5 Marla,337.5,17185,House,False,7,hot7Share on FacebookShare on TwitterShare on WhatsAppSend via GMailSend via E-Mail,83,Flats_Multan,2026-07-24,https://www.zameen.com/Property/multan_buch_executive_villas_10_marla_flat_for_sale_in_citi_housing-54443973-8627-1.html
First Floor Appartments For Sale In Al-Falah Modern City Multan,PKR 85 Lakh,8500000,3,2,6.7 Marla,1507.5,5638,Flat,True,5,super hot5VerifiedShare on FacebookShare on TwitterShare on WhatsAppSend via GMailSend via E-Mail,97,Flats_Multan,2026-07-24,https://www.zameen.com/Property/multan_al_falah_modern_city_first_floor_appartments_for_sale_in_al-falah_modern_city_multan-54471711-8615-1.html
Affordable House Available For sale In Serene Villas,PKR 2.1 Crore,21000000,3,4,5 Marla,1125.0,18666,House,False,3,hot3Share on FacebookShare on TwitterShare on WhatsAppSend via GMailSend via E-Mail,83,Flats_Multan,2026-07-24,https://www.zameen.com/Property/jinnah_avenue_serene_villas_affordable_house_available_for_sale_in_serene_villas-53019359-22097-1.html
,PKR 26.22 Lakh,2622000,1,1,1 Marla,225.0,11653,Flat,True,5,super hot5Share on FacebookShare on TwitterShare on WhatsAppSend via GMailSend via E-Mail,89,Flats_Multan,2026-07-24,https://www.zameen.com/new-projects/al_madev_complex_ii-6621.html
10 Marla fully finished apartment available for sale,PKR 1.5 Crore,15000000,4,3,9.3 Marla,2092.5,7168,Flat,True,16,super hot16Share on FacebookShare on TwitterShare on WhatsAppSend via GMailSend via E-Mail,90,Flats_Peshawar,2026-07-24,https://www.zameen.com/Property/peshawar_warsak_road_10_marla_fully_finished_apartment_available_for_sale-54510300-1000-1.html
"Premium 4-Bed Family Apartment In Askari 6 Phase 3, Nasir Bagh Road Direct Deal With Owner",PKR 2.82 Crore,28200000,2,5,13.1 Marla,2947.5,9567,Flat,True,19,19Share on FacebookShare on TwitterShare on WhatsAppSend via GMailSend via E-Mail,81,Flats_Peshawar,2026-07-24,https://www.zameen.com/Property/peshawar_askari_6_premium_4-bed_family_apartment_in_askari_6_phase_3_nasir_bagh_road_direct_deal_with_owner-53771688-9275-1.html
Very Beautiful And Secure Location Opposite Marbella Wedding Hall,PKR 1.45 Crore,14500000,3,3,9.8 Marla,2205.0,6575,Flat,False,11,11Share on FacebookShare on TwitterShare on WhatsAppSend via GMailSend via E-Mail,81,Flats_Peshawar,2026-07-24,https://www.zameen.com/Property/canal_road_park_view_mall_apartments_very_beautiful_and_secure_location_opposite_marbella_wedding_hall-54393923-14355-1.html
Beautiful 2 Bed Apartment Available For Sale At Saif Glorious Mall Peshawar,PKR 1.64 Crore,16399999,1,2,5.2 Marla,1170.0,14017,Flat,False,14,hot14Share on FacebookShare on TwitterShare on WhatsAppSend via GMailSend via E-Mail,84,Flats_Peshawar,2026-07-24,https://www.zameen.com/Property/peshawar_university_road_beautiful_2_bed_apartment_available_for_sale_at_saif_glorious_mall_peshawar-54487622-397-1.html
"Brand New 4-Bed Flat in Askari 6 Phase 3, Nasir Bagh Road, Direct Deal with Owner",PKR 2.85 Crore,28500000,2,6,13.3 Marla,2992.5,9523,Flat,False,19,19Share on FacebookShare on TwitterShare on WhatsAppSend via GMailSend via E-Mail,81,Flats_Peshawar,2026-07-24,https://www.zameen.com/Property/peshawar_askari_6_brand_new_4-bed_flat_in_askari_6_phase_3_nasir_bagh_road_direct_deal_with_owner-53808219-9275-1.html
2 bed flat available for sale,PKR 90 Lakh,9000000,90,2,4.8 Marla,1080.0,8333,Flat,False,5,hot5Share on FacebookShare on TwitterShare on WhatsAppSend via GMailSend via E-Mail,83,Flats_Peshawar,2026-07-24,https://www.zameen.com/Property/peshawar_tajabad_2_bed_flat_available_for_sale-54498219-7671-1.html
Prime Heights Warsak Road Sheikh Yaseen Tower 1st Ground 2 Beds Non Furnished Appartment 1621 Square Feet Dy 2 Beds Dy o Yu Pa Kay Dining Hall hum Dy o 1 Pa Kay Servent Quarter hum Dy o Pa 32 Thousand,PKR 1.5 Crore,15000000,1,2,7.2 Marla,1620.0,9259,Unknown,False,,Share on FacebookShare on TwitterShare on WhatsAppSend via GMailSend via E-Mail,79,Flats_Peshawar,2026-07-24,https://www.zameen.com/Property/peshawar_warsak_road_prime_heights_warsak_road_sheikh_yaseen_tower_1st_ground_2_beds_non_furnished_appartment_1621_square_feet_dy_2_beds_dy_o_yu_pa_kay_dining_hall_hum_dy_o_1_pa_kay_servent_quarter_hum_dy_o_pa_32_thousand_rent_lagedalay_dy_alhumdulillah_160_demand_kum_zama_pa_name_dy-54495116-1000-1.html
Brand New Apartment For Sale,PKR 3 Crore,30000000,3,4,11.6 Marla,2610.0,11494,Flat,False,7,hot7Share on FacebookShare on TwitterShare on WhatsAppSend via GMailSend via E-Mail,83,Flats_Peshawar,2026-07-24,https://www.zameen.com/Property/peshawar_askari_6_brand_new_apartment_for_sale-46217880-9275-1.html
3 Bed Brand New Apartment For Sale,PKR 3.4 Crore,34000000,3,4,9 Marla,2025.0,16790,Flat,False,42,hot42Share on FacebookShare on TwitterShare on WhatsAppSend via GMailSend via E-Mail,84,Flats_Peshawar,2026-07-24,https://www.zameen.com/Property/peshawar_askari_6_3_bed_brand_new_apartment_for_sale-50227998-9275-1.html
4 Bed Brand New Apartment For Sale,PKR 3.05 Crore,30500000,3,6,13 Marla,2925.0,10427,Flat,False,26,hot26Share on FacebookShare on TwitterShare on WhatsAppSend via GMailSend via E-Mail,84,Flats_Peshawar,2026-07-24,https://www.zameen.com/Property/peshawar_askari_6_4_bed_brand_new_apartment_for_sale-52091809-9275-1.html
Brand New Flat For Sale,PKR 3.15 Crore,31500000,3,5,12.4 Marla,2790.0,11290,Flat,False,21,hot21Share on FacebookShare on TwitterShare on WhatsAppSend via GMailSend via E-Mail,84,Flats_Peshawar,2026-07-24,https://www.zameen.com/Property/peshawar_askari_6_brand_new_flat_for_sale-52633026-9275-1.html
Elegant 4 Beds Apartment For Sale Bara Lane Swati Gate Peshawar,PKR 1.9 Crore,19000000,1,4,9 Marla,2025.0,9382,Flat,False,12,12Share on FacebookShare on TwitterShare on WhatsAppSend via GMailSend via E-Mail,81,Flats_Peshawar,2026-07-24,https://www.zameen.com/Property/peshawar_swati_gate_elegant_4_beds_apartment_for_sale_bara_lane_swati_gate_peshawar-50920207-999-1.html
"New Apartment (Ground, NOC Approved)",PKR 3.2 Crore,32000000,3,4,11.6 Marla,2610.0,12260,Flat,False,10,10Share on FacebookShare on TwitterShare on WhatsAppSend via GMailSend via E-Mail,81,Flats_Peshawar,2026-07-24,https://www.zameen.com/Property/peshawar_askari_6_new_apartment_ground_noc_approved-47105003-9275-1.html
Two Bed Apartment Awan Tower main University Road Peshawar,PKR 1.1 Crore,11000000,1,2,4.9 Marla,1102.5,9977,Flat,False,4,hot4Share on FacebookShare on TwitterShare on WhatsAppSend via GMailSend via E-Mail,83,Flats_Peshawar,2026-07-24,https://www.zameen.com/Property/peshawar_university_town_two_bed_apartment_awan_tower_main_university_road_peshawar-54462409-1437-1.html
4+1 Furnished Flat Available For Sale   Askari 6_Phase 2   Ground floor,PKR 3.89 Crore,38900000,4,4,14 Marla,3150.0,12349,Flat,False,5,5Share on FacebookShare on TwitterShare on WhatsAppSend via GMailSend via E-Mail,80,Flats_Peshawar,2026-07-24,https://www.zameen.com/Property/peshawar_askari_6_4_1_furnished_flat_available_for_sale_askari_6_phase_2_ground_floor-54035956-9275-1.html
Residential Flat For Sale In Oasis Heights DHA Quetta | Flat S4,PKR 78.84 Lakh,7884000,1,1,1.9 Marla,427.5,18442,Flat,False,5,5Share on FacebookShare on TwitterShare on WhatsAppSend via GMailSend via E-Mail,80,Flats_Quetta,2026-07-24,https://www.zameen.com/Property/dha_defence_dha_defence_-_sector_a3_residential_flat_for_sale_in_oasis_heights_dha_quetta_flat_s4-54241934-20075-1.html
Residential Flat For Sale In Oasis Heights DHA Quetta | Flat T4,PKR 76.16 Lakh,7616000,1,1,2.1 Marla,472.5,16118,Flat,False,5,5Share on FacebookShare on TwitterShare on WhatsAppSend via GMailSend via E-Mail,80,Flats_Quetta,2026-07-24,https://www.zameen.com/Property/dha_defence_dha_defence_-_sector_a3_residential_flat_for_sale_in_oasis_heights_dha_quetta_flat_t4-54241978-20075-1.html
Residential Flat For Sale In Oasis Heights DHA Quetta | Flat 5th-4,PKR 57.12 Lakh,5712000,1,1,2.1 Marla,472.5,12088,Flat,False,5,5Share on FacebookShare on TwitterShare on WhatsAppSend via GMailSend via E-Mail,80,Flats_Quetta,2026-07-24,https://www.zameen.com/Property/dha_defence_dha_defence_-_sector_a3_residential_flat_for_sale_in_oasis_heights_dha_quetta_flat_5th-4-54366094-20075-1.html
Residential Flat For Sale In Oasis Heights DHA Quetta | Flat 4th-4,PKR 66.64 Lakh,6664000,1,1,2.1 Marla,472.5,14103,Flat,False,5,5Share on FacebookShare on TwitterShare on WhatsAppSend via GMailSend via E-Mail,80,Flats_Quetta,2026-07-24,https://www.zameen.com/Property/dha_defence_dha_defence_-_sector_a3_residential_flat_for_sale_in_oasis_heights_dha_quetta_flat_4th-4-54365946-20075-1.html
